0.6590293645858765,22.761795043945312,0.7621454000473022
0.6547600626945496,18.3240966796875,0.7621443271636963
0.6516473293304443,20.108125686645508,0.7621435523033142
0.6393881440162659,14.737452507019043,0.7621424794197083
0.6396689414978027,15.965768814086914,0.762141764163971
0.6497388482093811,10.97091007232666,0.7621407508850098
0.6324946284294128,13.99161148071289,0.7621396780014038
0.652445912361145,11.64217758178711,0.7621385455131531
0.632701575756073,10.930242538452148,0.7621373534202576
0.6343938708305359,13.043554306030273,0.7621361613273621
0.6501370072364807,11.803821563720703,0.7621347904205322
0.6318976283073425,10.96415901184082,0.7621334195137024
0.6232950687408447,14.008237838745117,0.7621319890022278
0.6160746812820435,15.095170021057129,0.7621305584907532
0.6304231882095337,11.293625831604004,0.7621290683746338
0.6025482416152954,9.915882110595703,0.7621276378631592
0.6329330801963806,7.656643390655518,0.7621262073516846
0.6075468063354492,7.812953948974609,0.7621245980262756
0.5910720825195312,11.630691528320312,0.762123167514801
0.6175623536109924,11.498592376708984,0.7621216177940369
0.5791653990745544,8.201006889343262,0.7621201276779175
0.6093299984931946,7.928762435913086,0.7621185779571533
0.5858473181724548,11.99118423461914,0.7621171474456787
0.5779473185539246,10.291678428649902,0.7621155977249146
0.6085715293884277,11.034552574157715,0.762114405632019
0.5925184488296509,8.756970405578613,0.7621129751205444
0.5597899556159973,5.4912261962890625,0.7621114253997803
0.6263701915740967,9.569522857666016,0.7621099352836609
0.5843957662582397,7.776394367218018,0.762108564376831
0.6083713173866272,7.140756607055664,0.7621071934700012
0.545379638671875,7.642640590667725,0.7621055841445923
0.5462027788162231,7.053440570831299,0.762104332447052
0.586868405342102,7.373970985412598,0.7621027827262878
0.5637305378913879,7.286978244781494,0.7621011137962341
0.5306873917579651,6.5604567527771,0.7620999217033386
0.5505921244621277,6.410667896270752,0.7620986104011536
0.5721474289894104,5.863765716552734,0.7620972394943237
0.5238623023033142,6.221503734588623,0.7620958089828491
0.5546543598175049,4.696831703186035,0.7620946168899536
0.5607193112373352,6.662403106689453,0.7620930075645447
0.5640262365341187,6.497217178344727,0.7620918154716492
0.491919606924057,5.2270121574401855,0.7620903253555298
0.4899921417236328,6.467071533203125,0.7620891332626343
0.5570306181907654,5.475246906280518,0.7620877623558044
0.558735191822052,5.3238372802734375,0.7620866894721985
0.5227587223052979,4.602271556854248,0.7620853781700134
0.5991261005401611,4.431210041046143,0.7620840072631836
0.5072989463806152,4.888079643249512,0.7620828151702881
0.5012876391410828,4.933586120605469,0.762081503868103
0.4750158488750458,5.256604194641113,0.762080192565918
0.5535984039306641,5.262256622314453,0.7620790600776672
0.5503760576248169,4.432864665985107,0.7620777487754822
0.5157341361045837,4.145307540893555,0.7620766162872314
0.5410236716270447,4.556492805480957,0.7620754837989807
0.49184998869895935,4.77010440826416,0.7620742917060852
0.48320433497428894,4.136255264282227,0.7620731592178345
0.4810236692428589,4.737277507781982,0.7620720863342285
0.5274606943130493,3.342656373977661,0.7620707750320435
0.4918045997619629,4.075402736663818,0.7620698809623718
0.4619365632534027,4.636767387390137,0.7620687484741211
0.4563008248806,3.950669288635254,0.7620676755905151
0.46208059787750244,4.178523540496826,0.762066662311554
0.6112311482429504,5.000690937042236,0.7620656490325928
0.4760333001613617,4.76168966293335,0.7620644569396973
0.4352799952030182,4.1632232666015625,0.7620633244514465
0.5116962194442749,4.741457462310791,0.7620624303817749
0.5133034586906433,5.090737819671631,0.7620614171028137
0.45888784527778625,2.967024564743042,0.7620603442192078
0.4687161147594452,3.9328136444091797,0.7620594501495361
0.47723525762557983,4.0167555809021,0.762058436870575
0.47217193245887756,3.409238338470459,0.7620573043823242
0.5040229558944702,3.4269959926605225,0.7620564103126526
0.44087156653404236,3.5790631771087646,0.7620554566383362
0.4312746226787567,4.508147239685059,0.7620543241500854
0.46488669514656067,3.2426421642303467,0.762053370475769
0.4248061180114746,3.3825929164886475,0.7620524168014526
0.4703783392906189,4.088334560394287,0.7620513439178467
0.4814283549785614,4.428457260131836,0.7620505094528198
0.46307510137557983,4.386640548706055,0.7620494365692139
0.5142616629600525,3.9649176597595215,0.7620483040809631
0.4850068688392639,4.811326503753662,0.7620474100112915
0.46291446685791016,3.405139684677124,0.7620464563369751
0.46796348690986633,3.8428423404693604,0.7620455026626587
0.4797957241535187,3.7127668857574463,0.7620444893836975
0.4452821612358093,3.676635265350342,0.7620435357093811
0.38162073493003845,4.240230083465576,0.7620427012443542
0.4521805942058563,3.4452857971191406,0.7620416879653931
0.5065141916275024,3.8496577739715576,0.7620408535003662
0.4656835198402405,3.892080545425415,0.762039840221405
0.4665773808956146,3.478667736053467,0.7620392441749573
0.5261676907539368,4.661426067352295,0.7620380520820618
0.4738779067993164,4.088871002197266,0.7620371580123901
0.4661911427974701,3.461033344268799,0.7620362043380737
0.39040204882621765,2.821417808532715,0.7620351910591125
0.5452677011489868,3.8811750411987305,0.7620341777801514
0.44110971689224243,3.798994302749634,0.762033224105835
0.4811226427555084,3.368232011795044,0.7620322704315186
0.4800397455692291,4.178746223449707,0.7620315551757812
0.44438597559928894,5.067721843719482,0.7620306015014648
0.38555994629859924,3.2935967445373535,0.7620298862457275
0.4881536662578583,3.5377492904663086,0.7620289921760559
0.4810005724430084,4.4206223487854,0.762028157711029
0.46123090386390686,4.473118305206299,0.7620271444320679
0.4482988715171814,3.1676201820373535,0.7620263695716858
0.4705926775932312,3.7197234630584717,0.7620253562927246
0.48449188470840454,4.389671802520752,0.7620245218276978
0.49478796124458313,3.510167121887207,0.7620235085487366
0.46823200583457947,3.5425329208374023,0.7620224952697754
0.4959309995174408,3.8888020515441895,0.7620214223861694
0.46840789914131165,4.169533729553223,0.762020468711853
0.40016019344329834,2.9165265560150146,0.7620195150375366
0.465243399143219,4.545113563537598,0.7620187401771545
0.41808417439460754,3.9897258281707764,0.7620177865028381
0.484158456325531,5.127948760986328,0.7620169520378113
0.5151696801185608,4.612060070037842,0.7620160579681396
0.49224668741226196,3.8002963066101074,0.7620150446891785
0.4845827519893646,3.3815484046936035,0.7620143294334412
0.4243568181991577,3.9113876819610596,0.7620134353637695
0.5194129347801208,3.5022895336151123,0.7620125412940979
0.4137990176677704,3.6457765102386475,0.7620116472244263
0.46378830075263977,2.787841796875,0.7620108723640442
0.49870947003364563,3.961698293685913,0.7620101571083069
0.4343295097351074,3.624847173690796,0.76200932264328
0.45140212774276733,4.447947978973389,0.7620083093643188
0.45259374380111694,3.5099055767059326,0.7620073556900024
0.4778490960597992,3.285144567489624,0.7620062828063965
0.46682801842689514,4.387219429016113,0.7620053887367249
0.5186699628829956,3.5822196006774902,0.7620042562484741
0.52373868227005,3.9769468307495117,0.762003481388092
0.4716234505176544,4.130777835845947,0.76200270652771
0.48526015877723694,3.728421926498413,0.7620018124580383
0.46743667125701904,3.7413291931152344,0.7620009183883667
0.48964789509773254,3.6415903568267822,0.7620000839233398
0.4455791413784027,3.5513410568237305,0.761999249458313
0.4634346663951874,3.0428450107574463,0.7619983553886414
0.49812257289886475,2.9698407649993896,0.7619975209236145
0.5094357132911682,3.9354586601257324,0.7619967460632324
0.44456809759140015,3.163339138031006,0.7619959115982056
0.5244948267936707,3.7592365741729736,0.7619949579238892
0.44416543841362,3.070617437362671,0.7619941830635071
0.5071563720703125,2.784343957901001,0.7619931101799011
0.5057573318481445,3.04783034324646,0.761992335319519
0.4748589098453522,2.6158297061920166,0.7619914412498474
0.44911569356918335,2.9440269470214844,0.7619906663894653
0.4775795638561249,5.300381660461426,0.7619898319244385
0.4962575435638428,2.998931884765625,0.7619888782501221
0.5098336935043335,2.6875762939453125,0.7619879245758057
0.48846906423568726,3.393278121948242,0.7619868516921997
0.4761306941509247,4.060091495513916,0.7619860172271729
0.457903116941452,3.7730300426483154,0.761985182762146
0.5165321230888367,3.3052542209625244,0.7619844079017639
0.4919503927230835,3.7091190814971924,0.761983335018158
0.5344502925872803,3.398331642150879,0.7619824409484863
0.5147110819816589,3.2270915508270264,0.7619816660881042
0.5133773684501648,3.6709704399108887,0.7619807124137878
0.4715513586997986,4.162178039550781,0.7619798183441162
0.46607905626296997,4.104061603546143,0.7619791030883789
0.4280151128768921,3.7693910598754883,0.7619781494140625
0.4593064486980438,3.109253168106079,0.7619773149490356
0.4567011892795563,3.405947685241699,0.7619763612747192
0.4770544469356537,3.0011911392211914,0.7619754672050476
0.46029025316238403,5.069399356842041,0.7619744539260864
0.4397808015346527,3.6521670818328857,0.76197350025177
0.4390285015106201,4.293233871459961,0.7619724273681641
0.42531484365463257,4.442112922668457,0.7619715332984924
0.45922717452049255,3.0625929832458496,0.7619706988334656
0.48000311851501465,3.84857177734375,0.7619696855545044
0.461602121591568,3.189619779586792,0.7619688510894775
0.4876171052455902,2.830116033554077,0.7619679570198059
0.41263213753700256,4.010443210601807,0.761967122554779
0.4239656329154968,3.560675859451294,0.7619662880897522
0.4328106939792633,4.0853095054626465,0.7619653940200806
0.5102905631065369,3.3781864643096924,0.7619644999504089
0.49725770950317383,3.000648260116577,0.7619636058807373
0.49009940028190613,3.418764114379883,0.7619628310203552
0.4542721211910248,3.457047939300537,0.7619619369506836
0.4371569752693176,3.4581828117370605,0.7619608640670776
0.40449538826942444,3.46130108833313,0.7619602680206299
0.43549400568008423,3.566056966781616,0.7619592547416687
0.4156305491924286,2.7885329723358154,0.7619584798812866
0.48672598600387573,2.5966694355010986,0.7619574666023254
0.43138810992240906,3.0655946731567383,0.7619563937187195
0.42509958148002625,3.2298054695129395,0.7619554996490479
0.5024802088737488,3.4949915409088135,0.7619547843933105
0.4625609219074249,3.0918729305267334,0.7619538307189941
0.47222864627838135,3.295930862426758,0.7619528770446777
0.4346264600753784,3.091507911682129,0.7619521617889404
0.4583435654640198,3.4974400997161865,0.761951208114624
0.49780377745628357,3.0373027324676514,0.7619501352310181
0.3882144093513489,3.197643995285034,0.7619491219520569
0.41815587878227234,3.33050537109375,0.7619480490684509
0.4858812689781189,3.4785711765289307,0.7619470953941345
0.4858461618423462,3.372215747833252,0.7619461417198181
0.4560084044933319,3.1606316566467285,0.7619452476501465
0.46248888969421387,3.631610870361328,0.7619443535804749
0.501729428768158,2.73943829536438,0.7619434595108032
0.44879546761512756,3.3172996044158936,0.7619426250457764
0.438088983297348,3.163635730743408,0.7619419693946838
0.42098215222358704,3.113208055496216,0.761941134929657
0.4954153597354889,3.2246346473693848,0.7619403004646301
0.41332757472991943,3.6331543922424316,0.7619394063949585
0.44461554288864136,4.8566412925720215,0.7619382739067078
0.5168866515159607,2.8178024291992188,0.7619373202323914
0.5055726766586304,3.7798972129821777,0.7619362473487854
0.4682998061180115,4.205974578857422,0.761935293674469
0.43042853474617004,3.459672212600708,0.7619342803955078
0.42681601643562317,2.9563658237457275,0.7619332075119019
0.49202895164489746,3.2702348232269287,0.7619321942329407
0.46800509095191956,3.9807841777801514,0.7619310617446899
0.43495768308639526,3.372141122817993,0.7619301676750183
0.43076804280281067,3.819350004196167,0.7619292736053467
0.4581722021102905,3.7221176624298096,0.7619283199310303
0.46936866641044617,4.594160079956055,0.7619274258613586
0.4761883318424225,3.056495189666748,0.7619264721870422
0.5287665724754333,3.1077656745910645,0.7619255781173706
0.475403368473053,4.433149814605713,0.7619246244430542
0.4620392620563507,3.3858110904693604,0.7619236707687378
0.4525628685951233,3.6864123344421387,0.7619227170944214
0.44995710253715515,3.590914726257324,0.761921763420105
0.4939597249031067,3.1384499073028564,0.761920690536499
0.4142037034034729,3.62949275970459,0.7619197368621826
0.4595831632614136,4.060263633728027,0.7619189620018005
0.469401091337204,3.2239584922790527,0.7619179487228394
0.4593546986579895,4.284519195556641,0.7619171738624573
0.5017436146736145,3.435943126678467,0.7619162201881409
0.4211481809616089,2.8717563152313232,0.7619152665138245
0.4680668115615845,3.034506320953369,0.7619143724441528
0.4787398874759674,3.317342519760132,0.7619134187698364
0.4742880165576935,3.770866870880127,0.7619123458862305
0.43861255049705505,3.793302059173584,0.7619114518165588
0.4698237180709839,3.2912378311157227,0.7619104981422424
0.3953104019165039,2.7258245944976807,0.761909544467926
0.4738667905330658,3.113630533218384,0.761908769607544
0.4199742078781128,2.6136388778686523,0.7619078755378723
0.5080916285514832,3.0919032096862793,0.7619069814682007
0.47200340032577515,3.7584757804870605,0.761906087398529
0.43195632100105286,3.299405097961426,0.7619049549102783
0.5631789565086365,3.2202746868133545,0.7619041204452515
0.48185670375823975,3.7076048851013184,0.7619028687477112
0.3975367546081543,4.063806056976318,0.76190185546875
0.43991783261299133,3.231041669845581,0.7619009017944336
0.43260878324508667,3.0380332469940186,0.7618999481201172
0.4684748649597168,2.926954984664917,0.761898934841156
0.48439058661460876,3.002706527709961,0.7618981599807739
0.5147624611854553,3.1185672283172607,0.7618969082832336
0.4529140293598175,2.9748995304107666,0.7618960738182068
0.44628986716270447,2.935511827468872,0.7618951797485352
0.4812581241130829,3.0908334255218506,0.761894166469574
0.4122687578201294,4.130891799926758,0.7618932127952576
0.45307639241218567,2.5014336109161377,0.7618921399116516
0.4618655741214752,3.4294018745422363,0.76189124584198
0.4307655096054077,3.1308960914611816,0.7618902921676636
0.42122015357017517,2.7661185264587402,0.7618892788887024
0.4522145092487335,4.507174491882324,0.761888325214386
0.45829513669013977,2.6614956855773926,0.76188725233078
0.46168792247772217,2.7838242053985596,0.7618862390518188
0.4827854037284851,3.0881001949310303,0.7618853449821472
0.45988374948501587,2.217209815979004,0.7618843913078308
0.46232345700263977,2.854217767715454,0.761883556842804
0.4230610430240631,3.394230604171753,0.7618825435638428
0.4505961835384369,3.403972864151001,0.7618815302848816
0.4199524521827698,3.39237904548645,0.7618805766105652
0.4721538722515106,2.9022200107574463,0.7618796229362488
0.43259382247924805,3.336827516555786,0.761878490447998
0.4935057759284973,2.967874050140381,0.7618776559829712
0.5161297917366028,2.7086966037750244,0.7618767619132996
0.41576606035232544,3.435375452041626,0.7618758678436279
0.45436862111091614,3.5191404819488525,0.7618749737739563
0.42960113286972046,3.47576904296875,0.7618740200996399
0.49016088247299194,3.4599356651306152,0.7618732452392578
0.41352683305740356,3.010497808456421,0.7618722319602966
0.481779009103775,2.8857064247131348,0.7618715167045593
0.48592668771743774,4.527425765991211,0.7618705034255981
0.5021248459815979,3.975341796875,0.7618694305419922
0.45559248328208923,3.761327028274536,0.7618685364723206
0.4803473651409149,3.381971597671509,0.7618677020072937
0.4290302097797394,2.735593318939209,0.7618666291236877
0.44716253876686096,3.208343505859375,0.7618659138679504
0.45916861295700073,3.281613826751709,0.7618649005889893
0.42305228114128113,2.669229745864868,0.7618638873100281
0.4187000095844269,3.5222995281219482,0.7618630528450012
0.4805111587047577,2.8017961978912354,0.7618619799613953
0.4706173241138458,3.5295729637145996,0.7618610262870789
0.4457302689552307,3.296513319015503,0.7618600726127625
0.4532316029071808,2.921480655670166,0.7618589997291565
0.4465847611427307,3.000136137008667,0.7618582248687744
0.46413522958755493,3.7391932010650635,0.7618570327758789
0.5030176639556885,2.978135824203491,0.7618560791015625
0.4261631965637207,3.171956777572632,0.7618551850318909
0.407680869102478,3.693394184112549,0.7618542313575745
0.4433853328227997,3.173738479614258,0.7618531584739685
0.49465593695640564,3.517821788787842,0.7618521451950073
0.41720497608184814,3.9362142086029053,0.7618510723114014
0.47135570645332336,2.5534420013427734,0.761850118637085
0.5343268513679504,3.4327406883239746,0.7618492245674133
0.4369325041770935,2.53265643119812,0.7618484497070312
0.44265082478523254,2.7855594158172607,0.7618475556373596
0.460698664188385,2.786020040512085,0.7618466019630432
0.4483437240123749,3.1492159366607666,0.7618457078933716
0.464791476726532,2.5648484230041504,0.7618448138237
0.44068443775177,3.99910306930542,0.7618438601493835
0.489357054233551,3.32393479347229,0.7618427276611328
0.4129897356033325,3.6904401779174805,0.7618417143821716
0.5068092942237854,2.705982208251953,0.7618406414985657
0.42614617943763733,2.8487157821655273,0.7618396878242493
0.44463488459587097,3.51277494430542,0.7618386745452881
0.44803985953330994,3.4699313640594482,0.7618375420570374
0.4363844096660614,3.3650543689727783,0.7618364691734314
0.5095251202583313,3.277566432952881,0.7618356943130493
0.43213292956352234,3.0110058784484863,0.7618346214294434
0.4863034188747406,3.3895812034606934,0.7618337273597717
0.42544853687286377,3.342802047729492,0.7618327736854553
0.4122445583343506,3.0599100589752197,0.7618318200111389
0.47543349862098694,3.180652379989624,0.7618308067321777
0.492638498544693,3.1921608448028564,0.7618295550346375
0.44406864047050476,3.569242477416992,0.7618284821510315
0.5051029324531555,2.984302520751953,0.7618272304534912
0.4445291757583618,3.987429618835449,0.7618262767791748
0.43102237582206726,2.8695123195648193,0.7618253827095032
0.4989474415779114,2.9136784076690674,0.761824369430542
0.4252229928970337,2.804253339767456,0.761823296546936
0.488971471786499,2.900362014770508,0.7618225812911987
0.4204889237880707,3.0618910789489746,0.7618216276168823
0.438308984041214,2.821962833404541,0.7618204951286316
0.4159882962703705,3.429565191268921,0.7618195414543152
0.44578900933265686,3.434457540512085,0.761818528175354
0.47716912627220154,3.38931941986084,0.7618176341056824
0.44748830795288086,3.2380106449127197,0.7618167996406555
0.49986526370048523,2.913262367248535,0.7618158459663391
0.48143577575683594,3.1345465183258057,0.7618148326873779
0.49126940965652466,3.385805606842041,0.7618137001991272
0.4431687891483307,3.1213953495025635,0.7618127465248108
0.47815191745758057,2.8484034538269043,0.7618117928504944
0.4511093497276306,3.3405423164367676,0.761810839176178
0.4780547618865967,2.9594647884368896,0.7618098258972168
0.4581807851791382,3.3299901485443115,0.7618090510368347
0.46739768981933594,3.1476004123687744,0.7618079781532288
0.4140651524066925,2.8720130920410156,0.7618067264556885
0.35944151878356934,3.124677896499634,0.7618058323860168
0.4574803113937378,3.072993040084839,0.7618048191070557
0.5027692914009094,2.8363561630249023,0.761803925037384
0.48739638924598694,2.834881067276001,0.7618029713630676
0.43319204449653625,3.109942674636841,0.7618018984794617
0.4738091230392456,2.934847831726074,0.7618009448051453
0.45212122797966003,2.517548084259033,0.7618000507354736
0.49997860193252563,3.2059648036956787,0.761799156665802
0.4563039243221283,2.9897944927215576,0.7617983222007751
0.4406222701072693,3.215578317642212,0.7617974877357483
0.4856758713722229,3.207052230834961,0.7617964744567871
0.4387274980545044,2.554295301437378,0.7617955207824707
0.4507841467857361,3.0224270820617676,0.7617945075035095
0.49599578976631165,2.828479528427124,0.7617936730384827
0.4212399125099182,2.576045274734497,0.7617926001548767
0.49290427565574646,3.353522777557373,0.7617917060852051
0.45356839895248413,2.5277206897735596,0.7617905139923096
0.39052942395210266,3.370450735092163,0.7617895603179932
0.4116933345794678,3.476511240005493,0.7617884874343872
0.47609832882881165,3.1920671463012695,0.7617876529693604
0.4308190941810608,3.2225606441497803,0.7617866396903992
0.47572699189186096,2.880311965942383,0.7617858052253723
0.4743051826953888,3.357679605484009,0.7617848515510559
0.43367835879325867,3.553497314453125,0.76178377866745
0.45004409551620483,2.707491159439087,0.7617828249931335
0.4999906122684479,3.291769027709961,0.7617817521095276
0.42605018615722656,2.742058277130127,0.7617809176445007
0.4443378448486328,3.9140288829803467,0.7617799043655396
0.45539093017578125,3.039069890975952,0.7617789506912231
0.4520081579685211,3.751113176345825,0.761777937412262
0.4761333763599396,3.2579503059387207,0.7617769837379456
0.4464276134967804,3.349853038787842,0.7617758512496948
0.3789549171924591,3.1197669506073,0.761775016784668
0.43470466136932373,2.8041441440582275,0.7617741823196411
0.508600115776062,3.6836986541748047,0.7617731690406799
0.42901644110679626,2.583405017852783,0.7617723345756531
0.4533432722091675,3.6113173961639404,0.7617713212966919
0.5209347605705261,3.1492466926574707,0.761770486831665
0.5140047073364258,2.9776060581207275,0.7617694139480591
0.45952171087265015,3.205939531326294,0.7617682218551636
0.4258323311805725,2.162290573120117,0.7617671489715576
0.5044466853141785,3.281116485595703,0.7617663145065308
0.4598044455051422,2.5979440212249756,0.7617654204368591
0.48655763268470764,2.601836919784546,0.7617645263671875
0.4706217348575592,3.0116848945617676,0.7617633938789368
0.43274325132369995,2.992032766342163,0.7617623805999756
0.4495253264904022,2.454193353652954,0.7617613077163696
0.4749313294887543,2.9892420768737793,0.7617605328559875
0.4340378940105438,3.2577078342437744,0.7617594599723816
0.4575579762458801,3.8695271015167236,0.7617584466934204
0.5038566589355469,2.7553534507751465,0.7617573142051697
0.4849484860897064,2.2658846378326416,0.761756181716919
0.47707298398017883,3.1510233879089355,0.7617552280426025
0.4153234362602234,3.1879425048828125,0.7617543339729309
0.430053174495697,3.4321770668029785,0.7617533802986145
0.45030853152275085,2.879723310470581,0.7617524266242981
0.5171827077865601,2.8852715492248535,0.7617514729499817
0.4787757396697998,3.8747916221618652,0.7617505788803101
0.4499432146549225,3.0656898021698,0.7617495059967041
0.5173741579055786,3.945507526397705,0.761748731136322
0.4629369378089905,3.4403233528137207,0.761747419834137
0.5064025521278381,2.5797858238220215,0.7617464065551758
0.4138735830783844,3.029001235961914,0.7617454528808594
0.471061110496521,3.3079075813293457,0.7617445588111877
0.47465696930885315,3.4041264057159424,0.7617436051368713
0.4882158935070038,2.8225903511047363,0.7617427706718445
0.4883641004562378,3.868027925491333,0.7617416977882385
0.4354585111141205,2.599055528640747,0.7617408633232117
0.3809693157672882,3.0368027687072754,0.76173996925354
0.4146935045719147,2.8587822914123535,0.7617389559745789
0.4118180274963379,2.7591986656188965,0.7617380023002625
0.46474120020866394,3.131624460220337,0.7617369890213013
0.4602566361427307,3.113481283187866,0.7617360353469849
0.4812375605106354,2.933793544769287,0.7617350220680237
0.4775027632713318,2.8356094360351562,0.7617341876029968
0.40252965688705444,3.310476779937744,0.7617332339286804
0.5241701602935791,2.8019297122955322,0.7617322206497192
0.42181259393692017,2.923265218734741,0.7617312669754028
0.4198746383190155,2.785069465637207,0.7617303729057312
0.4284662902355194,3.4536991119384766,0.7617294192314148
0.47048190236091614,3.1647024154663086,0.7617283463478088
0.4859941005706787,3.625448226928711,0.7617273926734924
0.4597032964229584,2.6858391761779785,0.7617263197898865
0.48616695404052734,3.606656074523926,0.7617252469062805
0.4322364330291748,2.6142237186431885,0.7617244124412537
0.4051153361797333,2.6024858951568604,0.761723518371582
0.5043885707855225,3.7740557193756104,0.7617225646972656
0.44946005940437317,2.7156572341918945,0.7617216110229492
0.47967952489852905,2.6248300075531006,0.7617207169532776
0.4121970236301422,3.264659881591797,0.7617197632789612
0.4425548017024994,4.0259199142456055,0.7617189884185791
0.434889554977417,2.818714141845703,0.7617179155349731
0.4890366196632385,2.9589879512786865,0.761716902256012
0.45287030935287476,2.439626693725586,0.761715829372406
0.47486263513565063,3.795186758041382,0.7617149353027344
0.49277472496032715,2.8394877910614014,0.761713981628418
0.42828819155693054,2.888049364089966,0.7617130875587463
0.5025275945663452,3.5950121879577637,0.7617122530937195
0.4892008602619171,2.611943244934082,0.7617113590240479
0.426601767539978,3.417158603668213,0.761710524559021
0.4332626163959503,2.7379190921783447,0.7617097496986389
0.42447715997695923,2.665057897567749,0.7617088556289673
0.3948787748813629,3.325002670288086,0.7617078423500061
0.4715539515018463,2.5630133152008057,0.7617069482803345
0.44724586606025696,2.8476967811584473,0.7617058157920837
0.4852685332298279,3.9106216430664062,0.7617048621177673
0.4593416750431061,2.734842538833618,0.7617040276527405
0.40120798349380493,3.2791812419891357,0.7617030739784241
0.418569415807724,2.6479320526123047,0.7617020606994629
0.4237823486328125,3.411074161529541,0.7617013454437256
0.507064938545227,3.4318015575408936,0.7617002725601196
0.5210090279579163,3.194171905517578,0.761699378490448
0.4558274745941162,2.573620557785034,0.7616986036300659
0.43385154008865356,2.578996419906616,0.7616977095603943
0.5137348771095276,2.4236748218536377,0.7616969347000122
0.47258201241493225,3.0823140144348145,0.7616961002349854
0.457966685295105,2.848842144012451,0.7616950869560242
0.4868846535682678,2.648616313934326,0.7616940140724182
0.48572424054145813,4.145200252532959,0.7616931200027466
0.4537788927555084,2.9453070163726807,0.7616921067237854
0.4954490661621094,3.345200538635254,0.7616910338401794
0.4279264807701111,3.5889909267425537,0.7616899609565735
0.34279701113700867,3.2710049152374268,0.7616890668869019
0.4493025541305542,2.4721109867095947,0.7616879940032959
0.5011034607887268,3.087531089782715,0.7616870999336243
0.41961508989334106,2.9495022296905518,0.7616860866546631
0.4535181224346161,2.958167791366577,0.7616852521896362
0.40413230657577515,3.3195109367370605,0.7616844773292542
0.5144450068473816,3.4512295722961426,0.7616837024688721
0.41840070486068726,2.8004631996154785,0.7616826295852661
0.439328134059906,3.852144241333008,0.761681854724884
0.46167540550231934,3.068678140640259,0.7616808414459229
0.4702277183532715,2.7520737648010254,0.7616798281669617
0.5011893510818481,2.562675714492798,0.7616788744926453
0.44566604495048523,3.1613705158233643,0.7616779208183289
0.42572134733200073,3.213513135910034,0.761677086353302
0.39343324303627014,3.0628631114959717,0.7616761326789856
0.45881903171539307,2.7085671424865723,0.7616751194000244
0.427966833114624,3.2296016216278076,0.7616741061210632
0.45028024911880493,3.157343626022339,0.7616732716560364
0.43168890476226807,3.530787944793701,0.7616722583770752
0.4490843117237091,3.6636910438537598,0.7616713047027588
0.4748174250125885,3.2166717052459717,0.7616703510284424
0.4943394660949707,3.691185712814331,0.761669397354126
0.412189781665802,3.217789888381958,0.7616683840751648
0.4754440486431122,3.026310682296753,0.7616673707962036
0.4615294635295868,3.4508469104766846,0.7616663575172424
0.4891931116580963,3.378441333770752,0.7616655230522156
0.46076297760009766,3.534161329269409,0.7616642713546753
0.38317859172821045,3.157360792160034,0.7616633176803589
0.4803493916988373,3.2439987659454346,0.7616623640060425
0.42909130454063416,2.2005560398101807,0.7616614699363708
0.4703487753868103,2.7168731689453125,0.7616605162620544
0.47492292523384094,2.7890543937683105,0.7616598010063171
0.4596444070339203,3.751068353652954,0.7616587281227112
0.4282846748828888,3.6529223918914795,0.7616578340530396
0.4145641326904297,2.836543321609497,0.7616569399833679
0.4233146607875824,2.9355404376983643,0.7616559267044067
0.44981542229652405,3.425554037094116,0.7616549730300903
0.4287686049938202,4.106624603271484,0.7616539001464844
0.40199363231658936,3.82348370552063,0.7616531252861023
0.43254566192626953,3.491075038909912,0.7616521716117859
0.5004767775535583,3.1609010696411133,0.7616510987281799
0.4110414683818817,3.625885486602783,0.7616502046585083
0.4363267123699188,2.5971577167510986,0.7616494297981262
0.4136871099472046,2.503209114074707,0.7616487145423889
0.43290677666664124,2.728591203689575,0.7616477608680725
0.42740684747695923,2.752497434616089,0.7616468667984009
0.4203964173793793,3.4778025150299072,0.761646032333374
0.4606670141220093,2.612889289855957,0.7616448402404785
0.5104548335075378,3.0277557373046875,0.7616441249847412
0.46023425459861755,2.4091410636901855,0.76164311170578
0.47105875611305237,3.3595309257507324,0.7616420388221741
0.4531610310077667,2.67512845993042,0.7616411447525024
0.4802130162715912,2.7776038646698,0.761640191078186
0.4604828953742981,2.6826369762420654,0.761639416217804
0.5322468876838684,3.9020113945007324,0.7616384625434875
0.4664670526981354,2.8825318813323975,0.7616376280784607
0.45215702056884766,3.072150230407715,0.7616366147994995
0.4339972734451294,3.44364070892334,0.7616358399391174
0.4745011031627655,3.369314432144165,0.761634886264801
0.4969600439071655,3.0444674491882324,0.761634111404419
0.43593183159828186,3.587505340576172,0.761633038520813
0.4485098123550415,2.6184182167053223,0.7616322040557861
0.44073331356048584,3.202491283416748,0.7616311311721802
0.42873743176460266,3.1275858879089355,0.7616299986839294
0.46860137581825256,2.7516226768493652,0.7616292238235474
0.4348020553588867,3.169490098953247,0.7616281509399414
0.43928778171539307,3.017258882522583,0.7616274356842041
0.4647296071052551,2.9763801097869873,0.761626660823822
0.47955092787742615,3.2426340579986572,0.7616257071495056
0.49531465768814087,2.6551547050476074,0.761624813079834
0.385827898979187,2.9680752754211426,0.7616239190101624
0.4494341313838959,2.7727670669555664,0.761622965335846
0.4176473021507263,2.7030317783355713,0.7616218328475952
0.49268606305122375,3.362361192703247,0.7616207003593445
0.4908800423145294,3.1019980907440186,0.7616198062896729
0.40991613268852234,2.5442402362823486,0.7616188526153564
0.40677037835121155,3.124837875366211,0.7616178393363953
0.48693984746932983,3.6906192302703857,0.7616168856620789
0.532417356967926,2.92582368850708,0.7616158127784729
0.44850867986679077,3.9911205768585205,0.7616146802902222
0.5080242156982422,3.266202449798584,0.761613667011261
0.41610750555992126,2.762054204940796,0.761612594127655
0.5167813897132874,3.8773958683013916,0.7616115808486938
0.4314287602901459,3.142258644104004,0.7616106271743774
0.4644376337528229,3.067579746246338,0.7616096138954163
0.3860292434692383,3.05411434173584,0.7616085410118103
0.47155624628067017,3.3330304622650146,0.7616074681282043
0.41784095764160156,2.641239881515503,0.7616065144538879
0.44972169399261475,2.9636006355285645,0.7616055607795715
0.47556665539741516,2.5984177589416504,0.7616044878959656
0.4197620749473572,3.2649903297424316,0.7616034746170044
0.41252756118774414,3.5791049003601074,0.7616025805473328
0.4653952419757843,3.0276358127593994,0.7616016268730164
0.4856763482093811,2.5852925777435303,0.7616007328033447
0.46518898010253906,3.337740898132324,0.7615997195243835
0.43099284172058105,2.3153274059295654,0.7615987062454224
0.42300865054130554,3.0077943801879883,0.7615978717803955
0.43916332721710205,2.800689458847046,0.7615967988967896
0.4359648525714874,2.9208061695098877,0.7615957856178284
0.4978391230106354,3.5921223163604736,0.7615947127342224
0.4511955976486206,2.791836738586426,0.7615938186645508
0.42048880457878113,4.0341315269470215,0.7615930438041687
0.44236430525779724,2.110708236694336,0.7615921497344971
0.4679068624973297,3.3690619468688965,0.761591374874115
0.45183730125427246,3.41908597946167,0.7615905404090881
0.47520095109939575,2.4068799018859863,0.7615894079208374
0.43336111307144165,3.3468048572540283,0.761588454246521
0.48995140194892883,3.337683916091919,0.7615875601768494
0.4783709645271301,2.846763849258423,0.7615867853164673
0.39957374334335327,3.512319326400757,0.7615857124328613
0.48142915964126587,3.3202037811279297,0.7615847587585449
0.49070680141448975,2.991915702819824,0.7615838646888733
0.499244749546051,2.745783805847168,0.761583149433136
0.4513690769672394,2.6284399032592773,0.7615823149681091
0.4298107922077179,3.4904978275299072,0.761581540107727
0.508539617061615,3.297308921813965,0.7615804672241211
0.4672408998012543,2.8103480339050293,0.7615793943405151
0.4635124206542969,2.9859724044799805,0.7615784406661987
0.4708362817764282,2.639523506164551,0.7615774869918823
0.39427199959754944,3.2476308345794678,0.7615763545036316
0.4786311984062195,2.425295829772949,0.7615754008293152
0.5046066641807556,2.6255948543548584,0.7615745067596436
0.38584959506988525,3.11670184135437,0.7615734934806824
0.4987504482269287,2.823207139968872,0.7615724802017212
0.4622076451778412,3.497666358947754,0.7615717053413391
0.4197949171066284,2.819871664047241,0.7615708112716675
0.47454047203063965,3.22778058052063,0.7615697979927063
0.4703657031059265,2.9152979850769043,0.7615687847137451
0.4422677457332611,2.4463295936584473,0.7615679502487183
0.5044515132904053,4.052693843841553,0.7615671157836914
0.4496186673641205,2.578030824661255,0.761566162109375
0.4501489996910095,2.7754898071289062,0.7615651488304138
0.48697158694267273,3.0398316383361816,0.7615640759468079
0.4171884059906006,2.5625720024108887,0.7615631222724915
0.4150281548500061,2.685915470123291,0.761562168598175
0.4132310748100281,3.141174554824829,0.7615613341331482
0.5273524522781372,2.837191343307495,0.7615606188774109
0.4538249373435974,3.5082013607025146,0.7615599036216736
0.44638022780418396,2.5715649127960205,0.7615589499473572
0.4026184678077698,3.0173020362854004,0.7615581154823303
0.4029582142829895,3.273252248764038,0.7615573406219482
0.4541982114315033,2.8668737411499023,0.7615563273429871
0.408897340297699,2.578012466430664,0.7615552544593811
0.4299202561378479,2.693953275680542,0.7615543603897095
0.4386694133281708,4.002784729003906,0.7615533471107483
0.41730132699012756,3.3849332332611084,0.761552631855011
0.4361422657966614,3.718850612640381,0.7615513801574707
0.44675764441490173,3.4335663318634033,0.7615506052970886
0.4458731710910797,3.294438362121582,0.7615498304367065
0.4486393630504608,2.2278528213500977,0.7615488171577454
0.45468276739120483,3.706082344055176,0.7615478038787842
0.43316650390625,2.3775010108947754,0.7615469098091125
0.46098047494888306,3.135535717010498,0.7615460157394409
0.4111042618751526,2.679823398590088,0.7615451216697693
0.4253076910972595,3.4864134788513184,0.7615443468093872
0.4616513252258301,2.871469497680664,0.7615434527397156
0.49972110986709595,3.2546074390411377,0.761542558670044
0.4375797212123871,3.2290241718292236,0.7615416049957275
0.42193078994750977,3.13273549079895,0.7615406513214111
0.44486284255981445,3.122565269470215,0.7615396976470947
0.39222002029418945,3.949827194213867,0.7615389823913574
0.4108218252658844,3.1913187503814697,0.761538028717041
0.4625203609466553,3.197993516921997,0.7615370750427246
0.48880934715270996,2.94333553314209,0.761536180973053
0.41855940222740173,3.1477251052856445,0.7615353465080261
0.4741235673427582,2.9150145053863525,0.7615346312522888
0.5094506144523621,3.1883184909820557,0.7615336775779724
0.44663146138191223,2.5288896560668945,0.761532723903656
0.47403189539909363,2.6801702976226807,0.76153165102005
0.49307432770729065,2.9905686378479004,0.761530876159668
0.40506982803344727,3.695326566696167,0.7615301609039307
0.4917231500148773,2.8566818237304688,0.7615292072296143
0.489384263753891,2.701793670654297,0.7615281343460083
0.46488747000694275,3.0736141204833984,0.7615273594856262
0.46858319640159607,3.4572830200195312,0.7615264654159546
0.5039904117584229,2.8465394973754883,0.7615255117416382
0.41007575392723083,2.831045389175415,0.7615246772766113
0.449878066778183,2.87819504737854,0.7615239024162292
0.47641727328300476,2.4869682788848877,0.7615230083465576
0.4534166753292084,2.9620304107666016,0.761522114276886
0.39529234170913696,2.898123025894165,0.7615212202072144
0.42650148272514343,2.711644411087036,0.7615203857421875
0.39244574308395386,2.8582398891448975,0.7615193724632263
0.4261993169784546,2.8932063579559326,0.761518657207489
0.4517144560813904,2.546447992324829,0.7615177035331726
0.4764987528324127,2.7868125438690186,0.7615166902542114
0.4480317234992981,3.288783073425293,0.7615156173706055
0.4393041133880615,3.5011842250823975,0.7615147233009338
0.4326171875,3.3150815963745117,0.761513888835907
0.4065789580345154,2.505246639251709,0.761512815952301
0.4265230596065521,3.282397508621216,0.7615118622779846
0.46021491289138794,2.637254238128662,0.7615107297897339
0.49164533615112305,3.3498446941375732,0.7615098357200623
0.4477817118167877,2.9275035858154297,0.7615088820457458
0.4754061698913574,2.605689287185669,0.7615078687667847
0.42316654324531555,3.3373122215270996,0.7615069150924683
0.47733375430107117,3.633763313293457,0.7615060806274414
0.41126129031181335,3.07572340965271,0.7615049481391907
0.4328850507736206,2.8211257457733154,0.7615039348602295
0.46651923656463623,3.321934938430786,0.7615030407905579
0.44725364446640015,2.854937791824341,0.7615021467208862
0.44278424978256226,3.5756301879882812,0.7615011930465698
0.4249042272567749,3.6315248012542725,0.7615004181861877
0.4620188772678375,3.5530848503112793,0.7614995837211609
0.4250367283821106,2.7988545894622803,0.7614984512329102
0.47009700536727905,2.657193422317505,0.761497437953949
0.46458572149276733,3.6434900760650635,0.7614965438842773
0.4472673237323761,2.950448513031006,0.7614956498146057
0.4159334897994995,2.8756628036499023,0.7614947557449341
0.4088391065597534,2.9211606979370117,0.7614937424659729
0.4162547290325165,3.1217424869537354,0.7614926695823669
0.43578359484672546,2.60040020942688,0.7614917159080505
0.41757917404174805,2.7465898990631104,0.7614909410476685
0.4381723701953888,3.0269432067871094,0.7614898681640625
0.436766654253006,2.9291040897369385,0.7614888548851013
0.4272530972957611,2.7961738109588623,0.7614879012107849
0.4884744882583618,3.382200241088867,0.7614870071411133
0.4611749053001404,3.0659375190734863,0.7614859342575073
0.4445631206035614,3.147808313369751,0.7614849805831909
0.4579123556613922,2.6180124282836914,0.7614840269088745
0.47924673557281494,2.299147367477417,0.7614830732345581
0.4260583817958832,2.2500011920928955,0.7614820003509521
0.4413279592990875,3.2174742221832275,0.761480987071991
0.4433059096336365,2.301589250564575,0.7614800930023193
0.42610394954681396,3.246218681335449,0.7614791989326477
0.3817194998264313,3.187187433242798,0.7614781856536865
0.4305221438407898,3.4348461627960205,0.7614771127700806
0.4523221552371979,2.9061086177825928,0.7614762187004089
0.4650382101535797,2.4016826152801514,0.7614753842353821
0.44892218708992004,4.1094255447387695,0.7614744305610657
0.42992645502090454,3.508345127105713,0.761473536491394
0.49454396963119507,3.449352502822876,0.7614725828170776
0.48649993538856506,2.9192140102386475,0.7614715695381165
0.3910364806652069,2.7539896965026855,0.7614706158638
0.4610652029514313,3.9203128814697266,0.7614697217941284
0.42207181453704834,2.6137502193450928,0.7614687085151672
0.4227810204029083,2.550877094268799,0.7614677548408508
0.49387824535369873,2.5724966526031494,0.7614666819572449
0.43631044030189514,3.142300844192505,0.7614657282829285
0.48727157711982727,2.120171070098877,0.7614649534225464
0.4774649441242218,3.048527956008911,0.76146399974823
0.523618757724762,2.891636848449707,0.7614629864692688
0.42740297317504883,2.6200740337371826,0.7614622712135315
0.48272979259490967,3.5757057666778564,0.7614611387252808
0.35600608587265015,4.628684043884277,0.7614603638648987
0.42292529344558716,3.1272988319396973,0.7614590525627136
0.43737807869911194,2.7506985664367676,0.7614582777023315
0.43952977657318115,3.129417896270752,0.7614573240280151
0.415059357881546,3.661151885986328,0.7614564895629883
0.4759516716003418,3.070124864578247,0.7614555358886719
0.36831092834472656,2.9659833908081055,0.7614546418190002
0.49011045694351196,2.8470675945281982,0.7614536881446838
0.3935326337814331,3.0500683784484863,0.7614529132843018
0.4596365988254547,2.7731239795684814,0.7614520788192749
0.5138083696365356,3.316239356994629,0.7614511251449585
0.4368486702442169,2.2275402545928955,0.7614502310752869
0.4818214178085327,3.4674861431121826,0.7614492774009705
0.4594402313232422,2.7979419231414795,0.7614484429359436
0.4549146890640259,3.4654009342193604,0.7614473700523376
0.4750562310218811,3.296337127685547,0.7614463567733765
0.4069552421569824,2.7636313438415527,0.7614454627037048
0.46027418971061707,3.276623249053955,0.7614445686340332
0.42230382561683655,3.6902012825012207,0.7614436149597168
0.415304034948349,3.1397857666015625,0.7614427208900452
0.4105212390422821,3.2442524433135986,0.7614417672157288
0.4588795304298401,2.8559730052948,0.7614408135414124
0.41957589983940125,2.7964138984680176,0.7614399194717407
0.42427513003349304,3.1807773113250732,0.7614389657974243
0.41250327229499817,2.6201798915863037,0.7614380717277527
0.4398501515388489,3.317204236984253,0.7614372372627258
0.45434141159057617,2.7798962593078613,0.7614362835884094
0.41702303290367126,3.0126702785491943,0.7614350914955139
0.44748401641845703,3.4914956092834473,0.7614341974258423
0.4815177023410797,3.488779306411743,0.7614334225654602
0.38935524225234985,2.6595609188079834,0.7614325881004333
0.4953719973564148,2.886986017227173,0.7614316344261169
0.44662612676620483,3.4453330039978027,0.7614309191703796
0.4459177553653717,3.3684468269348145,0.7614299654960632
0.4356820583343506,3.1244897842407227,0.7614290714263916
0.4305455684661865,3.751476287841797,0.76142817735672
0.45272010564804077,2.8310911655426025,0.7614274024963379
0.5183672308921814,2.8296585083007812,0.7614262700080872
0.48704832792282104,3.001810073852539,0.7614254951477051
0.44356769323349,2.567108392715454,0.7614244222640991
0.5109223127365112,3.0146753787994385,0.7614235281944275
0.3963286578655243,2.9552555084228516,0.7614227533340454
0.477120041847229,2.8892605304718018,0.7614219188690186
0.46489760279655457,2.56365704536438,0.7614209651947021
0.45722639560699463,2.7839784622192383,0.7614200711250305
0.4764229357242584,2.3632142543792725,0.7614192962646484
0.42198294401168823,3.6032586097717285,0.7614185214042664
0.47470802068710327,3.0933680534362793,0.7614176273345947
0.4353783428668976,2.7053346633911133,0.761416494846344
0.4021235704421997,2.432340621948242,0.7614156603813171
0.4215830862522125,2.901679277420044,0.7614147067070007
0.45925185084342957,3.1269519329071045,0.7614138126373291
0.5136396288871765,3.22102427482605,0.7614128589630127
0.4737791419029236,2.7537825107574463,0.7614119052886963
0.4518011510372162,3.526895523071289,0.7614110112190247
0.4752989709377289,3.0383100509643555,0.7614104151725769
0.4981500506401062,2.984288215637207,0.7614095211029053
0.4373752176761627,2.5662729740142822,0.7614086270332336
0.4632543921470642,2.617382287979126,0.761407732963562
0.4403993785381317,2.7959277629852295,0.7614068388938904
0.446350634098053,3.382601499557495,0.7614060044288635
0.42167994379997253,3.0186798572540283,0.7614049911499023
0.38910382986068726,3.293442726135254,0.7614040374755859
0.41228559613227844,2.758324384689331,0.7614032030105591
0.49792104959487915,2.9387505054473877,0.7614020705223083
0.44524437189102173,3.783940553665161,0.7614012360572815
0.47460857033729553,3.3134572505950928,0.7614005208015442
0.41871726512908936,2.8442680835723877,0.7613998055458069
0.44318628311157227,2.698979139328003,0.7613987326622009
0.43746259808540344,2.739327907562256,0.7613977789878845
0.42009231448173523,2.4513070583343506,0.7613970637321472
0.5199253559112549,2.871648073196411,0.7613961100578308
0.4436451494693756,2.8345038890838623,0.7613953351974487
0.4240304231643677,2.3442671298980713,0.7613944411277771
0.47086095809936523,2.691628932952881,0.7613936066627502
0.48279061913490295,2.5988357067108154,0.7613928318023682
0.4284532964229584,3.0372097492218018,0.7613919377326965
0.4235997796058655,3.4641497135162354,0.7613911628723145
0.4393012821674347,3.2461652755737305,0.7613905072212219
0.4355447292327881,2.5698885917663574,0.7613895535469055
0.4718388319015503,2.910153865814209,0.7613887190818787
0.48980623483657837,3.18326473236084,0.7613879442214966
0.4097540080547333,2.906964063644409,0.7613871097564697
0.41156691312789917,2.926973342895508,0.7613863348960876
0.5157868266105652,3.2462496757507324,0.7613853812217712
0.4217488765716553,2.6877758502960205,0.7613846659660339
0.44650763273239136,3.0710887908935547,0.7613837718963623
0.5209857225418091,3.510380506515503,0.7613828182220459
0.44949111342430115,3.0810530185699463,0.7613819241523743
0.4450736939907074,2.9080026149749756,0.7613810896873474
0.47662103176116943,3.785170793533325,0.7613802552223206
0.3959883153438568,2.752974033355713,0.7613793611526489
0.3933086693286896,2.4565367698669434,0.7613784074783325
0.4104931950569153,2.486696720123291,0.7613775134086609
0.4215783178806305,2.6851775646209717,0.7613767981529236
0.40130409598350525,2.6173465251922607,0.7613758444786072
0.4675835967063904,2.946870803833008,0.7613749504089355
0.45838865637779236,3.1194963455200195,0.7613738775253296
0.49192923307418823,3.206087827682495,0.7613730430603027
0.42487964034080505,3.7334511280059814,0.7613720297813416
0.42755407094955444,3.262615919113159,0.7613709568977356
0.4353597164154053,2.9642255306243896,0.761370062828064
0.46756964921951294,2.4626545906066895,0.7613693475723267
0.45391902327537537,3.0952022075653076,0.7613683342933655
0.43261921405792236,2.8950302600860596,0.7613675594329834
0.4668588936328888,2.6304385662078857,0.7613665461540222
0.449625164270401,2.300624132156372,0.7613656520843506
0.41034725308418274,3.0271689891815186,0.7613648176193237
0.4385685622692108,2.8381948471069336,0.7613639235496521
0.4705427885055542,3.676039695739746,0.7613630890846252
0.3966825008392334,3.4862191677093506,0.7613621950149536
0.4192216396331787,3.011348009109497,0.7613613605499268
0.4321158528327942,3.51857328414917,0.7613606452941895
0.4202972650527954,2.5531575679779053,0.7613597512245178
0.41746318340301514,3.472465753555298,0.7613587975502014
0.437195360660553,3.0869882106781006,0.761357843875885
0.4538381099700928,2.6148624420166016,0.7613570690155029
0.3897407352924347,2.566248893737793,0.7613564133644104
0.40775632858276367,2.5392508506774902,0.761355459690094
0.4945094585418701,3.0171287059783936,0.7613547444343567
0.4465435743331909,2.697765588760376,0.7613540291786194
0.5025574564933777,2.622575044631958,0.7613530158996582
0.4168337881565094,3.6407766342163086,0.7613522410392761
0.41905921697616577,2.6871440410614014,0.7613512873649597
0.4416292607784271,2.535540819168091,0.7613503336906433
0.4605461657047272,3.5583701133728027,0.761349618434906
0.4704038202762604,2.7721526622772217,0.7613486051559448
0.43699872493743896,3.205974578857422,0.761347770690918
0.4495645761489868,3.829251766204834,0.7613468766212463
0.42093726992607117,2.6027321815490723,0.7613459825515747
0.4128071069717407,3.419172763824463,0.7613452672958374
0.449948251247406,2.2621266841888428,0.7613444328308105
0.44159144163131714,2.9648277759552,0.7613436579704285
0.4836941659450531,2.426318883895874,0.7613429427146912
0.43943652510643005,2.4410972595214844,0.7613420486450195
0.42209628224372864,3.119722843170166,0.7613411545753479
0.44567710161209106,3.0027923583984375,0.7613403797149658
0.39401373267173767,2.6454224586486816,0.7613394856452942
0.45858755707740784,2.6031932830810547,0.7613385319709778
0.44576072692871094,2.705871820449829,0.7613378167152405
0.44072508811950684,3.1819779872894287,0.7613367438316345
0.4053344130516052,2.9083476066589355,0.7613359689712524
0.4363051652908325,2.6450095176696777,0.7613351345062256
0.389632910490036,2.487579822540283,0.7613343000411987
0.4662955701351166,3.0427143573760986,0.7613334059715271
0.4476156532764435,3.4898152351379395,0.7613327503204346
0.46786826848983765,2.271150827407837,0.7613318562507629
0.39687857031822205,2.5259294509887695,0.7613308429718018
0.4384937584400177,3.0375754833221436,0.7613299489021301
0.4850696325302124,2.6379990577697754,0.7613291144371033
0.4464932084083557,3.071287155151367,0.7613282799720764
0.4333029091358185,3.358142137527466,0.7613276243209839
0.4409395456314087,2.460120677947998,0.7613267302513123
0.4564632773399353,3.445730209350586,0.7613258361816406
0.4805077314376831,3.0365610122680664,0.7613250613212585
0.43237075209617615,2.3527748584747314,0.7613242268562317
0.4459182620048523,3.672910690307617,0.7613232135772705
0.41005003452301025,3.1165592670440674,0.7613223195075989
0.4457836449146271,2.1817100048065186,0.7613214254379272
0.436368465423584,2.647364616394043,0.7613204717636108
0.42137575149536133,2.2851028442382812,0.7613197565078735
0.4529050588607788,2.927412509918213,0.7613190412521362
0.43422648310661316,3.5898334980010986,0.7613180875778198
0.39779967069625854,2.7407476902008057,0.7613171339035034
0.42752233147621155,3.658517837524414,0.7613162398338318
0.49106818437576294,3.1808886528015137,0.7613154053688049
0.4376258850097656,3.6995139122009277,0.7613145112991333
0.4141826629638672,2.7740256786346436,0.7613134980201721
0.46521085500717163,3.4864916801452637,0.7613125443458557
0.4335075616836548,3.259451389312744,0.7613114714622498
0.4835714101791382,2.8148984909057617,0.7613106966018677
0.41558945178985596,3.150143623352051,0.7613098621368408
0.44742029905319214,2.767317056655884,0.7613089084625244
0.4468556046485901,2.469268560409546,0.7613080143928528
0.45878902077674866,3.377469778060913,0.7613072395324707
0.4332777261734009,3.5284719467163086,0.7613062858581543
0.40935584902763367,2.89074969291687,0.7613053917884827
0.404249370098114,2.9960286617279053,0.761304497718811
0.5236434936523438,2.6853106021881104,0.7613034844398499
0.4275131821632385,2.5243582725524902,0.761302649974823
0.4231686592102051,2.482832908630371,0.7613019347190857
0.4115360975265503,2.9183831214904785,0.7613010406494141
0.4407848119735718,2.769502639770508,0.7613002061843872
0.4490365982055664,2.634962320327759,0.7612993121147156
0.4268958866596222,3.1899263858795166,0.761298418045044
0.35270676016807556,2.452162265777588,0.7612976431846619
0.46030306816101074,2.947383165359497,0.761296808719635
0.4252907931804657,3.1864967346191406,0.7612958550453186
0.4478675127029419,2.484893560409546,0.7612950205802917
0.4407021105289459,3.317708969116211,0.7612941861152649
0.4589631259441376,3.2046196460723877,0.761293351650238
0.39735403656959534,3.309692859649658,0.7612924575805664
0.4629366099834442,3.080949544906616,0.7612916231155396
0.4535360634326935,2.374061107635498,0.7612906098365784
0.3957805931568146,3.934126615524292,0.7612898349761963
0.45412054657936096,2.238924026489258,0.761289119720459
0.44364941120147705,2.4085440635681152,0.7612882256507874
0.42759352922439575,2.634815216064453,0.7612873315811157
0.4233492910861969,2.7029571533203125,0.7612865567207336
0.42117559909820557,3.2104997634887695,0.761285662651062
0.43920958042144775,3.0407156944274902,0.7612848877906799
0.472445547580719,2.580580711364746,0.7612840533256531
0.3994850516319275,2.849996328353882,0.7612833380699158
0.4266050159931183,2.3711252212524414,0.7612824440002441
0.4476664960384369,2.3870255947113037,0.7612816691398621
0.4471534490585327,3.3590610027313232,0.7612807154655457
0.41037750244140625,3.1468660831451416,0.7612798810005188
0.44771894812583923,3.3010730743408203,0.7612789869308472
0.45245224237442017,4.083059787750244,0.7612783908843994
0.4260873794555664,3.0841329097747803,0.7612773776054382
0.44730544090270996,2.9049618244171143,0.7612764239311218
0.44116851687431335,2.904707670211792,0.7612756490707397
0.5056703090667725,2.550705909729004,0.7612747550010681
0.4124343693256378,2.5305938720703125,0.761273980140686
0.45363184809684753,2.487013578414917,0.7612731456756592
0.4019409716129303,2.7993247509002686,0.7612723708152771
0.46910199522972107,2.6048316955566406,0.7612713575363159
0.3664281368255615,2.893463373184204,0.7612705826759338
0.43647751212120056,3.184396266937256,0.7612698078155518
0.46049749851226807,2.4818620681762695,0.7612689733505249
0.4155510365962982,2.8174476623535156,0.7612680792808533
0.4886491596698761,3.068821430206299,0.7612674832344055
0.469259113073349,2.297121286392212,0.7612664103507996
0.4454537034034729,2.873311758041382,0.7612653970718384
0.44187799096107483,2.855327606201172,0.7612645626068115
0.4068221151828766,2.1160664558410645,0.7612637877464294
0.4362184703350067,3.391012668609619,0.7612627148628235
0.42472556233406067,2.496345281600952,0.7612617611885071
0.4383257329463959,2.8236706256866455,0.7612608671188354
0.474872350692749,2.8946211338043213,0.7612599730491638
0.4695746600627899,2.927057981491089,0.761259138584137
0.4568157494068146,2.8617537021636963,0.7612582445144653
0.41418060660362244,2.3652641773223877,0.7612574100494385
0.47387853264808655,2.456359386444092,0.7612566351890564
0.4359796941280365,3.125473737716675,0.76125568151474
0.47210773825645447,2.9405508041381836,0.761254608631134
0.42468512058258057,3.017414093017578,0.7612536549568176
0.45361608266830444,2.8976852893829346,0.7612528800964355
0.40681079030036926,2.850670337677002,0.7612518668174744
0.45575231313705444,2.8080222606658936,0.7612510323524475
0.4420677721500397,3.0435080528259277,0.7612501382827759
0.49230051040649414,2.929396629333496,0.7612490653991699
0.43917548656463623,3.034219741821289,0.7612481117248535
0.4225495755672455,2.3866019248962402,0.7612473368644714
0.4487215280532837,3.147063970565796,0.7612462639808655
0.4724774956703186,2.91983699798584,0.7612452507019043
0.440081387758255,2.713502883911133,0.7612442970275879
0.38450393080711365,3.411745309829712,0.7612434029579163
0.4167468249797821,2.253490447998047,0.7612423300743103
0.37334445118904114,2.9383962154388428,0.7612413167953491
0.4708724915981293,3.1589667797088623,0.7612406015396118
0.49002805352211,2.7147603034973145,0.7612397074699402
0.4201606214046478,3.3424084186553955,0.7612388134002686
0.43864426016807556,3.1330673694610596,0.7612379193305969
0.37017810344696045,2.5536751747131348,0.7612369060516357
0.45013564825057983,3.3660848140716553,0.7612358331680298
0.5603753924369812,3.1031394004821777,0.761235237121582
0.40181615948677063,2.826416254043579,0.7612342238426208
0.3589538633823395,2.6184091567993164,0.7612334489822388
0.45821693539619446,2.64626145362854,0.7612327933311462
0.3914746344089508,3.3782269954681396,0.7612318396568298
0.4297407567501068,2.1663095951080322,0.7612310647964478
0.41299378871917725,2.5878474712371826,0.7612300515174866
0.42586806416511536,2.6804447174072266,0.7612292766571045
0.4409654438495636,2.448073625564575,0.7612285017967224
0.48733198642730713,2.549231767654419,0.7612276673316956
0.4623473882675171,2.637007713317871,0.7612267732620239
0.4867110848426819,2.4649109840393066,0.7612257599830627
0.4655512273311615,3.1539347171783447,0.7612248063087463
0.3890649378299713,2.7346720695495605,0.7612241506576538
0.41123703122138977,2.4948980808258057,0.761223316192627
0.445158451795578,2.9909915924072266,0.7612225413322449
0.44277235865592957,2.6017704010009766,0.7612214088439941
0.4817472994327545,2.6937379837036133,0.7612206339836121
0.439492404460907,2.9870975017547607,0.7612197995185852
0.4371736943721771,2.653989553451538,0.7612190246582031
0.4212660789489746,2.59617280960083,0.7612181901931763
0.448535293340683,2.7064855098724365,0.7612172961235046
0.45986732840538025,2.551408290863037,0.7612165212631226
0.43223729729652405,3.4715893268585205,0.7612156271934509
0.37185850739479065,2.4919350147247314,0.7612147331237793
0.41735026240348816,2.5197253227233887,0.761214017868042
0.4555369019508362,2.551293134689331,0.7612130045890808
0.4383138418197632,3.3911447525024414,0.7612120509147644
0.44078367948532104,3.204195022583008,0.7612112164497375
0.45429494976997375,3.778787851333618,0.7612104415893555
0.4288371205329895,2.266094923019409,0.7612097263336182
0.4480215311050415,3.2242770195007324,0.7612088322639465
0.4566645622253418,2.543564558029175,0.7612079977989197
0.4643537700176239,3.045196056365967,0.7612072825431824
0.48547080159187317,2.816969871520996,0.7612065672874451
0.45765453577041626,2.8108315467834473,0.7612055540084839
0.4779775142669678,2.390684127807617,0.761204719543457
0.43100011348724365,2.1654670238494873,0.7612040042877197
0.5018319487571716,3.208604335784912,0.7612030506134033
0.4120801091194153,2.533618450164795,0.7612022161483765
0.385440468788147,3.562659502029419,0.7612014412879944
0.47398853302001953,2.519641876220703,0.7612005472183228
0.47952181100845337,3.456098794937134,0.7611998319625854
0.4181821644306183,3.6405892372131348,0.761198878288269
0.43677574396133423,3.0327773094177246,0.7611979842185974
0.479068785905838,2.8556089401245117,0.7611972093582153
0.4975811243057251,3.29744029045105,0.7611963152885437
0.4176355004310608,2.8296890258789062,0.7611954808235168
0.421101450920105,3.259341239929199,0.7611944675445557
0.42118948698043823,2.7711410522460938,0.7611936330795288
0.5041475296020508,3.2012555599212646,0.7611928582191467
0.4111945927143097,2.5289273262023926,0.7611919641494751
0.4463751018047333,3.0145678520202637,0.761191189289093
0.5004518032073975,3.0195844173431396,0.7611901164054871
0.44957709312438965,2.3773033618927,0.7611891031265259
0.4274806082248688,2.692646026611328,0.7611882090568542
0.4426231384277344,2.3754751682281494,0.7611873745918274
0.5037114024162292,2.0162622928619385,0.7611865401268005
0.507335364818573,2.2631914615631104,0.7611857056617737
0.4748676121234894,2.966779947280884,0.7611849904060364
0.422260046005249,3.1143014430999756,0.7611842155456543
0.4394230544567108,2.2868685722351074,0.7611832618713379
0.42557409405708313,3.1616439819335938,0.761182427406311
0.43270623683929443,2.1124470233917236,0.7611814737319946
0.4287976026535034,2.422556161880493,0.7611806392669678
0.4584246575832367,2.704580783843994,0.7611796855926514
0.44696104526519775,2.55926251411438,0.7611787915229797
0.4708242416381836,2.6733052730560303,0.7611780166625977
0.4354243278503418,2.497162342071533,0.7611770629882812
0.46219855546951294,2.7790684700012207,0.761176347732544
0.38743293285369873,2.405164957046509,0.7611756324768066
0.4454704225063324,3.5019478797912598,0.7611747980117798
0.4343881607055664,2.975825548171997,0.7611738443374634
0.4684668481349945,2.7213869094848633,0.7611730694770813
0.48380622267723083,2.674042224884033,0.7611721754074097
0.46320492029190063,2.715399742126465,0.761171281337738
0.43412691354751587,3.7087631225585938,0.7611703276634216
0.4656579792499542,2.6749541759490967,0.7611693739891052
0.4332677125930786,2.4868881702423096,0.7611687779426575
0.4727884829044342,3.2301385402679443,0.7611678838729858
0.42100632190704346,2.062403917312622,0.7611671686172485
0.45652899146080017,2.8290088176727295,0.7611662149429321
0.42528069019317627,2.8026814460754395,0.76116544008255
0.45155009627342224,2.84149432182312,0.7611645460128784
0.44007518887519836,3.4554057121276855,0.7611640095710754
0.4316684305667877,3.3140554428100586,0.7611631155014038
0.429726779460907,2.941006898880005,0.7611620426177979
0.39567986130714417,3.223464250564575,0.7611610889434814
0.47598159313201904,3.182891607284546,0.7611601948738098
0.4413144290447235,2.5681982040405273,0.7611593008041382
0.43599310517311096,2.7535715103149414,0.7611585259437561
0.45743510127067566,2.530029535293579,0.7611576318740845
0.46478819847106934,3.2811806201934814,0.7611568570137024
0.4139612019062042,2.857165813446045,0.7611557841300964
0.4143904745578766,2.2441771030426025,0.76115483045578
0.4744468331336975,3.1658308506011963,0.761154055595398
0.4709791839122772,3.5687220096588135,0.7611531019210815
0.4773511290550232,2.300842046737671,0.7611522078514099
0.40982022881507874,2.7728450298309326,0.761151134967804
0.4409309923648834,2.6563236713409424,0.7611502408981323
0.45862144231796265,3.208641290664673,0.7611492872238159
0.44400230050086975,2.45741605758667,0.7611483335494995
0.457579642534256,2.6110637187957764,0.7611475586891174
0.4242561161518097,2.93442964553833,0.7611467242240906
0.4857527017593384,3.350029706954956,0.761145830154419
0.4282550811767578,2.6080310344696045,0.7611450552940369
0.44417333602905273,2.8651132583618164,0.76114422082901
0.4828832149505615,2.423427104949951,0.7611433863639832
0.3963125944137573,3.128451108932495,0.7611425518989563
0.4242675006389618,2.713332414627075,0.7611415982246399
0.43112051486968994,2.978755474090576,0.7611408233642578
0.4508996903896332,2.7532360553741455,0.7611399292945862
0.382541686296463,2.7142961025238037,0.7611390352249146
0.4121546745300293,2.7458908557891846,0.7611382603645325
0.4175315797328949,3.1790952682495117,0.7611372470855713
0.4133758544921875,2.9108035564422607,0.7611364126205444
0.36301007866859436,3.670424222946167,0.7611357569694519
0.4880402982234955,2.8274776935577393,0.761134922504425
0.4428095817565918,3.359976291656494,0.7611339688301086
0.4385312795639038,2.8813562393188477,0.761133074760437
0.45942720770835876,2.6670010089874268,0.7611322999000549
0.41297468543052673,2.4474105834960938,0.7611315250396729
0.42666900157928467,2.5621442794799805,0.7611305117607117
0.4385920763015747,2.509793519973755,0.7611296772956848
0.41278350353240967,1.9166089296340942,0.7611287832260132
0.4210052788257599,2.689281463623047,0.7611281275749207
0.46810153126716614,2.771134376525879,0.7611273527145386
0.4090823233127594,2.635380506515503,0.7611264586448669
0.4497833847999573,3.4346508979797363,0.7611255645751953
0.4249856770038605,3.044848680496216,0.7611249089241028
0.4413149058818817,2.741044282913208,0.7611240148544312
0.5177022218704224,3.619478225708008,0.7611232399940491
0.4418177604675293,2.8593459129333496,0.7611221671104431
0.4126424193382263,2.863633394241333,0.7611213326454163
0.45764124393463135,3.046262264251709,0.7611205577850342
0.4795782268047333,2.801445484161377,0.7611197233200073
0.4552917778491974,2.465390205383301,0.76111900806427
0.4296598732471466,3.0146496295928955,0.7611179351806641
0.4446367025375366,3.384138822555542,0.7611172199249268
0.4464225769042969,3.1580617427825928,0.7611163258552551
0.43132317066192627,3.192162275314331,0.7611156105995178
0.3829573690891266,2.9996821880340576,0.7611148357391357
0.48308950662612915,2.7129857540130615,0.7611139416694641
0.49678340554237366,2.520742893218994,0.7611131072044373
0.4264901876449585,2.6935904026031494,0.7611121535301208
0.40755605697631836,1.9248157739639282,0.7611114382743835
0.4162813723087311,3.149662494659424,0.7611104846000671
0.5026863217353821,2.581176280975342,0.7611097693443298
0.41449427604675293,2.5167832374572754,0.7611088752746582
0.4176451861858368,2.697913408279419,0.7611079812049866
0.4428927004337311,3.1924023628234863,0.7611070871353149
0.4184379577636719,3.092388868331909,0.7611063122749329
0.4516870379447937,2.286663055419922,0.7611054182052612
0.4008176326751709,2.8448047637939453,0.7611045241355896
0.5030133128166199,2.2445003986358643,0.7611037492752075
0.38779449462890625,2.8892862796783447,0.7611029148101807
0.5135070085525513,2.9057185649871826,0.7611021399497986
0.48942625522613525,2.58651065826416,0.7611010670661926
0.4355493187904358,2.8731496334075928,0.7611002922058105
0.49859291315078735,2.3531997203826904,0.7610995173454285
0.45801734924316406,3.13265323638916,0.7610986828804016
0.46654456853866577,3.083012580871582,0.7610976696014404
0.5472077131271362,3.1280100345611572,0.7610968947410583
0.42870914936065674,2.6519954204559326,0.7610961198806763
0.4634416103363037,2.764465808868408,0.761095404624939
0.3723966181278229,3.4860928058624268,0.761094331741333
0.4675798714160919,2.4153881072998047,0.7610934972763062
0.42060691118240356,2.471727132797241,0.7610926032066345
0.4293387234210968,3.078296184539795,0.7610918879508972
0.4723919630050659,2.27494215965271,0.7610911726951599
0.41771167516708374,2.9451584815979004,0.761090099811554
0.42186668515205383,3.0482821464538574,0.7610893249511719
0.43989458680152893,2.6880855560302734,0.761088490486145
0.4637931287288666,3.001325845718384,0.7610875964164734
0.42992809414863586,3.3342084884643555,0.7610868215560913
0.4775618016719818,2.75998592376709,0.7610859274864197
0.4679604172706604,2.776730537414551,0.7610851526260376
0.46159467101097107,2.764503240585327,0.7610843181610107
0.44126859307289124,2.779418706893921,0.7610833644866943
0.4497426450252533,2.994117021560669,0.7610823512077332
0.406634658575058,3.013103485107422,0.7610816955566406
0.44305336475372314,3.282921075820923,0.7610809803009033
0.42050880193710327,3.580030918121338,0.761080265045166
0.40357130765914917,3.07773494720459,0.7610793709754944
0.42377981543540955,2.535926580429077,0.7610785365104675
0.38905543088912964,2.636014699935913,0.7610775232315063
0.4537048637866974,2.7811059951782227,0.761076807975769
0.4624679386615753,2.820242404937744,0.7610760927200317
0.4363386034965515,2.635632038116455,0.7610752582550049
0.4607781767845154,3.1241698265075684,0.7610743641853333
0.49022260308265686,2.737624168395996,0.7610735893249512
0.44697314500808716,2.860914945602417,0.7610729336738586
0.4893956780433655,2.790465831756592,0.7610722184181213
0.4416363537311554,2.8153114318847656,0.7610712647438049
0.4727531373500824,3.1135637760162354,0.7610703110694885
0.40909332036972046,2.9745032787323,0.7610695958137512
0.43217429518699646,2.7582387924194336,0.7610688209533691
0.4710117280483246,2.834510326385498,0.7610680460929871
0.42432716488838196,2.6478755474090576,0.7610670924186707
0.4467421770095825,2.633840799331665,0.7610664367675781
0.4345178008079529,2.971482038497925,0.761065661907196
0.4399435818195343,3.019216537475586,0.7610647082328796
0.38183799386024475,2.8427717685699463,0.7610638737678528
0.4030127227306366,3.4713923931121826,0.7610629796981812
0.4262617528438568,2.716960906982422,0.7610622644424438
0.4546149969100952,2.5960752964019775,0.7610613703727722
0.3811740279197693,3.041991949081421,0.761060357093811
0.4474574625492096,2.5121493339538574,0.7610594630241394
0.44692519307136536,2.509718179702759,0.7610585689544678
0.458046555519104,2.453563928604126,0.7610577940940857
0.40253302454948425,2.4961178302764893,0.7610569000244141
0.44600412249565125,2.2705483436584473,0.761056125164032
0.4492246210575104,2.293689727783203,0.7610552310943604
0.46104535460472107,3.0301432609558105,0.7610543966293335
0.4562305212020874,2.4071102142333984,0.7610535025596619
0.402608186006546,2.3740346431732178,0.761052668094635
0.42239925265312195,2.743124008178711,0.7610517740249634
0.39747440814971924,2.441771984100342,0.7610508799552917
0.4298645555973053,2.3672657012939453,0.7610501050949097
0.4285848140716553,2.8481528759002686,0.7610493302345276
0.44683584570884705,2.589738607406616,0.7610483765602112
0.4442698657512665,2.2590785026550293,0.7610476613044739
0.37807345390319824,3.853214740753174,0.7610467076301575
0.43390142917633057,2.609074354171753,0.7610459923744202
0.4317866563796997,3.33211350440979,0.7610449194908142
0.4342416226863861,3.512586832046509,0.7610442042350769
0.376610666513443,2.7473831176757812,0.7610432505607605
0.40420567989349365,3.0460448265075684,0.7610427141189575
0.4655297100543976,2.7510149478912354,0.7610418200492859
0.46496161818504333,2.465014934539795,0.7610412836074829
0.4222491979598999,2.266977548599243,0.761040449142456
0.4050505757331848,2.6584360599517822,0.7610394358634949
0.43249815702438354,2.799146890640259,0.761038601398468
0.49501022696495056,3.205559253692627,0.7610377073287964
0.3909379839897156,2.24752140045166,0.7610368728637695
0.4274178147315979,2.825719118118286,0.7610357403755188
0.4306334853172302,2.9262430667877197,0.7610346674919128
0.5016493201255798,2.996060371398926,0.7610338926315308
0.43834322690963745,2.805532217025757,0.7610330581665039
0.4636387526988983,3.609894037246704,0.7610321640968323
0.44281667470932007,2.5772550106048584,0.7610313892364502
0.45706140995025635,2.8474016189575195,0.7610304951667786
0.45660272240638733,2.3909966945648193,0.7610295414924622
0.41454318165779114,2.8832929134368896,0.7610288262367249
0.4207826852798462,3.3811023235321045,0.7610279321670532
0.4550413489341736,2.8046443462371826,0.7610269784927368
0.3949127793312073,2.5295569896698,0.7610262036323547
0.4167405664920807,3.6077380180358887,0.7610254287719727
0.4458400011062622,2.739611864089966,0.7610245943069458
0.4416876435279846,3.1070613861083984,0.7610238790512085
0.4811716675758362,2.532140016555786,0.7610230445861816
0.44130605459213257,3.0997488498687744,0.76102215051651
0.4459073841571808,3.0550267696380615,0.7610212564468384
0.46570906043052673,2.751875162124634,0.761020302772522
0.4183408319950104,2.0426504611968994,0.7610195875167847
0.43543583154678345,3.629812479019165,0.761018693447113
0.4308863878250122,3.325488567352295,0.761017918586731
0.5151680111885071,2.5983989238739014,0.7610170245170593
0.44109371304512024,2.879939317703247,0.7610161304473877
0.5126438140869141,2.2312190532684326,0.7610151767730713
0.4094628393650055,2.5569369792938232,0.7610144019126892
0.4360094666481018,2.4287288188934326,0.7610137462615967
0.445574551820755,3.124075412750244,0.761012852191925
0.4163025915622711,2.8570282459259033,0.7610119581222534
0.45914870500564575,2.2965199947357178,0.7610111832618713
0.3775797188282013,2.9833803176879883,0.7610102891921997
0.41161489486694336,3.1967456340789795,0.7610095739364624
0.5102348327636719,2.4444820880889893,0.761008620262146
0.4377795457839966,2.4711949825286865,0.7610077857971191
0.41797032952308655,2.486828327178955,0.761006772518158
0.40244537591934204,2.763472318649292,0.7610058188438416
0.3971955478191376,2.948683023452759,0.7610051035881042
0.4125652313232422,3.1940128803253174,0.7610040903091431
0.4293175935745239,2.935439348220825,0.761003315448761
0.42663177847862244,2.777716875076294,0.7610026597976685
0.4899311065673828,2.8601691722869873,0.7610018849372864
0.45825034379959106,2.576953887939453,0.7610012292861938
0.3909860849380493,3.243009090423584,0.7610002756118774
0.411720871925354,2.673621654510498,0.7609995603561401
0.45359161496162415,3.4201972484588623,0.7609986662864685
0.48752570152282715,3.074021577835083,0.7609977126121521
0.45957502722740173,2.583294153213501,0.7609968185424805
0.4468390643596649,2.853961229324341,0.7609960436820984
0.48197248578071594,3.1193110942840576,0.7609951496124268
0.4975360035896301,2.5943708419799805,0.7609943151473999
0.39864692091941833,2.4105629920959473,0.7609935998916626
0.4835841655731201,2.310058832168579,0.7609926462173462
0.4658921957015991,2.6959481239318848,0.7609919309616089
0.41933250427246094,3.168667793273926,0.760991096496582
0.43333426117897034,2.4749414920806885,0.7609902620315552
0.4205520451068878,2.752027750015259,0.7609894275665283
0.46784231066703796,2.396294355392456,0.7609886527061462
0.3997294008731842,2.9808740615844727,0.7609876990318298
0.4024354815483093,2.675379753112793,0.7609869241714478
0.4501458406448364,3.0711827278137207,0.7609859704971313
0.525530219078064,3.1647777557373047,0.760985255241394
0.4513193368911743,2.338300943374634,0.7609843611717224
0.4288559556007385,3.341958999633789,0.7609836459159851
0.4329344928264618,2.8328516483306885,0.7609828114509583
0.44623062014579773,2.608152151107788,0.7609817385673523
0.48675185441970825,2.5421810150146484,0.760981023311615
0.45610061287879944,3.035215377807617,0.7609801292419434
0.45262572169303894,3.7239937782287598,0.760979413986206
0.4411276876926422,2.427532196044922,0.760978639125824
0.4627265930175781,2.7597408294677734,0.7609778046607971
0.4372605085372925,2.492485761642456,0.7609769105911255
0.46408653259277344,2.5496230125427246,0.7609761953353882
0.45541658997535706,3.1272313594818115,0.7609753012657166
0.44291940331459045,2.9595284461975098,0.7609743475914001
0.4066574275493622,2.856947422027588,0.7609736323356628
0.4423089921474457,2.951134443283081,0.7609727382659912
0.4743151366710663,2.746183395385742,0.7609721422195435
0.4297773540019989,2.293621301651001,0.7609711289405823
0.48568347096443176,2.757033348083496,0.7609702944755554
0.3972238004207611,3.00242018699646,0.7609692811965942
0.4351440966129303,2.589782238006592,0.7609685659408569
0.4287293255329132,2.6941018104553223,0.7609677910804749
0.4768534004688263,2.489931583404541,0.7609670758247375
0.5042839646339417,2.724921226501465,0.7609662413597107
0.44701528549194336,2.3167054653167725,0.7609655261039734
0.5022293925285339,2.6004934310913086,0.7609645128250122
0.4051722586154938,3.3938629627227783,0.7609636187553406
0.43299394845962524,3.1197593212127686,0.760962724685669
0.45043525099754333,2.206115484237671,0.7609620094299316
0.4540925621986389,2.655675172805786,0.7609612345695496
0.4144718050956726,3.0140299797058105,0.7609604001045227
0.4104771614074707,3.1974618434906006,0.7609594464302063
0.42853498458862305,2.323258876800537,0.760958731174469
0.4370880722999573,2.734949827194214,0.7609578967094421
0.44085851311683655,2.6131818294525146,0.7609573006629944
0.45935407280921936,2.4816370010375977,0.7609564065933228
0.4270235002040863,2.8715786933898926,0.7609555125236511
0.47712329030036926,2.977332353591919,0.760954737663269
0.5077542066574097,2.9897825717926025,0.7609537243843079
0.40777090191841125,3.008599281311035,0.7609529495239258
0.4996333122253418,2.1894400119781494,0.7609519958496094
0.45437297224998474,3.6356630325317383,0.7609511017799377
0.48406538367271423,2.586144208908081,0.7609504461288452
0.5071987509727478,2.6940197944641113,0.7609497904777527
0.4359325170516968,2.59740948677063,0.7609490156173706
0.4022064805030823,2.1723389625549316,0.7609482407569885
0.47193899750709534,2.327672004699707,0.7609474062919617
0.42504867911338806,3.078366756439209,0.7609466314315796
0.4493521749973297,3.122947931289673,0.760945737361908
0.49171409010887146,2.9312140941619873,0.7609448432922363
0.5125177502632141,2.2645018100738525,0.7609440684318542
0.4282578229904175,3.70874285697937,0.7609430551528931
0.4404982328414917,2.835150718688965,0.7609422206878662
0.37539488077163696,2.879337787628174,0.7609413862228394
0.42009207606315613,2.6403391361236572,0.7609407305717468
0.5066397786140442,2.994115114212036,0.7609399557113647
0.4060835838317871,2.449570655822754,0.7609392404556274
0.41714003682136536,2.3955230712890625,0.7609384059906006
0.39925506711006165,3.3320610523223877,0.7609375715255737
0.443694531917572,2.9003570079803467,0.7609366774559021
0.46648862957954407,3.395848512649536,0.7609358429908752
0.44328415393829346,2.9439563751220703,0.7609349489212036
0.38886988162994385,2.7212090492248535,0.7609339952468872
0.4996316432952881,3.1082072257995605,0.7609332799911499
0.40027374029159546,3.2500674724578857,0.7609323859214783
0.37936756014823914,2.55656361579895,0.7609316110610962
0.4799690246582031,2.350980520248413,0.7609310746192932
0.4614882469177246,2.1963858604431152,0.7609302401542664
0.4430474042892456,3.383148193359375,0.7609294652938843
0.41361740231513977,3.082167387008667,0.7609286308288574
0.4155568480491638,2.48067569732666,0.7609277367591858
0.48111066222190857,2.7715561389923096,0.7609269618988037
0.45828941464424133,2.9710326194763184,0.7609260678291321
0.436436265707016,2.5935957431793213,0.7609253525733948
0.42256519198417664,2.9590368270874023,0.7609242796897888
0.4245571792125702,2.725497245788574,0.7609235048294067
0.4088057577610016,2.9423444271087646,0.7609229683876038
0.47748056054115295,2.5250110626220703,0.7609221935272217
0.44271817803382874,2.841114044189453,0.7609215974807739
0.40471920371055603,2.8721764087677,0.7609209418296814
0.450504869222641,2.443525552749634,0.7609201073646545
0.46037718653678894,2.277238607406616,0.7609193325042725
0.4534464478492737,2.2921998500823975,0.7609186768531799
0.44929492473602295,3.0624170303344727,0.7609177827835083
0.4858507513999939,3.3994226455688477,0.7609170079231262
0.45101648569107056,3.1441121101379395,0.7609162330627441
0.3955436944961548,2.860304594039917,0.7609153389930725
0.4622001647949219,2.6086020469665527,0.7609146237373352
0.4167376756668091,2.4818170070648193,0.7609139680862427
0.4638206660747528,3.042198419570923,0.7609132528305054
0.43161001801490784,2.1794633865356445,0.7609124183654785
0.4561585783958435,2.863544225692749,0.7609117031097412
0.4274158775806427,1.8361128568649292,0.7609107494354248
0.4527758061885834,2.9290831089019775,0.7609098553657532
0.430225133895874,2.772594928741455,0.7609090805053711
0.4816475808620453,2.444746971130371,0.7609081864356995
0.3822767436504364,3.50465726852417,0.7609074115753174
0.4511585533618927,2.5415799617767334,0.7609063982963562
0.4134220778942108,2.431558847427368,0.7609058618545532
0.43447768688201904,2.6783761978149414,0.7609049081802368
0.46397504210472107,2.532127618789673,0.76090407371521
0.4604683518409729,2.7938153743743896,0.760903537273407
0.4741414189338684,2.7550578117370605,0.7609026432037354
0.4145488739013672,2.280768632888794,0.7609017491340637
0.43782079219818115,4.084197521209717,0.760901153087616
0.4782487750053406,2.755521059036255,0.76090008020401
0.4182842969894409,3.07096791267395,0.7608991265296936
0.47227156162261963,2.5475597381591797,0.760898232460022
0.4557430148124695,2.898164987564087,0.7608974575996399
0.4586677551269531,3.2657687664031982,0.760896623134613
0.4325028955936432,3.1435704231262207,0.7608956098556519
0.42283523082733154,3.1656665802001953,0.7608949542045593
0.4089491069316864,2.5263144969940186,0.7608940005302429
0.4418488144874573,3.188776969909668,0.7608931660652161
0.42532461881637573,2.498182535171509,0.760892391204834
0.4150777757167816,3.2183499336242676,0.7608915567398071
0.40612268447875977,2.2433433532714844,0.7608907222747803
0.3966987431049347,2.7880074977874756,0.7608896493911743
0.4758108854293823,3.14589786529541,0.7608888745307922
0.4879189431667328,2.388282299041748,0.7608879804611206
0.41607192158699036,2.124784231185913,0.7608872652053833
0.4511348605155945,3.2747766971588135,0.760886549949646
0.3719317615032196,3.19793438911438,0.7608855366706848
0.3730136752128601,2.8290786743164062,0.7608848214149475
0.4201633334159851,4.144942283630371,0.7608839869499207
0.40006113052368164,2.1693596839904785,0.760883092880249
0.44830772280693054,2.541332960128784,0.7608824372291565
0.4532823860645294,2.966130495071411,0.7608815431594849
0.41616255044937134,3.0642950534820557,0.7608808279037476
0.42663222551345825,2.414238929748535,0.7608799338340759
0.45413413643836975,2.852708339691162,0.7608792185783386
0.37358400225639343,3.285245418548584,0.7608782052993774
0.43568313121795654,3.5434184074401855,0.7608773708343506
0.4570644199848175,2.5270793437957764,0.7608765959739685
0.420214980840683,2.3378260135650635,0.7608757615089417
0.4214187562465668,2.9863388538360596,0.7608749270439148
0.4082775413990021,2.397886276245117,0.7608740925788879
0.5462689995765686,3.107362985610962,0.7608733773231506
0.429433137178421,2.1400349140167236,0.7608726620674133
0.4556143581867218,2.574974536895752,0.760871946811676
0.48090970516204834,2.778733015060425,0.7608711123466492
0.3977930247783661,2.7585299015045166,0.7608704566955566
0.40810346603393555,3.481262683868408,0.7608697414398193
0.42739081382751465,2.5764336585998535,0.7608689665794373
0.4996509850025177,2.8323814868927,0.7608680725097656
0.4292888045310974,2.9358463287353516,0.7608670592308044
0.4778059422969818,2.637967586517334,0.7608662247657776
0.429996132850647,3.3908281326293945,0.7608654499053955
0.42502447962760925,2.871478319168091,0.7608646154403687
0.4619053304195404,3.171703577041626,0.7608639001846313
0.41157209873199463,2.9322097301483154,0.7608633637428284
0.43547889590263367,3.7491066455841064,0.7608625292778015
0.42349833250045776,2.3216350078582764,0.7608616352081299
0.453366219997406,3.1828196048736572,0.7608610391616821
0.46917444467544556,2.9332056045532227,0.7608603239059448
0.4338955581188202,2.659304141998291,0.7608594298362732
0.46962645649909973,2.6851160526275635,0.7608585357666016
0.4259836971759796,2.9926881790161133,0.760857880115509
0.4450320303440094,2.5798375606536865,0.760857105255127
0.4432196021080017,3.0551342964172363,0.7608561515808105
0.45626258850097656,2.3489842414855957,0.760855495929718
0.45586469769477844,2.600602149963379,0.7608546614646912
0.4119948744773865,2.389338970184326,0.7608539462089539
0.40155157446861267,2.4397199153900146,0.7608533501625061
0.46085411310195923,3.507805585861206,0.760852575302124
0.48852020502090454,2.8200185298919678,0.7608518600463867
0.4271191358566284,2.2131688594818115,0.7608511447906494
0.44853895902633667,3.3549721240997314,0.7608504891395569
0.4465488791465759,2.6527035236358643,0.7608497142791748
0.49215468764305115,2.514880657196045,0.760848879814148
0.48654478788375854,2.916954517364502,0.7608481645584106
0.47114425897598267,3.1314187049865723,0.7608475685119629
0.455562949180603,2.2704882621765137,0.7608466744422913
0.5272844433784485,2.465299367904663,0.760845959186554
0.4804592430591583,2.6928560733795166,0.7608453035354614
0.42912694811820984,2.2939212322235107,0.7608444690704346
0.49101319909095764,2.5615525245666504,0.7608436942100525
0.4625002145767212,2.667128562927246,0.7608429193496704
0.39346128702163696,2.884661912918091,0.7608419060707092
0.42931807041168213,2.3136160373687744,0.7608411312103271
0.4460068345069885,2.94138503074646,0.7608404159545898
0.4567594826221466,3.042429208755493,0.760839581489563
0.41952550411224365,2.9361588954925537,0.7608387470245361
0.4599507451057434,2.557703733444214,0.7608379125595093
0.44924843311309814,2.737926721572876,0.7608370184898376
0.4079534709453583,2.6805882453918457,0.7608363032341003
0.4426736831665039,2.6269514560699463,0.7608352899551392
0.4273109436035156,3.3455686569213867,0.7608344554901123
0.4145146906375885,3.5175836086273193,0.7608336806297302
0.461334228515625,3.456721305847168,0.7608330249786377
0.45083725452423096,3.2245399951934814,0.7608323097229004
0.45170214772224426,2.4344475269317627,0.7608314752578735
0.458172470331192,2.977250337600708,0.7608307600021362
0.4688078463077545,2.524810791015625,0.7608299255371094
0.44598188996315,2.6744320392608643,0.7608288526535034
0.4843135476112366,2.5280606746673584,0.7608280777931213
0.4408491849899292,3.0221683979034424,0.7608273029327393
0.4769821763038635,2.811506986618042,0.760826587677002
0.42368224263191223,2.55810284614563,0.7608257532119751
0.48825985193252563,3.0055441856384277,0.760824978351593
0.38883525133132935,2.540027618408203,0.7608242034912109
0.43872180581092834,2.1864867210388184,0.7608234286308289
0.4049219787120819,2.958371162414551,0.7608224153518677
0.4479655623435974,2.59757399559021,0.7608214616775513
0.4238938093185425,2.6106624603271484,0.7608206868171692
0.4842660427093506,2.850452184677124,0.7608198523521423
0.44723784923553467,3.3053016662597656,0.7608190178871155
0.4498114585876465,2.4383606910705566,0.7608182430267334
0.4675489068031311,2.8212568759918213,0.760817289352417
0.39937010407447815,2.926405906677246,0.7608165144920349
0.4178481101989746,2.6512136459350586,0.7608156204223633
0.41388654708862305,2.7852845191955566,0.7608148455619812
0.4786776006221771,2.7250523567199707,0.7608140110969543
0.42467692494392395,2.733590841293335,0.7608131170272827
0.4914053678512573,2.6427528858184814,0.7608121633529663
0.41671112179756165,3.0726075172424316,0.7608112096786499
0.4116455018520355,2.7128746509552,0.7608104944229126
0.441823810338974,2.474126100540161,0.7608097791671753
0.4577428996562958,3.1208484172821045,0.760809063911438
0.4622083902359009,2.2071361541748047,0.7608083486557007
0.46762457489967346,2.762474775314331,0.7608075141906738
0.4558123052120209,2.8450918197631836,0.7608068585395813
0.4130413234233856,3.0419018268585205,0.760806143283844
0.466979444026947,2.6773428916931152,0.7608054280281067
0.4553784132003784,2.411468982696533,0.7608044743537903
0.4102899432182312,2.373457431793213,0.7608035802841187
0.40969574451446533,3.0457663536071777,0.7608028650283813
0.4087921679019928,2.381089925765991,0.760802149772644
0.42429256439208984,2.6976358890533447,0.7608014345169067
0.43457454442977905,2.1491589546203613,0.7608006000518799
0.499060720205307,2.6165478229522705,0.7607998847961426
0.43547794222831726,2.6086909770965576,0.7607991695404053
0.4524970054626465,3.159059524536133,0.7607983946800232
0.46733686327934265,3.0291662216186523,0.7607975602149963
0.427031934261322,2.956463575363159,0.7607966065406799
0.39690184593200684,2.294940710067749,0.7607958316802979
0.5058121085166931,3.0376973152160645,0.7607949376106262
0.5074298977851868,2.4818060398101807,0.7607942819595337
0.39691072702407837,2.785377264022827,0.7607933282852173
0.402608722448349,2.8961610794067383,0.76079261302948
0.4142061471939087,3.034871816635132,0.7607918977737427
0.4517844319343567,2.490107536315918,0.7607912421226501
0.40882572531700134,3.2409982681274414,0.7607905268669128
0.44046691060066223,2.5441267490386963,0.7607898712158203
0.4068586528301239,2.607901096343994,0.7607890963554382
0.4188094735145569,2.318971872329712,0.7607883214950562
0.4127776324748993,3.194969654083252,0.7607875466346741
0.40497922897338867,2.6653547286987305,0.7607868313789368
0.41691461205482483,3.3421847820281982,0.7607859969139099
0.38215571641921997,2.655358076095581,0.7607854008674622
0.47968435287475586,3.077471971511841,0.7607846856117249
0.42243993282318115,2.536330461502075,0.7607840299606323
0.4476926326751709,2.7654190063476562,0.7607833743095398
0.40373289585113525,2.5879898071289062,0.7607828378677368
0.45266127586364746,2.399435520172119,0.7607821822166443
0.3944759964942932,2.932161569595337,0.760781466960907
0.43403974175453186,2.2190990447998047,0.7607808113098145
0.4293014407157898,2.8231568336486816,0.7607800960540771
0.44407331943511963,3.061063766479492,0.7607794404029846
0.46216821670532227,2.760979175567627,0.760778546333313
0.43301764130592346,2.634854555130005,0.7607777714729309
0.4564909338951111,2.6905832290649414,0.7607771158218384
0.4480791389942169,3.00656795501709,0.7607764601707458
0.41834700107574463,2.672322988510132,0.7607759237289429
0.38853973150253296,2.8267204761505127,0.7607752680778503
0.5145525932312012,2.7319366931915283,0.7607743740081787
0.42180830240249634,2.876195192337036,0.7607735991477966
0.422982782125473,2.7802937030792236,0.7607727646827698
0.4716857075691223,2.5655767917633057,0.7607720494270325
0.43612706661224365,3.455443859100342,0.7607713341712952
0.4687904119491577,2.9521102905273438,0.7607704401016235
0.4661370813846588,3.0620923042297363,0.7607699036598206
0.4444621801376343,2.3815109729766846,0.7607690691947937
0.3895358145236969,2.7461228370666504,0.760768473148346
0.4232177734375,3.3615939617156982,0.7607678174972534
0.4915764629840851,2.062384843826294,0.7607671618461609
0.5050348043441772,2.21657657623291,0.7607664465904236
0.4827483296394348,3.2178053855895996,0.760765790939331
0.4593455493450165,2.7283267974853516,0.7607648372650146
0.4476233124732971,3.0287327766418457,0.7607641220092773
0.4535529315471649,2.5559937953948975,0.7607631683349609
0.4285261034965515,2.8572723865509033,0.7607622742652893
0.45493561029434204,2.814192295074463,0.7607614994049072
0.4552559554576874,2.629706859588623,0.7607606649398804
0.4106285870075226,2.3772661685943604,0.7607600092887878
0.5059695243835449,3.154984712600708,0.7607592344284058
0.4411372244358063,3.041794776916504,0.7607585191726685
0.40144240856170654,2.592585325241089,0.7607578635215759
0.46244725584983826,1.8962485790252686,0.7607572078704834
0.4798606038093567,2.1494057178497314,0.7607563734054565
0.4960671067237854,2.8920862674713135,0.7607555985450745
0.40918976068496704,2.8319091796875,0.7607548832893372
0.4311172366142273,2.534791946411133,0.7607541084289551
0.41735899448394775,3.3892722129821777,0.7607532143592834
0.38788092136383057,2.9463982582092285,0.7607525587081909
0.418049156665802,2.6288979053497314,0.7607518434524536
0.4187851548194885,2.521359920501709,0.7607511281967163
0.47552359104156494,2.513134717941284,0.7607503533363342
0.4321453273296356,2.6939454078674316,0.7607495784759521
0.49589720368385315,3.136401653289795,0.7607488632202148
0.42965570092201233,2.699704170227051,0.7607480883598328
0.4676579236984253,2.503858804702759,0.7607473731040955
0.4442322552204132,2.7272756099700928,0.7607465386390686
0.4456236660480499,3.2930495738983154,0.7607455849647522
0.44360944628715515,2.9262139797210693,0.7607448697090149
0.44467535614967346,2.675905466079712,0.7607439756393433
0.4370911419391632,2.3681225776672363,0.7607430815696716
0.3787443935871124,3.181973934173584,0.7607423663139343
0.44566836953163147,3.2175302505493164,0.760741651058197
0.4378131031990051,2.004178285598755,0.7607409954071045
0.4415602385997772,2.8530023097991943,0.7607402801513672
0.43356382846832275,2.5095252990722656,0.7607394456863403
0.40301281213760376,2.2948203086853027,0.7607386708259583
0.4889405071735382,2.8850386142730713,0.7607378959655762
0.4200712740421295,3.400761842727661,0.7607369422912598
0.4755856692790985,3.2852816581726074,0.7607362270355225
0.454232782125473,2.856302261352539,0.7607355117797852
0.42365363240242004,2.615675687789917,0.7607347965240479
0.4457375109195709,2.7690253257751465,0.7607341408729553
0.46204307675361633,3.1863842010498047,0.7607334852218628
0.43002182245254517,3.479890823364258,0.7607325911521912
0.4295603036880493,2.954554319381714,0.7607318758964539
0.4665547311306,2.3177051544189453,0.7607309222221375
0.45379722118377686,2.8941268920898438,0.7607302665710449
0.4364057183265686,2.8037467002868652,0.7607294917106628
0.4187113046646118,2.79138445854187,0.7607287764549255
0.3872457444667816,2.7868757247924805,0.760728120803833
0.44527536630630493,2.4042394161224365,0.7607275247573853
0.4314457178115845,2.5486879348754883,0.7607269287109375
0.44031789898872375,3.2260398864746094,0.7607263326644897
0.5068225860595703,2.647749185562134,0.7607256174087524
0.4242352545261383,3.008955240249634,0.7607249021530151
0.4476410448551178,3.210601329803467,0.7607240080833435
0.4559178948402405,2.629362106323242,0.7607232332229614
0.4501998722553253,2.679001808166504,0.760722279548645
0.4033392369747162,2.8611936569213867,0.7607215046882629
0.4535423815250397,2.848249912261963,0.7607207298278809
0.44376271963119507,2.5287609100341797,0.7607198357582092
0.4051247239112854,2.703002452850342,0.7607191801071167
0.44006529450416565,2.747696876525879,0.7607184648513794
0.4427770972251892,2.6973531246185303,0.7607177495956421
0.4196361005306244,2.4879653453826904,0.76071697473526
0.48246997594833374,2.6553049087524414,0.7607161402702332
0.4462738633155823,2.318593978881836,0.7607152462005615
0.4487844705581665,2.8172082901000977,0.7607144713401794
0.45714786648750305,2.1992385387420654,0.7607135772705078
0.4490872919559479,3.1464879512786865,0.7607126832008362
0.398092120885849,2.432742118835449,0.7607120871543884
0.4186534881591797,2.76153564453125,0.7607114315032959
0.40732452273368835,2.7334043979644775,0.7607108354568481
0.4679969549179077,3.122185468673706,0.7607101202011108
0.4549288749694824,3.164454221725464,0.7607096433639526
0.43320125341415405,2.0300042629241943,0.760708749294281
0.4554031193256378,2.858036756515503,0.7607080340385437
0.4539867639541626,2.1882617473602295,0.7607073187828064
0.4251464605331421,3.0196869373321533,0.7607065439224243
0.46999290585517883,2.3489787578582764,0.760705828666687
0.4560670256614685,2.6275696754455566,0.7607051134109497
0.45887306332588196,3.3767895698547363,0.7607044577598572
0.42151281237602234,2.687990665435791,0.7607038617134094
0.4514610171318054,2.474208116531372,0.7607032656669617
0.4821629226207733,3.40381121635437,0.7607026696205139
0.4192436933517456,2.878450632095337,0.7607021331787109
0.4002532362937927,2.74573016166687,0.7607012987136841
0.4646250903606415,3.2468714714050293,0.760700523853302
0.40159913897514343,3.373609781265259,0.7606996893882751
0.46204084157943726,2.618828058242798,0.7606988549232483
0.4246157705783844,2.687824249267578,0.7606981992721558
0.4345395267009735,3.1965243816375732,0.760697603225708
0.4558946192264557,2.76717209815979,0.7606970071792603
0.4186054468154907,3.582169532775879,0.7606963515281677
0.46192947030067444,2.9581470489501953,0.7606956958770752
0.4905755817890167,3.6816515922546387,0.7606950402259827
0.4247399866580963,2.665191650390625,0.7606943249702454
0.36163201928138733,2.5975899696350098,0.7606935501098633
0.39649641513824463,2.851663827896118,0.760692834854126
0.5220484137535095,2.376845598220825,0.7606921195983887
0.39745834469795227,2.787376642227173,0.7606914639472961
0.4748569428920746,2.6703953742980957,0.7606908082962036
0.4339948296546936,2.6136298179626465,0.7606902718544006
0.4579339623451233,2.9114179611206055,0.7606896758079529
0.42200690507888794,3.4879934787750244,0.7606889605522156
0.45531317591667175,2.75667142868042,0.7606882452964783
0.4502578377723694,2.484278440475464,0.7606873512268066
0.4502144455909729,2.1547694206237793,0.7606866955757141
0.4101823568344116,2.670224905014038,0.7606859803199768
0.4236709475517273,2.389892816543579,0.7606852054595947
0.4572858214378357,2.283576726913452,0.7606844902038574
0.5237041115760803,3.4107041358947754,0.7606838941574097
0.4245142936706543,2.3969459533691406,0.7606831192970276
0.4479842185974121,2.367614984512329,0.7606824636459351
0.4064428508281708,2.796504020690918,0.7606817483901978
0.4934338629245758,2.779353141784668,0.7606810927391052
0.4655474126338959,2.8005287647247314,0.7606804370880127
0.4998466372489929,3.417240858078003,0.7606796622276306
0.3983013927936554,2.746018648147583,0.7606789469718933
0.4030628204345703,2.480781316757202,0.7606780529022217
0.46039077639579773,2.3832201957702637,0.7606772780418396
0.5007915496826172,2.7753913402557373,0.760676383972168
0.4552344083786011,2.994596242904663,0.7606757879257202
0.4097476005554199,2.778754949569702,0.7606751918792725
0.3720483183860779,2.886129140853882,0.7606744766235352
0.4604795277118683,2.860447645187378,0.7606737017631531
0.4180659353733063,3.4690780639648438,0.7606727480888367
0.39456143975257874,3.0884125232696533,0.7606720924377441
0.4350263178348541,2.675173044204712,0.7606713771820068
0.4858790338039398,2.949892044067383,0.7606706023216248
0.46297767758369446,2.665165662765503,0.7606697678565979
0.4196728467941284,2.360764265060425,0.7606689929962158
0.37077102065086365,2.7595293521881104,0.7606683373451233
0.4096277058124542,2.9661524295806885,0.7606673240661621
0.41556891798973083,2.089271306991577,0.7606666088104248
0.4263796806335449,2.0607097148895264,0.760665774345398
0.4010670483112335,2.820289134979248,0.7606648802757263
0.435270220041275,2.8848183155059814,0.7606641054153442
0.4934642016887665,2.154738187789917,0.7606633901596069
0.4435397982597351,2.5447275638580322,0.7606626749038696
0.4388946294784546,3.4720776081085205,0.7606620788574219
0.45256391167640686,3.1701443195343018,0.7606613039970398
0.48325783014297485,2.2593817710876465,0.7606604099273682
0.46415674686431885,1.977549433708191,0.7606597542762756
0.42028144001960754,2.2487998008728027,0.7606590986251831
0.43015411496162415,2.989577531814575,0.760658323764801
0.5030812621116638,3.0992140769958496,0.7606576681137085
0.4259803593158722,2.730611562728882,0.760657012462616
0.4894716441631317,2.60723876953125,0.7606562376022339
0.4487684965133667,2.1851072311401367,0.7606555223464966
0.44647762179374695,2.7304797172546387,0.7606546878814697
0.48821625113487244,2.272279977798462,0.7606539726257324
0.4143228530883789,2.4739468097686768,0.7606532573699951
0.4452424645423889,2.5041897296905518,0.7606525421142578
0.4865128695964813,2.8273890018463135,0.7606517672538757
0.49898475408554077,2.7137532234191895,0.7606511116027832
0.4501005709171295,2.042879343032837,0.7606501579284668
0.4032505452632904,2.6705098152160645,0.7606492042541504
0.3868405818939209,2.413144826889038,0.7606484293937683
0.4164993464946747,2.314255952835083,0.760647714138031
0.40046077966690063,2.906270742416382,0.7606471180915833
0.413377970457077,2.563758611679077,0.760646402835846
0.45793357491493225,3.0293006896972656,0.7606455087661743
0.48975875973701477,3.6576125621795654,0.760644793510437
0.47297266125679016,2.920665740966797,0.7606440186500549
0.3804188370704651,2.3642215728759766,0.760643482208252
0.4341478943824768,2.671266555786133,0.7606427669525146
0.4507092833518982,2.528701066970825,0.7606420516967773
0.43842101097106934,3.1535892486572266,0.7606416344642639
0.4311775863170624,2.5427968502044678,0.7606409192085266
0.5128523111343384,2.768315315246582,0.7606401443481445
0.4622192978858948,2.881448268890381,0.760639488697052
0.370161771774292,2.7448534965515137,0.7606387734413147
0.44099652767181396,2.734950304031372,0.7606381177902222
0.42056143283843994,2.2131075859069824,0.7606374621391296
0.42017409205436707,2.9862420558929443,0.7606366872787476
0.43021804094314575,2.4202122688293457,0.760636031627655
0.45555540919303894,2.470015287399292,0.7606353163719177
0.5119234323501587,2.7843258380889893,0.7606348395347595
0.4762381613254547,2.9233500957489014,0.7606341242790222
0.4247405230998993,2.8541128635406494,0.7606333494186401
0.4191833436489105,2.9630095958709717,0.7606325149536133
0.4503668248653412,2.296412944793701,0.7606318593025208
0.4284496307373047,3.205625295639038,0.7606311440467834
0.4598918557167053,2.4046270847320557,0.7606304883956909
0.4141288697719574,2.492640733718872,0.7606298327445984
0.39513376355171204,2.9789645671844482,0.7606290578842163
0.36680296063423157,2.2494125366210938,0.7606281638145447
0.49939918518066406,2.2749440670013428,0.7606276273727417
0.398099422454834,3.034634590148926,0.7606269717216492
0.4790729880332947,2.728952407836914,0.7606262564659119
0.4738284647464752,2.4198341369628906,0.7606253623962402
0.4452672600746155,2.4769794940948486,0.7606247067451477
0.41533273458480835,2.579712152481079,0.7606239318847656
0.41993385553359985,2.7570252418518066,0.7606232762336731
0.4827635586261749,2.723578453063965,0.7606224417686462
0.45539477467536926,3.104464530944824,0.7606216073036194
0.45216238498687744,2.1837644577026367,0.7606210112571716
0.408531129360199,2.3495612144470215,0.7606202960014343
0.4676158130168915,2.374244213104248,0.7606194019317627
0.4200682044029236,2.079723834991455,0.7606188654899597
0.37737470865249634,2.182694435119629,0.7606181502342224
0.43303999304771423,2.894322156906128,0.7606173157691956
0.4257931411266327,2.7087349891662598,0.7606165409088135
0.4879007637500763,2.6156508922576904,0.7606156468391418
0.4383080303668976,2.1090927124023438,0.7606148719787598
0.4415738880634308,2.663785457611084,0.7606140375137329
0.47702914476394653,2.7711591720581055,0.7606135010719299
0.3826518952846527,2.8360259532928467,0.7606126666069031
0.477971613407135,2.962291717529297,0.7606119513511658
0.4257659316062927,3.333648443222046,0.7606112957000732
0.4162727892398834,2.2915244102478027,0.7606104612350464
0.42653873562812805,2.704524278640747,0.7606096267700195
0.44760268926620483,3.361093282699585,0.7606089115142822
0.43028631806373596,2.959038019180298,0.7606080174446106
0.480278342962265,2.4887173175811768,0.7606073021888733
0.4602109491825104,2.795536994934082,0.7606066465377808
0.4017044007778168,3.028973340988159,0.7606061100959778
0.42916762828826904,2.8016717433929443,0.7606052160263062
0.41759034991264343,2.933303117752075,0.7606045007705688
0.44295188784599304,2.546358585357666,0.7606039643287659
0.4982698857784271,2.603137731552124,0.7606033682823181
0.5002091526985168,2.9616076946258545,0.7606026530265808
0.43218135833740234,2.944705009460449,0.7606018781661987
0.4284902811050415,2.9061243534088135,0.7606012225151062
0.4914047420024872,2.784783124923706,0.7606003880500793
0.42099496722221375,2.828486442565918,0.7605996131896973
0.4189813435077667,2.4609663486480713,0.76059889793396
0.4220026731491089,3.2734293937683105,0.7605981826782227
0.4489578902721405,2.318929433822632,0.7605973482131958
0.44104376435279846,2.6122090816497803,0.7605968117713928
0.48227858543395996,2.8734078407287598,0.7605961561203003
0.4774095118045807,2.880108118057251,0.760595440864563
0.44829872250556946,2.7257986068725586,0.7605947852134705
0.41647180914878845,2.5934462547302246,0.7605938911437988
0.43435826897621155,2.4159345626831055,0.7605931758880615
0.4418679475784302,2.3808491230010986,0.7605926394462585
0.4161617159843445,2.4687862396240234,0.7605918049812317
0.4394197463989258,2.3599183559417725,0.7605909705162048
0.4146701991558075,3.1216232776641846,0.7605901956558228
0.4118753671646118,2.2497005462646484,0.7605894804000854
0.45227041840553284,2.973707437515259,0.7605888843536377
0.43401584029197693,2.6432416439056396,0.7605880498886108
0.4872032105922699,3.5234014987945557,0.7605873942375183
0.4813753366470337,2.4711270332336426,0.7605865597724915
0.4430858790874481,2.3687028884887695,0.7605857253074646
0.45469263195991516,2.412062644958496,0.760584831237793
0.45420128107070923,2.1164023876190186,0.7605840563774109
0.4515564739704132,2.8317606449127197,0.7605833411216736
0.41872844099998474,2.6454570293426514,0.760582447052002
0.4458652436733246,2.395341634750366,0.7605814933776855
0.4628028869628906,2.237520217895508,0.7605807781219482
0.49196913838386536,2.810555934906006,0.7605800628662109
0.42259079217910767,2.460151433944702,0.7605794072151184
0.4106086492538452,2.0855321884155273,0.760578453540802
0.48379379510879517,1.9605170488357544,0.7605777978897095
0.4195798337459564,3.0244338512420654,0.7605771422386169
0.4162103533744812,2.7125179767608643,0.7605764269828796
0.43162214756011963,3.1316041946411133,0.7605757117271423
0.47689568996429443,2.4223220348358154,0.7605748772621155
0.43867290019989014,3.2264297008514404,0.7605740427970886
0.42469581961631775,2.4597837924957275,0.7605732083320618
0.44702863693237305,3.2170121669769287,0.7605725526809692
0.4493383765220642,2.848069429397583,0.7605718374252319
0.401610404253006,2.5576107501983643,0.7605711221694946
0.5131660103797913,2.40899920463562,0.7605703473091125
0.441388875246048,2.7646191120147705,0.7605696320533752
0.4435139298439026,2.404270648956299,0.7605690360069275
0.4391426742076874,2.1897737979888916,0.7605681419372559
0.5027990937232971,2.4464805126190186,0.760567307472229
0.453926682472229,2.9598679542541504,0.7605664134025574
0.4603160619735718,2.785714626312256,0.7605655789375305
0.3980119228363037,2.9752938747406006,0.7605645656585693
0.43671804666519165,2.8269336223602295,0.760563850402832
0.44962260127067566,2.6945717334747314,0.7605631947517395
0.4456430673599243,2.351139545440674,0.7605624794960022
0.42481791973114014,2.9201672077178955,0.7605618238449097
0.4705289602279663,2.4698357582092285,0.7605608105659485
0.4245354235172272,2.4430572986602783,0.7605600357055664
0.45063766837120056,2.5529799461364746,0.7605592012405396
0.5006996989250183,2.6477608680725098,0.7605583071708679
0.4525865316390991,2.5098533630371094,0.7605574131011963
0.4139671325683594,2.709484338760376,0.760556697845459
0.42063379287719727,2.469923973083496,0.7605559825897217
0.46658024191856384,2.584015130996704,0.7605553865432739
0.4895353615283966,2.6382617950439453,0.760554850101471
0.45825543999671936,2.555678129196167,0.7605540752410889
0.4245123267173767,3.19360089302063,0.7605533003807068
0.4508115351200104,3.251253843307495,0.7605525255203247
0.41635000705718994,2.7427122592926025,0.7605518698692322
0.43166258931159973,2.7543880939483643,0.7605512142181396
0.47085464000701904,2.580493450164795,0.7605503797531128
0.4470289647579193,2.4031946659088135,0.7605497241020203
0.45552435517311096,1.965915560722351,0.7605488896369934
0.3936898708343506,2.178110122680664,0.7605482935905457
0.5047687292098999,1.9461557865142822,0.7605475783348083
0.46859210729599,2.8027915954589844,0.7605468034744263
0.44589945673942566,2.8340799808502197,0.7605462074279785
0.38421979546546936,2.850895643234253,0.760545551776886
0.46336829662323,2.930842399597168,0.7605448365211487
0.4469759166240692,3.1041364669799805,0.7605442404747009
0.39943259954452515,3.081632614135742,0.760543704032898
0.3675941824913025,2.382357597351074,0.7605429887771606
0.4401984214782715,2.6162760257720947,0.7605423927307129
0.41851869225502014,2.1305294036865234,0.7605416774749756
0.44643768668174744,2.487072229385376,0.7605410814285278
0.49032190442085266,3.5120582580566406,0.7605403065681458
0.41416454315185547,2.091588258743286,0.760539710521698
0.43551763892173767,2.357227325439453,0.7605392932891846
0.3971134126186371,2.540149450302124,0.7605384588241577
0.4149416387081146,2.4712541103363037,0.7605379819869995
0.431669145822525,2.5770785808563232,0.7605372071266174
0.44481322169303894,2.270550012588501,0.7605365514755249
0.44595015048980713,2.520146131515503,0.7605361342430115
0.4748886525630951,3.072286367416382,0.7605355381965637
0.4277683198451996,3.1894328594207764,0.7605348825454712
0.4578397274017334,2.9082584381103516,0.7605340480804443
0.4456581771373749,2.6184914112091064,0.7605334520339966
0.4527236223220825,2.805680274963379,0.7605326175689697
0.397222638130188,2.9251904487609863,0.7605319023132324
0.4695787727832794,3.3376781940460205,0.7605311870574951
0.4198332130908966,3.0023324489593506,0.7605307102203369
0.5071685910224915,2.9989569187164307,0.7605302929878235
0.4579380750656128,2.3993990421295166,0.7605298757553101
0.4135044813156128,2.8710198402404785,0.7605292797088623
0.4394480884075165,2.8928937911987305,0.7605286240577698
0.42566314339637756,2.9074270725250244,0.7605279088020325
0.4346681535243988,2.985109806060791,0.7605271935462952
0.4667525291442871,2.999938726425171,0.7605264782905579
0.4290056526660919,2.2875802516937256,0.7605257630348206
0.4323427081108093,3.1406593322753906,0.7605249285697937
0.42319953441619873,2.841352939605713,0.7605243921279907
0.4004584550857544,2.7193212509155273,0.7605237364768982
0.44658246636390686,2.1905877590179443,0.7605233192443848
0.4289395809173584,3.4132044315338135,0.7605228424072266
0.42968225479125977,2.6988348960876465,0.7605224251747131
0.43685516715049744,3.2074356079101562,0.7605218887329102
0.4320026934146881,2.6022870540618896,0.7605210542678833
0.425214022397995,3.156374216079712,0.7605202198028564
0.4451499879360199,3.0795695781707764,0.7605195641517639
0.44807276129722595,2.9064767360687256,0.7605188488960266
0.46287035942077637,3.2363123893737793,0.7605182528495789
0.44978222250938416,3.3794851303100586,0.7605176568031311
0.4511888921260834,2.265834093093872,0.7605170607566833
0.42081785202026367,2.922234296798706,0.7605165839195251
0.4333154857158661,1.8473589420318604,0.7605160474777222
0.42447608709335327,2.5350494384765625,0.7605154514312744
0.4857258200645447,3.022519588470459,0.7605149149894714
0.4413595199584961,3.4034273624420166,0.760513961315155
0.41995882987976074,2.4830164909362793,0.7605132460594177
0.4424554407596588,2.455009698867798,0.7605123519897461
0.41292402148246765,2.8250699043273926,0.7605112791061401
0.4333702623844147,3.062459945678711,0.7605107426643372
0.4313149154186249,3.3291304111480713,0.7605100274085999
0.39589858055114746,2.539555549621582,0.7605094313621521
0.39974600076675415,2.3082492351531982,0.7605088949203491
0.49191364645957947,2.375596046447754,0.7605084180831909
0.4577922224998474,2.801222562789917,0.7605077624320984
0.418924480676651,2.755985975265503,0.7605072855949402
0.43866270780563354,2.999342679977417,0.7605065703392029
0.4762473702430725,3.47931170463562,0.7605056762695312
0.45451346039772034,1.858371376991272,0.7605047821998596
0.42676109075546265,2.7610442638397217,0.7605040073394775
0.4420151114463806,2.126059055328369,0.7605032920837402
0.45387449860572815,3.2063100337982178,0.7605025768280029
0.48592162132263184,3.069061279296875,0.7605019211769104
0.3933124840259552,3.2954413890838623,0.7605012059211731
0.4279034733772278,2.4134626388549805,0.7605007886886597
0.47975561022758484,2.907150983810425,0.7605001330375671
0.391793429851532,3.4659461975097656,0.7604994773864746
0.4102918803691864,2.5311777591705322,0.7604987025260925
0.47615569829940796,2.1553597450256348,0.7604978084564209
0.4971347451210022,2.2838642597198486,0.7604970932006836
0.4774187505245209,2.562039613723755,0.7604963183403015
0.435801237821579,2.1518685817718506,0.7604954242706299
0.4414542615413666,2.9652225971221924,0.7604947686195374
0.4546092748641968,3.057138442993164,0.7604939937591553
0.4344765245914459,2.6199450492858887,0.7604935169219971
0.3730635643005371,2.405416488647461,0.7604928612709045
0.36896559596061707,3.862767457962036,0.7604923844337463
0.45503589510917664,3.15832781791687,0.7604917883872986
0.4379223883152008,2.3887956142425537,0.7604911923408508
0.43940994143486023,2.9829652309417725,0.7604904174804688
0.3916477859020233,2.47334361076355,0.760489821434021
0.4063306450843811,2.5843093395233154,0.7604891061782837
0.48977893590927124,2.5189826488494873,0.7604883313179016
0.4254379868507385,2.3612329959869385,0.7604875564575195
0.4378184378147125,3.603553533554077,0.7604868412017822
0.4108348786830902,2.983978748321533,0.7604861855506897
0.44803908467292786,2.1651246547698975,0.7604855298995972
0.39297935366630554,2.4491095542907715,0.7604849338531494
0.5130468010902405,2.8126380443573,0.7604841589927673
0.4712933897972107,2.564504384994507,0.76048344373703
0.4200173020362854,2.631255626678467,0.7604828476905823
0.416631817817688,2.8201239109039307,0.7604820728302002
0.4388003349304199,2.8928887844085693,0.7604812979698181
0.41093382239341736,2.5118610858917236,0.7604804039001465
0.42537978291511536,2.5325820446014404,0.7604796886444092
0.43439382314682007,2.781637191772461,0.7604789733886719
0.40171417593955994,2.821887969970703,0.7604783177375793
0.42316263914108276,2.1057119369506836,0.7604777812957764
0.46590709686279297,2.6726131439208984,0.7604771852493286
0.4006117284297943,3.134333372116089,0.7604765892028809
0.37877386808395386,1.8336142301559448,0.7604759335517883
0.45250529050827026,2.777515172958374,0.7604754567146301
0.4709751009941101,2.50724458694458,0.7604748010635376
0.42728400230407715,2.646192789077759,0.760473906993866
0.4319286346435547,2.9786744117736816,0.7604731321334839
0.44621574878692627,2.856093168258667,0.7604722380638123
0.46047744154930115,2.6854963302612305,0.7604716420173645
0.46766936779022217,2.704066038131714,0.7604706883430481
0.44363540410995483,2.616058111190796,0.7604701519012451
0.4672001600265503,2.4377307891845703,0.7604694366455078
0.4228396415710449,2.29923677444458,0.7604688405990601
0.46297487616539,2.650932788848877,0.7604683637619019
0.41749483346939087,2.941194772720337,0.7604678869247437
0.42752668261528015,3.3243508338928223,0.7604673504829407
0.4587385356426239,2.9014620780944824,0.7604666352272034
0.41405150294303894,3.0992751121520996,0.7604658007621765
0.5249521136283875,2.783975601196289,0.760465145111084
0.45664259791374207,2.908127546310425,0.7604644298553467
0.4153023064136505,2.741152048110962,0.7604638934135437
0.42447254061698914,2.6561691761016846,0.7604633569717407
0.4138685464859009,3.051945924758911,0.760462760925293
0.4472588896751404,2.4629034996032715,0.76046222448349
0.4884030818939209,2.018129587173462,0.7604615688323975
0.4508556127548218,2.7640674114227295,0.7604609131813049
0.466901570558548,2.5266575813293457,0.7604602575302124
0.47452956438064575,2.9593613147735596,0.760459303855896
0.4075670540332794,2.8473551273345947,0.7604588270187378
0.39018720388412476,3.0844643115997314,0.7604581713676453
0.43678900599479675,2.338742971420288,0.760457456111908
0.4277350604534149,2.302023410797119,0.7604567408561707
0.4416934847831726,1.9625482559204102,0.7604560852050781
0.4681730568408966,2.5374996662139893,0.7604556083679199
0.45793959498405457,2.1143670082092285,0.7604548931121826
0.47192999720573425,2.1798176765441895,0.7604543566703796
0.42404115200042725,2.499004602432251,0.7604537010192871
0.5280117392539978,2.3919899463653564,0.7604532241821289
0.40147510170936584,2.3209710121154785,0.7604525685310364
0.42851153016090393,2.452946186065674,0.76045161485672
0.5142511129379272,2.135127544403076,0.7604509592056274
0.45873695611953735,2.387211322784424,0.7604503631591797
0.3971485197544098,2.1529619693756104,0.7604495882987976
0.42442572116851807,2.512869358062744,0.7604489922523499
0.44053366780281067,3.0752789974212646,0.7604482769966125
0.48831579089164734,2.38958477973938,0.7604475021362305
0.4739331007003784,2.19866681098938,0.7604471445083618
0.44192129373550415,2.104302406311035,0.7604464888572693
0.38566863536834717,2.6123180389404297,0.7604456543922424
0.43032142519950867,2.6389009952545166,0.7604451179504395
0.40835586190223694,2.471512794494629,0.7604446411132812
0.46542733907699585,2.4986379146575928,0.7604438662528992
0.4377102553844452,2.5356342792510986,0.7604432702064514
0.4985962510108948,2.448641300201416,0.7604424953460693
0.4430941939353943,2.6599724292755127,0.7604418992996216
0.39304542541503906,2.911288022994995,0.7604411840438843
0.49299392104148865,2.9800167083740234,0.7604407668113708
0.4277815520763397,2.056260824203491,0.7604401707649231
0.42147985100746155,2.1332948207855225,0.7604395747184753
0.45216262340545654,2.5138580799102783,0.7604390382766724
0.38166773319244385,3.4096903800964355,0.7604383230209351
0.4433085024356842,2.3221845626831055,0.7604377269744873
0.47981756925582886,3.6163840293884277,0.7604369521141052
0.49463942646980286,2.548879861831665,0.7604362964630127
0.4433257281780243,2.789456844329834,0.7604356408119202
0.5014841556549072,2.920243740081787,0.760435163974762
0.4536684453487396,2.2235684394836426,0.760434627532959
0.41415512561798096,2.6714954376220703,0.7604342699050903
0.3987082839012146,3.3006300926208496,0.7604336738586426
0.4897323548793793,2.6896841526031494,0.76043301820755
0.39726004004478455,2.5249764919281006,0.7604326009750366
0.4616037607192993,3.2306511402130127,0.7604321837425232
0.4651370048522949,3.2872958183288574,0.7604314684867859
0.43126022815704346,1.7506145238876343,0.7604308724403381
0.39600810408592224,2.815336227416992,0.7604303359985352
0.47489526867866516,2.8657174110412598,0.7604297399520874
0.38550013303756714,2.459878444671631,0.760428786277771
0.4309332072734833,2.719588279724121,0.7604281306266785
0.4422909915447235,3.0879406929016113,0.7604274749755859
0.48578304052352905,2.6351189613342285,0.7604269981384277
0.42525020241737366,2.8354055881500244,0.7604262828826904
0.45911964774131775,2.4222211837768555,0.7604256868362427
0.47451457381248474,3.0410451889038086,0.7604250907897949
0.3948933184146881,2.660543918609619,0.7604244947433472
0.42219269275665283,2.5068395137786865,0.7604237198829651
0.4346032738685608,3.200958728790283,0.7604230642318726
0.44650501012802124,2.281123638153076,0.7604221701622009
0.4485555589199066,2.7838633060455322,0.7604212760925293
0.3619779646396637,2.3462483882904053,0.7604207396507263
0.4110163748264313,2.4554646015167236,0.7604200839996338
0.4241776466369629,2.3955209255218506,0.7604195475578308
0.4099077880382538,2.738557815551758,0.7604190707206726
0.422311007976532,2.1238558292388916,0.7604183554649353
0.45567724108695984,2.7226450443267822,0.7604175209999084
0.44119811058044434,2.8586266040802,0.7604168057441711
0.4283980429172516,2.558716297149658,0.7604160904884338
0.3791659474372864,2.782886505126953,0.7604151368141174
0.3555663228034973,2.356813669204712,0.7604144215583801
0.47712084650993347,3.2026617527008057,0.7604135870933533
0.4672957956790924,2.7000961303710938,0.7604130506515503
0.4798138439655304,2.184856653213501,0.7604123950004578
0.3665701448917389,2.846540689468384,0.7604116201400757
0.5041601061820984,2.630898952484131,0.7604110240936279
0.4557929039001465,2.7962114810943604,0.7604103684425354
0.52138751745224,2.7320189476013184,0.7604096531867981
0.39818498492240906,2.416902542114258,0.7604089975357056
0.42923957109451294,2.618091344833374,0.7604082822799683
0.44352224469184875,3.1742782592773438,0.7604076862335205
0.4753603935241699,2.790447950363159,0.7604068517684937
0.5004007816314697,2.539656162261963,0.7604061961174011
0.42010483145713806,2.848649740219116,0.7604054808616638
0.45949867367744446,2.248832941055298,0.7604049444198608
0.4640636444091797,2.4834988117218018,0.7604042887687683
0.3963545262813568,2.547851085662842,0.7604038119316101
0.47336119413375854,2.8005244731903076,0.7604033350944519
0.518357515335083,2.2814671993255615,0.7604026198387146
0.42810362577438354,2.4647698402404785,0.7604019641876221
0.5157240033149719,2.9404103755950928,0.7604014873504639
0.38400396704673767,2.962801218032837,0.7604007720947266
0.46314990520477295,2.387798547744751,0.7604000568389893
0.42722076177597046,2.834882974624634,0.7603992223739624
0.4432562291622162,2.462692975997925,0.7603984475135803
0.4227043092250824,3.28342866897583,0.7603977918624878
0.4283955693244934,2.293632984161377,0.7603973150253296
0.4255164861679077,2.0006587505340576,0.7603967785835266
0.4363560676574707,3.414829730987549,0.7603963613510132
0.48898985981941223,3.373028516769409,0.7603957056999207
0.43444550037384033,3.064464807510376,0.7603949904441833
0.4077417552471161,2.473710060119629,0.7603944540023804
0.44577330350875854,2.4709584712982178,0.7603937983512878
0.4453169107437134,2.767930507659912,0.7603932023048401
0.4306718409061432,2.739513397216797,0.7603924870491028
0.4236193299293518,2.6822025775909424,0.7603920102119446
0.4053606688976288,2.0944292545318604,0.7603910565376282
0.42628589272499084,2.533400535583496,0.7603902816772461
0.4556693434715271,2.4234378337860107,0.760389506816864
0.41430771350860596,2.4822773933410645,0.760388970375061
0.41390275955200195,2.4200961589813232,0.7603884935379028
0.4757789373397827,2.5551838874816895,0.7603878378868103
0.43863654136657715,2.057914972305298,0.7603871822357178
0.48238471150398254,2.4213387966156006,0.7603864669799805
0.40790998935699463,2.8248987197875977,0.7603858709335327
0.4369489550590515,3.124237060546875,0.7603852152824402
0.4695708453655243,2.528857946395874,0.7603842616081238
0.4828762710094452,2.4325356483459473,0.7603835463523865
0.4584215581417084,2.6050472259521484,0.7603827118873596
0.4363441467285156,2.782149076461792,0.7603821754455566
0.40735429525375366,2.5559723377227783,0.7603811025619507
0.42325523495674133,3.079721450805664,0.7603805661201477
0.4007333219051361,2.587928056716919,0.7603799700737
0.49820464849472046,2.738356351852417,0.7603793740272522
0.47502580285072327,2.059964418411255,0.7603785991668701
0.408805787563324,2.476958990097046,0.7603778839111328
0.4734937250614166,2.618534803390503,0.7603771686553955
0.41766357421875,2.315279960632324,0.760376513004303
0.45213213562965393,2.600285768508911,0.7603760361671448
0.430727481842041,2.053288698196411,0.7603753209114075
0.4264381229877472,2.4912657737731934,0.7603746056556702
0.3809521496295929,2.362839937210083,0.7603739500045776
0.44013896584510803,2.3606443405151367,0.7603734135627747
0.43448367714881897,2.802940607070923,0.7603727579116821
0.4669201970100403,2.5195722579956055,0.7603721022605896
0.44333770871162415,2.1209020614624023,0.7603715658187866
0.40677833557128906,2.66325044631958,0.7603710293769836
0.4012196958065033,2.4476230144500732,0.7603705525398254
0.47128814458847046,2.5534989833831787,0.7603698968887329
0.424949049949646,3.2570712566375732,0.7603692412376404
0.44035136699676514,2.345360279083252,0.7603687047958374
0.4912250339984894,2.906388521194458,0.7603681087493896
0.4142186641693115,2.7914600372314453,0.7603673934936523
0.3966124951839447,2.5175681114196777,0.7603669166564941
0.48758038878440857,2.3130507469177246,0.7603662610054016
0.4371388554573059,2.350113868713379,0.7603656053543091
0.44890302419662476,2.7223260402679443,0.7603650689125061
0.4806835949420929,3.5236027240753174,0.7603645324707031
0.47043830156326294,2.4345293045043945,0.7603639364242554
0.366921603679657,2.402698040008545,0.7603632211685181
0.437834769487381,2.4631924629211426,0.7603625059127808
0.4142512381076813,2.9325389862060547,0.7603618502616882
0.44024962186813354,2.9398744106292725,0.7603611350059509
0.40748271346092224,2.499168872833252,0.7603603601455688
0.46092504262924194,2.789722204208374,0.7603597640991211
0.389899879693985,3.128199338912964,0.760358989238739
0.37491220235824585,2.372313976287842,0.7603581547737122
0.4371466338634491,2.564744710922241,0.760357677936554
0.447059690952301,3.0211920738220215,0.7603569626808167
0.40876322984695435,2.7645914554595947,0.7603563070297241
0.4192803204059601,2.901996612548828,0.7603555917739868
0.4347730875015259,3.3751213550567627,0.7603548765182495
0.4694799780845642,2.7847588062286377,0.760354220867157
0.4783814251422882,2.4872095584869385,0.7603535056114197
0.40753257274627686,2.480856418609619,0.7603527903556824
0.38259100914001465,2.805769205093384,0.7603521347045898
0.43806856870651245,2.5743625164031982,0.7603511810302734
0.5209477543830872,2.936452865600586,0.7603507041931152
0.4451848566532135,2.3237898349761963,0.7603500485420227
0.4368806481361389,2.293914318084717,0.7603493332862854
0.4467746317386627,3.0080926418304443,0.7603486776351929
0.4122748076915741,2.9671201705932617,0.7603480815887451
0.4589519500732422,2.8253962993621826,0.7603476047515869
0.40055349469184875,2.959172487258911,0.7603465914726257
0.44411352276802063,2.435106039047241,0.7603458762168884
0.39721450209617615,3.3063297271728516,0.7603453993797302
0.4510160982608795,2.8572213649749756,0.7603446841239929
0.4317031502723694,2.538576364517212,0.7603439092636108
0.4500240087509155,2.3834316730499268,0.7603432536125183
0.42054304480552673,2.604417324066162,0.7603425979614258
0.43969908356666565,2.3034298419952393,0.7603419423103333
0.4520905315876007,2.208873748779297,0.760341227054596
0.410570353269577,2.725080728530884,0.7603405117988586
0.38716718554496765,2.2477962970733643,0.7603398561477661
0.40988171100616455,2.9198522567749023,0.7603390216827393
0.45243769884109497,2.973972797393799,0.7603383660316467
0.48776280879974365,2.728487491607666,0.760337769985199
0.4232971966266632,2.8137474060058594,0.760337233543396
0.38274499773979187,2.8658313751220703,0.760336697101593
0.44085243344306946,2.7477285861968994,0.7603362202644348
0.401629239320755,2.4150052070617676,0.7603355646133423
0.41598546504974365,2.183804750442505,0.7603349089622498
0.4515582323074341,2.226142168045044,0.7603341341018677
0.45064130425453186,2.8083181381225586,0.7603335380554199
0.5339372158050537,2.249485731124878,0.7603328824043274
0.4998767375946045,2.9118170738220215,0.7603321075439453
0.45066002011299133,2.3378829956054688,0.760331392288208
0.40155676007270813,2.5779201984405518,0.7603305578231812
0.39042189717292786,3.0585412979125977,0.7603300213813782
0.46259063482284546,2.350917339324951,0.7603294849395752
0.4954333007335663,2.7588553428649902,0.7603286504745483
0.4667993187904358,2.705129384994507,0.7603279948234558
0.42882341146469116,2.04510235786438,0.7603272199630737
0.42260313034057617,2.1292972564697266,0.7603265047073364
0.3971789479255676,2.641880750656128,0.7603257894515991
0.3787037432193756,2.610368490219116,0.760325014591217
0.4944651424884796,2.349034309387207,0.7603244185447693
0.4762226641178131,2.926292657852173,0.7603235840797424
0.47028085589408875,2.2759203910827637,0.7603228092193604
0.44452551007270813,2.4315671920776367,0.7603222131729126
0.40601813793182373,2.183730363845825,0.7603216171264648
0.4155829846858978,2.297672748565674,0.7603211998939514
0.4253023564815521,2.879634380340576,0.7603204846382141
0.4434225261211395,2.823625087738037,0.7603198885917664
0.42681586742401123,3.083390474319458,0.7603193521499634
0.4148448407649994,2.3440611362457275,0.7603186964988708
0.4438565671443939,2.6482994556427,0.7603178024291992
0.40836989879608154,2.2470860481262207,0.7603170871734619
0.4052984416484833,2.7062630653381348,0.7603163719177246
0.3928913176059723,2.476839065551758,0.7603158354759216
0.419148713350296,2.3687539100646973,0.7603151798248291
0.4374726116657257,2.4454100131988525,0.7603147029876709
0.4666910469532013,3.371980667114258,0.7603140473365784
0.4365796446800232,2.299607515335083,0.7603133320808411
0.4685249626636505,3.2549750804901123,0.7603126168251038
0.5104475021362305,2.577561378479004,0.7603119015693665
0.447628915309906,2.5087368488311768,0.7603111863136292
0.4359511435031891,2.3583757877349854,0.7603104710578918
0.4204530119895935,2.49578595161438,0.7603095769882202
0.4999377429485321,2.458390474319458,0.7603089809417725
0.48177656531333923,2.29897403717041,0.7603082060813904
0.4630972445011139,2.6399331092834473,0.7603075504302979
0.42774784564971924,2.7005157470703125,0.7603070139884949
0.4522002935409546,2.9748096466064453,0.7603062987327576
0.45180878043174744,2.163095474243164,0.7603055238723755
0.4180992841720581,2.737126588821411,0.7603049278259277
0.4479875862598419,2.5525832176208496,0.7603042125701904
0.4217786192893982,2.8053369522094727,0.7603033781051636
0.4194471538066864,2.8802430629730225,0.760302722454071
0.4614879786968231,2.491024971008301,0.7603022456169128
0.4238412380218506,2.991461992263794,0.7603015303611755
0.45607978105545044,2.318758726119995,0.7603008151054382
0.4608357846736908,3.2572178840637207,0.7603001594543457
0.4652598798274994,2.8932290077209473,0.7602994441986084
0.441263884305954,2.3884623050689697,0.7602987289428711
0.454923540353775,2.6207447052001953,0.760297954082489
0.4472697079181671,2.475294351577759,0.7602973580360413
0.43039777874946594,2.491544246673584,0.7602965831756592
0.44863706827163696,2.6423654556274414,0.7602959275245667
0.4214574992656708,2.5715394020080566,0.7602952718734741
0.45141875743865967,2.9515693187713623,0.7602946162223816
0.42189955711364746,3.2452609539031982,0.7602939009666443
0.413995623588562,2.934760093688965,0.7602933645248413
0.39531204104423523,2.9771759510040283,0.7602927088737488
0.5257073640823364,2.3368053436279297,0.7602921724319458
0.42018434405326843,2.5116875171661377,0.7602912783622742
0.4532751441001892,3.654529333114624,0.7602905631065369
0.4322357177734375,2.8187661170959473,0.7602899670600891
0.4787808060646057,2.4187917709350586,0.760289192199707
0.45031410455703735,2.6035454273223877,0.7602883577346802
0.469357967376709,2.332878589630127,0.7602878212928772
0.43955087661743164,2.8614745140075684,0.7602870464324951
0.4703425467014313,2.4986727237701416,0.7602864503860474
0.4097486138343811,2.882660150527954,0.7602859139442444
0.47732847929000854,2.7050633430480957,0.7602850794792175
0.4233413636684418,3.070474863052368,0.7602845430374146
0.44844886660575867,2.389441967010498,0.7602834701538086
0.4289489686489105,2.463642120361328,0.7602827548980713
0.45369642972946167,2.4477474689483643,0.7602821588516235
0.4006884694099426,2.68198299407959,0.7602813839912415
0.42967352271080017,2.562593460083008,0.7602807879447937
0.424766480922699,2.61678409576416,0.760280191898346
0.41702699661254883,2.250788927078247,0.7602795362472534
0.45589500665664673,2.3159713745117188,0.7602789402008057
0.4006798565387726,3.3110949993133545,0.7602782845497131
0.4597848057746887,2.772825241088867,0.7602776288986206
0.45078611373901367,2.3930935859680176,0.7602769136428833
0.4351031482219696,2.725341796875,0.760276198387146
0.424396276473999,2.797898530960083,0.7602755427360535
0.43133461475372314,2.653046131134033,0.7602748274803162
0.4025072455406189,2.731595277786255,0.7602741122245789
0.41808784008026123,2.627790927886963,0.7602734565734863
0.388070285320282,2.820023536682129,0.7602728009223938
0.4558882415294647,2.6772043704986572,0.7602724432945251
0.3808862268924713,2.2947168350219727,0.7602717280387878
0.419853150844574,2.6776621341705322,0.7602710723876953
0.4243548512458801,2.7885584831237793,0.7602704763412476
0.4017905294895172,3.3665366172790527,0.7602699398994446
0.5234162211418152,2.415604591369629,0.7602692246437073
0.43878886103630066,2.2884092330932617,0.7602685689926147
0.48107025027275085,3.326258420944214,0.7602679133415222
0.42523154616355896,2.507683038711548,0.7602671980857849
0.40121108293533325,2.753493070602417,0.7602666616439819
0.40740278363227844,2.843654155731201,0.7602660655975342
0.43954139947891235,2.2150213718414307,0.7602655291557312
0.5122289061546326,2.496710777282715,0.7602648138999939
0.45119863748550415,2.4804770946502686,0.7602640986442566
0.4095190465450287,2.2281267642974854,0.7602634429931641
0.41953718662261963,2.545804262161255,0.7602627873420715
0.469872385263443,2.66675066947937,0.7602620720863342
0.4042516350746155,2.4196293354034424,0.7602613568305969
0.4804321825504303,1.9945799112319946,0.7602607011795044
0.48994818329811096,3.3639817237854004,0.7602598071098328
0.3925732374191284,2.495004415512085,0.760259211063385
0.4060279130935669,2.3841638565063477,0.7602583169937134
0.4353940486907959,2.5995330810546875,0.7602577209472656
0.40234053134918213,3.353773355484009,0.7602570056915283
0.43475836515426636,3.0515620708465576,0.7602562308311462
0.4214106798171997,2.4349265098571777,0.7602555155754089
0.43151652812957764,2.9451661109924316,0.7602548003196716
0.43511974811553955,2.561429977416992,0.7602542042732239
0.40836769342422485,2.3975274562835693,0.7602537274360657
0.45996108651161194,2.557471752166748,0.7602531909942627
0.4368249475955963,2.5479066371917725,0.7602525949478149
0.4299442172050476,2.9041526317596436,0.7602516412734985
0.44071853160858154,2.359384775161743,0.7602509260177612
0.43399736285209656,3.7333884239196777,0.7602502703666687
0.442992627620697,2.960280656814575,0.760249674320221
0.4216744005680084,3.7882044315338135,0.7602488398551941
0.4580906927585602,2.7425904273986816,0.7602481842041016
0.4359728991985321,1.9572381973266602,0.7602478265762329
0.4731941819190979,2.6378002166748047,0.7602472305297852
0.5218257308006287,3.334846019744873,0.7602465748786926
0.43058136105537415,3.386970281600952,0.7602460384368896
0.4119085669517517,2.229938507080078,0.7602452039718628
0.4628809988498688,2.3533647060394287,0.7602446675300598
0.45429733395576477,2.3909902572631836,0.7602439522743225
0.416654109954834,2.705326557159424,0.76024329662323
0.44355064630508423,2.434628486633301,0.7602426409721375
0.4213550388813019,2.4073188304901123,0.7602419257164001
0.4902481734752655,3.0830085277557373,0.7602412104606628
0.4387924075126648,2.5648231506347656,0.7602404952049255
0.43711355328559875,2.635183095932007,0.7602399587631226
0.43033549189567566,2.876061201095581,0.7602395415306091
0.45323988795280457,3.086376428604126,0.7602388262748718
0.42930129170417786,1.9387834072113037,0.7602382302284241
0.37391096353530884,2.661381959915161,0.7602376341819763
0.4706820249557495,2.438687801361084,0.7602367401123047
0.4493091106414795,2.9362196922302246,0.7602360844612122
0.43474456667900085,2.7146308422088623,0.760235607624054
0.46292930841445923,2.7693982124328613,0.7602348923683167
0.40288352966308594,2.4518613815307617,0.7602341771125793
0.40009909868240356,2.2004342079162598,0.7602335810661316
0.4099889397621155,2.557929515838623,0.7602328658103943
0.41035985946655273,2.3945116996765137,0.7602322101593018
0.43623459339141846,2.193676471710205,0.7602316737174988
0.4509335160255432,3.2138185501098633,0.7602308988571167
0.4396434724330902,2.6940808296203613,0.7602301239967346
0.4310391843318939,2.660306930541992,0.7602295875549316
0.4483359754085541,2.6165056228637695,0.7602288722991943
0.4881795644760132,3.062551736831665,0.7602280974388123
0.46453163027763367,2.8195786476135254,0.7602275013923645
0.4461454153060913,2.5432631969451904,0.7602270245552063
0.4147070348262787,2.53432297706604,0.7602265477180481
0.4992460608482361,2.4562768936157227,0.7602258920669556
0.3918588161468506,2.4828312397003174,0.760225236415863
0.4280546009540558,2.3410754203796387,0.7602246403694153
0.45873481035232544,2.110344648361206,0.760223925113678
0.41336143016815186,2.6984684467315674,0.7602231502532959
0.4369330406188965,2.7118661403656006,0.7602225542068481
0.4591040313243866,2.805295467376709,0.7602218389511108
0.41949477791786194,2.530031681060791,0.760221004486084
0.4448833465576172,3.2736434936523438,0.7602201104164124
0.45597824454307556,2.922022819519043,0.7602195739746094
0.4165162146091461,2.423614501953125,0.7602190971374512
0.42312443256378174,2.6899144649505615,0.7602184414863586
0.4312308430671692,2.510695695877075,0.7602179050445557
0.4816702604293823,2.8114261627197266,0.7602171301841736
0.4016745686531067,2.802734136581421,0.7602164149284363
0.46092620491981506,2.3264262676239014,0.7602155804634094
0.4151703417301178,2.2783870697021484,0.7602149844169617
0.4115714132785797,2.727384090423584,0.7602145075798035
0.446482390165329,2.880739212036133,0.7602140307426453
0.428507536649704,3.441251277923584,0.7602133750915527
0.42264285683631897,3.272217273712158,0.7602128386497498
0.44397199153900146,2.6286652088165283,0.7602121829986572
0.42048734426498413,2.63326096534729,0.7602114677429199
0.4446848928928375,2.316591501235962,0.7602109909057617
0.4347022771835327,2.974118709564209,0.760210394859314
0.4593908488750458,2.6335368156433105,0.760209858417511
0.45203208923339844,2.890101432800293,0.7602091431617737
0.48593869805336,2.3672804832458496,0.7602085471153259
0.4201980531215668,2.115933418273926,0.760208010673523
0.44580602645874023,2.245192289352417,0.76020747423172
0.4679860472679138,2.945812463760376,0.7602068185806274
0.3854149580001831,2.971405267715454,0.7602061629295349
0.42720216512680054,2.9428367614746094,0.7602054476737976
0.4541938602924347,2.2670135498046875,0.7602046728134155
0.4224693477153778,2.950082302093506,0.7602038383483887
0.4548863172531128,2.358123540878296,0.7602033615112305
0.40412867069244385,2.63618540763855,0.7602026462554932
0.514656126499176,2.104668378829956,0.7602019906044006
0.41747623682022095,2.7651212215423584,0.7602013349533081
0.4551234245300293,2.6299500465393066,0.7602007985115051
0.43386656045913696,2.827223300933838,0.7602001428604126
0.4786393642425537,2.644979953765869,0.7601996660232544
0.45613861083984375,2.6720962524414062,0.7601990103721619
0.4165600538253784,2.3690271377563477,0.7601982951164246
0.48438072204589844,2.819861650466919,0.7601978182792664
0.4158927798271179,2.621763229370117,0.7601973414421082
0.43906569480895996,3.184144973754883,0.7601966261863708
0.43586546182632446,2.5728559494018555,0.7601960897445679
0.46914032101631165,2.839547872543335,0.7601954340934753
0.4298247694969177,2.3384437561035156,0.7601947784423828
0.45396357774734497,2.4468841552734375,0.7601942420005798
0.41875791549682617,3.015282392501831,0.7601936459541321
0.39178743958473206,2.2457082271575928,0.7601929903030396
0.4131740927696228,2.7112770080566406,0.7601925134658813
0.4178152084350586,2.64853572845459,0.7601919174194336
0.46576911211013794,3.1552302837371826,0.7601913213729858
0.4467197358608246,2.5821502208709717,0.7601908445358276
0.4167117178440094,2.7856409549713135,0.7601903080940247
0.4461517930030823,2.8926498889923096,0.7601897120475769
0.45099207758903503,2.581407070159912,0.7601889967918396
0.41135305166244507,2.6411831378936768,0.7601884603500366
0.4536440968513489,3.0675342082977295,0.7601877450942993
0.41055044531822205,2.551487922668457,0.7601872682571411
0.43254324793815613,2.5598480701446533,0.7601867318153381
0.4183477759361267,2.6536502838134766,0.7601861953735352
0.46125173568725586,2.240652322769165,0.7601855397224426
0.48315364122390747,2.586642026901245,0.7601850032806396
0.4442978501319885,2.3842780590057373,0.7601841688156128
0.44829076528549194,2.2473349571228027,0.760183572769165
0.458028107881546,2.446035146713257,0.7601829767227173
0.41604316234588623,2.478196620941162,0.7601824402809143
0.42469602823257446,3.2810938358306885,0.7601818442344666
0.43448951840400696,2.7050039768218994,0.7601811289787292
0.4217786192893982,2.2369604110717773,0.7601803541183472
0.5080927014350891,2.656729221343994,0.7601796984672546
0.4883887469768524,3.0450878143310547,0.7601789832115173
0.40741652250289917,2.499114751815796,0.7601783275604248
0.43917518854141235,2.520873546600342,0.7601776719093323
0.4388850927352905,2.4346261024475098,0.7601771354675293
0.4909493625164032,2.9649300575256348,0.7601763606071472
0.4056571125984192,2.6058919429779053,0.7601757049560547
0.43720680475234985,2.2074403762817383,0.7601750493049622
0.42736536264419556,2.990142822265625,0.7601741552352905
0.4731508791446686,2.174447536468506,0.7601736187934875
0.472478449344635,3.142972707748413,0.7601727247238159
0.40651723742485046,3.3765997886657715,0.7601721882820129
0.45483431220054626,2.9414772987365723,0.7601717710494995
0.3888647258281708,2.257751941680908,0.7601709365844727
0.5022249221801758,2.446406126022339,0.760170578956604
0.436103492975235,2.2578821182250977,0.7601699233055115
0.49310430884361267,2.7086284160614014,0.7601693272590637
0.4147094190120697,3.0514585971832275,0.7601686120033264
0.4597817063331604,2.789311408996582,0.7601680755615234
0.3757234811782837,2.6023550033569336,0.7601674199104309
0.43425628542900085,3.0885517597198486,0.7601667046546936
0.38911646604537964,2.8395960330963135,0.7601660490036011
0.3964249789714813,2.682351589202881,0.7601655125617981
0.4098445177078247,2.691042184829712,0.7601649165153503
0.3965882360935211,2.5140228271484375,0.7601644396781921
0.43179580569267273,2.619619369506836,0.7601639628410339
0.4880351126194,2.388803243637085,0.7601633071899414
0.430355966091156,2.321988105773926,0.7601627111434937
0.39964285492897034,2.7246596813201904,0.7601621150970459
0.4845832288265228,2.635101318359375,0.7601613998413086
0.47384029626846313,3.248899221420288,0.7601606845855713
0.3994443416595459,2.9459753036499023,0.7601601481437683
0.48086851835250854,2.7167675495147705,0.7601594924926758
0.4475919306278229,2.2270755767822266,0.7601587772369385
0.37310585379600525,2.889829635620117,0.7601581811904907
0.4363131523132324,2.495530605316162,0.7601578235626221
0.39713212847709656,2.4322574138641357,0.7601572275161743
0.47673922777175903,2.74021577835083,0.7601566910743713
0.43059664964675903,2.2672245502471924,0.7601560354232788
0.45671454071998596,2.810421943664551,0.7601553201675415
0.4717738926410675,2.073215961456299,0.7601547241210938
0.4175398647785187,2.534456968307495,0.760154128074646
0.4373505413532257,1.9392790794372559,0.7601534128189087
0.44316741824150085,2.261725664138794,0.7601526975631714
0.5082894563674927,3.082365036010742,0.7601521611213684
0.4274643659591675,3.0814270973205566,0.7601515650749207
0.4454827904701233,2.25510835647583,0.7601509690284729
0.44580137729644775,2.417165994644165,0.7601503133773804
0.43125852942466736,1.8521380424499512,0.7601497173309326
0.469108521938324,2.5335612297058105,0.7601493000984192
0.43506574630737305,2.6692922115325928,0.7601485848426819
0.42282041907310486,2.5368010997772217,0.7601479887962341
0.44242995977401733,3.100712776184082,0.7601472735404968
0.44522354006767273,2.2627406120300293,0.7601467370986938
0.4948812425136566,2.0039427280426025,0.7601460814476013
0.3859580457210541,2.519747018814087,0.7601454257965088
0.42603468894958496,2.4255833625793457,0.760144829750061
0.396645724773407,2.5515475273132324,0.7601442337036133
0.48179540038108826,2.6711044311523438,0.7601435780525208
0.43606603145599365,2.7788727283477783,0.7601428627967834
0.4290153384208679,2.7917604446411133,0.7601420879364014
0.43226999044418335,3.1869239807128906,0.7601414322853088
0.4374617040157318,2.5539844036102295,0.7601407170295715
0.4745466113090515,3.0334486961364746,0.760140061378479
0.458331435918808,2.197627067565918,0.7601395845413208
0.42483365535736084,2.280639410018921,0.7601389288902283
0.48872125148773193,3.280728340148926,0.7601383924484253
0.4505375623703003,2.1132054328918457,0.7601377367973328
0.39484167098999023,1.9905734062194824,0.7601372003555298
0.4760373532772064,2.3362832069396973,0.760136604309082
0.44713231921195984,2.908104419708252,0.7601361274719238
0.45363849401474,2.9934768676757812,0.7601355314254761
0.4561153054237366,2.6155738830566406,0.7601349353790283
0.43699127435684204,3.059476852416992,0.7601344585418701
0.4167194366455078,2.6700077056884766,0.7601338028907776
0.4285448491573334,2.710874319076538,0.7601334452629089
0.43985360860824585,2.740029811859131,0.7601326704025269
0.4429539740085602,3.1760764122009277,0.7601321935653687
0.43236613273620605,2.2261526584625244,0.7601317167282104
0.4423782527446747,2.4836173057556152,0.7601311802864075
0.3973596394062042,2.7182910442352295,0.7601305842399597
0.43081343173980713,2.319289207458496,0.7601300477981567
0.4263736605644226,2.675161600112915,0.7601295113563538
0.4336299002170563,3.392939805984497,0.7601286172866821
0.4422645568847656,2.6171443462371826,0.7601279616355896
0.4042486846446991,2.393615961074829,0.7601272463798523
0.38275066018104553,3.205470561981201,0.7601264119148254
0.4727395176887512,2.366415500640869,0.7601258158683777
0.41753944754600525,2.7404024600982666,0.7601251602172852
0.46224063634872437,2.410900115966797,0.7601245045661926
0.4464191198348999,2.673128604888916,0.7601240277290344
0.38970673084259033,2.8959922790527344,0.7601234912872314
0.44611307978630066,3.0249524116516113,0.7601228952407837
0.45308050513267517,2.506526470184326,0.7601221799850464
0.40181487798690796,2.3525609970092773,0.7601217031478882
0.47546958923339844,2.919395923614502,0.7601211667060852
0.4361574351787567,2.165661334991455,0.7601205110549927
0.40119457244873047,2.964569568634033,0.7601199150085449
0.45773085951805115,2.4163167476654053,0.7601191401481628
0.422808974981308,3.045099973678589,0.7601186633110046
0.46380478143692017,2.62813138961792,0.7601180076599121
0.38947272300720215,2.5197091102600098,0.7601174712181091
0.41505658626556396,2.58615779876709,0.7601167559623718
0.3985436260700226,2.31436824798584,0.7601161003112793
0.4200490415096283,2.6899919509887695,0.7601155042648315
0.47868674993515015,3.1991395950317383,0.7601150274276733
0.4243353307247162,2.2502846717834473,0.7601140141487122
0.4027721583843231,2.4894092082977295,0.760113537311554
0.4512488543987274,2.6577587127685547,0.7601128816604614
0.44216227531433105,2.32504940032959,0.7601123452186584
0.4240790009498596,3.7382876873016357,0.7601116895675659
0.4181065261363983,2.2368690967559814,0.7601109743118286
0.4341660737991333,2.311955690383911,0.7601101398468018
0.40805289149284363,2.515505075454712,0.7601092457771301
0.41404470801353455,2.744931936264038,0.760108470916748
0.45592665672302246,2.6608331203460693,0.7601078152656555
0.4215334951877594,2.2109615802764893,0.7601073384284973
0.4605678915977478,3.200636148452759,0.7601068019866943
0.4224618673324585,2.1455130577087402,0.760106086730957
0.4246537685394287,2.9866786003112793,0.7601054310798645
0.4195496141910553,2.264674186706543,0.7601048350334167
0.44518858194351196,2.870894193649292,0.7601040005683899
0.40780460834503174,2.381948947906494,0.7601033449172974
0.44892364740371704,2.704190492630005,0.7601025104522705
0.45650264620780945,2.715916633605957,0.7601015567779541
0.4256826639175415,2.4060513973236084,0.7601008415222168
0.4218904674053192,2.8717212677001953,0.7601000666618347
0.41246238350868225,2.3822553157806396,0.7600994110107422
0.46057555079460144,2.4545936584472656,0.7600987553596497
0.4315294623374939,2.160439968109131,0.7600980401039124
0.4266924262046814,2.731278419494629,0.7600973844528198
0.4345429539680481,2.904148578643799,0.7600969076156616
0.40194883942604065,2.218043088912964,0.7600963711738586
0.4442163109779358,2.4586758613586426,0.7600957751274109
0.45399025082588196,2.404592514038086,0.7600950002670288
0.44004788994789124,2.654334783554077,0.7600944638252258
0.44557666778564453,2.4104058742523193,0.7600936889648438
0.45104271173477173,3.229539394378662,0.7600931525230408
0.46854835748672485,2.5442543029785156,0.7600923776626587
0.4224507808685303,2.511232614517212,0.7600915431976318
0.5088611245155334,3.0468480587005615,0.7600911259651184
0.43075644969940186,2.7075140476226807,0.7600905299186707
0.4023306667804718,3.3525876998901367,0.7600901126861572
0.45188719034194946,2.8723344802856445,0.7600896954536438
0.3891826868057251,3.112046718597412,0.7600891590118408
0.43505048751831055,2.7340447902679443,0.7600886821746826
0.4411061406135559,2.647395372390747,0.7600880265235901
0.4503650665283203,2.307070016860962,0.7600871324539185
0.4845486283302307,2.629551649093628,0.7600864171981812
0.4562254846096039,2.1510026454925537,0.760085940361023
0.38430532813072205,2.6466898918151855,0.7600852847099304
0.3766178488731384,2.7223970890045166,0.7600847482681274
0.4552745223045349,2.642422676086426,0.7600840926170349
0.4798097014427185,2.6926417350769043,0.7600834369659424
0.4552648961544037,2.1538376808166504,0.7600827813148499
0.4472710192203522,3.0887629985809326,0.7600822448730469
0.42078420519828796,2.325134038925171,0.7600815296173096
0.40911436080932617,2.879847288131714,0.7600808143615723
0.3996206521987915,2.2037136554718018,0.7600801587104797
0.3995313048362732,2.7073404788970947,0.7600795030593872
0.43988677859306335,2.685624837875366,0.760079026222229
0.44568687677383423,2.158612012863159,0.7600783705711365
0.4095688462257385,2.481370210647583,0.7600778341293335
0.459064781665802,2.898956060409546,0.7600772976875305
0.4945451319217682,2.6326520442962646,0.760076642036438
0.47821494936943054,2.498246192932129,0.7600761651992798
0.38329124450683594,2.424457311630249,0.7600755095481873
0.43420034646987915,2.3606181144714355,0.7600748538970947
0.4749062955379486,2.8141515254974365,0.7600741386413574
0.44187816977500916,2.5227932929992676,0.7600733637809753
0.41073623299598694,2.364213228225708,0.7600727677345276
0.4649331569671631,2.5124871730804443,0.7600719928741455
0.4430857300758362,2.678185224533081,0.7600713968276978
0.48465827107429504,2.2943005561828613,0.7600710391998291
0.3943355083465576,2.7550580501556396,0.760070264339447
0.4440474510192871,2.957404851913452,0.7600696682929993
0.4190155267715454,2.8006155490875244,0.7600690126419067
0.3861613869667053,2.8732218742370605,0.7600682973861694
0.4111391305923462,3.261417865753174,0.7600675821304321
0.4531211853027344,2.9928879737854004,0.7600669264793396
0.5031962990760803,2.9190170764923096,0.7600663304328918
0.4633103311061859,2.1747043132781982,0.7600657343864441
0.4337520897388458,3.0582494735717773,0.7600651383399963
0.4455162584781647,2.657013416290283,0.7600645422935486
0.481740802526474,2.784928798675537,0.760063886642456
0.40076902508735657,2.6905033588409424,0.7600630521774292
0.4101475477218628,2.541382312774658,0.7600622177124023
0.4303504228591919,2.655580759048462,0.7600616216659546
0.42771652340888977,2.943917751312256,0.7600609064102173
0.37644264101982117,2.1950714588165283,0.7600603699684143
0.45528078079223633,2.7333834171295166,0.7600595355033875
0.49116429686546326,2.9585578441619873,0.7600590586662292
0.4652014672756195,2.1635522842407227,0.7600582838058472
0.4884214699268341,2.215656042098999,0.7600576877593994
0.45640498399734497,2.537252426147461,0.7600570321083069
0.41726917028427124,2.6077771186828613,0.7600564956665039
0.4435533881187439,2.3689703941345215,0.7600558400154114
0.44421735405921936,2.3537254333496094,0.7600551247596741
0.4569229483604431,2.183929443359375,0.7600544095039368
0.462738573551178,3.0494775772094727,0.7600537538528442
0.44772085547447205,2.412113666534424,0.7600530385971069
0.4557376801967621,2.1738572120666504,0.760052502155304
0.3973492383956909,2.6964850425720215,0.7600520253181458
0.4084923565387726,2.6373558044433594,0.7600515484809875
0.46125173568725586,2.061000347137451,0.7600511312484741
0.4019850194454193,2.151564359664917,0.7600506544113159
0.41280481219291687,3.00370192527771,0.7600499391555786
0.41768863797187805,2.998750686645508,0.7600494623184204
0.5055690407752991,2.7434651851654053,0.7600486874580383
0.4286866784095764,2.2071969509124756,0.7600480914115906
0.43502986431121826,2.4296116828918457,0.7600474953651428
0.44891759753227234,2.3800337314605713,0.7600469589233398
0.4417993724346161,3.047866106033325,0.7600465416908264
0.4165876805782318,2.004596710205078,0.7600460648536682
0.4875527024269104,2.4851245880126953,0.7600454092025757
0.45534244179725647,2.6461846828460693,0.760045051574707
0.4514017105102539,2.816970109939575,0.7600443959236145
0.47088518738746643,2.3603813648223877,0.7600437998771667
0.3913329243659973,2.989532232284546,0.7600430846214294
0.4010586738586426,2.325620651245117,0.7600420713424683
0.44891151785850525,2.746346950531006,0.7600414752960205
0.4079514741897583,2.7571372985839844,0.7600409984588623
0.433998167514801,2.1440162658691406,0.7600404620170593
0.39134544134140015,2.7764639854431152,0.7600400447845459
0.455910861492157,2.742034912109375,0.7600395679473877
0.42823562026023865,2.3845298290252686,0.7600389122962952
0.4028989374637604,2.2388851642608643,0.7600383758544922
0.41554805636405945,1.907328486442566,0.7600377202033997
0.4337422847747803,2.6370723247528076,0.7600370645523071
0.4499795436859131,2.3922502994537354,0.7600364685058594
0.39928755164146423,2.8255083560943604,0.7600358724594116
0.5146981477737427,2.470735788345337,0.7600351572036743
0.45993566513061523,2.611917018890381,0.760034441947937
0.44788244366645813,2.7984437942504883,0.7600338459014893
0.4346274435520172,2.0964181423187256,0.7600333094596863
0.4560585618019104,2.4732625484466553,0.7600326538085938
0.44412630796432495,2.590656042098999,0.7600321173667908
0.45576825737953186,2.576770782470703,0.760031521320343
0.4784887135028839,2.805677890777588,0.7600309252738953
0.44975244998931885,2.447051525115967,0.7600300312042236
0.5006343722343445,3.1532583236694336,0.7600294351577759
0.4331568479537964,2.0270378589630127,0.7600288987159729
0.3937443494796753,2.864288806915283,0.7600281238555908
0.39219391345977783,2.6979005336761475,0.7600274682044983
0.40896284580230713,2.797842264175415,0.7600269913673401
0.44795775413513184,2.1085243225097656,0.7600263953208923
0.3971945345401764,2.701176881790161,0.7600257992744446
0.4208536744117737,2.819897174835205,0.7600252032279968
0.41399288177490234,2.6309590339660645,0.7600246667861938
0.4886268377304077,2.7531208992004395,0.7600241899490356
0.4367996156215668,2.524301528930664,0.7600235342979431
0.4193352460861206,2.704183578491211,0.7600228786468506
0.47209057211875916,2.6839051246643066,0.7600224018096924
0.4692704379558563,2.768751621246338,0.7600216865539551
0.43608358502388,2.349414587020874,0.7600208520889282
0.43214935064315796,2.6266868114471436,0.76002037525177
0.41887304186820984,2.632024049758911,0.760019838809967
0.4799388349056244,2.571280002593994,0.7600193023681641
0.4184456169605255,2.8616127967834473,0.7600187063217163
0.47288572788238525,2.5041966438293457,0.7600180506706238
0.46607962250709534,2.1876959800720215,0.7600173354148865
0.47206592559814453,3.553406000137329,0.7600167989730835
0.44307824969291687,2.92600154876709,0.7600160837173462
0.4608027935028076,2.505331516265869,0.7600153684616089
0.3901900053024292,2.2894835472106934,0.7600147724151611
0.4367058575153351,3.118051052093506,0.7600142359733582
0.440030962228775,2.6955463886260986,0.7600135803222656
0.46141695976257324,2.99943208694458,0.7600128650665283
0.45019644498825073,3.2352452278137207,0.760012149810791
0.43770715594291687,2.4091310501098633,0.7600114345550537
0.4302421510219574,2.604412078857422,0.760010838508606
0.44934961199760437,2.844311237335205,0.760010302066803
0.4687616527080536,3.1759183406829834,0.7600097060203552
0.4210143983364105,2.7431561946868896,0.7600089907646179
0.4564360976219177,2.601738929748535,0.7600083947181702
0.4198238253593445,2.2453391551971436,0.7600079774856567
0.4492846131324768,2.379106283187866,0.760007381439209
0.44990989565849304,2.9067795276641846,0.7600069046020508
0.40974509716033936,2.2469208240509033,0.7600063681602478
0.4965931177139282,2.3898253440856934,0.7600056529045105
0.43521732091903687,2.952235698699951,0.760004997253418
0.5024474859237671,2.814941167831421,0.7600042819976807
0.4526592791080475,2.331697463989258,0.7600038647651672
0.4262488782405853,2.7367162704467773,0.7600032091140747
0.4282449185848236,2.867570638656616,0.7600027322769165
0.3909572660923004,2.6475000381469727,0.7600021362304688
0.44138193130493164,2.569204568862915,0.7600015997886658
0.4639330208301544,2.4311771392822266,0.7600013017654419
0.4514209032058716,1.9985805749893188,0.7600005865097046
0.4201759994029999,2.548811197280884,0.7600001096725464
0.4826027452945709,3.6327126026153564,0.7599995732307434
0.42789924144744873,2.100595474243164,0.7599989175796509
0.454669326543808,2.9506824016571045,0.7599982023239136
0.4777471721172333,2.1453778743743896,0.7599973082542419
0.4671846032142639,2.7692384719848633,0.7599965929985046
0.4135957360267639,2.6273391246795654,0.7599958777427673
0.38965681195259094,3.087324857711792,0.7599951028823853
0.44254836440086365,2.5916106700897217,0.7599948048591614
0.46786558628082275,2.3678970336914062,0.759994387626648
0.46629005670547485,2.9013943672180176,0.7599937915802002
0.4482797086238861,2.6563005447387695,0.7599931359291077
0.43624794483184814,2.4394702911376953,0.7599926590919495
0.5099826455116272,2.499150514602661,0.7599918246269226
0.44563230872154236,2.5354561805725098,0.7599912881851196
0.36164817214012146,2.403553009033203,0.759990394115448
0.44007018208503723,2.9335110187530518,0.7599896192550659
0.3693062365055084,2.442657947540283,0.7599889636039734
0.4645489454269409,2.6370601654052734,0.7599883675575256
0.43488258123397827,2.400853157043457,0.7599878311157227
0.49799323081970215,2.869981527328491,0.7599871158599854
0.4573976695537567,2.8141942024230957,0.7599865198135376
0.38538694381713867,2.6651558876037598,0.7599859237670898
0.5075178146362305,3.061608076095581,0.7599853277206421
0.48345130681991577,2.427750825881958,0.7599847912788391
0.41580870747566223,2.137643575668335,0.7599841356277466
0.4619331955909729,2.780757188796997,0.7599836587905884
0.46020010113716125,2.304675579071045,0.7599831819534302
0.44636088609695435,2.6176960468292236,0.7599826455116272
0.4246244728565216,2.7569901943206787,0.7599820494651794
0.42065244913101196,1.9982105493545532,0.7599815130233765
0.44489848613739014,3.3077943325042725,0.7599809169769287
0.47400346398353577,2.5171737670898438,0.759980320930481
0.42327797412872314,2.7692649364471436,0.7599797248840332
0.41788816452026367,2.1772754192352295,0.7599790096282959
0.41224876046180725,2.5287587642669678,0.7599784731864929
0.4449548125267029,2.323604106903076,0.7599778175354004
0.4771989583969116,2.571908950805664,0.7599771022796631
0.4920399487018585,2.0412349700927734,0.7599764466285706
0.40522539615631104,2.6319873332977295,0.759975790977478
0.426724910736084,2.4176528453826904,0.7599750757217407
0.49126166105270386,2.91288161277771,0.7599743008613586
0.4327888786792755,2.9967708587646484,0.7599736452102661
0.387814998626709,2.7121405601501465,0.7599731683731079
0.45631518959999084,2.587693214416504,0.7599725127220154
0.4637492895126343,2.6192212104797363,0.7599718570709229
0.46591582894325256,2.5462381839752197,0.7599712014198303
0.45844218134880066,2.441864490509033,0.7599706053733826
0.42201101779937744,2.213500738143921,0.7599698901176453
0.3784523606300354,2.4101221561431885,0.7599692940711975
0.4086131155490875,2.3450095653533936,0.7599688172340393
0.4392654299736023,3.0251214504241943,0.759968101978302
0.4309028089046478,2.600349187850952,0.7599674463272095
0.4371553063392639,2.6498115062713623,0.7599665522575378
0.5430887341499329,3.3796744346618652,0.7599658370018005
0.36117956042289734,2.6074469089508057,0.7599651217460632
0.4520198702812195,2.1336870193481445,0.7599644660949707
0.4267827570438385,2.050360679626465,0.7599639296531677
0.42957985401153564,2.774336099624634,0.7599632143974304
0.45868948101997375,3.1047165393829346,0.7599625587463379
0.41403716802597046,3.291633367538452,0.7599617838859558
0.440570592880249,2.8548946380615234,0.7599608898162842
0.39684584736824036,2.8739593029022217,0.7599599957466125
0.46561187505722046,2.7038145065307617,0.7599591016769409
0.42788130044937134,2.309816360473633,0.7599584460258484
0.4058324992656708,2.324605941772461,0.7599579691886902
0.45148956775665283,3.3452398777008057,0.7599574327468872
0.3691491484642029,2.341371774673462,0.7599567174911499
0.4708505868911743,2.951770305633545,0.7599560022354126
0.4475196599960327,2.3764774799346924,0.7599553465843201
0.4416672885417938,2.9373834133148193,0.7599546909332275
0.3965300917625427,2.74603009223938,0.7599541544914246
0.4300297498703003,2.8767685890197754,0.7599534392356873
0.42149779200553894,2.920121669769287,0.75995272397995
0.4531565308570862,2.8182058334350586,0.7599519491195679
0.4585847854614258,2.8046913146972656,0.7599514722824097
0.41588789224624634,2.434969663619995,0.7599507570266724
0.4806225597858429,2.0768609046936035,0.7599503993988037
0.45686277747154236,2.3088834285736084,0.759949803352356
0.37911510467529297,2.3354880809783936,0.7599495053291321
0.4112725853919983,2.7924516201019287,0.7599490284919739
0.40493065118789673,2.312173843383789,0.7599483728408813
0.4899495840072632,2.5668692588806152,0.7599477171897888
0.4039466083049774,2.8163201808929443,0.7599467635154724
0.40647703409194946,2.6202001571655273,0.7599460482597351
0.45679494738578796,3.0305283069610596,0.7599454522132874
0.44863128662109375,2.997612476348877,0.7599448561668396
0.4227033853530884,3.505084276199341,0.7599442601203918
0.45666074752807617,2.494828462600708,0.7599436640739441
0.43665558099746704,2.708688735961914,0.7599435448646545
0.4305134415626526,2.181232452392578,0.7599430680274963
0.4420698881149292,2.700355291366577,0.7599425315856934
0.4373219907283783,2.712890148162842,0.759941816329956
0.42189523577690125,2.7122013568878174,0.7599409222602844
0.40874671936035156,2.6751558780670166,0.7599402070045471
0.4797194302082062,3.1768181324005127,0.7599395513534546
0.4230602979660034,2.6794848442077637,0.7599388957023621
0.44011810421943665,2.785564422607422,0.7599385976791382
0.45673832297325134,2.25681209564209,0.7599380016326904
0.4233483374118805,2.6520514488220215,0.7599377632141113
0.44319114089012146,2.792435646057129,0.7599372863769531
0.43070536851882935,3.2877140045166016,0.7599365711212158
0.44575658440589905,2.526625871658325,0.7599359154701233
0.43740591406822205,2.648028612136841,0.759935200214386
0.45414066314697266,2.658388614654541,0.759934663772583
0.4543205499649048,2.8145625591278076,0.7599339485168457
0.4654161036014557,2.453631639480591,0.7599332332611084
0.3925554156303406,2.2876601219177246,0.7599327564239502
0.44064876437187195,2.469820737838745,0.7599321007728577
0.47073104977607727,2.702620029449463,0.7599316835403442
0.43216004967689514,2.7978947162628174,0.7599311470985413
0.4357512891292572,2.674865961074829,0.7599306702613831
0.44867953658103943,2.8932673931121826,0.7599300146102905
0.4303300380706787,2.0420966148376465,0.7599296569824219
0.4361962676048279,2.844327926635742,0.7599290609359741
0.4022515118122101,2.5804638862609863,0.759928286075592
0.44535812735557556,2.7282791137695312,0.7599276900291443
0.4675035774707794,2.5090534687042236,0.7599272131919861
0.43266913294792175,2.9011619091033936,0.7599265575408936
0.4043835699558258,2.3313486576080322,0.7599259614944458
0.5165536999702454,3.1936099529266357,0.7599254846572876
0.41173914074897766,2.913970470428467,0.7599249482154846
0.3684499263763428,2.6319286823272705,0.7599244117736816
0.4547824263572693,2.544208288192749,0.7599236369132996
0.47840139269828796,2.806239604949951,0.7599228620529175
0.5044217109680176,2.923809051513672,0.7599223852157593
0.42738837003707886,3.123023748397827,0.7599215507507324
0.44427287578582764,2.0500290393829346,0.7599210143089294
0.3983900249004364,3.0562620162963867,0.7599205374717712
0.5182748436927795,2.971949577331543,0.7599198222160339
0.39747732877731323,2.361410617828369,0.7599192261695862
0.43033072352409363,2.5238847732543945,0.7599185109138489
0.4781830608844757,2.6946539878845215,0.7599179148674011
0.3954753279685974,2.5537891387939453,0.759917140007019
0.39829421043395996,2.407231569290161,0.7599166035652161
0.3786524832248688,2.8290696144104004,0.7599161863327026
0.43538740277290344,3.022648572921753,0.7599156498908997
0.520992636680603,2.2629587650299072,0.7599150538444519
0.4381786286830902,2.0478994846343994,0.7599145174026489
0.4375787675380707,2.5251128673553467,0.7599137425422668
0.4328424632549286,2.9559295177459717,0.7599131464958191
0.4125351309776306,3.3787198066711426,0.7599124312400818
0.40677589178085327,2.535752296447754,0.7599119544029236
0.40347206592559814,2.481715679168701,0.7599114179611206
0.4348750710487366,2.55385422706604,0.7599108815193176
0.46319520473480225,2.76991605758667,0.7599102854728699
0.40449827909469604,2.460197687149048,0.7599096894264221
0.40688011050224304,2.581439256668091,0.7599092125892639
0.49939626455307007,2.1728515625,0.7599085569381714
0.4172373116016388,2.64401912689209,0.7599082589149475
0.41608884930610657,2.489236354827881,0.7599077224731445
0.45664337277412415,2.4670233726501465,0.7599072456359863
0.48147231340408325,2.853898525238037,0.7599065899848938
0.49435779452323914,2.3025753498077393,0.7599057555198669
0.38683515787124634,2.591313123703003,0.7599050402641296
0.43686068058013916,3.201040029525757,0.7599043250083923
0.47786659002304077,3.565315008163452,0.7599036693572998
0.37626856565475464,2.620161294937134,0.759903073310852
0.4127766191959381,2.150036334991455,0.7599027156829834
0.5009177327156067,2.5485520362854004,0.75990229845047
0.4950314164161682,2.625253677368164,0.7599015831947327
0.43972548842430115,2.2022030353546143,0.7599011063575745
0.48213812708854675,3.5433685779571533,0.7599005699157715
0.4737199544906616,3.3594679832458496,0.7598998546600342
0.4214547276496887,2.9759998321533203,0.759899377822876
0.4952801764011383,2.3118488788604736,0.7598986625671387
0.42030036449432373,2.7782466411590576,0.7598978281021118
0.4650314152240753,2.5444958209991455,0.7598971724510193
0.42090877890586853,2.535417079925537,0.7598963975906372
0.5036548972129822,2.596372127532959,0.7598960995674133
0.42466750741004944,2.1353609561920166,0.7598956823348999
0.43808287382125854,3.160893201828003,0.7598952054977417
0.46035197377204895,2.84134578704834,0.7598947882652283
0.44526365399360657,2.208683729171753,0.7598943114280701
0.4562903344631195,1.9381895065307617,0.7598938345909119
0.41990163922309875,2.2629058361053467,0.759893000125885
0.4532356858253479,2.403286933898926,0.7598922848701477
0.43897438049316406,2.772724151611328,0.759891927242279
0.41185465455055237,2.148750066757202,0.7598915100097656
0.4392658770084381,2.5679521560668945,0.7598909139633179
0.42232662439346313,2.1735918521881104,0.7598904371261597
0.42925184965133667,2.679811716079712,0.7598899006843567
0.41305282711982727,1.9268391132354736,0.7598892450332642
0.4296312630176544,2.7087976932525635,0.759888768196106
0.42195746302604675,3.360900640487671,0.7598883509635925
0.44370126724243164,2.2182424068450928,0.7598877549171448
0.4277555048465729,2.7272586822509766,0.7598869800567627
0.45144155621528625,2.7111976146698,0.7598865032196045
0.4493476450443268,2.509303569793701,0.7598856687545776
0.4189664423465729,2.502657651901245,0.7598852515220642
0.46366119384765625,3.2181780338287354,0.759884774684906
0.4509868621826172,2.2898435592651367,0.7598842978477478
0.4482176899909973,2.065286636352539,0.7598838806152344
0.4709877371788025,2.4691219329833984,0.7598833441734314
0.40908217430114746,2.452885389328003,0.7598825693130493
0.4301204979419708,2.624082326889038,0.7598819732666016
0.44176173210144043,3.0007247924804688,0.7598812580108643
0.39953702688217163,2.0115208625793457,0.7598806023597717
0.4151157736778259,3.1085104942321777,0.7598797678947449
0.4568391442298889,2.418325185775757,0.7598791718482971
0.49330565333366394,3.0174214839935303,0.7598785758018494
0.4443933069705963,1.7496793270111084,0.7598779201507568
0.41856369376182556,2.6783647537231445,0.759877622127533
0.423165887594223,3.3854167461395264,0.75987708568573
0.41195952892303467,2.6718814373016357,0.7598764300346375
0.44698429107666016,2.920567035675049,0.7598758339881897
0.477449893951416,1.7628501653671265,0.7598752975463867
0.46930739283561707,2.249770402908325,0.7598745822906494
0.3844292461872101,2.5689680576324463,0.7598739266395569
0.4997386932373047,2.7311794757843018,0.7598733901977539
0.5021518468856812,2.324411630630493,0.7598727941513062
0.45353251695632935,2.557443618774414,0.7598721385002136
0.438760370016098,2.4155831336975098,0.7598715424537659
0.4667530059814453,2.5736868381500244,0.7598711252212524
0.42944008111953735,2.369276285171509,0.7598704099655151
0.4046229422092438,2.190333366394043,0.7598696947097778
0.39194318652153015,3.012119770050049,0.7598690390586853
0.47423651814460754,2.39045786857605,0.759868323802948
0.4502672553062439,3.0172572135925293,0.7598676681518555
0.44775962829589844,2.779568910598755,0.7598669528961182
0.4616679251194,2.9069771766662598,0.7598664164543152
0.5008558630943298,2.3094024658203125,0.7598657608032227
0.44990384578704834,3.3050968647003174,0.759865403175354
0.4125877320766449,2.399845600128174,0.759864866733551
0.45077255368232727,2.2816319465637207,0.759864330291748
0.4299354553222656,2.5293045043945312,0.7598638534545898
0.4475257098674774,2.439399242401123,0.7598631978034973
0.4686320126056671,2.3325555324554443,0.7598627209663391
0.426899254322052,2.7037947177886963,0.7598620653152466
0.39743348956108093,2.8714182376861572,0.759861409664154
0.4708910584449768,2.5020453929901123,0.7598607540130615
0.43104177713394165,1.993765115737915,0.7598601579666138
0.3874703049659729,2.6852266788482666,0.7598596811294556
0.3993586301803589,2.845597505569458,0.7598590850830078
0.48673689365386963,2.278154134750366,0.7598587870597839
0.43236076831817627,2.2848801612854004,0.7598583102226257
0.4431783854961395,2.119737386703491,0.759857714176178
0.44792166352272034,2.569591999053955,0.7598572373390198
0.4452120065689087,2.0596394538879395,0.7598568201065063
0.43884801864624023,2.8574821949005127,0.7598562240600586
0.45649534463882446,2.5414979457855225,0.7598555684089661
0.44611045718193054,2.5054779052734375,0.7598548531532288
0.42067644000053406,2.907815933227539,0.7598541975021362
0.421975314617157,3.046989917755127,0.7598537802696228
0.43286651372909546,2.6987831592559814,0.7598534226417542
0.4297993779182434,3.2476937770843506,0.7598530054092407
0.4498957693576813,2.850696325302124,0.759852409362793
0.42489418387413025,2.3187413215637207,0.75985187292099
0.42622748017311096,2.575356960296631,0.759851336479187
0.44139617681503296,2.294379949569702,0.7598506808280945
0.4400380551815033,2.712775945663452,0.759850263595581
0.4255801737308502,2.6146738529205322,0.7598496079444885
0.4595787227153778,2.214256525039673,0.7598491311073303
0.4469369649887085,2.4174468517303467,0.7598484754562378
0.47334155440330505,3.06835675239563,0.75984787940979
0.4361518621444702,2.525177478790283,0.7598474621772766
0.3977777361869812,2.0302536487579346,0.7598469853401184
0.38509222865104675,2.8775475025177,0.7598465085029602
0.48636606335639954,2.480651378631592,0.7598459124565125
0.44482797384262085,2.1782307624816895,0.7598451972007751
0.48468017578125,2.597121000289917,0.7598447203636169
0.44409194588661194,2.363590955734253,0.759844183921814
0.4650929570198059,2.716283082962036,0.7598435282707214
0.42056211829185486,2.958207607269287,0.7598428726196289
0.4086621403694153,2.040029764175415,0.7598422765731812
0.4403734505176544,2.748568534851074,0.7598416209220886
0.5215910077095032,2.634856700897217,0.7598410248756409
0.45890238881111145,2.7852530479431152,0.7598405480384827
0.4370240569114685,2.9597721099853516,0.7598398327827454
0.40522655844688416,2.5664846897125244,0.7598391771316528
0.4292914569377899,2.8982388973236084,0.7598387002944946
0.4158453643321991,2.0587592124938965,0.7598382234573364
0.4236462712287903,2.384056806564331,0.7598375082015991
0.3988668620586395,1.9890035390853882,0.7598370313644409
0.4881739020347595,2.4746782779693604,0.7598362565040588
0.40348654985427856,2.1213676929473877,0.7598356008529663
0.44463393092155457,2.1874427795410156,0.7598349452018738
0.4380446970462799,2.7129385471343994,0.7598344087600708
0.48325568437576294,3.9495131969451904,0.759833812713623
0.4501275420188904,2.3585822582244873,0.759833037853241
0.41004371643066406,2.3853328227996826,0.7598323822021484
0.37654417753219604,2.9148359298706055,0.7598318457603455
0.4313671886920929,2.675975799560547,0.7598312497138977
0.4451632499694824,2.420943021774292,0.7598307728767395
0.4387076199054718,2.5673372745513916,0.7598302364349365
0.41754987835884094,3.1098790168762207,0.7598297595977783
0.44569987058639526,2.429988145828247,0.7598291635513306
0.4033699035644531,2.3449292182922363,0.7598284482955933
0.4181140661239624,2.3010618686676025,0.7598277926445007
0.4410189092159271,2.263246536254883,0.7598272562026978
0.4215710461139679,2.076491594314575,0.7598266005516052
0.44433894753456116,1.9025259017944336,0.759826123714447
0.4701656997203827,2.5011982917785645,0.7598256468772888
0.3900716304779053,2.4198157787323,0.7598251104354858
0.4118776321411133,2.993605375289917,0.7598245143890381
0.4789853096008301,2.407524585723877,0.7598239779472351
0.4499463438987732,2.3827812671661377,0.7598233819007874
0.4147804081439972,2.2754266262054443,0.7598227858543396
0.4228888750076294,2.994295597076416,0.7598221898078918
0.43362879753112793,3.155641555786133,0.7598216533660889
0.3832276165485382,2.3087830543518066,0.7598211765289307
0.38887685537338257,2.3106327056884766,0.7598206996917725
0.40374770760536194,2.3814876079559326,0.7598203420639038
0.3871190547943115,2.5074987411499023,0.7598199248313904
0.42115482687950134,2.4643445014953613,0.7598193883895874
0.44603973627090454,2.8162403106689453,0.7598187327384949
0.4595712125301361,2.4185965061187744,0.7598180770874023
0.4651624858379364,2.3837454319000244,0.7598174810409546
0.41787201166152954,2.663590431213379,0.7598168849945068
0.45663347840309143,2.9224355220794678,0.7598164081573486
0.459367960691452,2.3332924842834473,0.7598158717155457
0.4091608226299286,3.29388165473938,0.7598152756690979
0.417101114988327,2.2417850494384766,0.7598147392272949
0.40863966941833496,2.646047592163086,0.7598142027854919
0.4401554763317108,2.7305641174316406,0.7598135471343994
0.4614924490451813,2.943734645843506,0.7598129510879517
0.4426630437374115,2.801712989807129,0.7598124742507935
0.4152756333351135,2.908937454223633,0.7598118185997009
0.4613785445690155,2.219067335128784,0.759811520576477
0.4300544559955597,2.899646759033203,0.7598108053207397
0.4180423617362976,2.629438638687134,0.7598100900650024
0.4346073865890503,2.6548874378204346,0.7598094344139099
0.44117471575737,2.1343963146209717,0.7598089575767517
0.43506771326065063,2.075868606567383,0.7598084211349487
0.44456443190574646,2.2535696029663086,0.7598080039024353
0.4371787905693054,2.587456703186035,0.7598073482513428
0.4162031412124634,2.8620526790618896,0.7598066926002502
0.38016754388809204,2.582916498184204,0.7598061561584473
0.46828946471214294,2.8691511154174805,0.7598056793212891
0.43562448024749756,3.2494583129882812,0.7598050236701965
0.4307519495487213,2.8657279014587402,0.7598044872283936
0.4904848635196686,2.617637872695923,0.7598036527633667
0.4389208257198334,2.5194308757781982,0.7598031759262085
0.4105346202850342,3.153066635131836,0.7598026990890503
0.38343557715415955,2.3010237216949463,0.7598022222518921
0.4862755537033081,2.4727492332458496,0.7598017454147339
0.4709990322589874,2.5198278427124023,0.7598010897636414
0.4559042155742645,2.663635730743408,0.759800374507904
0.41233405470848083,2.1535425186157227,0.7597997188568115
0.4227474629878998,2.297208547592163,0.7597990036010742
0.5141248106956482,2.748683452606201,0.7597982883453369
0.489277184009552,2.440999984741211,0.7597976326942444
0.4122026860713959,2.355219602584839,0.7597970962524414
0.44499754905700684,2.88706111907959,0.7597966194152832
0.4163006544113159,2.7998905181884766,0.7597960233688354
0.36994636058807373,2.63713002204895,0.7597954869270325
0.47462859749794006,2.260925531387329,0.7597947716712952
0.4607475996017456,2.6676535606384277,0.7597941160202026
0.4455505907535553,2.460541248321533,0.7597934603691101
0.3808513581752777,2.2462422847747803,0.759792685508728
0.4552883803844452,2.739591121673584,0.7597922086715698
0.4089641571044922,2.833040475845337,0.759791374206543
0.4224405884742737,2.9169018268585205,0.75979083776474
0.4062671661376953,2.192638874053955,0.7597903609275818
0.5015801787376404,2.6982839107513428,0.7597898840904236
0.45127516984939575,2.829868793487549,0.7597892880439758
0.4314996898174286,2.52264142036438,0.759788990020752
0.3957290053367615,3.106069326400757,0.7597880363464355
0.4103105366230011,3.042304039001465,0.759787380695343
0.4179799556732178,2.94602108001709,0.7597867250442505
0.4377692937850952,2.199409008026123,0.7597861886024475
0.4131886661052704,3.2145869731903076,0.7597855925559998
0.47078800201416016,2.555234909057617,0.7597851157188416
0.4207642674446106,2.602199077606201,0.7597846388816833
0.43350890278816223,2.3455820083618164,0.759783923625946
0.4752267301082611,2.21073842048645,0.7597832679748535
0.4661467671394348,2.6296496391296387,0.7597827911376953
0.4526467025279999,2.2961442470550537,0.7597823143005371
0.4330297112464905,2.787053108215332,0.7597815990447998
0.39905616641044617,2.522040367126465,0.7597810626029968
0.43566107749938965,2.469026803970337,0.7597803473472595
0.44635939598083496,2.877997636795044,0.7597797513008118
0.49889707565307617,2.626981496810913,0.7597792148590088
0.45445340871810913,2.5540719032287598,0.7597787380218506
0.4834888279438019,2.28267502784729,0.7597779035568237
0.46910619735717773,2.146777868270874,0.7597773671150208
0.4155958890914917,2.4153740406036377,0.759776771068573
0.4223475456237793,2.4788317680358887,0.7597760558128357
0.4009796679019928,2.543682813644409,0.7597755193710327
0.4343166649341583,2.4794206619262695,0.759774923324585
0.46347349882125854,2.436070442199707,0.7597741484642029
0.5254277586936951,2.6868820190429688,0.7597737312316895
0.5047807097434998,1.8931688070297241,0.7597730159759521
0.4852506220340729,2.3018593788146973,0.7597724795341492
0.451330304145813,2.506725788116455,0.7597718834877014
0.4093970060348511,2.7502222061157227,0.7597711086273193
0.45966216921806335,2.493483781814575,0.7597704529762268
0.45904698967933655,2.553940773010254,0.7597699165344238
0.4175058901309967,2.2188377380371094,0.7597692012786865
0.42944324016571045,2.97497820854187,0.7597686052322388
0.45407089591026306,2.3599040508270264,0.7597679495811462
0.4679292142391205,2.432734727859497,0.759767472743988
0.44395941495895386,3.1295838356018066,0.7597667574882507
0.5250049233436584,2.132577419281006,0.7597665786743164
0.40392494201660156,2.9774789810180664,0.7597660422325134
0.4248126745223999,2.2338814735412598,0.7597655057907104
0.4333735704421997,2.4015347957611084,0.7597646713256836
0.44631221890449524,2.5094428062438965,0.7597642540931702
0.47184401750564575,2.706841468811035,0.7597636580467224
0.4353806972503662,2.5145468711853027,0.7597628235816956
0.46181872487068176,1.923266887664795,0.759762167930603
0.41789671778678894,2.3413031101226807,0.7597615718841553
0.4441298246383667,2.2842459678649902,0.7597609162330627
0.42833852767944336,2.3468503952026367,0.7597604393959045
0.4264509081840515,2.5301084518432617,0.7597598433494568
0.3842402696609497,2.3840715885162354,0.7597593069076538
0.41715240478515625,3.3989317417144775,0.7597588300704956
0.37478628754615784,2.4772088527679443,0.7597582936286926
0.3511694371700287,2.3898212909698486,0.7597576379776001
0.5089908242225647,3.4057300090789795,0.7597569823265076
0.43854108452796936,2.195466995239258,0.7597564458847046
0.4521018862724304,2.219637155532837,0.7597556710243225
0.4791911244392395,2.8714451789855957,0.7597553730010986
0.448596328496933,3.3720951080322266,0.7597547173500061
0.44003012776374817,2.382070779800415,0.7597541809082031
0.4509667158126831,2.5681397914886475,0.7597535848617554
0.44138041138648987,2.7214152812957764,0.7597529888153076
0.4041135013103485,2.130398750305176,0.7597523331642151
0.44540995359420776,2.824781656265259,0.7597518563270569
0.47955358028411865,2.307443141937256,0.7597514390945435
0.45887550711631775,2.272780656814575,0.7597507834434509
0.4190880358219147,2.6989293098449707,0.7597503066062927
0.4102185070514679,2.9661524295806885,0.7597497701644897
0.499429851770401,2.232428789138794,0.759749174118042
0.39163175225257874,2.447145938873291,0.7597483992576599
0.39519599080085754,2.618417739868164,0.7597478628158569
0.4683951735496521,2.6224544048309326,0.7597472667694092
0.46180015802383423,2.999253511428833,0.7597468495368958
0.3913883566856384,2.603024959564209,0.7597461342811584
0.44514769315719604,2.5417375564575195,0.7597456574440002
0.41046565771102905,2.679475784301758,0.7597451210021973
0.3846298158168793,3.353311061859131,0.7597446441650391
0.45406782627105713,2.8015449047088623,0.7597441673278809
0.36838579177856445,2.781252384185791,0.7597436904907227
0.4358576238155365,2.603965997695923,0.7597430944442749
0.42059776186943054,2.8196961879730225,0.7597425580024719
0.4226539433002472,3.017054796218872,0.7597420811653137
0.41037750244140625,2.6775317192077637,0.759741485118866
0.45254626870155334,2.4310781955718994,0.7597407698631287
0.4121604859828949,2.912224531173706,0.7597403526306152
0.4783373773097992,2.6169164180755615,0.7597397565841675
0.45908820629119873,2.8742947578430176,0.7597391605377197
0.43399348855018616,2.4568796157836914,0.7597385048866272
0.4545813500881195,2.380471706390381,0.759738028049469
0.372217059135437,2.329047918319702,0.759737491607666
0.40524908900260925,2.1235299110412598,0.7597370147705078
0.4879152178764343,2.8402490615844727,0.7597363591194153
0.42608359456062317,2.4641590118408203,0.7597358226776123
0.4369025230407715,2.8397910594940186,0.7597352266311646
0.4283493757247925,2.3470120429992676,0.7597346305847168
0.4278697967529297,2.859914541244507,0.7597340941429138
0.4960605502128601,2.148378372192383,0.7597335577011108
0.41939452290534973,2.3714654445648193,0.7597330808639526
0.4006211757659912,2.2055134773254395,0.7597325444221497
0.486731618642807,2.800558567047119,0.759732186794281
0.4509989023208618,2.440279483795166,0.7597317695617676
0.37480995059013367,3.309445381164551,0.7597314119338989
0.4462958574295044,2.40203857421875,0.7597307562828064
0.43829619884490967,3.157370090484619,0.7597302794456482
0.4202873408794403,3.636122941970825,0.7597294449806213
0.429730623960495,2.398088216781616,0.7597289681434631
0.3772333562374115,2.8712034225463867,0.7597284317016602
0.403369277715683,2.753835916519165,0.759727954864502
0.4435817301273346,2.5531365871429443,0.7597277164459229
0.4128752052783966,2.2427430152893066,0.7597271203994751
0.416867733001709,1.7800451517105103,0.7597265243530273
0.4306465685367584,2.0238189697265625,0.7597260475158691
0.437020868062973,2.713331460952759,0.7597255110740662
0.45166921615600586,2.0121877193450928,0.759725034236908
0.4614121913909912,2.821406126022339,0.759724497795105
0.4743001461029053,2.2151131629943848,0.7597238421440125
0.4876343309879303,2.788856029510498,0.7597231864929199
0.4095178246498108,2.8635475635528564,0.7597225904464722
0.47369569540023804,3.075350046157837,0.759722113609314
0.40164169669151306,2.757793664932251,0.7597216367721558
0.4533097445964813,2.1746695041656494,0.7597211003303528
0.36056390404701233,2.8150386810302734,0.7597205638885498
0.44756361842155457,2.983773708343506,0.7597200870513916
0.4060937762260437,2.6320106983184814,0.75971919298172
0.4943300485610962,2.383016347885132,0.759718656539917
0.4265054166316986,2.745384931564331,0.7597180008888245
0.4479362368583679,2.3517284393310547,0.759717583656311
0.39956754446029663,2.5080857276916504,0.7597170472145081
0.5073032379150391,2.290257215499878,0.7597165703773499
0.47041335701942444,2.5738961696624756,0.7597160935401917
0.41939598321914673,2.4258251190185547,0.7597154974937439
0.49648141860961914,2.884342670440674,0.7597148418426514
0.44765132665634155,2.442394971847534,0.7597143054008484
0.4543743133544922,2.2216432094573975,0.759713888168335
0.44751960039138794,2.7298736572265625,0.759713351726532
0.45613569021224976,2.3802318572998047,0.7597129344940186
0.4464113414287567,3.3046083450317383,0.759712278842926
0.46266263723373413,2.413616418838501,0.7597116827964783
0.4358803331851959,2.5570967197418213,0.759710967540741
0.4130573868751526,2.5481057167053223,0.7597103118896484
0.4468964636325836,2.6137595176696777,0.7597096562385559
0.4009610712528229,2.1183300018310547,0.7597089409828186
0.36506274342536926,2.325173854827881,0.7597083449363708
0.38100939989089966,2.0819101333618164,0.7597078680992126
0.39781156182289124,2.4269702434539795,0.759707510471344
0.4295147657394409,2.4320273399353027,0.7597068548202515
0.39964988827705383,2.3165793418884277,0.7597063779830933
0.42759406566619873,2.921872854232788,0.7597059011459351
0.47668784856796265,2.733391523361206,0.7597053050994873
0.4650862514972687,2.994318962097168,0.7597047686576843
0.3850623667240143,2.6019508838653564,0.759704053401947
0.4425920844078064,2.601388454437256,0.7597034573554993
0.4394262731075287,2.641184091567993,0.7597030997276306
0.4491865932941437,2.7336692810058594,0.7597026824951172
0.407702773809433,2.4371325969696045,0.759702205657959
0.45964691042900085,2.52154278755188,0.7597017288208008
0.4552539587020874,2.376162052154541,0.7597012519836426
0.4554778039455414,2.5801267623901367,0.7597006559371948
0.38678625226020813,2.820431709289551,0.7597001791000366
0.4396485686302185,2.393543243408203,0.7596996426582336
0.4439551532268524,2.125005006790161,0.7596988081932068
0.4205624759197235,2.6964972019195557,0.759698212146759
0.4526728689670563,2.3037943840026855,0.7596975564956665
0.3596440851688385,2.5816421508789062,0.7596971392631531
0.4287930130958557,2.267814874649048,0.7596964240074158
0.47809547185897827,2.2848503589630127,0.7596957683563232
0.4526146352291107,3.019376277923584,0.7596951127052307
0.4510096609592438,2.93961763381958,0.7596945762634277
0.45353665947914124,2.866564989089966,0.7596940398216248
0.46370306611061096,2.16092586517334,0.7596933841705322
0.4291594326496124,2.267498016357422,0.7596927881240845
0.4224221706390381,2.744624376296997,0.7596922516822815
0.40970489382743835,2.4755465984344482,0.759691596031189
0.39111438393592834,2.2454261779785156,0.7596911191940308
0.43128615617752075,2.599270820617676,0.7596904039382935
0.45452815294265747,2.657353162765503,0.7596901059150696
0.40114760398864746,2.2495899200439453,0.7596892714500427
0.4198375642299652,2.4986374378204346,0.7596886157989502
0.4603661894798279,2.3655717372894287,0.7596880793571472
0.39754682779312134,2.180114984512329,0.7596876621246338
0.4518918991088867,2.23352313041687,0.7596871256828308
0.4095839262008667,2.2006783485412598,0.7596865296363831
0.42530176043510437,2.062208890914917,0.7596859931945801
0.496660977602005,2.1343371868133545,0.7596853375434875
0.5075326561927795,2.362541675567627,0.7596846222877502
0.43437620997428894,2.726720094680786,0.759684145450592
0.44798529148101807,2.790177822113037,0.7596834301948547
0.433464378118515,2.122856855392456,0.7596828937530518
0.3854145407676697,2.5624964237213135,0.7596821188926697
0.3982568383216858,2.8646175861358643,0.7596815228462219
0.4618992805480957,2.3845200538635254,0.7596811056137085
0.4493890404701233,1.9787830114364624,0.759680449962616
0.41304296255111694,2.464994430541992,0.759679913520813
0.41541755199432373,2.3802802562713623,0.7596792578697205
0.40565934777259827,2.148106336593628,0.7596787810325623
0.4286310076713562,2.701411008834839,0.7596781253814697
0.44180142879486084,2.337306499481201,0.7596777081489563
0.46748971939086914,1.973601222038269,0.759676992893219
0.4535410702228546,2.7048075199127197,0.7596762776374817
0.44613608717918396,3.0954129695892334,0.7596755027770996
0.44909176230430603,3.1095757484436035,0.7596749067306519
0.42726293206214905,3.494276762008667,0.7596745491027832
0.4197928011417389,2.4231514930725098,0.7596738934516907
0.4343767464160919,2.239917516708374,0.7596732974052429
0.4228082299232483,2.8877975940704346,0.759672999382019
0.45087113976478577,2.580420970916748,0.759672224521637
0.42268091440200806,2.5178658962249756,0.7596715688705444
0.4554763436317444,3.0538933277130127,0.7596708536148071
0.41832903027534485,2.25495982170105,0.7596701383590698
0.4156382381916046,2.2730772495269775,0.7596695423126221
0.48265326023101807,2.403312921524048,0.7596688866615295
0.45438629388809204,2.7670087814331055,0.7596683502197266
0.38268178701400757,3.0489718914031982,0.7596679329872131
0.4425065219402313,2.7818658351898193,0.7596672773361206
0.41391271352767944,2.9709632396698,0.7596668004989624
0.4735187292098999,2.440178632736206,0.7596662640571594
0.3829682767391205,2.2541556358337402,0.7596656084060669
0.4446626603603363,2.9581117630004883,0.7596648931503296
0.4190577566623688,2.468498468399048,0.7596644163131714
0.4099263548851013,2.6999411582946777,0.7596637010574341
0.409280002117157,2.2967119216918945,0.7596632242202759
0.44495248794555664,3.30965256690979,0.7596626281738281
0.41514116525650024,2.1192245483398438,0.7596621513366699
0.4303857982158661,2.08891224861145,0.7596616744995117
0.42708736658096313,2.949033260345459,0.7596611976623535
0.4158521592617035,2.3879971504211426,0.7596606612205505
0.4263263940811157,2.2754056453704834,0.7596599459648132
0.4356202483177185,3.097689628601074,0.7596593499183655
0.4460529685020447,2.6291749477386475,0.7596586346626282
0.43247637152671814,2.4086456298828125,0.7596583962440491
0.45963385701179504,1.934984803199768,0.7596579194068909
0.39764076471328735,2.3855345249176025,0.7596574425697327
0.4744258522987366,2.711491107940674,0.7596567869186401
0.45540550351142883,2.538987159729004,0.7596561312675476
0.38618627190589905,2.8051483631134033,0.7596555352210999
0.42437705397605896,2.499422073364258,0.7596548795700073
0.37161993980407715,2.7541277408599854,0.7596544027328491
0.45641013979911804,2.3514719009399414,0.7596538066864014
0.43952590227127075,2.68324875831604,0.7596530914306641
0.41113317012786865,3.0178515911102295,0.7596523761749268
0.42369094491004944,2.1481897830963135,0.7596518993377686
0.45859870314598083,2.394413709640503,0.7596511244773865
0.43898704648017883,2.5213277339935303,0.7596506476402283
0.4105055630207062,2.3281772136688232,0.7596497535705566
0.431288480758667,3.1396427154541016,0.7596493363380432
0.43282079696655273,2.7503833770751953,0.759648859500885
0.45449545979499817,2.5819737911224365,0.759648323059082
0.4604003131389618,1.8404227495193481,0.7596479058265686
0.4355987310409546,2.939297914505005,0.7596470713615417
0.4004985988140106,2.6870853900909424,0.7596465349197388
0.434613972902298,2.227982759475708,0.7596458196640015
0.48811987042427063,3.0174496173858643,0.7596451640129089
0.482937753200531,2.3627779483795166,0.7596444487571716
0.39083167910575867,2.9194388389587402,0.7596437335014343
0.43435728549957275,2.6825568675994873,0.7596432566642761
0.44248807430267334,2.7488276958465576,0.7596426010131836
0.4320261776447296,1.938699722290039,0.7596420645713806
0.455615371465683,2.195249080657959,0.7596414089202881
0.3798730671405792,2.5670368671417236,0.7596408128738403
0.4673726558685303,2.6846354007720947,0.759640097618103
0.37294626235961914,3.7726736068725586,0.759639322757721
0.35022449493408203,2.330484628677368,0.7596388459205627
0.4146164655685425,2.232837438583374,0.7596381902694702
0.4384828209877014,2.675253391265869,0.7596376538276672
0.4584057629108429,2.3995909690856934,0.7596369981765747
0.4420756697654724,2.1514925956726074,0.759636402130127
0.40155279636383057,2.438446044921875,0.7596359252929688
0.47493499517440796,2.2335968017578125,0.7596355676651001
0.42796194553375244,2.3681554794311523,0.7596349716186523
0.4439275562763214,2.224468231201172,0.759634256362915
0.4002819359302521,2.197589635848999,0.7596337199211121
0.4731033742427826,2.107090473175049,0.7596330642700195
0.4325537085533142,2.4546115398406982,0.7596325874328613
0.4576294720172882,1.8893383741378784,0.7596317529678345
0.4390278160572052,2.6710939407348633,0.7596312165260315
0.4299238920211792,2.875361680984497,0.7596306204795837
0.4494476616382599,1.8592941761016846,0.7596302628517151
0.4406057596206665,2.397418737411499,0.7596296072006226
0.4474465847015381,2.7866079807281494,0.7596290707588196
0.4457223415374756,3.399738311767578,0.759628415107727
0.440326988697052,2.065999984741211,0.7596279382705688
0.4516352415084839,2.218583106994629,0.759627103805542
0.3702065944671631,3.265075206756592,0.7596267461776733
0.42549872398376465,2.1650803089141846,0.7596260905265808
0.4517817199230194,2.9447154998779297,0.7596256136894226
0.457539439201355,2.8126232624053955,0.7596249580383301
0.4104577600955963,2.2287545204162598,0.7596243023872375
0.4466933012008667,2.640591859817505,0.7596237659454346
0.420529305934906,3.333406925201416,0.759623110294342
0.44670575857162476,2.433314800262451,0.7596223950386047
0.45139816403388977,2.977800130844116,0.7596216797828674
0.41673195362091064,2.2690823078155518,0.7596212029457092
0.4284588396549225,2.805421829223633,0.7596205472946167
0.38813114166259766,2.6022584438323975,0.7596198916435242
0.45331984758377075,2.578408718109131,0.7596193552017212
0.43521225452423096,2.345120668411255,0.7596186399459839
0.3959459364414215,2.1913936138153076,0.7596180438995361
0.4397628605365753,2.1854898929595947,0.7596173882484436
0.4529009163379669,2.0849385261535645,0.7596169114112854
0.43697234988212585,3.124263048171997,0.7596163749694824
0.44633787870407104,2.5863468647003174,0.7596156597137451
0.4356438219547272,2.06315541267395,0.7596150636672974
0.4501764476299286,2.8527212142944336,0.7596144676208496
0.37585797905921936,2.596364736557007,0.7596138119697571
0.45426008105278015,2.2316975593566895,0.7596133947372437
0.39785751700401306,2.5844764709472656,0.7596128582954407
0.4067632853984833,3.2583930492401123,0.7596123814582825
0.4380434453487396,3.0588457584381104,0.7596119046211243
0.40671828389167786,2.371114492416382,0.7596108913421631
0.4205843210220337,2.6430656909942627,0.7596104145050049
0.49287718534469604,2.420509099960327,0.7596098184585571
0.4378001391887665,2.1260666847229004,0.7596094608306885
0.4597495198249817,2.3544912338256836,0.759608805179596
0.4213326871395111,2.559091091156006,0.7596083283424377
0.42330557107925415,2.994805335998535,0.7596077919006348
0.4124199450016022,2.566298007965088,0.7596071362495422
0.41245847940444946,2.256070613861084,0.7596065998077393
0.39977172017097473,2.513361930847168,0.7596059441566467
0.43036821484565735,2.3165018558502197,0.7596055269241333
0.48213228583335876,2.284651756286621,0.7596050500869751
0.4541875422000885,2.440516710281372,0.7596047520637512
0.48209837079048157,2.6451032161712646,0.7596040964126587
0.38665854930877686,2.9481568336486816,0.7596035599708557
0.4623554050922394,2.55802845954895,0.759602963924408
0.450612872838974,2.2389843463897705,0.7596024870872498
0.42264121770858765,2.355947256088257,0.7596020102500916
0.4274536669254303,2.416675090789795,0.7596015334129333
0.4488181173801422,3.1287596225738525,0.759600818157196
0.42695897817611694,2.9924545288085938,0.7596001029014587
0.4771273732185364,2.6682140827178955,0.7595996856689453
0.39891311526298523,2.362290382385254,0.7595993876457214
0.4628891944885254,3.591548442840576,0.7595989108085632
0.399412602186203,2.645585536956787,0.7595983147621155
0.41215863823890686,2.879528284072876,0.7595977783203125
0.39945554733276367,2.7239367961883545,0.7595970630645752
0.42939215898513794,2.657022476196289,0.7595966458320618
0.5025705695152283,1.9342330694198608,0.759596049785614
0.4464821219444275,2.793576955795288,0.7595955729484558
0.4104328155517578,2.4007439613342285,0.7595948576927185
0.44987091422080994,2.5527102947235107,0.7595945596694946
0.43138083815574646,1.9886884689331055,0.7595940828323364
0.42991137504577637,2.5550150871276855,0.7595934867858887
0.43132317066192627,1.9140886068344116,0.7595927715301514
0.47501733899116516,2.8909969329833984,0.7595924139022827
0.45455801486968994,2.5835506916046143,0.7595916390419006
0.4469989240169525,3.6022086143493652,0.759591281414032
0.4341522753238678,2.0135908126831055,0.7595905661582947
0.40092483162879944,2.1350903511047363,0.7595900893211365
0.48090362548828125,2.069641590118408,0.7595894932746887
0.43550097942352295,2.5743675231933594,0.7595890164375305
0.3890734910964966,2.9417240619659424,0.7595884799957275
0.5008717775344849,2.675032615661621,0.7595880627632141
0.41731634736061096,2.3889570236206055,0.7595874667167664
0.44572189450263977,2.731813669204712,0.7595868706703186
0.43577665090560913,2.589085340499878,0.7595860362052917
0.4572146534919739,2.5587291717529297,0.7595854997634888
0.43785417079925537,2.0615594387054443,0.7595850229263306
0.399007648229599,2.3524656295776367,0.759584367275238
0.4416094124317169,2.6135733127593994,0.7595840692520142
0.3741373121738434,2.0490856170654297,0.7595834732055664
0.4324014484882355,2.685760021209717,0.7595829367637634
0.4279387593269348,3.164869785308838,0.7595824599266052
0.4208182394504547,2.416184902191162,0.7595820426940918
0.42601287364959717,2.0122506618499756,0.7595815658569336
0.45783132314682007,2.183887243270874,0.7595809698104858
0.44139280915260315,2.8329555988311768,0.7595804929733276
0.3854786455631256,2.3019447326660156,0.7595798969268799
0.434387743473053,2.692903518676758,0.7595793008804321
0.48250487446784973,2.5478739738464355,0.7595788240432739
0.3813718259334564,2.303462505340576,0.759578287601471
0.49260222911834717,2.1328742504119873,0.7595778703689575
0.4858645498752594,2.273146390914917,0.7595773339271545
0.4424670934677124,2.922646999359131,0.7595767378807068
0.4062731862068176,2.70109486579895,0.7595762014389038
0.40945249795913696,2.0459091663360596,0.759575605392456
0.4292852282524109,2.430445671081543,0.759574830532074
0.46213218569755554,2.166989326477051,0.7595741748809814
0.4893694221973419,3.0246565341949463,0.7595736980438232
0.443173348903656,2.598437547683716,0.759573221206665
0.4472593069076538,2.2915868759155273,0.7595726847648621
0.4645569622516632,3.1648950576782227,0.7595721483230591
0.43423551321029663,2.301682949066162,0.7595716118812561
0.3850712478160858,3.195668935775757,0.7595711350440979
0.4246046245098114,2.227001905441284,0.7595707178115845
0.47501230239868164,2.790940523147583,0.7595701813697815
0.38414520025253296,2.4514901638031006,0.759569525718689
0.4695208966732025,1.7576415538787842,0.759568989276886
0.4171064794063568,2.1685781478881836,0.7595681548118591
0.4401358664035797,3.041942596435547,0.7595676779747009
0.36086899042129517,2.8604094982147217,0.7595672011375427
0.4998873174190521,2.47969126701355,0.7595667243003845
0.4176853895187378,2.5596888065338135,0.7595661282539368
0.4547079801559448,2.8458971977233887,0.7595657706260681
0.3831825256347656,3.04512095451355,0.7595653533935547
0.391543984413147,2.27860426902771,0.7595648765563965
0.4673870801925659,2.234138250350952,0.7595643997192383
0.4145772457122803,2.5167343616485596,0.7595637440681458
0.45445120334625244,2.8141555786132812,0.7595630884170532
0.4490114450454712,2.4120826721191406,0.7595623731613159
0.40844589471817017,2.5075454711914062,0.7595616579055786
0.422465056180954,2.4451074600219727,0.7595611214637756
0.4113237261772156,2.3575475215911865,0.7595605254173279
0.4643319249153137,3.169498920440674,0.7595599293708801
0.3916049897670746,2.2832753658294678,0.7595595121383667
0.42958009243011475,1.9340860843658447,0.7595588564872742
0.41197463870048523,1.952476978302002,0.759558379650116
0.45607680082321167,2.5575296878814697,0.759557843208313
0.4422850012779236,2.148463010787964,0.75955730676651
0.47713613510131836,3.3101630210876465,0.759556770324707
0.42505934834480286,3.055168628692627,0.7595560550689697
0.474689245223999,2.8255867958068848,0.7595555782318115
0.44620996713638306,3.005563974380493,0.7595549821853638
0.4403240978717804,2.4906222820281982,0.7595546841621399
0.44692263007164,2.4881770610809326,0.7595539689064026
0.5043255686759949,2.5988245010375977,0.7595535516738892
0.4288069009780884,2.4371345043182373,0.7595528960227966
0.43940243124961853,2.3471007347106934,0.7595524191856384
0.4187256097793579,2.3116345405578613,0.7595519423484802
0.4477269947528839,2.223785400390625,0.7595513463020325
0.46249502897262573,2.45924973487854,0.7595506906509399
0.38585129380226135,2.533454179763794,0.7595502138137817
0.42233511805534363,2.465489149093628,0.7595495581626892
0.4158724546432495,2.3580901622772217,0.7595488429069519
0.4430661201477051,2.3935577869415283,0.7595483660697937
0.41829389333724976,2.0286977291107178,0.7595477104187012
0.49738073348999023,2.5243303775787354,0.7595471739768982
0.413072794675827,2.796436309814453,0.7595466375350952
0.40027865767478943,2.5835163593292236,0.7595461010932922
0.4335751235485077,2.651867628097534,0.759545624256134
0.4832058548927307,2.900627613067627,0.759545087814331
0.4196532964706421,3.0054214000701904,0.7595444917678833
0.44341471791267395,3.441706418991089,0.7595439553260803
0.36250945925712585,1.903941035270691,0.7595435380935669
0.45463132858276367,2.4076592922210693,0.7595428824424744
0.46119382977485657,2.648132085800171,0.7595425248146057
0.4140361249446869,2.7609446048736572,0.7595419883728027
0.4331725239753723,2.89093279838562,0.7595415115356445
0.3898349702358246,2.087435007095337,0.7595409750938416
0.41813504695892334,2.199467658996582,0.7595404982566833
0.4495832622051239,2.0286331176757812,0.7595398426055908
0.41342368721961975,2.6854376792907715,0.7595391869544983
0.44323408603668213,2.5164151191711426,0.7595385909080505
0.4327423870563507,3.020277500152588,0.7595379948616028
0.47788897156715393,2.919999599456787,0.7595374584197998
0.4136485159397125,2.337719678878784,0.7595369815826416
0.4010627269744873,2.534952163696289,0.7595363855361938
0.41378119587898254,2.1694250106811523,0.7595356702804565
0.4131842851638794,2.5691897869110107,0.759535014629364
0.4488232731819153,2.317269802093506,0.7595344185829163
0.4620420038700104,2.3789007663726807,0.7595339417457581
0.4117576479911804,2.7439699172973633,0.7595334053039551
0.45516258478164673,2.673919439315796,0.7595331072807312
0.4699878692626953,2.4835591316223145,0.7595323920249939
0.440475732088089,2.2642650604248047,0.7595318555831909
0.388894647359848,3.2064247131347656,0.7595313191413879
0.4742303490638733,2.591310977935791,0.759530782699585
0.4721861183643341,2.235837936401367,0.7595300674438477
0.43117693066596985,2.5068490505218506,0.7595293521881104
0.4069708287715912,2.5842080116271973,0.7595286965370178
0.46919143199920654,3.430990695953369,0.7595281600952148
0.5020285844802856,2.6058473587036133,0.7595276832580566
0.462272047996521,2.2290728092193604,0.7595270872116089
0.4901391863822937,3.5641074180603027,0.7595266103744507
0.41804221272468567,2.3861284255981445,0.7595261335372925
0.37296146154403687,2.244147300720215,0.7595255970954895
0.4270344376564026,1.9584134817123413,0.7595248222351074
0.3893778920173645,2.8283441066741943,0.7595242261886597
0.41717955470085144,1.9834102392196655,0.7595235705375671
0.45026037096977234,2.352374792098999,0.7595227360725403
0.45826345682144165,2.73398494720459,0.7595221400260925
0.38799551129341125,2.277783155441284,0.7595215439796448
0.4514886736869812,2.7551069259643555,0.7595210671424866
0.4305221438407898,2.8113999366760254,0.7595206499099731
0.40478986501693726,2.3589766025543213,0.7595200538635254
0.42858612537384033,2.48073148727417,0.7595195770263672
0.40821966528892517,3.0260345935821533,0.7595187425613403
0.4135494828224182,2.185028553009033,0.7595182061195374
0.451842725276947,2.174055337905884,0.7595177292823792
0.47688451409339905,3.144230365753174,0.7595170736312866
0.45466047525405884,2.4657270908355713,0.7595164775848389
0.442902147769928,2.467805862426758,0.759516179561615
0.4525401294231415,2.0070712566375732,0.759515643119812
0.44786322116851807,2.819225788116455,0.7595152854919434
0.44906315207481384,2.978267192840576,0.7595148086547852
0.4212506115436554,2.583575963973999,0.7595140933990479
0.4766809642314911,2.1201415061950684,0.7595136165618896
0.4256648123264313,2.9276084899902344,0.7595129013061523
0.4467521607875824,2.7304372787475586,0.7595124244689941
0.4433201849460602,2.136960983276367,0.7595120072364807
0.3707983195781708,2.292482376098633,0.7595115303993225
0.41693204641342163,2.605984926223755,0.7595112323760986
0.4122982323169708,2.5005364418029785,0.7595105767250061
0.4396846294403076,2.785505771636963,0.7595102787017822
0.3927229344844818,2.3462915420532227,0.7595097422599792
0.4058234989643097,2.353039264678955,0.759509265422821
0.393701434135437,2.383294105529785,0.7595089077949524
0.42350640892982483,2.454289197921753,0.7595083117485046
0.4199400246143341,2.5325264930725098,0.7595078945159912
0.5171790719032288,2.4635324478149414,0.7595073580741882
0.3784269690513611,2.122523307800293,0.7595067024230957
0.48674628138542175,3.0022153854370117,0.759506344795227
0.4404333829879761,1.9833396673202515,0.7595059871673584
0.40187543630599976,2.116365432739258,0.7595053315162659
0.4582153260707855,3.2814931869506836,0.7595047950744629
0.42034292221069336,2.3214094638824463,0.7595043182373047
0.39657312631607056,2.7668821811676025,0.7595037817955017
0.5049299597740173,2.849208116531372,0.7595033645629883
0.4544944167137146,2.5904219150543213,0.7595029473304749
0.4205564856529236,2.374490737915039,0.7595024704933167
0.4618383049964905,2.6952126026153564,0.7595019936561584
0.5231813788414001,2.2479543685913086,0.7595010995864868
0.3873158097267151,2.7541208267211914,0.7595006823539734
0.4675008952617645,2.7340798377990723,0.7595002055168152
0.42390257120132446,2.467805862426758,0.7594996690750122
0.5128408670425415,2.9224953651428223,0.7594990730285645
0.4898054003715515,2.0783989429473877,0.7594988346099854
0.4735197424888611,2.7536497116088867,0.7594983577728271
0.38727790117263794,2.5532889366149902,0.7594980001449585
0.40161895751953125,2.514580249786377,0.7594975233078003
0.46512675285339355,2.9349727630615234,0.7594966888427734
0.4114387333393097,2.579993486404419,0.7594961524009705
0.408561646938324,3.2931809425354004,0.7594955563545227
0.39176511764526367,3.0949525833129883,0.7594949007034302
0.42342013120651245,2.424076557159424,0.7594941854476929
0.4826175570487976,2.7095847129821777,0.759493350982666
0.44968780875205994,2.4927752017974854,0.7594929933547974
0.42106893658638,2.744929075241089,0.7594924569129944
0.48786675930023193,2.6695497035980225,0.7594920992851257
0.4267418086528778,2.914522409439087,0.7594917416572571
0.40233930945396423,2.1604411602020264,0.7594912648200989
0.41994237899780273,2.8740317821502686,0.7594908475875854
0.42485135793685913,2.11016583442688,0.7594903707504272
0.4114081561565399,2.2804574966430664,0.759489893913269
0.4449962377548218,2.4739294052124023,0.7594891786575317
0.3787900507450104,2.8852553367614746,0.759488582611084
0.46803656220436096,2.2643394470214844,0.7594881057739258
0.45375922322273254,2.52158522605896,0.7594874501228333
0.4777289927005768,2.177199125289917,0.7594870924949646
0.4893021285533905,2.3610668182373047,0.759486734867096
0.4247176945209503,2.825329303741455,0.7594864368438721
0.3843003809452057,3.1708898544311523,0.7594857811927795
0.4096713960170746,2.8440465927124023,0.7594853639602661
0.45254260301589966,2.565788745880127,0.7594848871231079
0.49143344163894653,2.4216384887695312,0.7594842910766602
0.4157525599002838,1.973207950592041,0.7594835162162781
0.4394485354423523,2.241809368133545,0.7594829797744751
0.4173979163169861,2.553835153579712,0.7594825625419617
0.42218834161758423,2.2397780418395996,0.7594820857048035
0.3734069764614105,2.7418580055236816,0.75948166847229
0.421261191368103,2.977030038833618,0.7594813108444214
0.44862446188926697,2.545062780380249,0.7594807147979736
0.4337368309497833,2.6005747318267822,0.759480357170105
0.48091331124305725,2.450528144836426,0.7594797611236572
0.44969314336776733,2.9666965007781982,0.7594790458679199
0.46567702293395996,2.653779983520508,0.7594783902168274
0.3744233548641205,2.2903003692626953,0.7594779133796692
0.45181745290756226,2.5730972290039062,0.759477436542511
0.45766013860702515,2.778189182281494,0.7594770193099976
0.399666428565979,2.699826717376709,0.7594765424728394
0.4156625270843506,2.442143440246582,0.7594760060310364
0.44517967104911804,2.506164312362671,0.7594757080078125
0.40778595209121704,2.0719776153564453,0.7594752907752991
0.42626720666885376,3.17429256439209,0.7594748735427856
0.4623531997203827,2.4388949871063232,0.7594744563102722
0.3894111216068268,2.2735486030578613,0.7594739198684692
0.47089987993240356,2.266223192214966,0.7594735026359558
0.4670625627040863,2.211514949798584,0.7594730257987976
0.44169890880584717,2.9432992935180664,0.7594724893569946
0.4671204388141632,3.370776891708374,0.7594720125198364
0.44832655787467957,2.463275671005249,0.759471595287323
0.38544905185699463,2.8802974224090576,0.7594711780548096
0.45459264516830444,2.8002638816833496,0.7594707608222961
0.4004831612110138,2.964110851287842,0.7594702839851379
0.3995450437068939,2.2036895751953125,0.7594698071479797
0.3887357711791992,2.9436442852020264,0.7594694495201111
0.40180519223213196,2.4981651306152344,0.7594689130783081
0.4530457854270935,2.620034694671631,0.7594683766365051
0.3936922252178192,2.2886343002319336,0.7594678401947021
0.44420096278190613,2.4670674800872803,0.7594674825668335
0.4327201843261719,2.6340622901916504,0.7594670057296753
0.38377100229263306,2.1467368602752686,0.7594663500785828
0.3813764154911041,2.786763906478882,0.7594659924507141
0.4014369249343872,2.362957715988159,0.7594655156135559
0.43374550342559814,2.4951441287994385,0.7594648599624634
0.42349761724472046,2.337008237838745,0.7594642043113708
0.46359938383102417,3.211488723754883,0.7594636678695679
0.4848260283470154,2.7076709270477295,0.7594630122184753
0.4429439306259155,2.8507192134857178,0.7594621777534485
0.4494285583496094,2.7720746994018555,0.7594615817070007
0.40516266226768494,2.447075366973877,0.7594611048698425
0.4272783100605011,2.648646354675293,0.75946044921875
0.4225718677043915,2.1544384956359863,0.7594599723815918
0.42302677035331726,2.644474744796753,0.7594594955444336
0.49598464369773865,2.9995992183685303,0.7594588994979858
0.4537714421749115,2.46842360496521,0.7594583630561829
0.40712806582450867,2.567383050918579,0.7594577670097351
0.4425909221172333,2.063479423522949,0.7594572901725769
0.46168166399002075,2.387915849685669,0.7594566941261292
0.4462025761604309,2.652888774871826,0.7594562768936157
0.4469965398311615,2.7801074981689453,0.7594556212425232
0.42739713191986084,2.2246434688568115,0.7594552040100098
0.4839726984500885,2.104628086090088,0.7594546675682068
0.41024070978164673,2.4858760833740234,0.7594542503356934
0.44511085748672485,3.0926601886749268,0.7594537138938904
0.3908039629459381,2.155555009841919,0.7594532370567322
0.4647925794124603,2.1496212482452393,0.7594525814056396
0.3858238756656647,2.3701438903808594,0.7594521045684814
0.4193275272846222,2.2514476776123047,0.7594513893127441
0.4023609757423401,3.272679090499878,0.7594507336616516
0.46342599391937256,2.778430700302124,0.7594503164291382
0.3841952681541443,2.466226100921631,0.75944983959198
0.4297296106815338,2.2726480960845947,0.7594495415687561
0.43548938632011414,2.933461904525757,0.7594489455223083
0.4340686798095703,2.1490275859832764,0.759448230266571
0.4519778788089752,1.983284831047058,0.7594476938247681
0.48721566796302795,3.11466646194458,0.7594470381736755
0.44335073232650757,2.407231092453003,0.7594465017318726
0.4226362407207489,2.6692278385162354,0.7594457864761353
0.45105352997779846,2.2920727729797363,0.7594451904296875
0.4137413799762726,2.3931851387023926,0.759444534778595
0.4448505640029907,2.0994443893432617,0.759443998336792
0.46991783380508423,2.983485221862793,0.759443461894989
0.44449374079704285,2.419590950012207,0.759442925453186
0.4756088852882385,2.61789608001709,0.7594423890113831
0.41428717970848083,2.321199655532837,0.7594420909881592
0.47657865285873413,2.0120842456817627,0.7594416737556458
0.4933262765407562,2.603982448577881,0.7594410181045532
0.39829227328300476,3.0425925254821777,0.759440541267395
0.44586703181266785,2.5219414234161377,0.759440004825592
0.4853242337703705,3.0174379348754883,0.7594395875930786
0.4659707248210907,2.2619476318359375,0.7594391107559204
0.451240599155426,2.307976484298706,0.7594387531280518
0.4201202392578125,2.2516841888427734,0.7594379782676697
0.4702683091163635,3.0465381145477295,0.7594374418258667
0.39321577548980713,2.4063267707824707,0.759436845779419
0.40430083870887756,2.0529794692993164,0.7594366073608398
0.5076382756233215,2.7846388816833496,0.7594361305236816
0.46482840180397034,2.952937602996826,0.7594356536865234
0.4261893332004547,3.041308641433716,0.7594351172447205
0.4622286260128021,3.3111839294433594,0.7594345808029175
0.41738322377204895,2.333669662475586,0.7594338059425354
0.4707021117210388,2.6707382202148438,0.7594331502914429
0.4515002965927124,2.7887070178985596,0.7594325542449951
0.44545677304267883,3.734691858291626,0.7594318985939026
0.43780380487442017,2.6121180057525635,0.7594314217567444
0.4500768184661865,2.55904221534729,0.7594309449195862
0.40637290477752686,2.4312500953674316,0.7594305872917175
0.4570094645023346,2.3797950744628906,0.7594301104545593
0.487394779920578,2.8184244632720947,0.7594295740127563
0.4390079379081726,2.411041736602783,0.7594289183616638
0.3758533298969269,2.590609073638916,0.7594284415245056
0.3676042854785919,2.741734504699707,0.7594277262687683
0.4750019609928131,2.678436040878296,0.7594268918037415
0.4133778214454651,3.1920547485351562,0.7594264149665833
0.4602167308330536,2.6294643878936768,0.7594261169433594
0.46478816866874695,2.90027117729187,0.7594257593154907
0.4584684371948242,2.8750431537628174,0.7594254612922668
0.4874594807624817,2.4159576892852783,0.7594249844551086
0.4578615128993988,2.329139232635498,0.7594243288040161
0.45315060019493103,2.5978829860687256,0.7594239711761475
0.4875713884830475,2.740675926208496,0.7594233155250549
0.4513581693172455,2.147512435913086,0.7594226598739624
0.49278226494789124,2.6122825145721436,0.7594218850135803
0.41077521443367004,2.5629639625549316,0.7594212293624878
0.4061782658100128,3.002840280532837,0.75942063331604
0.43865087628364563,2.42402720451355,0.7594202756881714
0.4441815912723541,2.92608642578125,0.759419858455658
0.4978657364845276,2.93806529045105,0.7594194412231445
0.4722352623939514,2.92952561378479,0.7594189643859863
0.4295855760574341,2.5056607723236084,0.7594184875488281
0.40940046310424805,1.9938935041427612,0.7594179511070251
0.4352220892906189,2.7472894191741943,0.7594174742698669
0.4230726957321167,2.48225998878479,0.759416937828064
0.4232345521450043,2.780230760574341,0.759416401386261
0.4320594072341919,2.244926691055298,0.759415864944458
0.39834389090538025,2.6403982639312744,0.7594153881072998
0.40861496329307556,2.3215482234954834,0.7594148516654968
0.37965765595436096,3.456681966781616,0.7594143152236938
0.467455118894577,3.2896625995635986,0.7594138979911804
0.44312340021133423,2.7476232051849365,0.7594133615493774
0.4451485276222229,2.318399429321289,0.7594131827354431
0.5071672201156616,2.550420045852661,0.7594127655029297
0.49907147884368896,2.2204856872558594,0.7594122886657715
0.4120456576347351,3.4021849632263184,0.7594119906425476
0.4340689778327942,2.171454429626465,0.7594115138053894
0.4171850383281708,2.258284330368042,0.759411096572876
0.3931143581867218,2.347412109375,0.7594104409217834
0.39943236112594604,2.266317844390869,0.7594098448753357
0.4115334153175354,2.713595151901245,0.7594094276428223
0.4765334129333496,2.3172450065612793,0.7594090104103088
0.43708232045173645,2.6388933658599854,0.7594084739685059
0.37927675247192383,2.3474767208099365,0.7594080567359924
0.42436903715133667,2.5234251022338867,0.7594075798988342
0.45222410559654236,2.4663424491882324,0.7594071626663208
0.4388049840927124,2.0279393196105957,0.7594066262245178
0.46515196561813354,2.785550594329834,0.7594062089920044
0.45313310623168945,2.4331626892089844,0.7594056725502014
0.47643473744392395,2.4021999835968018,0.759405255317688
0.3850163221359253,2.5997676849365234,0.7594048380851746
0.4178276062011719,2.233754873275757,0.7594043016433716
0.411938339471817,2.585726022720337,0.7594038248062134
0.4701194763183594,3.114058256149292,0.7594032287597656
0.4134300947189331,2.969336986541748,0.7594025135040283
0.44134819507598877,3.3758585453033447,0.7594018578529358
0.42909640073776245,2.800724506378174,0.7594013810157776
0.4174659550189972,2.299769878387451,0.7594008445739746
0.33645445108413696,2.0938704013824463,0.7594004273414612
0.4899558424949646,2.7129828929901123,0.7593997716903687
0.41779783368110657,2.348276138305664,0.7593994140625
0.4044991135597229,2.1547043323516846,0.7593988180160522
0.4019126296043396,2.460249662399292,0.759398341178894
0.5076808333396912,2.38714337348938,0.7593978047370911
0.4072810709476471,1.8561294078826904,0.7593970894813538
0.444252073764801,2.219331979751587,0.7593966722488403
0.3678099811077118,2.6015450954437256,0.7593962550163269
0.3999544382095337,2.744981527328491,0.7593957185745239
0.47387751936912537,2.287200689315796,0.7593948841094971
0.4317266345024109,2.3769683837890625,0.7593945264816284
0.43355974555015564,2.1952579021453857,0.7593939304351807
0.4103739857673645,2.3494009971618652,0.7593935132026672
0.4437035322189331,2.363448143005371,0.759393036365509
0.41515544056892395,2.7704873085021973,0.759392499923706
0.4365518093109131,2.1479949951171875,0.7593918442726135
0.3995911777019501,2.566155195236206,0.7593913674354553
0.5046885013580322,2.423529624938965,0.7593908905982971
0.4015595018863678,2.6593337059020996,0.7593903541564941
0.4446449279785156,3.0626730918884277,0.7593896389007568
0.4996841847896576,2.2779529094696045,0.7593891024589539
0.41962748765945435,2.412611484527588,0.7593885660171509
0.44389110803604126,2.5644121170043945,0.7593879103660583
0.4452042281627655,2.1578469276428223,0.7593873739242554
0.43730223178863525,2.927635431289673,0.7593867778778076
0.4187365174293518,1.948946237564087,0.7593860626220703
0.42056432366371155,2.287506103515625,0.7593855857849121
0.4943206310272217,2.3148696422576904,0.7593848705291748
0.43444061279296875,2.385437250137329,0.7593843340873718
0.4121945798397064,2.7139928340911865,0.7593838572502136
0.4754315912723541,2.654094696044922,0.7593832612037659
0.4621008336544037,2.966932773590088,0.7593826055526733
0.4143734574317932,2.554628610610962,0.7593820691108704
0.4465678632259369,2.272057294845581,0.7593815922737122
0.4626564681529999,2.081270456314087,0.7593810558319092
0.4769362211227417,2.5067241191864014,0.7593806982040405
0.4240383505821228,2.3382368087768555,0.7593802213668823
0.4296514093875885,2.2459261417388916,0.7593796849250793
0.4685792326927185,2.412126302719116,0.759378969669342
0.43600982427597046,2.4056625366210938,0.7593784332275391
0.4294182360172272,1.9120564460754395,0.7593778967857361
0.36123716831207275,2.499844789505005,0.7593773603439331
0.439642071723938,2.132880449295044,0.7593768835067749
0.4024299383163452,3.098313808441162,0.7593765258789062
0.41932353377342224,2.410433530807495,0.759376049041748
0.41034501791000366,2.3654983043670654,0.7593756318092346
0.44132116436958313,2.7595133781433105,0.759375274181366
0.37591642141342163,2.639572858810425,0.7593746781349182
0.42084845900535583,2.7369627952575684,0.7593743205070496
0.4500729739665985,2.689500570297241,0.759373664855957
0.43831145763397217,2.9947762489318848,0.7593730688095093
0.42120620608329773,1.9622501134872437,0.7593727707862854
0.4056749641895294,2.594043254852295,0.7593722343444824
0.44187086820602417,2.8065879344940186,0.7593716382980347
0.42406165599823,2.220559597015381,0.7593712210655212
0.39110395312309265,2.5177581310272217,0.759370744228363
0.4205874502658844,2.2728190422058105,0.7593702673912048
0.4311429262161255,2.466107130050659,0.7593697905540466
0.47376564145088196,2.4288434982299805,0.7593693137168884
0.43476712703704834,2.2055678367614746,0.7593687772750854
0.42772409319877625,2.666290760040283,0.7593681812286377
0.41762101650238037,2.3810133934020996,0.7593676447868347
0.4996918737888336,2.7825894355773926,0.7593671679496765
0.4366503059864044,2.848994731903076,0.7593666911125183
0.45442572236061096,2.514421224594116,0.7593662142753601
0.40891051292419434,2.510647773742676,0.7593657970428467
0.4784868657588959,2.2271649837493896,0.7593651413917542
0.4127693176269531,2.3518309593200684,0.7593646049499512
0.4429732859134674,1.990577220916748,0.759364128112793
0.4572952091693878,2.7742114067077637,0.7593633532524109
0.400820255279541,2.4509658813476562,0.7593628764152527
0.4765574634075165,2.17789888381958,0.7593623995780945
0.4522680640220642,2.5428214073181152,0.7593616843223572
0.4792124927043915,2.7053046226501465,0.7593612670898438
0.3944883346557617,2.3017525672912598,0.7593605518341064
0.479715496301651,2.4798009395599365,0.7593599557876587
0.4220075011253357,2.5677151679992676,0.7593593597412109
0.45364925265312195,2.3591530323028564,0.7593587040901184
0.4371590316295624,2.4652974605560303,0.7593581676483154
0.4139356017112732,2.6520092487335205,0.7593576908111572
0.40661656856536865,2.0310280323028564,0.7593571543693542
0.4069361686706543,2.5502431392669678,0.7593564987182617
0.4620760381221771,2.8642897605895996,0.7593558430671692
0.3985026478767395,3.0396945476531982,0.7593551278114319
0.4694553017616272,2.640211582183838,0.7593547105789185
0.47429290413856506,2.289707660675049,0.7593540549278259
0.47919002175331116,2.5490052700042725,0.759353518486023
0.38118472695350647,2.2607624530792236,0.75935298204422
0.44303572177886963,2.7281272411346436,0.7593523263931274
0.42195409536361694,2.483200788497925,0.7593517303466797
0.4911879599094391,2.361898422241211,0.7593511939048767
0.4564717411994934,2.7622427940368652,0.7593507766723633
0.43635427951812744,2.7330141067504883,0.7593502402305603
0.4140472412109375,2.3445053100585938,0.7593498229980469
0.44683051109313965,2.3172318935394287,0.7593494057655334
0.4462831914424896,2.1061882972717285,0.7593490481376648
0.41164833307266235,2.9416940212249756,0.759348452091217
0.4529736340045929,2.1605865955352783,0.7593480348587036
0.448731005191803,2.663806438446045,0.759347677230835
0.43181976675987244,1.9779232740402222,0.7593472599983215
0.4337272644042969,2.396158456802368,0.7593467831611633
0.40416669845581055,3.2286183834075928,0.7593461871147156
0.4275056719779968,2.4129130840301514,0.7593458890914917
0.4264342486858368,2.0864760875701904,0.7593454122543335
0.43478843569755554,2.590393304824829,0.7593448758125305
0.451608806848526,2.3312466144561768,0.7593443989753723
0.514380156993866,2.7047996520996094,0.7593440413475037
0.4735824763774872,2.0852200984954834,0.7593436241149902
0.4104181230068207,2.410167932510376,0.7593429088592529
0.3987698554992676,2.2365710735321045,0.75934237241745
0.4732052981853485,2.787504196166992,0.7593420743942261
0.3988950252532959,2.0597617626190186,0.7593414783477783
0.4365607500076294,2.5509817600250244,0.7593408226966858
0.4792167544364929,2.191459894180298,0.7593403458595276
0.42574065923690796,2.922208309173584,0.7593398094177246
0.39822787046432495,2.6222925186157227,0.7593391537666321
0.42563459277153015,2.260507106781006,0.7593387365341187
0.4559934437274933,1.9865365028381348,0.7593384385108948
0.4820803701877594,2.066704511642456,0.7593379616737366
0.387419193983078,2.228800058364868,0.7593373656272888
0.4022434949874878,2.5062026977539062,0.7593367695808411
0.44751906394958496,2.378622531890869,0.7593362927436829
0.4354431927204132,3.001530170440674,0.7593356370925903
0.43101149797439575,2.1539437770843506,0.7593350410461426
0.4166833758354187,2.846036434173584,0.7593345642089844
0.45351526141166687,2.1220791339874268,0.7593340277671814
0.4077867865562439,2.9475350379943848,0.7593331933021545
0.46696439385414124,2.8524630069732666,0.7593328356742859
0.4375072717666626,2.809417247772217,0.7593323588371277
0.4349108040332794,2.6290297508239746,0.7593318819999695
0.4243442118167877,2.358241558074951,0.759331226348877
0.3852023482322693,2.503535032272339,0.7593308091163635
0.4285288453102112,2.7753002643585205,0.7593303322792053
0.4180528223514557,3.1138527393341064,0.7593298554420471
0.4913634657859802,2.554685354232788,0.7593294382095337
0.42853403091430664,2.593919038772583,0.759329080581665
0.38190627098083496,2.6332476139068604,0.7593284845352173
0.44716811180114746,2.6258273124694824,0.7593280076980591
0.42784804105758667,2.0553979873657227,0.7593277096748352
0.40229418873786926,1.8588759899139404,0.7593272924423218
0.4783273935317993,2.002286434173584,0.7593268156051636
0.45911073684692383,2.983400821685791,0.7593263387680054
0.47734007239341736,2.048825263977051,0.7593258619308472
0.44139495491981506,2.7065374851226807,0.7593252658843994
0.4644502103328705,2.278205156326294,0.7593247294425964
0.5038657188415527,2.464548110961914,0.7593242526054382
0.45632505416870117,2.7260727882385254,0.7593236565589905
0.42862188816070557,2.444580078125,0.7593233585357666
0.49011480808258057,2.4932968616485596,0.7593229413032532
0.43221595883369446,1.959140419960022,0.7593224048614502
0.423255980014801,2.3600106239318848,0.7593220472335815
0.43419337272644043,2.62273907661438,0.7593214511871338
0.4592464864253998,2.5258212089538574,0.759320855140686
0.4091680943965912,2.985574722290039,0.7593203783035278
0.4490663409233093,2.51755428314209,0.7593196630477905
0.4525165557861328,2.717569351196289,0.7593191266059875
0.41275155544281006,2.8863463401794434,0.7593186497688293
0.42079299688339233,2.540985584259033,0.7593181133270264
0.4238360524177551,2.488274335861206,0.7593176364898682
0.42891210317611694,2.712918758392334,0.75931715965271
0.4244600534439087,2.3475584983825684,0.759316623210907
0.45487380027770996,2.339442253112793,0.7593162059783936
0.4009440541267395,2.304774045944214,0.7593156695365906
0.46884801983833313,2.6524574756622314,0.7593150734901428
0.5157449841499329,2.2663238048553467,0.7593144774436951
0.45264101028442383,2.2477636337280273,0.7593140602111816
0.5133817195892334,2.1928062438964844,0.7593134641647339
0.44102492928504944,2.4889376163482666,0.7593131065368652
0.4932681918144226,2.248080253601074,0.759312629699707
0.4582993984222412,2.9332222938537598,0.7593122720718384
0.44771865010261536,2.8965389728546143,0.7593116164207458
0.4159897267818451,2.262077569961548,0.7593110203742981
0.44969040155410767,3.1081483364105225,0.7593104243278503
0.4184645712375641,2.269279956817627,0.7593099474906921
0.4190817177295685,2.3028385639190674,0.7593096494674683
0.4131457507610321,2.0953803062438965,0.7593091726303101
0.4305160939693451,2.887712001800537,0.7593086957931519
0.3939155042171478,2.216493606567383,0.7593085169792175
0.40986761450767517,2.260035276412964,0.7593079805374146
0.3920406401157379,2.680267572402954,0.7593075633049011
0.42639586329460144,2.8821487426757812,0.7593070864677429
0.45717909932136536,2.007904529571533,0.7593064904212952
0.4987647831439972,2.3945937156677246,0.7593058943748474
0.40485209226608276,2.14312744140625,0.7593051195144653
0.4537709653377533,2.095278024673462,0.7593046426773071
0.44427525997161865,2.6523797512054443,0.7593040466308594
0.4379282295703888,2.5293643474578857,0.7593035697937012
0.40815913677215576,2.822509288787842,0.7593030333518982
0.42596790194511414,2.4982457160949707,0.75930255651474
0.45402202010154724,2.6013379096984863,0.759302020072937
0.40041816234588623,2.74545955657959,0.759301483631134
0.42575496435165405,2.98138689994812,0.7593008875846863
0.4805692136287689,2.419398546218872,0.7593004107475281
0.4320415258407593,2.896368980407715,0.7592999339103699
0.3686296343803406,2.2734949588775635,0.7592992782592773
0.4524542987346649,2.808990955352783,0.7592988014221191
0.388457715511322,2.456510066986084,0.7592981457710266
0.43297621607780457,2.5829970836639404,0.7592976093292236
0.38339537382125854,2.261448860168457,0.7592971324920654
0.45535922050476074,2.769022226333618,0.7592965364456177
0.38450369238853455,2.5766549110412598,0.7592960596084595
0.42804816365242004,2.7331175804138184,0.7592955231666565
0.4633098840713501,2.4291505813598633,0.7592949867248535
0.4424116313457489,1.6324496269226074,0.7592943906784058
0.4058389663696289,2.3793437480926514,0.7592939734458923
0.41806212067604065,2.8944053649902344,0.7592934966087341
0.44419729709625244,2.805213212966919,0.7592929005622864
0.47627657651901245,2.2676620483398438,0.7592923045158386
0.3980219066143036,2.4092416763305664,0.7592918276786804
0.4263260066509247,2.6741878986358643,0.7592910528182983
0.44904625415802,2.0491034984588623,0.7592905759811401
0.4277016222476959,3.01059889793396,0.7592901587486267
0.42853844165802,1.9949619770050049,0.7592897415161133
0.4264048635959625,2.105281352996826,0.7592892050743103
0.43583884835243225,2.0199501514434814,0.7592886090278625
0.45212966203689575,2.2254834175109863,0.7592882513999939
0.4593912661075592,2.721144437789917,0.7592878341674805
0.4117089807987213,2.9019668102264404,0.7592872381210327
0.4488314092159271,2.8631632328033447,0.7592867612838745
0.44442179799079895,2.610198497772217,0.7592861652374268
0.4398570954799652,2.9568638801574707,0.7592857480049133
0.4072408974170685,2.4939043521881104,0.7592853307723999
0.4469892084598541,2.2427709102630615,0.7592848539352417
0.430673211812973,2.090177059173584,0.7592843770980835
0.43742287158966064,2.0991315841674805,0.7592839002609253
0.4336511194705963,2.8879964351654053,0.7592835426330566
0.4117128252983093,2.3638710975646973,0.7592830657958984
0.44343677163124084,2.7758452892303467,0.7592827677726746
0.446177214384079,2.3379693031311035,0.7592823505401611
0.3834032416343689,3.472452402114868,0.7592817544937134
0.4034658670425415,3.1444108486175537,0.7592812180519104
0.40398895740509033,2.5677649974823,0.7592805027961731
0.4438828229904175,2.975484848022461,0.7592801451683044
0.4489287734031677,2.663707971572876,0.7592795491218567
0.4649427831172943,3.0411536693573,0.7592791318893433
0.4712323546409607,2.7834348678588867,0.7592787742614746
0.46013402938842773,2.866039991378784,0.7592781186103821
0.42018553614616394,2.3840882778167725,0.7592777013778687
0.4646523892879486,2.6660826206207275,0.7592770457267761
0.4441732168197632,3.410818576812744,0.7592763304710388
0.394859254360199,2.846137285232544,0.7592757940292358
0.44877395033836365,2.380096912384033,0.759274959564209
0.4647071659564972,2.4473559856414795,0.7592746615409851
0.49628952145576477,2.5514931678771973,0.7592740058898926
0.46576109528541565,2.7929720878601074,0.7592736482620239
0.42521989345550537,1.7760940790176392,0.7592730522155762
0.4112369120121002,2.8817691802978516,0.759272575378418
0.4039081037044525,2.782834529876709,0.7592720985412598
0.4005981683731079,2.342423439025879,0.7592716217041016
0.396261066198349,1.9441895484924316,0.7592712044715881
0.4710965156555176,2.183964729309082,0.7592708468437195
0.4762097895145416,2.869476556777954,0.7592702507972717
0.44103825092315674,2.2703747749328613,0.7592697143554688
0.4435010552406311,2.3197078704833984,0.759269118309021
0.4607059061527252,2.086409568786621,0.759268581867218
0.4963148832321167,2.7639613151550293,0.7592681050300598
0.42881491780281067,2.744490385055542,0.7592674493789673
0.43889713287353516,2.705381393432617,0.7592670321464539
0.42461150884628296,2.092313051223755,0.7592664957046509
0.4604291319847107,2.4736852645874023,0.7592658996582031
0.4282696545124054,2.6311850547790527,0.7592655420303345
0.4827299416065216,2.484837532043457,0.7592651844024658
0.45569291710853577,2.2000060081481934,0.7592647075653076
0.4856604039669037,2.814333438873291,0.7592639923095703
0.46944403648376465,2.2085559368133545,0.7592635750770569
0.48892179131507874,2.7649614810943604,0.7592629790306091
0.42591148614883423,2.142346143722534,0.7592625021934509
0.3880346119403839,2.6427721977233887,0.759261965751648
0.42447152733802795,2.0502796173095703,0.7592614889144897
0.43348708748817444,2.249682903289795,0.7592609524726868
0.4884706735610962,2.294625759124756,0.7592606544494629
0.5018877983093262,2.6656720638275146,0.7592600584030151
0.4390032887458801,2.824676275253296,0.7592596411705017
0.40817514061927795,2.5611093044281006,0.7592589259147644
0.45493072271347046,2.966265916824341,0.7592584490776062
0.45898863673210144,2.2145512104034424,0.759257972240448
0.3959057033061981,2.8480594158172607,0.7592575550079346
0.4670522212982178,1.8255640268325806,0.7592570185661316
0.4141480028629303,2.299053430557251,0.7592567801475525
0.43463605642318726,2.4947361946105957,0.7592563033103943
0.4346892833709717,1.7646450996398926,0.7592558264732361
0.40619224309921265,2.3771162033081055,0.7592552304267883
0.4514143168926239,2.963803291320801,0.7592546343803406
0.39154544472694397,2.0367136001586914,0.7592542171478271
0.4034346044063568,2.6726348400115967,0.759253740310669
0.4083981215953827,2.549872875213623,0.7592531442642212
0.419310986995697,2.3674509525299072,0.7592526078224182
0.41071048378944397,2.5940377712249756,0.7592520713806152
0.4439956843852997,2.5333356857299805,0.759251594543457
0.41076385974884033,2.588127613067627,0.7592509984970093
0.4475923478603363,2.3818459510803223,0.7592504620552063
0.43769240379333496,2.4371731281280518,0.7592499852180481
0.4648526906967163,2.848611354827881,0.7592493295669556
0.4652943015098572,2.778655529022217,0.759248673915863
0.4016440510749817,3.091665506362915,0.7592482566833496
0.4425497353076935,1.937887191772461,0.7592477202415466
0.39040490984916687,2.6742537021636963,0.7592471837997437
0.4388681650161743,2.658414125442505,0.7592467665672302
0.4457944333553314,1.8579002618789673,0.759246289730072
0.40462347865104675,2.9357478618621826,0.7592458128929138
0.40369367599487305,2.463683605194092,0.7592450976371765
0.4231495261192322,2.7408993244171143,0.7592445015907288
0.41499197483062744,3.0944998264312744,0.7592439651489258
0.48295173048973083,2.4707376956939697,0.7592434883117676
0.40465959906578064,2.3176212310791016,0.7592431306838989
0.4345632791519165,2.3691341876983643,0.7592426538467407
0.4422611892223358,2.3165228366851807,0.7592421174049377
0.4052530825138092,2.2568039894104004,0.7592417001724243
0.4444112181663513,2.2786054611206055,0.759240984916687
0.430305540561676,1.9667069911956787,0.7592402696609497
0.40221479535102844,1.924132227897644,0.759239912033081
0.3623763918876648,2.3931984901428223,0.7592394351959229
0.4998416006565094,3.478700637817383,0.7592388987541199
0.4463833272457123,2.3545775413513184,0.7592384219169617
0.46155261993408203,2.6877121925354004,0.7592377662658691
0.44234320521354675,2.008319854736328,0.7592372894287109
0.4135890007019043,2.7059223651885986,0.7592368721961975
0.4704321324825287,2.237133264541626,0.7592361569404602
0.38244354724884033,2.2074053287506104,0.7592357397079468
0.4479236602783203,2.8701415061950684,0.7592352032661438
0.4105988144874573,2.2655296325683594,0.7592347264289856
0.40346044301986694,2.164254665374756,0.7592341899871826
0.44604453444480896,2.1723010540008545,0.7592336535453796
0.4223712682723999,2.615595579147339,0.7592331767082214
0.4207284152507782,2.8848745822906494,0.7592326998710632
0.41823333501815796,2.028108835220337,0.7592321038246155
0.46537116169929504,2.518446683883667,0.7592315673828125
0.4044208526611328,2.411149024963379,0.7592310309410095
0.38105106353759766,2.0615756511688232,0.7592304944992065
0.4335556626319885,2.1836609840393066,0.7592300772666931
0.48636236786842346,1.9690799713134766,0.7592296004295349
0.47297605872154236,2.457228183746338,0.7592290043830872
0.5171869397163391,2.323317289352417,0.759228527545929
0.4265905022621155,2.2842276096343994,0.7592280507087708
0.45676305890083313,3.2242674827575684,0.7592276334762573
0.39629149436950684,2.2668776512145996,0.7592271566390991
0.3964633345603943,2.1837351322174072,0.7592266798019409
0.39809587597846985,2.3786439895629883,0.7592262029647827
0.40331757068634033,1.767158031463623,0.7592257261276245
0.4186190664768219,2.3485896587371826,0.7592251896858215
0.3905329406261444,2.1464545726776123,0.7592245936393738
0.45011505484580994,2.366626501083374,0.7592238783836365
0.4836215078830719,2.5988147258758545,0.7592235803604126
0.44253256916999817,1.918125033378601,0.7592229843139648
0.465768039226532,2.237569570541382,0.7592225074768066
0.44506269693374634,2.4538166522979736,0.7592219710350037
0.41399264335632324,2.34603214263916,0.7592216730117798
0.41581785678863525,2.853168487548828,0.759221076965332
0.4722348749637604,2.700988292694092,0.7592204213142395
0.4199383556842804,2.4045803546905518,0.7592199444770813
0.3279441297054291,2.5195252895355225,0.7592194676399231
0.38659384846687317,2.5633459091186523,0.7592191100120544
0.4218426048755646,3.0273170471191406,0.7592185139656067
0.45360931754112244,3.044492483139038,0.7592180967330933
0.43907561898231506,2.346341133117676,0.7592175006866455
0.4567750096321106,2.276238441467285,0.7592169046401978
0.47022733092308044,2.2045254707336426,0.7592164278030396
0.47592058777809143,2.768040895462036,0.7592160105705261
0.4590948522090912,2.4812819957733154,0.7592154741287231
0.39161479473114014,2.3634583950042725,0.7592151761054993
0.4574187695980072,1.8688422441482544,0.7592145800590515
0.4507293701171875,2.3247084617614746,0.7592140436172485
0.4395173490047455,2.364593744277954,0.7592136263847351
0.46437689661979675,3.206085681915283,0.7592132091522217
0.4843597412109375,2.6763319969177246,0.7592126131057739
0.4346836805343628,2.451603889465332,0.7592119574546814
0.4894878566265106,2.2276999950408936,0.759211540222168
0.43532565236091614,2.258375644683838,0.7592110633850098
0.46401500701904297,2.8633439540863037,0.7592105865478516
0.46057164669036865,2.6133079528808594,0.7592101097106934
0.4777168035507202,2.26637601852417,0.7592095136642456
0.4182299077510834,2.5258727073669434,0.7592087984085083
0.4781440496444702,2.2993576526641846,0.7592085003852844
0.41685447096824646,2.4670488834381104,0.7592078447341919
0.42440590262413025,2.2643861770629883,0.7592073678970337
0.3885328471660614,1.9787267446517944,0.7592068910598755
0.40008899569511414,2.5448052883148193,0.7592064142227173
0.4551604986190796,1.7935558557510376,0.7592058181762695
0.4631149172782898,2.9457030296325684,0.7592051029205322
0.4267319440841675,3.129788875579834,0.7592048645019531
0.4525507986545563,2.026397228240967,0.7592043280601501
0.4247286021709442,1.993475317955017,0.7592038512229919
0.40960368514060974,2.0427939891815186,0.7592032551765442
0.416618287563324,2.5656626224517822,0.7592028975486755
0.3799043595790863,2.1110007762908936,0.7592024803161621
0.4289783239364624,2.020963668823242,0.7592019438743591
0.3671253025531769,2.969017744064331,0.7592015266418457
0.4137871563434601,2.9105985164642334,0.759200930595398
0.44064202904701233,2.4210047721862793,0.7592004537582397
0.4556371569633484,2.4149677753448486,0.7591996788978577
0.4415399730205536,2.141963005065918,0.7591992616653442
0.438566654920578,2.211782455444336,0.759198784828186
0.4483391046524048,2.9357516765594482,0.7591983675956726
0.5091060996055603,2.729341506958008,0.7591978907585144
0.473755419254303,2.536790132522583,0.7591975331306458
0.39853590726852417,3.010411024093628,0.7591971158981323
0.4196709990501404,1.9114880561828613,0.7591966986656189
0.42068731784820557,2.7246944904327393,0.7591961622238159
0.43746232986450195,2.4126009941101074,0.7591956853866577
0.39942553639411926,2.661406993865967,0.7591950297355652
0.42335963249206543,2.014643907546997,0.759194552898407
0.42426612973213196,2.533984661102295,0.7591939568519592
0.4514676332473755,2.6193201541900635,0.7591934204101562
0.4352763295173645,2.514573574066162,0.7591928243637085
0.44376835227012634,2.3661117553710938,0.7591925263404846
0.46450820565223694,2.6658315658569336,0.7591920495033264
0.3889985680580139,2.1477928161621094,0.7591915130615234
0.459923654794693,2.6353254318237305,0.7591909766197205
0.3991273045539856,2.250545024871826,0.7591904997825623
0.41727083921432495,2.8188230991363525,0.759190022945404
0.4153231978416443,2.554388999938965,0.7591894865036011
0.4290022552013397,2.0602359771728516,0.7591889500617981
0.3905905783176422,2.6514453887939453,0.7591882944107056
0.4594137370586395,2.2085964679718018,0.7591878175735474
0.45310133695602417,2.3533589839935303,0.7591874003410339
0.49136480689048767,2.2849998474121094,0.759186863899231
0.39627403020858765,2.1804449558258057,0.7591865062713623
0.4326056241989136,2.755186080932617,0.7591858506202698
0.4573158919811249,2.5989789962768555,0.7591853141784668
0.44604358077049255,2.304175615310669,0.7591848373413086
0.44250085949897766,2.6070632934570312,0.7591841816902161
0.4436612129211426,2.509469985961914,0.7591837644577026
0.4352516531944275,2.2627291679382324,0.7591832876205444
0.42068275809288025,2.482295274734497,0.7591827511787415
0.423757404088974,2.1531920433044434,0.7591822743415833
0.41900938749313354,2.893488645553589,0.759181797504425
0.4076712727546692,2.6063361167907715,0.7591813802719116
0.4377031624317169,2.762491464614868,0.7591807246208191
0.4632062315940857,2.862244129180908,0.7591802477836609
0.43606826663017273,2.553602457046509,0.7591797113418579
0.39995715022087097,3.0496890544891357,0.7591792941093445
0.45538556575775146,2.182760715484619,0.759178638458252
0.45389610528945923,2.3235087394714355,0.7591779828071594
0.399991899728775,2.356431484222412,0.7591776251792908
0.457364559173584,2.069791078567505,0.7591772675514221
0.41890960931777954,2.096851110458374,0.7591766715049744
0.4785463511943817,3.047764778137207,0.7591760754585266
0.4516633152961731,2.2685303688049316,0.7591755986213684
0.4278496503829956,2.746185064315796,0.7591751217842102
0.49806398153305054,2.230890989303589,0.7591748237609863
0.45420119166374207,2.553574323654175,0.7591744065284729
0.45806798338890076,2.4535109996795654,0.7591738700866699
0.44637182354927063,2.6130218505859375,0.7591734528541565
0.4846080243587494,2.696988344192505,0.7591730356216431
0.3845268785953522,1.9233461618423462,0.7591723799705505
0.42345985770225525,2.4334850311279297,0.7591719031333923
0.5084639191627502,2.439429998397827,0.7591713666915894
0.43978267908096313,2.885000228881836,0.7591707706451416
0.43462592363357544,2.5238125324249268,0.7591702938079834
0.4100467264652252,3.8245034217834473,0.7591698169708252
0.41574013233184814,1.9676146507263184,0.759169340133667
0.4495623707771301,2.8538589477539062,0.7591689229011536
0.4575881063938141,2.686603546142578,0.7591686248779297
0.4220907390117645,2.459040880203247,0.7591682076454163
0.46795642375946045,2.5492184162139893,0.7591678500175476
0.4183014929294586,2.5786712169647217,0.759167492389679
0.3670857846736908,2.6634039878845215,0.7591670751571655
0.4143902063369751,2.1648762226104736,0.7591664791107178
0.41033780574798584,2.4542007446289062,0.7591658234596252
0.4853467047214508,2.7351536750793457,0.7591652870178223
0.3927083909511566,2.936598300933838,0.7591649293899536
0.4063730835914612,3.1163582801818848,0.7591644525527954
0.42355939745903015,2.5047385692596436,0.7591637969017029
0.49986204504966736,2.5040621757507324,0.7591634392738342
0.41994917392730713,2.4676876068115234,0.7591628432273865
0.4365552067756653,3.096165657043457,0.7591623067855835
0.46777936816215515,2.0591652393341064,0.759161651134491
0.45544201135635376,2.4931507110595703,0.7591609954833984
0.4042830169200897,2.2741522789001465,0.759160578250885
0.4067278206348419,2.375797986984253,0.7591601014137268
0.42206111550331116,2.2883567810058594,0.7591596245765686
0.4622960090637207,2.072399616241455,0.7591592669487
0.3869647979736328,2.1184659004211426,0.7591586112976074
0.4100657105445862,2.225057363510132,0.7591581344604492
0.41011038422584534,2.2347147464752197,0.7591574788093567
0.42770838737487793,2.1807608604431152,0.7591570019721985
0.45586729049682617,2.3772318363189697,0.7591564059257507
0.4622823894023895,1.8809438943862915,0.759155809879303
0.4158591032028198,1.879050850868225,0.7591553926467896
0.3835267424583435,2.2939858436584473,0.759154736995697
0.4429071843624115,2.2689239978790283,0.7591542601585388
0.43286681175231934,3.6539080142974854,0.7591537237167358
0.38761237263679504,2.7429490089416504,0.7591531276702881
0.478697270154953,2.7069883346557617,0.7591525912284851
0.46315425634384155,2.0774073600769043,0.7591522932052612
0.4716295599937439,2.6981120109558105,0.7591518759727478
0.4322933852672577,2.2297849655151367,0.7591513991355896
0.4788006544113159,2.8519227504730225,0.7591507434844971
0.4611721634864807,2.4791483879089355,0.7591504454612732
0.38837310671806335,2.4429240226745605,0.7591498494148254
0.4509274959564209,2.7043631076812744,0.759149432182312
0.4102594554424286,2.310758352279663,0.759148895740509
0.4097343981266022,2.5781638622283936,0.759148359298706
0.4540487825870514,2.4118096828460693,0.7591477632522583
0.4233566224575043,2.2509946823120117,0.7591472864151001
0.4893707036972046,2.4484870433807373,0.7591468095779419
0.4356110990047455,2.1313092708587646,0.7591462731361389
0.4226316213607788,2.9975337982177734,0.7591456770896912
0.4688599407672882,1.7704789638519287,0.7591451406478882
0.4366426467895508,2.4910643100738525,0.7591447234153748
0.4357913136482239,2.1421494483947754,0.7591442465782166
0.45525258779525757,2.6007938385009766,0.7591438293457031
0.4211042821407318,2.9521753787994385,0.7591432929039001
0.3891037702560425,2.3203182220458984,0.7591428756713867
0.470899760723114,2.5642447471618652,0.7591422200202942
0.3941570818424225,2.366483688354492,0.7591419219970703
0.41892337799072266,2.4588828086853027,0.7591414451599121
0.39148351550102234,2.7601430416107178,0.7591409683227539
0.4506281912326813,1.9686076641082764,0.7591406106948853
0.48967379331588745,2.820732355117798,0.759140133857727
0.46538347005844116,2.219550371170044,0.7591396570205688
0.4959079623222351,2.198540449142456,0.7591391205787659
0.3816509544849396,1.9043998718261719,0.7591386437416077
0.43744906783103943,2.4754996299743652,0.7591380476951599
0.42371538281440735,2.0486717224121094,0.7591374516487122
0.41472646594047546,3.3564929962158203,0.7591370344161987
0.42257240414619446,2.998805046081543,0.759136438369751
0.4396531581878662,2.370304584503174,0.759135901927948
0.39997759461402893,2.6941471099853516,0.7591354250907898
0.4321942925453186,2.838198661804199,0.7591350078582764
0.4369560182094574,2.4263088703155518,0.7591343522071838
0.3761635422706604,2.3676469326019287,0.7591338157653809
0.4592432379722595,2.2999823093414307,0.7591332793235779
0.4063199460506439,2.2324042320251465,0.7591326832771301
0.47600653767585754,2.565955638885498,0.7591321468353271
0.3376099467277527,2.688312530517578,0.7591314911842346
0.4623695909976959,2.938588857650757,0.7591309547424316
0.3890361189842224,2.556378126144409,0.7591305375099182
0.4691644310951233,1.8986105918884277,0.75913006067276
0.42055341601371765,2.5125551223754883,0.7591294646263123
0.3453713655471802,2.8520267009735107,0.7591291069984436
0.42755475640296936,2.808272361755371,0.7591286301612854
0.44131460785865784,2.845388889312744,0.7591282725334167
0.424494206905365,2.6171610355377197,0.7591277956962585
0.3964826166629791,2.149120807647705,0.7591273784637451
0.3839966356754303,2.1180837154388428,0.7591268420219421
0.45503348112106323,2.3528711795806885,0.7591264247894287
0.4336411952972412,2.20524263381958,0.7591259479522705
0.4009247422218323,2.183293104171753,0.7591255307197571
0.36057960987091064,2.7482826709747314,0.7591249346733093
0.45245641469955444,2.5082123279571533,0.7591243386268616
0.36994147300720215,2.3632609844207764,0.7591239213943481
0.45099306106567383,2.4772675037384033,0.7591233849525452
0.4614563584327698,2.702293872833252,0.7591230869293213
0.3737782835960388,2.7417900562286377,0.7591226696968079
0.46105825901031494,2.2758898735046387,0.759122371673584
0.43992140889167786,2.2802209854125977,0.7591217160224915
0.4493004083633423,2.718576192855835,0.7591213583946228
0.44468218088150024,2.5295045375823975,0.7591208815574646
0.42932435870170593,2.6490840911865234,0.7591202855110168
0.4202738404273987,2.399658679962158,0.7591199278831482
0.4422307014465332,2.471562385559082,0.75911945104599
0.4344903528690338,2.448314905166626,0.7591190338134766
0.39810219407081604,2.4612059593200684,0.7591184973716736
0.4557444155216217,2.5602903366088867,0.7591180205345154
0.45571014285087585,2.4970293045043945,0.7591175436973572
0.4269385039806366,2.6401989459991455,0.7591173052787781
0.46338632702827454,2.041024684906006,0.7591168284416199
0.43832632899284363,2.1149251461029053,0.7591162323951721
0.42426833510398865,2.295076370239258,0.7591157555580139
0.4366764724254608,2.377645254135132,0.7591150403022766
0.41340431571006775,2.5149457454681396,0.7591145634651184
0.5020507574081421,2.950514078140259,0.759114146232605
0.4212814271450043,2.6141650676727295,0.759113609790802
0.4481249451637268,2.299938917160034,0.7591131329536438
0.43165868520736694,2.2255117893218994,0.7591126561164856
0.46214377880096436,2.6033496856689453,0.7591121792793274
0.4581814110279083,2.1192679405212402,0.759111762046814
0.46750837564468384,2.1868536472320557,0.7591111063957214
0.4419015347957611,2.451470375061035,0.7591104507446289
0.4447639286518097,2.7991933822631836,0.7591099739074707
0.3925461173057556,2.3458454608917236,0.759109616279602
0.4045482575893402,2.131002426147461,0.7591090202331543
0.42589032649993896,2.4766974449157715,0.7591085433959961
0.46532565355300903,2.6225249767303467,0.7591080069541931
0.46749183535575867,2.339644193649292,0.7591075301170349
0.434031218290329,2.722710371017456,0.7591069340705872
0.46331191062927246,2.2522590160369873,0.7591065168380737
0.41612398624420166,2.476254463195801,0.7591061592102051
0.45292049646377563,2.5559563636779785,0.7591056823730469
0.4057084321975708,2.5447821617126465,0.75910484790802
0.4705025255680084,2.5715270042419434,0.7591043710708618
0.4578297734260559,2.372436046600342,0.7591039538383484
0.42802897095680237,2.515532970428467,0.7591034770011902
0.4323531985282898,2.1819276809692383,0.7591031193733215
0.40105682611465454,2.1871235370635986,0.759102463722229
0.42005956172943115,2.978390693664551,0.7591020464897156
0.38681671023368835,2.761057138442993,0.7591013312339783
0.4441981315612793,2.475721836090088,0.7591008543968201
0.4099982976913452,2.470189094543457,0.7591003775596619
0.4359399676322937,2.545339822769165,0.7590997815132141
0.42059051990509033,2.8137929439544678,0.7590993046760559
0.41788414120674133,2.0579824447631836,0.7590987682342529
0.46311119198799133,2.54870343208313,0.7590980529785156
0.43051913380622864,2.490281343460083,0.7590975761413574
0.4913250505924225,1.8842607736587524,0.7590969800949097
0.46179044246673584,2.694124221801758,0.7590963840484619
0.4414302706718445,2.017199993133545,0.7590957880020142
0.4789617955684662,2.2410223484039307,0.759095311164856
0.4608986973762512,1.9839131832122803,0.7590948343276978
0.42776721715927124,2.2063162326812744,0.7590942978858948
0.43212711811065674,2.1240296363830566,0.759093701839447
0.4283040165901184,2.141375780105591,0.7590932250022888
0.44814208149909973,2.63462233543396,0.7590928077697754
0.41764169931411743,2.5353591442108154,0.7590922117233276
0.414730429649353,2.482226610183716,0.7590916156768799
0.42972156405448914,2.3190274238586426,0.7590911984443665
0.4078861176967621,2.0921921730041504,0.7590907216072083
0.4467000365257263,2.5078210830688477,0.7590904235839844
0.4358435273170471,2.0507140159606934,0.7590901255607605
0.42804670333862305,2.930861234664917,0.7590895891189575
0.3937526345252991,2.563014507293701,0.7590890526771545
0.43328189849853516,2.4654898643493652,0.7590885758399963
0.3810541033744812,2.476957321166992,0.7590880393981934
0.44933339953422546,2.838184118270874,0.7590874433517456
0.3816090226173401,2.321577787399292,0.7590871453285217
0.41115930676460266,2.346254825592041,0.7590867877006531
0.43787428736686707,2.9970457553863525,0.7590863108634949
0.4946869909763336,2.585930347442627,0.7590857744216919
0.45948928594589233,2.239154815673828,0.759085476398468
0.4646056890487671,2.89437198638916,0.7590850591659546
0.38348978757858276,2.4726028442382812,0.7590843439102173
0.4002729058265686,2.4203062057495117,0.7590838670730591
0.42170730233192444,2.499399423599243,0.7590833902359009
0.4115495979785919,3.003936767578125,0.7590827941894531
0.4293225109577179,2.330252170562744,0.7590823769569397
0.5038215517997742,2.4706404209136963,0.7590819001197815
0.4090508222579956,2.7610597610473633,0.7590813040733337
0.441813588142395,2.5492913722991943,0.7590807676315308
0.409438818693161,2.7364022731781006,0.7590802311897278
0.4304008483886719,2.8388233184814453,0.7590794563293457
0.48529332876205444,2.3552770614624023,0.759078860282898
0.42291101813316345,2.521644115447998,0.7590781450271606
0.4000600278377533,2.5566933155059814,0.7590777277946472
0.4043281376361847,3.0491108894348145,0.7590773701667786
0.37603652477264404,2.9953908920288086,0.7590769529342651
0.4659329056739807,2.0283396244049072,0.7590763568878174
0.4626847803592682,2.3725361824035645,0.7590759992599487
0.42664793133735657,2.839580535888672,0.7590755820274353
0.43202415108680725,2.0429654121398926,0.7590751647949219
0.4686155617237091,2.9424173831939697,0.7590746283531189
0.42529767751693726,2.68371319770813,0.7590740323066711
0.5042056441307068,3.4606103897094727,0.7590734958648682
0.4158899188041687,2.3324317932128906,0.7590729594230652
0.4325851798057556,2.7351372241973877,0.7590725421905518
0.47646817564964294,2.6950132846832275,0.7590721249580383
0.4138204753398895,2.437016725540161,0.7590718269348145
0.488280713558197,3.0212807655334473,0.7590712308883667
0.4584770202636719,2.3306965827941895,0.759070873260498
0.37609216570854187,2.6758410930633545,0.7590703964233398
0.44676730036735535,2.7182400226593018,0.7590698599815369
0.44438260793685913,2.0227012634277344,0.7590693831443787
0.46863558888435364,1.9352060556411743,0.7590688467025757
0.3940225839614868,2.1439924240112305,0.7590684294700623
0.45257362723350525,2.477102279663086,0.7590681314468384
0.4250834286212921,2.4134953022003174,0.7590675354003906
0.428113728761673,2.3957583904266357,0.759067177772522
0.4279678761959076,2.117765426635742,0.7590667009353638
0.42781004309654236,2.742140054702759,0.7590662240982056
0.4680798351764679,3.3087425231933594,0.7590656280517578
0.4454571008682251,2.604278087615967,0.7590651512145996
0.4387848675251007,2.2837250232696533,0.7590646147727966
0.39796003699302673,3.023991823196411,0.7590640187263489
0.43729689717292786,2.4432268142700195,0.7590635418891907
0.37799879908561707,2.5044925212860107,0.7590632438659668
0.5102739334106445,2.3259260654449463,0.7590628266334534
0.4204416871070862,2.577057123184204,0.7590625882148743
0.42002880573272705,2.9518349170684814,0.7590620517730713
0.4123447835445404,2.652531147003174,0.7590613961219788
0.4319244921207428,2.0999372005462646,0.7590607404708862
0.4348376989364624,2.3832144737243652,0.759060263633728
0.42338278889656067,3.2691380977630615,0.7590597867965698
0.4554913341999054,2.792541742324829,0.7590593695640564
0.4546153247356415,3.2448301315307617,0.759058952331543
0.39783793687820435,2.989957332611084,0.7590587139129639
0.48296627402305603,2.6524038314819336,0.7590582370758057
0.40138790011405945,2.3506228923797607,0.7590579986572266
0.40003857016563416,2.8347394466400146,0.7590577006340027
0.4292823076248169,2.4378135204315186,0.7590572834014893
0.4174332320690155,2.3163750171661377,0.759056806564331
0.4665725529193878,2.651766061782837,0.7590562701225281
0.3846472501754761,2.326897144317627,0.7590558528900146
0.41090041399002075,2.9021077156066895,0.7590553760528564
0.4895584285259247,2.8361988067626953,0.7590548992156982
0.4492180645465851,2.429682970046997,0.7590545415878296
0.4527438282966614,2.749103307723999,0.7590541839599609
0.48486432433128357,2.9264280796051025,0.7590537667274475
0.38358795642852783,2.2772467136383057,0.7590534687042236
0.40151873230934143,2.5634820461273193,0.7590530514717102
0.4653783440589905,2.0428366661071777,0.7590523958206177
0.3916785418987274,2.640867233276367,0.7590519785881042
0.47052451968193054,2.435572862625122,0.7590516805648804
0.41941970586776733,2.8703980445861816,0.7590511441230774
0.47814077138900757,2.3123202323913574,0.7590506076812744
0.42724159359931946,2.2122762203216553,0.7590501308441162
0.4165637195110321,2.373167037963867,0.7590497732162476
0.4089396595954895,3.259695053100586,0.7590493559837341
0.44058874249458313,2.6806092262268066,0.7590488195419312
0.483649343252182,2.292914867401123,0.7590484619140625
0.39212486147880554,2.851358413696289,0.7590479850769043
0.46608197689056396,2.599362373352051,0.7590475678443909
0.4178079068660736,2.4001412391662598,0.7590472102165222
0.4131292700767517,2.4775867462158203,0.759046733379364
0.4558035135269165,2.336160182952881,0.7590461373329163
0.4703916907310486,2.133396863937378,0.7590457201004028
0.4090134799480438,2.1723525524139404,0.7590452432632446
0.44450587034225464,2.598792314529419,0.7590447664260864
0.45621734857559204,2.3437790870666504,0.7590442895889282
0.4256719946861267,2.5811893939971924,0.75904381275177
0.46706146001815796,2.596642255783081,0.7590433359146118
0.38891538977622986,2.895358085632324,0.7590426802635193
0.3936740458011627,2.2056450843811035,0.7590423226356506
0.43323928117752075,2.0157902240753174,0.759041965007782
0.4628823697566986,2.660658121109009,0.7590415477752686
0.4791543781757355,2.7284979820251465,0.7590412497520447
0.4256461560726166,2.7160375118255615,0.7590408325195312
0.4172271490097046,3.2724690437316895,0.759040355682373
0.38173240423202515,2.3225462436676025,0.7590397000312805
0.41361984610557556,3.203692674636841,0.7590392231941223
0.44847822189331055,2.4773449897766113,0.7590386271476746
0.4014306962490082,2.6645326614379883,0.7590380311012268
0.42747896909713745,2.5555319786071777,0.7590375542640686
0.4209449589252472,3.150763988494873,0.7590371370315552
0.4358530640602112,2.1617350578308105,0.7590367794036865
0.4790581464767456,3.8827991485595703,0.7590363621711731
0.43449532985687256,2.534309148788452,0.7590358257293701
0.3958829343318939,2.4235830307006836,0.7590354084968567
0.4220355749130249,2.244560718536377,0.7590347528457642
0.39648860692977905,2.637141466140747,0.7590340971946716
0.41734880208969116,2.576533079147339,0.7590335607528687
0.5216757655143738,2.4283738136291504,0.7590330839157104
0.42073988914489746,1.9786428213119507,0.7590326070785522
0.4575226604938507,2.3495099544525146,0.759032130241394
0.456316739320755,2.3874709606170654,0.7590315341949463
0.5019684433937073,2.0919113159179688,0.7590311169624329
0.4087677001953125,3.0097105503082275,0.7590305805206299
0.4411400258541107,2.931239604949951,0.7590300440788269
0.39148715138435364,2.235447883605957,0.7590295672416687
0.43864569067955017,2.72200870513916,0.759028971195221
0.47183528542518616,3.088759183883667,0.7590282559394836
0.4554505944252014,2.4577956199645996,0.7590278387069702
0.4455364942550659,2.7889015674591064,0.7590273022651672
0.45553821325302124,2.07057523727417,0.7590270638465881
0.476409375667572,2.3123409748077393,0.7590268850326538
0.454782098531723,2.897916555404663,0.7590264081954956
0.431201696395874,2.7368218898773193,0.7590261101722717
0.4433208405971527,2.399142026901245,0.759025514125824
0.43996626138687134,2.2368340492248535,0.7590250372886658
0.5131309628486633,2.5364599227905273,0.7590246200561523
0.4245662987232208,2.3154497146606445,0.7590242624282837
0.41704288125038147,2.415956735610962,0.759023904800415
0.45926713943481445,2.6858878135681152,0.7590235471725464
0.45256704092025757,2.3954429626464844,0.7590230703353882
0.4459497630596161,2.520906686782837,0.7590227127075195
0.38524213433265686,2.2606022357940674,0.7590221762657166
0.5042905807495117,3.0240020751953125,0.7590217590332031
0.4194925129413605,2.922550916671753,0.7590212821960449
0.4141682982444763,2.1913418769836426,0.759020984172821
0.4358171820640564,2.258805751800537,0.7590203881263733
0.4620324671268463,2.5211362838745117,0.7590199708938599
0.4705633521080017,2.2497663497924805,0.7590193748474121
