0.6610692739486694,4.086551666259766,0.6556676030158997
0.6723865866661072,4.470898628234863,0.655666172504425
0.6679008603096008,4.240065574645996,0.6556642651557922
0.6643407344818115,4.273054599761963,0.6556629538536072
0.6679830551147461,4.12068510055542,0.6556613445281982
0.6697199940681458,3.644357442855835,0.6556597948074341
0.6701688766479492,3.7526941299438477,0.6556582450866699
0.6656925678253174,4.046250343322754,0.6556568145751953
0.6594372391700745,3.2450640201568604,0.6556556224822998
0.65805983543396,4.139904975891113,0.6556541323661804
0.6663517951965332,3.581190347671509,0.655652642250061
0.670678436756134,3.823580026626587,0.6556512713432312
0.6592684984207153,3.232686996459961,0.6556499004364014
0.6507945656776428,3.5814006328582764,0.6556485891342163
0.6410487294197083,3.5885043144226074,0.655647337436676
0.6593014597892761,3.379993200302124,0.655646026134491
0.6578739881515503,3.3214635848999023,0.6556447744369507
0.6514880657196045,3.4836578369140625,0.6556433439254761
0.6376616358757019,3.3575239181518555,0.6556421518325806
0.652885377407074,2.973435878753662,0.6556410193443298
0.6426316499710083,3.554507255554199,0.6556397676467896
0.6363244652748108,3.962249994277954,0.6556386947631836
0.6350058913230896,3.3269002437591553,0.6556375026702881
0.6312335133552551,3.3483211994171143,0.6556364297866821
0.640494704246521,3.188307762145996,0.655635416507721
0.6383766531944275,3.2091610431671143,0.655634343624115
0.6405491232872009,3.221118927001953,0.655633270740509
0.6342431902885437,3.431488275527954,0.6556322574615479
0.6253070831298828,2.9389262199401855,0.6556312441825867
0.6356126666069031,2.928819417953491,0.655630350112915
0.6161960959434509,2.9279184341430664,0.6556294560432434
0.6194852590560913,3.2338292598724365,0.6556283831596375
0.6235982179641724,3.2406108379364014,0.6556274890899658
0.619570255279541,2.6916441917419434,0.655626654624939
0.620779812335968,3.3096511363983154,0.6556258201599121
0.6154876947402954,3.3275668621063232,0.6556248664855957
0.6263272166252136,2.666818380355835,0.6556239724159241
0.6096040606498718,3.2556729316711426,0.6556229591369629
0.6128475666046143,3.2934741973876953,0.6556220054626465
0.6177312135696411,3.09737491607666,0.6556210517883301
0.6248966455459595,2.7028000354766846,0.6556200385093689
0.6154130101203918,2.7928850650787354,0.6556191444396973
0.6104475855827332,2.9510040283203125,0.6556180715560913
0.6026896238327026,3.0104458332061768,0.6556170582771301
0.5824678540229797,2.623129367828369,0.6556159853935242
0.6009159088134766,2.637442111968994,0.6556150913238525
0.6032453775405884,2.6283164024353027,0.6556140184402466
0.5949488282203674,2.8112952709198,0.6556127667427063
0.5742781758308411,2.6364636421203613,0.6556116938591003
0.5958540439605713,2.824230432510376,0.6556107997894287
0.5803818702697754,2.672050714492798,0.6556097269058228
0.5860723257064819,2.2474679946899414,0.6556088328361511
0.5865172743797302,2.318610191345215,0.6556077599525452
0.5962099432945251,2.1069979667663574,0.6556066274642944
0.5833580493927002,2.2848193645477295,0.6556057929992676
0.5646383166313171,2.446897268295288,0.6556044220924377
0.5776711702346802,2.54582142829895,0.6556033492088318
0.5767571926116943,2.463876962661743,0.6556023359298706
0.5728408098220825,2.643841505050659,0.6556013822555542
0.5850971341133118,1.9598466157913208,0.6556002497673035
0.5695644021034241,2.3426947593688965,0.6555991768836975
0.5809285640716553,2.3135342597961426,0.655597984790802
0.5711910128593445,2.0965826511383057,0.6555967330932617
0.5527752637863159,1.999842643737793,0.6555955410003662
0.5455354452133179,2.3716564178466797,0.6555944085121155
0.563593327999115,2.322067975997925,0.6555934548377991
0.5474321842193604,2.0849382877349854,0.6555923819541931
0.5639581084251404,1.9466499090194702,0.6555912494659424
0.5993040800094604,2.138110637664795,0.6555899381637573
0.5530311465263367,2.1134328842163086,0.6555886268615723
0.5795464515686035,2.1763224601745605,0.6555876135826111
0.5410457253456116,1.8672441244125366,0.6555864214897156
0.5505719780921936,1.8249574899673462,0.6555852293968201
0.562241792678833,2.1463887691497803,0.6555840373039246
0.5574981570243835,1.8271620273590088,0.6555829048156738
0.5336003303527832,2.0742838382720947,0.6555818319320679
0.5323635935783386,2.0723445415496826,0.6555806398391724
0.5430774092674255,1.8594621419906616,0.6555793881416321
0.5372323989868164,1.7096633911132812,0.6555781364440918
0.5095862746238708,2.0964152812957764,0.655576765537262
0.5486887693405151,1.8337668180465698,0.6555755734443665
0.5393224954605103,1.739175796508789,0.6555741429328918
0.5621461272239685,1.8425079584121704,0.6555729508399963
0.5303971171379089,1.750859022140503,0.655571699142456
0.5582309365272522,1.8115653991699219,0.6555702686309814
0.5361446142196655,1.595832347869873,0.6555688977241516
0.5309041738510132,1.837012767791748,0.6555673480033875
0.48863843083381653,1.537908911705017,0.6555660367012024
0.5361478924751282,1.688178539276123,0.6555646061897278
0.5382122993469238,1.481383204460144,0.6555629968643188
0.5181940197944641,1.3870203495025635,0.6555617451667786
0.5300332307815552,1.6675260066986084,0.655560314655304
0.5372005105018616,1.3203773498535156,0.6555590033531189
0.5435810685157776,1.5569308996200562,0.6555576920509338
0.5432678461074829,1.7271889448165894,0.6555561423301697
0.48841527104377747,1.422723650932312,0.6555548310279846
0.5214172601699829,1.4555764198303223,0.6555533409118652
0.5253820419311523,1.700467586517334,0.6555519700050354
0.5067081451416016,1.4178876876831055,0.6555505394935608
0.4956192076206207,1.174235224723816,0.6555491089820862
0.527982771396637,1.593565821647644,0.6555476188659668
0.5273216962814331,1.6464893817901611,0.6555461287498474
0.5146793723106384,1.2713056802749634,0.6555446982383728
0.5439143776893616,1.3722130060195923,0.6555430293083191
0.4786539375782013,1.197402834892273,0.6555414795875549
0.49613893032073975,1.3666832447052002,0.6555400490760803
0.5527942776679993,1.2283306121826172,0.6555381417274475
0.49589020013809204,1.1808741092681885,0.6555365920066833
0.5039113759994507,1.5182098150253296,0.6555348634719849
0.529120922088623,1.5305143594741821,0.6555331349372864
0.4887586534023285,1.152357578277588,0.6555312275886536
0.5089336633682251,1.2778382301330566,0.6555293202400208
0.5341153740882874,1.1682474613189697,0.6555275321006775
0.5017324686050415,1.3705261945724487,0.6555257439613342
0.5027494430541992,1.161288857460022,0.6555238962173462
0.4921240210533142,1.2960140705108643,0.6555220484733582
0.4838961958885193,1.4298067092895508,0.6555202007293701
0.5079196095466614,1.1397243738174438,0.6555183529853821
0.5027504563331604,1.3310784101486206,0.655516505241394
0.5115324854850769,1.2499839067459106,0.655514657497406
0.4652869403362274,1.2579220533370972,0.6555128693580627
0.499671995639801,1.1876362562179565,0.6555110812187195
0.5317748188972473,1.2056351900100708,0.6555089354515076
0.4880945086479187,1.1516923904418945,0.6555070281028748
0.5089525580406189,1.045383334159851,0.6555050611495972
0.4771828353404999,1.1069438457489014,0.65550297498703
0.5069261789321899,1.2417010068893433,0.655501127243042
0.4943642318248749,1.04375159740448,0.6554991602897644
0.5261715054512024,1.1763339042663574,0.6554970741271973
0.49308568239212036,1.3769152164459229,0.6554948687553406
0.5255342721939087,1.3152462244033813,0.655492901802063
0.4905332028865814,1.247406005859375,0.6554906964302063
0.4953427314758301,1.1958377361297607,0.6554885506629944
0.49029603600502014,1.1191082000732422,0.655486524105072
0.4886297583580017,1.120724081993103,0.6554843187332153
0.4377642869949341,1.2910503149032593,0.6554821133613586
0.46765458583831787,1.0826807022094727,0.6554800271987915
0.5021511912345886,1.0942471027374268,0.65547776222229
0.4754279553890228,1.27708899974823,0.6554755568504333
0.521966814994812,1.1422353982925415,0.6554732918739319
0.5031664371490479,1.1272406578063965,0.6554712057113647
0.48766347765922546,1.1929398775100708,0.6554687023162842
0.4716142416000366,1.2445592880249023,0.6554663777351379
0.4870036840438843,1.0643870830535889,0.655464231967926
0.5076107978820801,1.0859858989715576,0.6554617881774902
0.48064038157463074,1.1069799661636353,0.655459463596344
0.49309587478637695,0.9824880361557007,0.655457079410553
0.4776582419872284,1.1094845533370972,0.6554546356201172
0.5173870921134949,1.0739654302597046,0.6554520130157471
0.509247899055481,1.061448335647583,0.6554494500160217
0.5181238055229187,1.1012241840362549,0.6554470062255859
0.48956066370010376,1.1480493545532227,0.6554445624351501
0.5110001564025879,1.0334585905075073,0.6554421782493591
0.5389268398284912,1.1256040334701538,0.6554399132728577
0.4683572053909302,1.1287927627563477,0.6554374694824219
0.5083169341087341,1.1199822425842285,0.6554350256919861
0.48237478733062744,0.9767662286758423,0.6554327011108398
0.46926605701446533,1.0472043752670288,0.6554303169250488
0.4764237701892853,1.0375769138336182,0.6554277539253235
0.46972915530204773,0.9862188100814819,0.6554250717163086
0.4765591025352478,1.0717666149139404,0.6554224491119385
0.5381437540054321,1.1504548788070679,0.6554197072982788
0.4527416229248047,1.1768501996994019,0.6554169654846191
0.5152965188026428,1.058172345161438,0.6554142832756042
0.514599621295929,0.9644827246665955,0.655411422252655
0.46786707639694214,1.192291021347046,0.6554086804389954
0.4890221357345581,1.1709462404251099,0.6554059386253357
0.527231752872467,1.0421935319900513,0.6554033756256104
0.4830639660358429,0.9997797608375549,0.6554006338119507
0.46454057097435,1.1541380882263184,0.6553981304168701
0.4879731237888336,1.1861881017684937,0.6553955674171448
0.4985675811767578,0.9838147163391113,0.6553930044174194
0.501308798789978,1.0925456285476685,0.6553903222084045
0.46353599429130554,0.9903844594955444,0.6553881168365479
0.47554439306259155,1.0176135301589966,0.6553854942321777
0.490286260843277,1.0163854360580444,0.6553830504417419
0.5057657957077026,1.1128183603286743,0.6553801894187927
0.4912218451499939,1.0621901750564575,0.6553775072097778
0.4652214050292969,1.2570863962173462,0.6553748250007629
0.5582152605056763,1.0579864978790283,0.6553717255592346
0.48980948328971863,0.9948762059211731,0.655368983745575
0.48868733644485474,1.0218760967254639,0.6553663015365601
0.47025051712989807,1.109301209449768,0.6553633213043213
0.49100643396377563,1.1808046102523804,0.6553606986999512
0.48118677735328674,1.0274242162704468,0.655357837677002
0.47189363837242126,1.19004487991333,0.6553550362586975
0.47583386301994324,1.2002348899841309,0.6553521752357483
0.4648979902267456,1.0901827812194824,0.6553492546081543
0.4897112250328064,0.9273785948753357,0.6553466320037842
0.5014088153839111,1.027571678161621,0.6553439497947693
0.4738480746746063,0.9872539639472961,0.6553412079811096
0.49397939443588257,0.9167500734329224,0.655338704586029
0.5000253915786743,0.9837229251861572,0.6553358435630798
0.4818932116031647,0.9601688981056213,0.6553328633308411
0.4829729199409485,1.1317342519760132,0.6553301215171814
0.507047176361084,0.9198428988456726,0.6553273797035217
0.5060274600982666,1.289244532585144,0.6553245186805725
0.48529231548309326,1.02244234085083,0.6553216576576233
0.5064440369606018,1.159428596496582,0.6553188562393188
0.4883735179901123,1.023808240890503,0.6553159356117249
0.4482651948928833,1.1239726543426514,0.6553131937980652
0.4712078869342804,1.0532907247543335,0.655310332775116
0.46903038024902344,1.0992696285247803,0.6553075313568115
0.5024333596229553,0.9746920466423035,0.655304491519928
0.49839702248573303,1.121301531791687,0.655301570892334
0.42608851194381714,1.1099216938018799,0.6552987694740295
0.46974360942840576,0.9300767183303833,0.6552957892417908
0.46847912669181824,1.1105213165283203,0.6552927494049072
0.4772402048110962,0.991403341293335,0.6552896499633789
0.5036920309066772,1.0368958711624146,0.6552867889404297
0.4576318562030792,1.0425970554351807,0.6552839279174805
0.4515296518802643,1.1438106298446655,0.6552809476852417
0.47930094599723816,1.0395712852478027,0.6552780270576477
0.4978870749473572,0.9151942133903503,0.6552750468254089
0.4648798108100891,0.974284291267395,0.6552721261978149
0.44856175780296326,1.0142896175384521,0.6552690863609314
0.4960705041885376,0.8729975819587708,0.6552658677101135
0.4957316219806671,1.0960729122161865,0.6552629470825195
0.49407222867012024,1.0564911365509033,0.655259907245636
0.43871062994003296,0.8454053401947021,0.6552570462226868
0.4859142601490021,0.9850778579711914,0.6552539467811584
0.4897296726703644,1.0677766799926758,0.6552508473396301
0.4911015033721924,0.8829942941665649,0.655247688293457
0.45982494950294495,1.092760443687439,0.6552444696426392
0.480442613363266,0.977879524230957,0.6552414298057556
0.4690151512622833,0.9040551781654358,0.6552384495735168
0.46895426511764526,1.0558369159698486,0.6552354097366333
0.46285930275917053,1.085139274597168,0.6552323698997498
0.4741874933242798,1.054750680923462,0.6552292704582214
0.5027271509170532,1.0692708492279053,0.6552262902259827
0.5051026940345764,1.1385670900344849,0.6552232503890991
0.4767962694168091,1.0312855243682861,0.6552201509475708
0.4510381817817688,0.9170617461204529,0.6552169322967529
0.495124876499176,0.997698962688446,0.6552137732505798
0.46399354934692383,0.9931010603904724,0.655210554599762
0.47549933195114136,1.0367637872695923,0.6552078127861023
0.438672810792923,0.884674608707428,0.6552045345306396
0.48078176379203796,1.062551736831665,0.6552016139030457
0.464032918214798,0.8348429203033447,0.6551983952522278
0.44545477628707886,1.1363434791564941,0.6551951766014099
0.5103719234466553,0.9905459880828857,0.655191957950592
0.504638671875,1.1515545845031738,0.655188798904419
0.5012791156768799,0.9924214482307434,0.6551856398582458
0.49139517545700073,1.0407099723815918,0.6551825404167175
0.48361828923225403,0.9574218988418579,0.6551793813705444
0.47982895374298096,1.0493333339691162,0.6551764011383057
0.4443932771682739,0.9348134398460388,0.655173122882843
0.4687386155128479,1.043688178062439,0.6551700234413147
0.498187780380249,1.0182644128799438,0.655166745185852
0.48395398259162903,1.0867319107055664,0.6551635265350342
0.4643716514110565,1.0129042863845825,0.6551603674888611
0.48035097122192383,0.9660888910293579,0.6551574468612671
0.4689447283744812,1.0428478717803955,0.655154287815094
0.5118774771690369,1.0014737844467163,0.6551510691642761
0.46768122911453247,0.9496638774871826,0.655147910118103
0.4536583423614502,1.1310179233551025,0.6551446318626404
0.4629093408584595,1.0735845565795898,0.6551414728164673
0.45500779151916504,1.0465235710144043,0.6551382541656494
0.44168752431869507,0.8650485277175903,0.6551350355148315
0.470781147480011,1.1224088668823242,0.6551318168640137
0.4771776497364044,0.8687282204627991,0.6551285982131958
0.4622306525707245,0.8625467419624329,0.6551252603530884
0.489633709192276,0.9920530319213867,0.6551221609115601
0.4434363543987274,0.9781610369682312,0.6551188826560974
0.5115782022476196,0.9856939911842346,0.6551154851913452
0.4587602913379669,0.8525905609130859,0.6551123857498169
0.44567790627479553,0.9788072109222412,0.6551089882850647
0.5065026879310608,0.9748817682266235,0.6551058292388916
0.4970524311065674,1.0658783912658691,0.655102550983429
0.5143615007400513,1.0275081396102905,0.6550993323326111
0.5058256387710571,0.9998139142990112,0.6550962328910828
0.4815237522125244,0.9053244590759277,0.6550930738449097
0.4772507846355438,0.9556101560592651,0.6550900340080261
0.47996577620506287,0.9581853747367859,0.6550868153572083
0.4773882031440735,0.9535298943519592,0.6550837755203247
0.43450111150741577,0.967441737651825,0.6550806164741516
0.4236365854740143,0.9220653176307678,0.6550771594047546
0.4884190857410431,1.03804349899292,0.6550739407539368
0.49231791496276855,0.9122394323348999,0.6550705432891846
0.45192474126815796,1.0247851610183716,0.6550672054290771
0.47755610942840576,0.9824337363243103,0.6550636291503906
0.4626300632953644,0.9267724752426147,0.6550602316856384
0.4770720899105072,1.0239458084106445,0.6550567150115967
0.4805184006690979,1.0996220111846924,0.655053436756134
0.4838988482952118,1.039583683013916,0.6550498008728027
0.4799894392490387,0.8532559871673584,0.6550463438034058
0.489724338054657,0.8555729985237122,0.6550430655479431
0.49721822142601013,0.9555001854896545,0.6550398468971252
0.49846771359443665,0.9202690124511719,0.6550367474555969
0.4784151315689087,1.060857892036438,0.6550337076187134
0.46892690658569336,0.8960173726081848,0.655030369758606
0.4814475476741791,1.0360276699066162,0.6550272703170776
0.4694407880306244,0.9757291674613953,0.655023992061615
0.4814390242099762,1.0512970685958862,0.655020534992218
0.47922298312187195,0.9574383497238159,0.6550171971321106
0.4608810544013977,0.9559629559516907,0.6550136804580688
0.4501889646053314,0.9977081418037415,0.6550101637840271
0.47848501801490784,1.0446275472640991,0.6550065875053406
0.42480432987213135,0.9573333263397217,0.6550031304359436
0.46443644165992737,1.0957716703414917,0.6549997925758362
0.4849126935005188,1.009586215019226,0.6549963355064392
0.4695979952812195,0.8689801692962646,0.6549926996231079
0.4594062268733978,0.9748464226722717,0.6549894213676453
0.4682416319847107,0.9019836783409119,0.6549859046936035
0.4497838020324707,0.8963156342506409,0.6549825668334961
0.4527536630630493,0.8887534737586975,0.6549789905548096
0.48871877789497375,0.940791666507721,0.6549757719039917
0.4734027087688446,0.9236013889312744,0.6549723744392395
0.4506775140762329,0.94587242603302,0.6549690365791321
0.4803798496723175,0.9313588738441467,0.6549655199050903
0.4720083177089691,0.9438073039054871,0.6549620628356934
0.4566526412963867,0.8998673558235168,0.6549586653709412
0.4782574474811554,0.9549347758293152,0.6549552083015442
0.4759064316749573,1.0047111511230469,0.6549516320228577
0.48504638671875,0.9585838317871094,0.6549481153488159
0.4596424400806427,0.9787607192993164,0.6549444794654846
0.4398440718650818,0.8943968415260315,0.6549408435821533
0.4620206356048584,0.9664367437362671,0.6549375057220459
0.4674031734466553,0.9903282523155212,0.654933750629425
0.4575035572052002,0.9415424466133118,0.6549302339553833
0.4911065697669983,0.8330786824226379,0.6549267172813416
0.45189958810806274,0.8273470401763916,0.6549232602119446
0.43848440051078796,0.9793934226036072,0.6549197435379028
0.4756072461605072,0.889675498008728,0.6549162268638611
0.47839316725730896,0.9463188052177429,0.6549126505851746
0.4151611030101776,1.0562241077423096,0.6549093723297119
0.44568970799446106,1.080288290977478,0.6549059152603149
0.4639267027378082,1.103498935699463,0.654902458190918
0.4927802085876465,0.8422829508781433,0.6548991799354553
0.47244396805763245,0.8520011901855469,0.6548957228660583
0.49306854605674744,0.9230387806892395,0.6548922061920166
0.5005845427513123,1.0662870407104492,0.6548886299133301
0.4686906039714813,0.9843108057975769,0.6548852324485779
0.47370025515556335,0.8761219382286072,0.6548815369606018
0.4853564500808716,0.9200156331062317,0.6548781394958496
0.48707500100135803,1.0475834608078003,0.6548746228218079
0.4734121859073639,1.019785761833191,0.6548710465431213
0.46547386050224304,0.8096638917922974,0.6548676490783691
0.4708620309829712,0.9303567409515381,0.6548641324043274
0.4606871008872986,0.8701906800270081,0.6548606157302856
0.44451016187667847,0.9583314061164856,0.6548572778701782
0.4500977694988251,0.936068594455719,0.6548539996147156
0.4721888303756714,0.9874842166900635,0.654850423336029
0.46670350432395935,1.0295543670654297,0.6548469662666321
0.459098219871521,0.918402910232544,0.6548433899879456
0.4784363806247711,0.9203203916549683,0.654839813709259
0.48074871301651,1.0515249967575073,0.6548362374305725
0.5025263428688049,0.937076210975647,0.6548326015472412
0.45810073614120483,0.9398441314697266,0.6548289060592651
0.5022823214530945,0.8550862073898315,0.6548253297805786
0.4730001986026764,0.9336959719657898,0.6548218131065369
0.4479542672634125,0.9527923464775085,0.6548182964324951
0.4450928866863251,0.9302952885627747,0.6548148393630981
0.4396336078643799,0.9259706735610962,0.6548113226890564
0.4660100042819977,1.059630036354065,0.6548078656196594
0.4951522946357727,0.9491412043571472,0.6548044085502625
0.5021201968193054,0.9720847606658936,0.6548007130622864
0.46812155842781067,0.9099498987197876,0.6547971367835999
0.476750910282135,0.8381386399269104,0.6547936797142029
0.46511465311050415,0.9632808566093445,0.6547902226448059
0.5138370394706726,1.012914776802063,0.6547865867614746
0.4880257248878479,0.9722176790237427,0.6547830104827881
0.45734161138534546,0.8331508636474609,0.6547793745994568
0.451633095741272,0.8830853700637817,0.6547756195068359
0.4446834325790405,0.9318245649337769,0.6547719836235046
0.44923779368400574,0.9832696914672852,0.654768168926239
0.478414922952652,0.9461053609848022,0.6547646522521973
0.46732693910598755,0.8051576018333435,0.6547611951828003
0.4682527780532837,0.9592709541320801,0.6547577381134033
0.4412219226360321,0.8596450090408325,0.6547542214393616
0.43999409675598145,0.9818471074104309,0.654750645160675
0.4668923020362854,0.9142850637435913,0.6547471880912781
0.42619588971138,0.964417040348053,0.6547435522079468
0.4729543626308441,0.8969960808753967,0.654740035533905
0.41910985112190247,0.8545011878013611,0.6547363996505737
0.4435039460659027,0.9313876628875732,0.6547326445579529
0.4531881809234619,0.9535005688667297,0.6547289490699768
0.4463711678981781,0.9591919779777527,0.6547251343727112
0.4956141412258148,0.8968969583511353,0.6547213196754456
0.4729236960411072,1.001670479774475,0.654717743396759
0.45182278752326965,0.9311408400535583,0.6547139883041382
0.4665953814983368,0.9988732933998108,0.6547104120254517
0.44959086179733276,1.0414767265319824,0.6547068953514099
0.47371044754981995,0.8681313395500183,0.6547033786773682
0.47827962040901184,0.9235627055168152,0.6547001600265503
0.42254626750946045,1.0444282293319702,0.6546966433525085
0.44015106558799744,0.8995198607444763,0.6546931266784668
0.47671499848365784,1.0942245721817017,0.6546895503997803
0.46646758913993835,0.9318813681602478,0.6546856760978699
0.43740683794021606,1.0825799703598022,0.6546819806098938
0.467864453792572,0.9776128530502319,0.6546781063079834
0.4227238893508911,0.8711029887199402,0.6546745300292969
0.4825506806373596,0.7808160185813904,0.6546706557273865
0.4631389379501343,0.7686529755592346,0.6546669006347656
0.4654180109500885,0.7734093070030212,0.6546634435653687
0.4328925609588623,0.8586830496788025,0.6546599268913269
0.49926167726516724,0.9633452892303467,0.6546565294265747
0.46814942359924316,0.9401738047599792,0.654653012752533
0.4539845883846283,0.8309087157249451,0.6546494364738464
0.4487847089767456,1.027517557144165,0.6546458005905151
0.41333794593811035,0.8405002951622009,0.6546419858932495
0.4748303294181824,0.8646541833877563,0.654638409614563
0.4489833116531372,1.082344889640808,0.6546345949172974
0.4502864181995392,0.8888868689537048,0.6546308994293213
0.4933869540691376,0.8827241659164429,0.6546269655227661
0.44602930545806885,0.7749757170677185,0.6546232104301453
0.4503479599952698,0.8606842756271362,0.654619574546814
0.46210846304893494,0.8390296697616577,0.6546157598495483
0.4366159737110138,0.9428784251213074,0.6546123027801514
0.46707549691200256,0.7954138517379761,0.6546087265014648
0.43844184279441833,0.9216899275779724,0.6546054482460022
0.4336061179637909,0.9760124683380127,0.6546016931533813
0.4695240259170532,0.8274581432342529,0.6545979976654053
0.46748119592666626,0.9033657312393188,0.6545944213867188
0.46167322993278503,0.9457427859306335,0.6545906662940979
0.4742627441883087,0.983773946762085,0.6545867323875427
0.41862747073173523,0.9019256830215454,0.6545829772949219
0.48697760701179504,0.9142049551010132,0.6545790433883667
0.47212180495262146,0.9697598218917847,0.6545754671096802
0.45072174072265625,0.8435185551643372,0.6545718312263489
0.42195630073547363,0.934797465801239,0.6545680165290833
0.45696789026260376,0.7831060290336609,0.654564380645752
0.5030929446220398,1.0515002012252808,0.6545608639717102
0.4707038104534149,0.9125122427940369,0.6545572280883789
0.45073771476745605,0.8526470065116882,0.6545536518096924
0.439161479473114,0.9212846755981445,0.6545500755310059
0.46706005930900574,0.8459486961364746,0.654546320438385
0.4459167718887329,0.8249412775039673,0.6545426249504089
0.4595904052257538,0.86769038438797,0.6545391082763672
0.4398881196975708,0.9016788601875305,0.6545354723930359
0.4343864917755127,0.8622182011604309,0.6545316576957703
0.47345662117004395,0.9241514205932617,0.654528021812439
0.44528117775917053,0.8447151780128479,0.6545244455337524
0.4946187436580658,1.0181360244750977,0.6545208692550659
0.43880993127822876,0.9366971254348755,0.6545171737670898
0.4658142626285553,0.7870108485221863,0.654513418674469
0.4901466965675354,0.8462039828300476,0.6545097827911377
0.4448482394218445,0.8724722862243652,0.6545061469078064
0.4664473533630371,0.863652765750885,0.6545023918151855
0.43949320912361145,0.9029585719108582,0.6544986963272095
0.45955318212509155,0.873839259147644,0.6544950604438782
0.4597444236278534,0.8080070614814758,0.6544912457466125
0.4591841697692871,0.9293645024299622,0.6544873118400574
0.45559725165367126,0.8564807772636414,0.6544837355613708
0.45493435859680176,0.80621737241745,0.6544800400733948
0.464992493391037,0.8532252311706543,0.6544764637947083
0.4829922616481781,0.8155311346054077,0.6544728875160217
0.4798600971698761,0.7940901517868042,0.6544693112373352
0.4500076472759247,0.9383695125579834,0.6544657349586487
0.44949871301651,0.9922663569450378,0.6544620394706726
0.5025341510772705,0.9541780352592468,0.6544582843780518
0.45030295848846436,0.8535528779029846,0.6544545888900757
0.48528778553009033,0.8373075723648071,0.6544510126113892
0.45464619994163513,1.0270365476608276,0.6544474363327026
0.46563446521759033,0.8159189820289612,0.6544434428215027
0.46958187222480774,0.8733245134353638,0.6544397473335266
0.47019878029823303,0.7716286182403564,0.6544358730316162
0.47599244117736816,0.9749783277511597,0.6544320583343506
0.45608001947402954,0.8510342240333557,0.654428243637085
0.4570904076099396,0.8666802644729614,0.6544243693351746
0.43386393785476685,0.8651774525642395,0.6544204950332642
0.46845367550849915,0.8357135057449341,0.6544167399406433
0.47600120306015015,0.8719547390937805,0.6544130444526672
0.4167745113372803,0.9076322913169861,0.6544092893600464
0.4502089023590088,1.0087212324142456,0.6544052958488464
0.45078542828559875,0.9413681030273438,0.6544015407562256
0.4767807126045227,0.8330703377723694,0.6543977856636047
0.4373032748699188,0.9297143816947937,0.6543938517570496
0.49482646584510803,0.8751100301742554,0.6543900966644287
0.4383738338947296,0.9986147880554199,0.6543864011764526
0.45073145627975464,0.8524799346923828,0.654382586479187
0.4904717206954956,0.8774346709251404,0.6543787121772766
0.4680694043636322,0.9372594952583313,0.6543748378753662
0.4914745092391968,1.075907826423645,0.6543711423873901
0.46819376945495605,0.9356597661972046,0.654367208480835
0.48043784499168396,1.0876984596252441,0.6543636322021484
0.4692792296409607,0.8325169682502747,0.6543598771095276
0.49748876690864563,0.8321130275726318,0.6543559432029724
0.472953200340271,0.957485020160675,0.6543523669242859
0.47979360818862915,0.8609694242477417,0.6543484926223755
0.48256006836891174,0.8284363150596619,0.6543446779251099
0.4690183103084564,1.0912646055221558,0.654340922832489
0.4679146409034729,0.991549015045166,0.6543372273445129
0.4645554721355438,0.9359030723571777,0.6543334126472473
0.4408513903617859,0.8713499903678894,0.6543295383453369
0.48128437995910645,0.9001002311706543,0.6543256044387817
0.4871327877044678,0.8908981084823608,0.6543218493461609
0.46419191360473633,0.8987221121788025,0.6543179750442505
0.4708978831768036,0.9205384850502014,0.6543142199516296
0.4901800751686096,0.8676225543022156,0.6543101668357849
0.47070765495300293,0.8444972038269043,0.6543064713478088
0.4504488706588745,0.8192099332809448,0.6543025970458984
0.4497188329696655,0.9280552864074707,0.6542988419532776
0.4358990490436554,0.8611917495727539,0.6542951464653015
0.4554378390312195,0.8891390562057495,0.6542915105819702
0.4559307098388672,0.9191292524337769,0.6542876958847046
0.44176149368286133,0.8783350586891174,0.6542841196060181
0.46437644958496094,0.8980585932731628,0.6542802453041077
0.4409562349319458,0.8635529279708862,0.654276430606842
0.4338531196117401,0.8643397688865662,0.6542726755142212
0.46261200308799744,0.9150975942611694,0.654268741607666
0.4205143451690674,0.9652664661407471,0.6542646884918213
0.4412915110588074,0.9397178888320923,0.6542608141899109
0.4347456991672516,0.8576966524124146,0.6542568206787109
0.47113868594169617,0.8688569664955139,0.6542530059814453
0.4470204710960388,0.8905881643295288,0.6542493104934692
0.4822363257408142,1.066201090812683,0.6542456150054932
0.45247605443000793,1.0779368877410889,0.6542419791221619
0.45091432332992554,1.0482807159423828,0.6542383432388306
0.45845165848731995,0.9254419207572937,0.6542343497276306
0.4446466565132141,0.9135498404502869,0.6542304754257202
0.47831544280052185,0.9359621405601501,0.6542266011238098
0.453191339969635,0.8295525908470154,0.6542227864265442
0.44886505603790283,0.7667974829673767,0.6542187929153442
0.48488637804985046,0.8067039847373962,0.6542149186134338
0.47165629267692566,0.9139143824577332,0.6542112231254578
0.4825371503829956,0.9181680679321289,0.6542075872421265
0.4377422630786896,0.7907513380050659,0.6542038917541504
0.4729224741458893,0.8765368461608887,0.65420001745224
0.43553945422172546,1.002413272857666,0.6541963815689087
0.4601348042488098,0.8431182503700256,0.6541925668716431
0.47605469822883606,0.8504886031150818,0.6541885733604431
0.4655304551124573,0.8515814542770386,0.654184877872467
0.4648425281047821,0.8915846943855286,0.6541811227798462
0.4756958484649658,0.9292203187942505,0.654177188873291
0.4287874400615692,0.9378602504730225,0.6541731953620911
0.4925884008407593,0.8220385313034058,0.6541693806648254
0.4275948107242584,0.9127774238586426,0.6541657447814941
0.4461751878261566,0.8207678198814392,0.6541619896888733
0.46900859475135803,0.8679579496383667,0.654158353805542
0.4675683081150055,0.7923957705497742,0.6541545391082764
0.4652791917324066,0.8391475677490234,0.6541508436203003
0.45979106426239014,0.8390147686004639,0.6541469693183899
0.46995872259140015,1.0402412414550781,0.6541431546211243
0.4599205553531647,0.8132730722427368,0.6541394591331482
0.45003542304039,0.8599083423614502,0.6541356444358826
0.4605412781238556,0.8441410064697266,0.6541317701339722
0.42472901940345764,0.8560126423835754,0.6541277766227722
0.4390271008014679,0.8652026653289795,0.6541240811347961
0.47268393635749817,1.0238418579101562,0.6541200280189514
0.4522725045681,0.8636649250984192,0.654116153717041
0.4124055504798889,0.8683679699897766,0.6541123986244202
0.4562828540802002,0.8097389340400696,0.6541084051132202
0.47815731167793274,0.8940885066986084,0.6541046500205994
0.43656840920448303,0.8507937788963318,0.6541008949279785
0.4969487488269806,0.8676192164421082,0.6540969610214233
0.45413365960121155,0.945405900478363,0.6540930867195129
0.44946035742759705,0.8135061860084534,0.654089093208313
0.46504858136177063,0.8887146711349487,0.6540851593017578
0.4561455249786377,0.7347152829170227,0.6540812849998474
0.4381476938724518,0.8858857154846191,0.6540774703025818
0.4290051758289337,0.8124575018882751,0.6540737152099609
0.4744439721107483,0.7569895386695862,0.6540697813034058
0.4845391511917114,0.893467903137207,0.6540658473968506
0.46351081132888794,0.8981903195381165,0.6540620923042297
0.46899399161338806,0.9845544099807739,0.6540582180023193
0.45916587114334106,0.9507811069488525,0.6540544629096985
0.472552090883255,0.9765609502792358,0.6540504693984985
0.4788774847984314,0.8551163077354431,0.6540464758872986
0.4554171860218048,0.8500645160675049,0.6540424823760986
0.4689705967903137,0.9635785222053528,0.654038667678833
0.4321266710758209,0.8959812521934509,0.6540349125862122
0.4951978027820587,0.8128849267959595,0.6540310382843018
0.4616508483886719,0.8007107973098755,0.6540271043777466
0.4242565631866455,0.878105103969574,0.6540233492851257
0.4531456530094147,0.781438410282135,0.6540196537971497
0.40987294912338257,0.9807790517807007,0.654015839099884
0.45966407656669617,0.9077043533325195,0.6540122628211975
0.48255467414855957,0.938740074634552,0.6540080904960632
0.48307913541793823,0.7052542567253113,0.6540041565895081
0.4443000853061676,0.8884779214859009,0.6540002822875977
0.4428466856479645,0.7297560572624207,0.6539963483810425
0.4570467174053192,0.7209292650222778,0.6539927124977112
0.44093477725982666,0.9536980986595154,0.6539888381958008
0.43615859746932983,0.8094847798347473,0.6539848446846008
0.4571034908294678,0.8430174589157104,0.6539810299873352
0.45386022329330444,0.8586100339889526,0.6539771556854248
0.4946717321872711,0.9788582921028137,0.6539733409881592
0.4465161859989166,0.8918900489807129,0.6539696455001831
0.4409777820110321,0.9131966829299927,0.6539658308029175
0.457285612821579,0.7842856645584106,0.6539619565010071
0.4578193724155426,0.7598249912261963,0.6539580225944519
0.4661639630794525,0.8485651612281799,0.6539541482925415
0.4615330994129181,0.8601494431495667,0.6539504528045654
0.4910602569580078,0.7468246817588806,0.6539464592933655
0.46257197856903076,0.8264208436012268,0.6539426445960999
0.39977872371673584,0.8706240057945251,0.653938889503479
0.458621621131897,0.9692872166633606,0.6539349555969238
0.4486166536808014,0.7838807702064514,0.6539309620857239
0.4426145553588867,0.8130082488059998,0.6539270281791687
0.47401154041290283,0.9000433683395386,0.6539229154586792
0.4689289927482605,0.9361341595649719,0.653918981552124
0.47765204310417175,0.8905342817306519,0.6539151072502136
0.45129650831222534,0.8277926445007324,0.6539112329483032
0.4571586847305298,0.8702508211135864,0.6539074182510376
0.44760560989379883,0.8622339963912964,0.6539037227630615
0.44699153304100037,0.8769203424453735,0.6538995504379272
0.4510427415370941,0.8371098637580872,0.6538957953453064
0.48077669739723206,0.8905507922172546,0.653891921043396
0.4706570506095886,0.9568889141082764,0.653887927532196
0.44054412841796875,0.8874372839927673,0.6538841128349304
0.43109020590782166,0.9213130474090576,0.65388023853302
0.4705837070941925,0.9143350720405579,0.6538766026496887
0.4553224742412567,0.9035428762435913,0.653872549533844
0.4424835443496704,0.8745711445808411,0.653868556022644
0.4412788450717926,0.9756050109863281,0.6538646221160889
0.5006579756736755,0.8577969670295715,0.6538605690002441
0.5008514523506165,0.7678407430648804,0.653856635093689
0.4461333453655243,0.9398270845413208,0.653852641582489
0.4477228820323944,0.8227608799934387,0.6538485884666443
0.4044031500816345,0.778046190738678,0.6538448929786682
0.4667453169822693,0.8109463453292847,0.653840959072113
0.4441903233528137,0.9393948912620544,0.6538372039794922
0.47084149718284607,0.8130416870117188,0.653833270072937
0.4672822058200836,0.9168862700462341,0.6538293361663818
0.4516630172729492,0.85047447681427,0.6538254618644714
0.43052104115486145,0.8686993718147278,0.653821587562561
0.4296897351741791,0.8432637453079224,0.6538175940513611
0.49805909395217896,0.8494405150413513,0.6538137197494507
0.4948076903820038,0.8984811902046204,0.6538099646568298
0.4601047933101654,0.9126442670822144,0.6538059115409851
0.43331992626190186,0.751624345779419,0.6538018584251404
0.4640331268310547,0.9200307130813599,0.6537980437278748
0.43870455026626587,0.8342716693878174,0.6537942290306091
0.4415265619754791,0.8267232775688171,0.6537901759147644
0.4260841906070709,0.8151940703392029,0.653786301612854
0.44323262572288513,0.9011213183403015,0.6537825465202332
0.4414806365966797,0.8846167922019958,0.6537783145904541
0.462293803691864,0.9188500642776489,0.6537745594978333
0.4462013840675354,0.7622120976448059,0.6537704467773438
0.4548225998878479,0.8392236828804016,0.6537668704986572
0.44780275225639343,0.8907226920127869,0.653762936592102
0.45007961988449097,0.7522236704826355,0.6537588834762573
0.46827107667922974,0.9121338129043579,0.6537551283836365
0.46603983640670776,1.0180131196975708,0.6537511348724365
0.4421904981136322,0.8436228036880493,0.653747022151947
0.4449002742767334,0.9004207849502563,0.6537430286407471
0.45932063460350037,0.8216948509216309,0.6537390947341919
0.43375203013420105,0.9439360499382019,0.6537352204322815
0.441209614276886,0.8977421522140503,0.6537312269210815
0.43001455068588257,0.834261953830719,0.6537272334098816
0.4362671971321106,0.9586241841316223,0.6537232398986816
0.44617950916290283,0.8094883561134338,0.6537193059921265
0.4524964392185211,0.8683220744132996,0.6537153720855713
0.4229770302772522,0.8738574385643005,0.6537115573883057
0.46045979857444763,0.8169918656349182,0.6537076234817505
0.43507492542266846,0.7662108540534973,0.6537036895751953
0.46971121430397034,0.7631701231002808,0.6536997556686401
0.4498855769634247,0.9398746490478516,0.6536957621574402
0.44702160358428955,0.8304228186607361,0.653691828250885
0.4709441363811493,0.8041744828224182,0.6536879539489746
0.45544612407684326,0.7847750186920166,0.6536839008331299
0.4355275630950928,0.9041261076927185,0.6536797285079956
0.4306710958480835,0.9528090953826904,0.65367591381073
0.4576658308506012,0.7845251560211182,0.6536718606948853
0.44578614830970764,0.7666639685630798,0.6536680459976196
0.455222487449646,0.8265460729598999,0.6536641716957092
0.45711585879325867,0.8380229473114014,0.6536602973937988
0.466776043176651,0.7902107834815979,0.6536564230918884
0.45057201385498047,0.8804293870925903,0.6536524891853333
0.44461697340011597,0.868658185005188,0.6536485552787781
0.42678189277648926,0.8071502447128296,0.6536445617675781
0.4597194492816925,0.7843786478042603,0.6536404490470886
0.4340120553970337,0.7128450870513916,0.6536364555358887
0.46010783314704895,0.8424801230430603,0.653632402420044
0.4729840159416199,0.7878068089485168,0.6536285877227783
0.48442262411117554,0.9194919466972351,0.6536245346069336
0.4474582076072693,0.9067472219467163,0.6536204814910889
0.4507156014442444,0.8330879807472229,0.6536166071891785
0.4705834984779358,0.774979293346405,0.6536126136779785
0.4388906955718994,0.8270412087440491,0.6536086201667786
0.4671720564365387,0.8192151784896851,0.6536046862602234
0.4600003659725189,0.9412410259246826,0.6536006927490234
0.49030402302742004,0.8462594747543335,0.6535966992378235
0.42361849546432495,0.83555006980896,0.653592586517334
0.46077409386634827,0.9342696666717529,0.6535886526107788
0.443179726600647,0.8149262070655823,0.653584897518158
0.4320262670516968,0.8035222887992859,0.6535806655883789
0.4305953085422516,0.9463717937469482,0.6535767316818237
0.4169798493385315,0.7649973034858704,0.653572678565979
0.48225852847099304,0.7320042848587036,0.6535686254501343
0.444166362285614,0.7522571086883545,0.6535647511482239
0.4529816806316376,0.8272169828414917,0.6535606980323792
0.4821835458278656,0.8330615758895874,0.6535568237304688
0.4642900824546814,0.737903356552124,0.6535528898239136
0.4412964880466461,0.8611173629760742,0.6535489559173584
0.4252994954586029,0.7840613722801208,0.6535451412200928
0.4649116098880768,0.8596572279930115,0.6535412073135376
0.4817267060279846,0.9172263145446777,0.6535372734069824
0.45999595522880554,0.8627246022224426,0.6535332202911377
0.45763444900512695,0.9098193645477295,0.6535290479660034
0.42856690287590027,0.8256157636642456,0.6535251140594482
0.47326016426086426,0.8543983697891235,0.653520941734314
0.4460463523864746,0.8218687176704407,0.6535170674324036
0.44292742013931274,0.8827369809150696,0.6535130739212036
0.43933427333831787,0.872539222240448,0.6535091400146484
0.46127793192863464,0.8669780492782593,0.6535051465034485
0.4620513916015625,0.8004797101020813,0.6535012125968933
0.45537427067756653,0.7653588056564331,0.6534974575042725
0.4575486481189728,0.8948842883110046,0.6534932851791382
0.453928679227829,0.9395242929458618,0.6534895300865173
0.46921277046203613,0.8076978325843811,0.6534855961799622
0.450631320476532,0.7986228466033936,0.6534815430641174
0.43926066160202026,0.9352995753288269,0.653477668762207
0.4522196650505066,0.7418330907821655,0.6534736752510071
0.4408321678638458,0.8995766043663025,0.6534697413444519
0.4635230600833893,0.9022095799446106,0.6534656882286072
0.4413006603717804,0.9050384759902954,0.6534618139266968
0.4392279088497162,0.9032033681869507,0.653457760810852
0.4443115293979645,0.8531075119972229,0.6534537672996521
0.4114612936973572,0.7915105223655701,0.6534498929977417
0.45641928911209106,0.7659233808517456,0.653445839881897
0.4333789646625519,0.8002411127090454,0.6534420847892761
0.48126038908958435,0.6957191228866577,0.6534380912780762
0.4644487500190735,0.8480097055435181,0.6534342169761658
0.4618793725967407,0.832271158695221,0.6534302830696106
0.44012248516082764,0.9918113946914673,0.6534263491630554
0.47405341267585754,0.790390133857727,0.6534222364425659
0.4657531976699829,0.7734060287475586,0.6534183621406555
0.45327261090278625,0.91802978515625,0.6534143090248108
0.4762539267539978,0.7688151597976685,0.6534102559089661
0.43430471420288086,0.8088974952697754,0.6534062623977661
0.4397605061531067,1.0135647058486938,0.6534022688865662
0.4380600154399872,0.8733325004577637,0.6533982157707214
0.45730170607566833,0.8875400424003601,0.6533942222595215
0.4336000084877014,0.8599493503570557,0.6533904075622559
0.47725459933280945,0.8071231245994568,0.6533863544464111
0.46719977259635925,0.7984858751296997,0.653382420539856
0.4511755406856537,0.8132040500640869,0.653378427028656
0.45241984724998474,0.8807793855667114,0.6533744931221008
0.42467647790908813,0.8063878417015076,0.6533706188201904
0.4700227975845337,0.7773928046226501,0.6533666849136353
0.431108295917511,0.7190337181091309,0.6533626914024353
0.4587412178516388,0.8211012482643127,0.6533588767051697
0.4464797079563141,0.8758637309074402,0.6533545255661011
0.4617638885974884,0.75272536277771,0.6533506512641907
0.45527753233909607,0.7298839092254639,0.6533466577529907
0.40374308824539185,0.8424295783042908,0.653342604637146
0.44434434175491333,0.7875350713729858,0.6533386707305908
0.454416424036026,0.7238832712173462,0.6533346176147461
0.4236353039741516,0.8730064630508423,0.6533305644989014
0.4452710449695587,0.7803021669387817,0.6533265709877014
0.4309435486793518,0.9408213496208191,0.6533225178718567
0.4900532066822052,0.8415774703025818,0.6533187031745911
0.43842408061027527,0.7235596179962158,0.6533145308494568
0.43523627519607544,0.8091052174568176,0.6533105969429016
0.4447184205055237,0.755426824092865,0.6533066034317017
0.4443643391132355,0.7248017191886902,0.6533026695251465
0.44305533170700073,0.9659644961357117,0.6532987356185913
0.439893901348114,0.8164463639259338,0.6532946228981018
0.4444032311439514,0.8983849287033081,0.6532906889915466
0.4549036920070648,0.7630801200866699,0.6532866358757019
0.41191598773002625,0.92625892162323,0.6532825827598572
0.4570310711860657,0.8543195128440857,0.6532787084579468
0.4390861988067627,0.7528679966926575,0.653274655342102
0.40691739320755005,0.6962665915489197,0.6532706618309021
0.4449750781059265,0.9742950797080994,0.6532666683197021
0.45958051085472107,0.8020786046981812,0.6532624959945679
0.4323975145816803,0.7779146432876587,0.6532583832740784
0.42583030462265015,0.7985261082649231,0.6532543897628784
0.42026111483573914,0.7376680374145508,0.6532502770423889
0.4493449032306671,0.8282149434089661,0.6532462239265442
0.4272911548614502,0.8043814897537231,0.6532421112060547
0.4250793755054474,0.8064407706260681,0.6532381176948547
0.46190589666366577,0.7746886610984802,0.6532341837882996
0.42111748456954956,0.7462511658668518,0.6532301902770996
0.4526970088481903,0.8854057192802429,0.6532262563705444
0.46168696880340576,0.8609722852706909,0.6532220840454102
0.4718780517578125,0.8192489743232727,0.6532180905342102
0.4473613500595093,0.8361597657203674,0.6532139182090759
0.44508203864097595,0.8472030758857727,0.6532100439071655
0.46922874450683594,0.7946216464042664,0.6532061100006104
0.45119717717170715,0.848052978515625,0.6532018780708313
0.4596571922302246,0.7531431913375854,0.6531978845596313
0.45379766821861267,0.8264271020889282,0.6531939506530762
0.49201589822769165,0.8872367143630981,0.6531897783279419
0.4701084494590759,0.8143081665039062,0.6531857848167419
0.4378760755062103,0.7408444285392761,0.6531814336776733
0.4439683258533478,0.7948435544967651,0.6531774997711182
0.4597763121128082,0.939408540725708,0.6531734466552734
0.4364047348499298,0.9741201400756836,0.6531695127487183
0.4586174488067627,0.8370221257209778,0.6531654596328735
0.45700058341026306,0.8776441216468811,0.6531612873077393
0.4097280502319336,0.8096259236335754,0.6531571745872498
0.4753997027873993,0.8981324434280396,0.653153121471405
0.46706685423851013,1.0470091104507446,0.6531490683555603
0.47879546880722046,0.8864299654960632,0.6531449556350708
0.42688360810279846,0.9206874370574951,0.6531410217285156
0.447940468788147,0.7287911772727966,0.6531368494033813
0.43472254276275635,0.8309786319732666,0.6531330943107605
0.434793621301651,0.7810318470001221,0.6531291604042053
0.43898388743400574,0.8306527137756348,0.6531252264976501
0.44490504264831543,0.7901259064674377,0.6531211137771606
0.4614630341529846,0.8638818264007568,0.6531170606613159
0.4434882700443268,0.8718243837356567,0.6531129479408264
0.42013660073280334,0.9571180939674377,0.653109073638916
0.4371156394481659,0.9271715879440308,0.6531049609184265
0.4526744782924652,0.794365644454956,0.6531009078025818
0.4273320734500885,0.6665210723876953,0.6530967354774475
0.43215811252593994,0.8987772464752197,0.6530926823616028
0.46847042441368103,0.7579166293144226,0.6530888080596924
0.42037233710289,0.7986681461334229,0.6530847549438477
0.4774244725704193,0.8451316952705383,0.6530808210372925
0.4498400390148163,0.7448755502700806,0.6530766487121582
0.45307984948158264,0.9723077416419983,0.653072714805603
0.4552571773529053,0.8988549113273621,0.6530686616897583
0.44325563311576843,0.738614559173584,0.6530646085739136
0.43462932109832764,0.6997082233428955,0.6530605554580688
0.4450758993625641,0.7920762896537781,0.6530566811561584
0.41528207063674927,0.8215810656547546,0.653052568435669
0.4587323069572449,0.7829726934432983,0.6530484557151794
0.4488307237625122,0.7728894948959351,0.653044581413269
0.472694456577301,0.9033045172691345,0.6530404686927795
0.4399662911891937,0.7573966979980469,0.6530365347862244
0.4437440037727356,0.8383297920227051,0.6530323624610901
0.4784626364707947,0.7984779477119446,0.6530284881591797
0.455498069524765,0.7738311290740967,0.6530244946479797
0.4133208990097046,0.8626723289489746,0.6530205011367798
0.4285884201526642,0.8098301291465759,0.6530163884162903
0.47318828105926514,0.7586120963096619,0.6530122756958008
0.445356547832489,0.8565065264701843,0.6530084013938904
0.4458255171775818,0.8888827562332153,0.65300452709198
0.4942921996116638,0.853943407535553,0.6530002951622009
0.4392860531806946,0.8217514753341675,0.6529963612556458
0.44861289858818054,0.7906861305236816,0.6529923677444458
0.45599472522735596,0.8744614124298096,0.6529882550239563
0.4413178563117981,0.8644117116928101,0.6529842615127563
0.44771072268486023,0.883283257484436,0.6529801487922668
0.4783397614955902,0.7753801345825195,0.6529760956764221
0.4466811716556549,0.8211108446121216,0.6529721617698669
0.48195770382881165,0.8253012299537659,0.6529679894447327
0.4086556136608124,0.7873715162277222,0.652964174747467
0.48079732060432434,0.877437949180603,0.6529603004455566
0.4682190418243408,0.8265001177787781,0.6529562473297119
0.47197937965393066,0.768076479434967,0.6529521346092224
0.4439312219619751,0.9176474809646606,0.6529480814933777
0.44973263144493103,0.8182696104049683,0.652944028377533
0.43708208203315735,0.7494603395462036,0.6529399752616882
0.4623360335826874,0.8129256367683411,0.6529358625411987
0.42786073684692383,0.8654267191886902,0.652931809425354
0.41393646597862244,0.9210818409919739,0.6529278755187988
0.45588064193725586,0.9290262460708618,0.652923583984375
0.4230176508426666,0.7956004738807678,0.6529196500778198
0.41448110342025757,0.8039052486419678,0.6529157161712646
0.421894907951355,0.8935808539390564,0.6529115438461304
0.44742804765701294,0.6708675622940063,0.6529075503349304
0.41080135107040405,0.8183870911598206,0.6529036164283752
0.4783484637737274,0.7885955572128296,0.652899444103241
0.45179036259651184,0.7679791450500488,0.6528955101966858
0.45060980319976807,0.8248476386070251,0.6528914570808411
0.433856725692749,0.8025551438331604,0.6528871655464172
0.4293275475502014,0.8155379891395569,0.6528831124305725
0.4420453906059265,0.7977730631828308,0.6528791189193726
0.45090118050575256,0.8445878028869629,0.6528750658035278
0.4661392271518707,0.7477023005485535,0.652870774269104
0.4478689730167389,0.8887419104576111,0.652866780757904
0.41475337743759155,0.7125707864761353,0.6528627872467041
0.4399421215057373,0.8646318912506104,0.6528586149215698
0.41720283031463623,0.7795141339302063,0.6528546214103699
0.4780755639076233,0.9328013062477112,0.6528506875038147
0.47092774510383606,0.773123562335968,0.6528465151786804
0.4500761926174164,0.7459123134613037,0.6528422832489014
0.4461478888988495,0.948248028755188,0.652838408946991
0.4380891025066376,0.7159557938575745,0.6528343558311462
0.42588984966278076,0.8205902576446533,0.6528302431106567
0.4176598787307739,0.8297479748725891,0.6528261303901672
0.4439428746700287,0.7763055562973022,0.652821958065033
0.436416894197464,0.7344826459884644,0.6528177857398987
0.43740057945251465,0.796074390411377,0.6528138518333435
0.433957576751709,0.8452653288841248,0.6528098583221436
0.4713461995124817,0.7540999054908752,0.6528056263923645
0.4595909118652344,0.7836639285087585,0.6528016924858093
0.43555960059165955,0.6895155906677246,0.652797520160675
0.44987040758132935,0.8173949122428894,0.6527935862541199
0.47256049513816833,0.9271678328514099,0.6527894735336304
0.4767548739910126,0.8507460355758667,0.6527853012084961
0.45207902789115906,1.0211408138275146,0.6527813673019409
0.46444183588027954,0.8351874947547913,0.6527773141860962
0.41492876410484314,0.7942407727241516,0.6527732014656067
0.46133357286453247,0.817439615726471,0.6527693271636963
0.44412243366241455,0.798842191696167,0.6527655124664307
0.4436149299144745,0.7458711266517639,0.6527613401412964
0.4315245747566223,0.7843905091285706,0.6527574062347412
0.44800183176994324,0.7278503775596619,0.6527535319328308
0.47087910771369934,0.8051701784133911,0.6527495980262756
0.4515155255794525,0.7981997728347778,0.6527454853057861
0.47289007902145386,0.7486117482185364,0.6527416110038757
0.4445968270301819,0.8432700037956238,0.6527376174926758
0.46292969584465027,0.815354585647583,0.6527335047721863
0.46278128027915955,0.8345605134963989,0.6527294516563416
0.4447510838508606,0.7340924739837646,0.6527256369590759
0.4452250301837921,0.8077892065048218,0.6527215838432312
0.4483902156352997,0.7702825665473938,0.6527175307273865
0.4281933605670929,0.7896053194999695,0.6527135968208313
0.4309460520744324,0.8616518378257751,0.6527094841003418
0.4493517279624939,0.7216044664382935,0.6527054905891418
0.475301057100296,0.7532901763916016,0.6527015566825867
0.4391346871852875,0.886512041091919,0.6526975631713867
0.4589824676513672,0.8036510348320007,0.6526936292648315
0.4489520490169525,0.7052555084228516,0.6526896953582764
0.4340088367462158,0.8355540037155151,0.652685821056366
0.4285505414009094,0.9049163460731506,0.6526817083358765
0.4322882294654846,0.7235245108604431,0.6526776552200317
0.47464102506637573,0.7241844534873962,0.652673602104187
0.46405529975891113,0.9053645730018616,0.6526694893836975
0.44789886474609375,0.9221005439758301,0.6526655554771423
0.46035656332969666,0.8042851090431213,0.6526614427566528
0.4714544415473938,0.7125282287597656,0.6526575684547424
0.49547308683395386,0.816181480884552,0.6526536345481873
0.42633306980133057,0.8247362971305847,0.6526497006416321
0.43737250566482544,0.7780809998512268,0.6526460647583008
0.44530436396598816,0.698171079158783,0.6526421308517456
0.47442764043807983,0.8592504262924194,0.6526381969451904
0.44295379519462585,0.8623453378677368,0.6526340842247009
0.45046427845954895,0.8196839690208435,0.6526300311088562
0.4353664815425873,0.8295390009880066,0.6526261568069458
0.47648343443870544,0.8681774139404297,0.6526221036911011
0.4382534921169281,0.7095754146575928,0.6526181101799011
0.4383819103240967,0.7886032462120056,0.6526141166687012
0.442969411611557,0.8337765336036682,0.6526102423667908
0.46678072214126587,0.8384791612625122,0.6526063084602356
0.4482855200767517,0.7754387259483337,0.6526025533676147
0.3884981572628021,0.7628976106643677,0.6525984406471252
0.4317665696144104,0.8527188301086426,0.6525945067405701
0.4355015158653259,0.7857884764671326,0.6525905728340149
0.446071594953537,0.9451614618301392,0.6525864005088806
0.448943555355072,0.7211226224899292,0.6525825262069702
0.45136770606040955,0.7876494526863098,0.6525784134864807
0.4302162826061249,0.8034230470657349,0.652574360370636
0.4111214280128479,0.7564902305603027,0.6525704264640808
0.44993388652801514,0.8219724893569946,0.6525664329528809
0.43532004952430725,0.8623237609863281,0.6525623202323914
0.4225406050682068,0.8893534541130066,0.6525583863258362
0.43693339824676514,0.743513822555542,0.6525543928146362
0.4636845886707306,0.8861838579177856,0.6525505185127258
0.45163723826408386,0.7573533058166504,0.6525462865829468
0.44043925404548645,0.7513436675071716,0.6525425314903259
0.42752519249916077,0.7729962468147278,0.6525385975837708
0.4386659860610962,0.771262526512146,0.6525344848632812
0.4614711105823517,0.7783958315849304,0.6525306105613708
0.44144177436828613,0.8621585369110107,0.6525265574455261
0.4649522006511688,0.8330516815185547,0.652522623538971
0.4442322254180908,0.7976551055908203,0.652518630027771
0.42738664150238037,0.80082106590271,0.6525146961212158
0.4027821719646454,0.7061730027198792,0.6525108218193054
0.4505733251571655,0.8770173788070679,0.6525067687034607
0.4559503197669983,0.7285918593406677,0.6525028347969055
0.46009522676467896,0.7776932120323181,0.652498722076416
0.4611709713935852,0.7624462842941284,0.6524947285652161
0.418195515871048,0.7550820112228394,0.6524909734725952
0.4488334357738495,0.9821876883506775,0.6524869203567505
0.4546906054019928,0.7365065217018127,0.6524829864501953
0.4673978388309479,0.8021835088729858,0.6524788737297058
0.4522746801376343,0.831630527973175,0.6524749994277954
0.49556437134742737,0.8678391575813293,0.6524711847305298
0.45558544993400574,0.9134100079536438,0.6524670124053955
0.4426737427711487,0.73398756980896,0.6524630784988403
0.45876744389533997,0.7794373631477356,0.6524591445922852
0.45179417729377747,0.7701675295829773,0.6524550318717957
0.4259639084339142,0.7583063840866089,0.6524510383605957
0.44514644145965576,0.780986487865448,0.6524471640586853
0.43547576665878296,0.7146648168563843,0.6524432897567749
0.4719233214855194,0.8534932136535645,0.6524392366409302
0.4417644739151001,0.6719495058059692,0.652435302734375
0.44521811604499817,0.7769394516944885,0.6524312496185303
0.4551360309123993,0.6946775317192078,0.6524272561073303
0.48236361145973206,0.8108140826225281,0.6524234414100647
0.4539254903793335,0.8088050484657288,0.6524195075035095
0.40249016880989075,0.7308433651924133,0.6524155735969543
0.45897379517555237,0.7993119955062866,0.6524116396903992
0.45364275574684143,0.6981224417686462,0.652407705783844
0.4402615427970886,0.8360623717308044,0.652403712272644
0.45819413661956787,0.825175940990448,0.6523998379707336
0.43972164392471313,0.752219557762146,0.6523957848548889
0.434644877910614,0.835905909538269,0.6523918509483337
0.4400523900985718,0.8471829295158386,0.6523878574371338
0.4365728497505188,0.9755973219871521,0.6523838639259338
0.4576411545276642,0.791907787322998,0.6523799300193787
0.4064708948135376,0.6906537413597107,0.6523758769035339
0.45922625064849854,0.8515753149986267,0.652371883392334
0.4404425621032715,0.7650538682937622,0.6523678302764893
0.43922069668769836,0.8191798329353333,0.6523638367652893
0.44876420497894287,0.8893738389015198,0.6523598432540894
0.46806925535202026,0.7463133931159973,0.6523559093475342
0.446339875459671,0.7897458672523499,0.6523520350456238
0.41917121410369873,0.7855831980705261,0.652347981929779
0.46025320887565613,0.8182346820831299,0.6523441076278687
0.45113658905029297,0.7383750677108765,0.6523401141166687
0.42587774991989136,0.8241238594055176,0.6523359417915344
0.4536578059196472,0.8220162391662598,0.6523319482803345
0.4647468030452728,0.7274630665779114,0.6523280143737793
0.4598392844200134,0.7930532097816467,0.652323842048645
0.46641263365745544,0.9244008660316467,0.6523199081420898
0.41274726390838623,0.8940125107765198,0.6523157954216003
0.42833563685417175,0.7509411573410034,0.6523119211196899
0.40806180238723755,0.8638457655906677,0.6523079872131348
0.4471398890018463,0.8490554690361023,0.6523038744926453
0.4591425657272339,0.8438007235527039,0.6523000001907349
0.48507896065711975,0.7116585373878479,0.6522960662841797
0.462398886680603,0.8241650462150574,0.6522921919822693
0.4519847631454468,0.8435861468315125,0.6522880792617798
0.459343820810318,0.8807529807090759,0.6522842049598694
0.46374425292015076,0.8789066672325134,0.6522801518440247
0.44383704662323,0.9437971711158752,0.6522761583328247
0.4757499694824219,0.8143126368522644,0.6522722244262695
0.42644616961479187,0.8892844319343567,0.6522682309150696
0.44866445660591125,0.7822838425636292,0.6522641181945801
0.427042156457901,0.8569428324699402,0.6522602438926697
0.44092801213264465,0.8512968420982361,0.6522563099861145
0.44875556230545044,0.9303853511810303,0.6522522568702698
0.4254911541938782,0.8512325882911682,0.6522483229637146
0.4200242757797241,0.8893964290618896,0.6522445678710938
0.41719070076942444,0.8094112277030945,0.6522406339645386
0.4309264123439789,0.7906683683395386,0.6522365212440491
0.4462154805660248,0.7839666604995728,0.6522325873374939
0.4415203034877777,0.7702869772911072,0.652228593826294
0.4465789496898651,0.7310615181922913,0.652224600315094
0.4519636034965515,0.8108428120613098,0.652220606803894
0.4078781306743622,0.9099079370498657,0.6522166728973389
0.4412280321121216,0.707536518573761,0.6522126793861389
0.41515299677848816,0.8668805360794067,0.6522084474563599
0.46286770701408386,0.7700233459472656,0.6522045731544495
0.45614761114120483,0.8391449451446533,0.65220046043396
0.44581717252731323,0.7638729810714722,0.6521964073181152
0.4476465880870819,0.7791810035705566,0.6521924734115601
0.46824559569358826,0.7627618908882141,0.6521885395050049
0.4561886787414551,0.8273961544036865,0.6521846652030945
0.4500999450683594,0.7865762114524841,0.6521806716918945
0.4255360960960388,0.7745364308357239,0.6521767377853394
0.43356287479400635,0.8525420427322388,0.6521729230880737
0.45073288679122925,0.7925192713737488,0.6521686911582947
0.43851059675216675,0.8963632583618164,0.6521648168563843
0.45152613520622253,0.8308552503585815,0.6521608233451843
0.49324920773506165,0.7791010737419128,0.6521568894386292
0.45148199796676636,0.9090989828109741,0.6521526575088501
0.4309667646884918,0.8884820342063904,0.6521487832069397
0.4299170970916748,0.8709989786148071,0.6521447896957397
0.44818705320358276,0.7599751949310303,0.6521410346031189
0.45312950015068054,0.8224871158599854,0.6521367430686951
0.44346824288368225,0.8259316682815552,0.6521329879760742
0.4487897753715515,0.7499778270721436,0.6521292328834534
0.4977610409259796,0.8359367251396179,0.652125358581543
0.3691974878311157,0.7212214469909668,0.652121365070343
0.46745190024375916,0.7375728487968445,0.6521175503730774
0.42971375584602356,0.7953795194625854,0.6521135568618774
0.46415990591049194,0.8811058402061462,0.6521095633506775
0.390257328748703,0.854547381401062,0.6521056890487671
0.41872888803482056,0.7811580896377563,0.652101457118988
0.4840887486934662,0.8390241265296936,0.652097761631012
0.46499112248420715,0.8062694072723389,0.6520935893058777
0.4532884955406189,0.8749728798866272,0.6520896553993225
0.465030312538147,0.7948927879333496,0.6520858407020569
0.4203515946865082,0.7604681849479675,0.6520819067955017
0.4452843964099884,0.8160890936851501,0.6520782113075256
0.4595789611339569,0.7572290301322937,0.6520743370056152
0.4459991455078125,0.7377652525901794,0.6520706415176392
0.4202561378479004,0.8127204775810242,0.6520666480064392
0.46167343854904175,0.6897776126861572,0.652062714099884
0.4367063045501709,0.8452882766723633,0.6520588397979736
0.4304702877998352,0.7993956208229065,0.652055025100708
0.44964799284935,0.9215752482414246,0.6520509123802185
0.43804699182510376,0.7209999561309814,0.6520470976829529
0.46989360451698303,0.7665491700172424,0.6520431637763977
0.4056682884693146,0.6902225017547607,0.6520393490791321
0.4579247236251831,0.8150662183761597,0.6520355939865112
0.44253748655319214,0.7917662858963013,0.6520317196846008
0.4252447187900543,0.8495332598686218,0.6520278453826904
0.42168131470680237,0.8309474587440491,0.6520240902900696
0.42437586188316345,0.7354545593261719,0.6520203351974487
0.4531347155570984,0.8418987989425659,0.6520164608955383
0.4758465588092804,0.7506210207939148,0.6520127058029175
0.46420997381210327,0.8813294768333435,0.6520087122917175
0.4674871861934662,0.8084937334060669,0.6520048975944519
0.4322568476200104,0.712264358997345,0.652000904083252
0.4915188252925873,0.7529742121696472,0.6519970297813416
0.44775718450546265,0.7996978759765625,0.6519930958747864
0.4394587278366089,0.7803045511245728,0.6519891619682312
0.465165913105011,0.8811735510826111,0.651985228061676
0.43528011441230774,0.7468861937522888,0.6519814729690552
0.44160422682762146,0.8366996049880981,0.6519774794578552
0.4385242760181427,0.7183414101600647,0.6519737839698792
0.4515931308269501,0.7511250376701355,0.6519697904586792
0.4603399336338043,0.7009745240211487,0.6519659757614136
0.4673466682434082,0.905680775642395,0.6519620418548584
0.43977439403533936,0.696952760219574,0.6519579887390137
0.4289863109588623,0.7320212721824646,0.6519539952278137
0.43517690896987915,0.7333911657333374,0.6519502997398376
0.4673687219619751,0.8164554238319397,0.6519463062286377
0.44423919916152954,0.8202037811279297,0.6519424915313721
0.4466559588909149,0.8061210513114929,0.6519383788108826
0.42222321033477783,0.7312142252922058,0.6519346833229065
0.4789867699146271,0.7304872870445251,0.6519307494163513
0.45013946294784546,0.8300758004188538,0.6519268751144409
0.42733603715896606,0.7432454824447632,0.6519230008125305
0.4532569348812103,0.897437572479248,0.6519190669059753
0.4152105748653412,0.8231274485588074,0.6519150137901306
0.4438164234161377,0.8025459051132202,0.6519111394882202
0.4658501148223877,0.8158982992172241,0.6519073247909546
0.4816266596317291,0.8434706330299377,0.6519034504890442
0.48134928941726685,0.8964003920555115,0.6518996357917786
0.4321941137313843,0.705569863319397,0.6518955826759338
0.4657478928565979,0.7140858769416809,0.6518915891647339
0.4399999678134918,0.8024965524673462,0.651887834072113
0.46219855546951294,0.926216185092926,0.6518839597702026
0.4673977792263031,0.7625036835670471,0.651880145072937
0.42837831377983093,0.759149968624115,0.6518762111663818
0.4171905815601349,0.8095477223396301,0.6518722176551819
0.4655636250972748,0.9056476950645447,0.6518683433532715
0.45181214809417725,0.8033739924430847,0.6518644690513611
0.4360004663467407,0.8364084959030151,0.6518605351448059
0.4514331817626953,0.7191030979156494,0.6518568992614746
0.43182262778282166,0.8004648685455322,0.6518529653549194
0.457915723323822,0.7562610507011414,0.651849091053009
0.42896026372909546,0.9792776703834534,0.6518451571464539
0.42562195658683777,0.7958102822303772,0.6518412232398987
0.42823687195777893,0.7992964386940002,0.651837170124054
0.4520723521709442,0.721325159072876,0.6518332362174988
0.45552074909210205,0.7169732451438904,0.651829183101654
0.4715149402618408,0.8491748571395874,0.6518253087997437
0.4223948121070862,0.8470885157585144,0.6518215537071228
0.46801844239234924,0.8546478152275085,0.6518178582191467
0.4724295139312744,0.7435155510902405,0.6518140435218811
0.38933610916137695,0.7693906426429749,0.6518101692199707
0.44538000226020813,0.8277444839477539,0.6518064737319946
0.4218263030052185,0.8640375137329102,0.6518024802207947
0.44415244460105896,0.8517089486122131,0.6517986059188843
0.44513511657714844,0.8134504556655884,0.6517946720123291
0.4424870014190674,0.8198485374450684,0.6517907977104187
0.4650723934173584,0.8473902940750122,0.651786744594574
0.4345240294933319,0.8336347341537476,0.6517828106880188
0.4260203242301941,0.7513410449028015,0.651779055595398
0.4435517489910126,0.8305181860923767,0.6517751812934875
0.44003596901893616,0.7712263464927673,0.6517713069915771
0.42669832706451416,0.8275494575500488,0.6517677307128906
0.451251745223999,0.8273866176605225,0.6517638564109802
0.44918742775917053,0.7848399877548218,0.6517600417137146
0.4273771345615387,0.738298773765564,0.6517561078071594
0.4386880695819855,0.7007607221603394,0.6517522931098938
0.4316469430923462,0.7540463805198669,0.6517484188079834
0.4289950132369995,0.7511162161827087,0.6517444849014282
0.41545242071151733,0.8310757875442505,0.651740550994873
0.4744797945022583,0.7650209665298462,0.6517367959022522
0.44518089294433594,0.8004807829856873,0.6517329216003418
0.44088995456695557,0.8038185238838196,0.6517288684844971
0.4448365271091461,0.7703274488449097,0.6517251133918762
0.4362172484397888,0.7233657240867615,0.6517212390899658
0.44878292083740234,0.7012466192245483,0.651717483997345
0.433600515127182,0.6862382888793945,0.6517134308815002
0.4574395418167114,0.7702089548110962,0.6517096161842346
0.44820043444633484,0.8159791231155396,0.6517057418823242
0.4292885363101959,0.7930838465690613,0.6517019867897034
0.4408761262893677,0.7495540976524353,0.6516981720924377
0.45375490188598633,0.8262103199958801,0.651694118976593
0.4558700621128082,0.7708189487457275,0.6516902446746826
0.4291522204875946,0.9507110714912415,0.6516864895820618
0.4536784887313843,0.8749693632125854,0.6516825556755066
0.46095237135887146,0.8326596021652222,0.6516788601875305
0.4693363606929779,0.7006502151489258,0.6516749858856201
0.4574532210826874,0.7717126607894897,0.6516711711883545
0.4606020152568817,0.8648515939712524,0.6516672968864441
0.41616305708885193,0.713131844997406,0.6516634821891785
0.43640097975730896,0.7261418700218201,0.6516594886779785
0.43915173411369324,0.7236550450325012,0.6516555547714233
0.44714534282684326,0.844944953918457,0.6516517996788025
0.44570836424827576,0.885129451751709,0.6516478657722473
0.41855794191360474,0.6896236538887024,0.6516438126564026
0.44174903631210327,0.7174407839775085,0.6516399383544922
0.4517665207386017,0.8733818531036377,0.6516359448432922
0.43714407086372375,0.7412286996841431,0.6516321897506714
0.42625829577445984,0.6738771796226501,0.651628315448761
0.4837524890899658,0.7509244680404663,0.6516245603561401
0.44412487745285034,0.7432372570037842,0.6516207456588745
0.4478738009929657,0.7705552577972412,0.6516169309616089
0.5013959407806396,0.7293161749839783,0.651613175868988
0.4720982015132904,0.8279359936714172,0.6516093015670776
0.42912018299102783,0.7661219835281372,0.651605486869812
0.47873616218566895,0.7585529685020447,0.6516016125679016
0.49311280250549316,0.803081214427948,0.6515977382659912
0.4328318238258362,0.731241762638092,0.6515936255455017
0.4283822178840637,0.7832584381103516,0.6515896916389465
0.4429604709148407,0.771666944026947,0.6515859365463257
0.43725094199180603,0.8424964547157288,0.6515820026397705
0.4249935746192932,0.6492288708686829,0.6515780687332153
0.44541677832603455,0.7622631788253784,0.6515741348266602
0.4714563190937042,0.7686941027641296,0.6515704989433289
0.4514748156070709,0.7903579473495483,0.6515669226646423
0.46855804324150085,0.8031383752822876,0.6515629291534424
0.43463364243507385,0.6648228168487549,0.6515592336654663
0.42506173253059387,0.7926808595657349,0.6515551805496216
0.4726894199848175,0.8534295558929443,0.6515513062477112
0.43499279022216797,0.7046195268630981,0.6515474319458008
0.4235836863517761,0.8465551733970642,0.651543378829956
0.4869373142719269,0.805893063545227,0.6515394449234009
0.44930440187454224,0.794880747795105,0.6515356302261353
0.45856666564941406,0.7675138711929321,0.6515318155288696
0.4588709771633148,0.7017402648925781,0.6515279412269592
0.44762420654296875,0.703906238079071,0.6515242457389832
0.4494907855987549,0.7259706854820251,0.6515205502510071
0.44865652918815613,0.789946973323822,0.6515165567398071
0.44401928782463074,0.8058236241340637,0.6515128016471863
0.42339232563972473,0.8371115326881409,0.6515089273452759
0.4277823865413666,0.8842446804046631,0.6515051126480103
0.41507163643836975,0.734341561794281,0.6515012979507446
0.4525463581085205,0.7496641278266907,0.6514971852302551
0.43368011713027954,0.791632354259491,0.6514932513237
0.4478529989719391,0.7697775363922119,0.6514895558357239
0.4218311011791229,0.8755191564559937,0.6514857411384583
0.47193410992622375,0.7596353888511658,0.6514819264411926
0.45753738284111023,0.6606148481369019,0.6514781713485718
0.42605406045913696,0.7564010620117188,0.6514745950698853
0.4281078577041626,0.8485656976699829,0.6514707803726196
0.4362407624721527,0.8293396830558777,0.6514669060707092
0.45812612771987915,0.7668336629867554,0.6514633297920227
0.47124913334846497,0.7365418672561646,0.6514595150947571
0.43492016196250916,0.8035081028938293,0.6514557003974915
0.4655732214450836,0.6483817100524902,0.6514518857002258
0.4362574815750122,0.7445813417434692,0.651448130607605
0.44096893072128296,0.8294228315353394,0.6514443755149841
0.41061779856681824,0.7721081376075745,0.6514405608177185
0.44667771458625793,0.9019606709480286,0.6514367461204529
0.4301954209804535,0.693522572517395,0.6514328718185425
0.45238903164863586,0.7450716495513916,0.6514291167259216
0.4465858042240143,0.8706610798835754,0.6514253616333008
0.4369172751903534,0.8221744894981384,0.6514216661453247
0.46352991461753845,0.7426483631134033,0.6514179110527039
0.42867881059646606,0.8353066444396973,0.6514139771461487
0.4492734372615814,0.8104594945907593,0.6514102220535278
0.41776466369628906,0.782913863658905,0.6514063477516174
0.4738633334636688,0.762291669845581,0.651402473449707
0.4949609637260437,0.8062170147895813,0.6513985991477966
0.45312342047691345,0.7599219679832458,0.651394784450531
0.44247397780418396,0.734936535358429,0.6513910889625549
0.4168333411216736,0.7719031572341919,0.6513871550559998
0.42425328493118286,0.8139360547065735,0.651383101940155
0.4660610556602478,0.8404842019081116,0.6513795256614685
0.45582398772239685,0.8049944043159485,0.6513756513595581
0.45714402198791504,0.7601286768913269,0.6513718962669373
0.4734431207180023,0.7451764941215515,0.6513680219650269
0.4097711741924286,0.683586835861206,0.6513641476631165
0.48805877566337585,0.8014307618141174,0.6513603925704956
0.47392213344573975,0.7865564227104187,0.65135657787323
0.45735982060432434,0.9155423045158386,0.6513529419898987
0.465692400932312,0.8486666679382324,0.6513489484786987
0.4389466941356659,0.9313289523124695,0.6513450741767883
0.44556647539138794,0.7777244448661804,0.6513413190841675
0.4416060447692871,0.8312739133834839,0.6513374447822571
0.43819642066955566,0.7969433069229126,0.6513336300849915
0.44182679057121277,0.815174400806427,0.6513296961784363
0.44844067096710205,0.6915581822395325,0.6513260006904602
0.4659644067287445,0.7831183671951294,0.6513222455978394
0.4213661253452301,0.7856264710426331,0.651318371295929
0.4478244185447693,0.8032657504081726,0.6513144969940186
0.43883323669433594,0.7862733006477356,0.6513106822967529
0.4146769642829895,0.7338994741439819,0.651306688785553
0.4256497919559479,0.6961377263069153,0.6513030529022217
0.45222291350364685,0.8146522641181946,0.6512991189956665
0.442705899477005,0.8235804438591003,0.6512953639030457
0.4448710083961487,0.7202613949775696,0.6512916684150696
0.4422198534011841,0.7259486317634583,0.651287853717804
0.43344056606292725,0.831662118434906,0.6512839794158936
0.4249799847602844,0.9065864086151123,0.6512803435325623
0.4535999298095703,0.790283203125,0.6512763500213623
0.4447184205055237,0.792730450630188,0.6512725353240967
0.4419523775577545,0.6901509165763855,0.6512686014175415
0.4755083918571472,0.8771268129348755,0.6512647867202759
0.45772111415863037,0.7498844265937805,0.6512610912322998
0.3981133699417114,0.7362661361694336,0.6512571573257446
0.41799816489219666,0.8925535678863525,0.6512534618377686
0.4409295320510864,0.7619768977165222,0.6512497067451477
0.44677019119262695,0.8329407572746277,0.6512457728385925
0.44843608140945435,0.7575943470001221,0.6512420177459717
0.4261285364627838,0.7085924744606018,0.6512381434440613
0.42290523648262024,0.8951247930526733,0.6512343883514404
0.42718344926834106,0.6805605888366699,0.65123051404953
0.4351937472820282,0.8924006819725037,0.6512268781661987
0.4234746992588043,0.8276291489601135,0.6512231230735779
0.4277668297290802,0.678931474685669,0.6512191891670227
0.46213582158088684,0.756070613861084,0.6512151956558228
0.47038042545318604,0.7091910243034363,0.6512115001678467
0.42813965678215027,0.7171356678009033,0.6512077450752258
0.4529121518135071,0.7781497836112976,0.6512038111686707
0.4527643918991089,0.8052704930305481,0.6511999368667603
0.40611129999160767,0.8367297053337097,0.6511960029602051
0.4590819478034973,0.7737478017807007,0.6511921882629395
0.44109904766082764,0.7932141423225403,0.6511882543563843
0.4640824496746063,0.8201345205307007,0.6511844992637634
0.44063660502433777,0.7771719098091125,0.6511805653572083
0.4549112021923065,0.7709774971008301,0.6511768698692322
0.44500213861465454,0.8301237225532532,0.6511730551719666
0.4405129551887512,0.7634639739990234,0.6511692404747009
0.4466122090816498,0.6277601718902588,0.6511653065681458
0.43169882893562317,0.7874936461448669,0.6511616110801697
0.42401570081710815,0.7611796259880066,0.651157796382904
0.42467957735061646,0.7199442386627197,0.6511540412902832
0.4473136365413666,0.8163619637489319,0.6511502265930176
0.43476054072380066,0.7447875738143921,0.6511465907096863
0.4316183626651764,0.7418357133865356,0.6511425375938416
0.431776225566864,0.727190375328064,0.6511387825012207
0.46045756340026855,0.8163655996322632,0.6511349678039551
0.4337276220321655,0.8952246904373169,0.6511310935020447
0.41849076747894287,0.746630072593689,0.6511271595954895
0.4584496021270752,0.8623098134994507,0.6511232852935791
0.442848265171051,0.7791804075241089,0.6511194109916687
0.44297724962234497,0.7069396376609802,0.6511157155036926
0.46845805644989014,0.9066826701164246,0.6511117815971375
0.43180450797080994,0.8400499224662781,0.651107907295227
0.44094595313072205,0.7188103199005127,0.6511040925979614
0.4426359534263611,0.7829927802085876,0.6511001586914062
0.43435823917388916,0.7840133309364319,0.6510964035987854
0.43762141466140747,0.7176316976547241,0.6510925889015198
0.45415589213371277,0.8642038106918335,0.6510887145996094
0.47919267416000366,0.7871862053871155,0.6510848999023438
0.4505438804626465,0.7900640964508057,0.651080846786499
0.4539026916027069,0.7481533288955688,0.6510770916938782
0.4292948544025421,0.7624008655548096,0.651073157787323
0.45088720321655273,0.798492431640625,0.6510692238807678
0.4506005346775055,0.7164715528488159,0.651065468788147
0.43985676765441895,0.7752685546875,0.6510617136955261
0.4422909617424011,0.6761153936386108,0.6510579586029053
0.4530685544013977,0.758503794670105,0.6510540246963501
0.43416139483451843,0.7260630130767822,0.6510503888130188
0.4275456964969635,0.8526991605758667,0.6510463953018188
0.4139404892921448,0.7404212951660156,0.6510425806045532
0.4081277549266815,0.8070111274719238,0.6510387063026428
0.4708511531352997,0.722573459148407,0.6510347127914429
0.43784505128860474,0.7682104706764221,0.6510308384895325
0.4381119906902313,0.8434736132621765,0.6510270833969116
0.4501248300075531,0.71224445104599,0.651023268699646
0.45536211133003235,0.8159595727920532,0.6510193943977356
0.46961110830307007,0.8033903241157532,0.6510155200958252
0.4484221935272217,0.7158658504486084,0.6510117053985596
0.43154293298721313,0.776892900466919,0.6510077118873596
0.44386470317840576,0.9071869850158691,0.6510039567947388
0.4260595738887787,0.7465264201164246,0.6510000228881836
0.4575543701648712,0.7096700668334961,0.6509960293769836
0.4305647015571594,0.8440537452697754,0.650992214679718
0.41293054819107056,0.7544950246810913,0.6509882211685181
0.43377864360809326,0.7558011412620544,0.6509844660758972
0.4514586925506592,0.8269997835159302,0.650980532169342
0.42621898651123047,0.7570149898529053,0.6509766578674316
0.4363452196121216,0.6684376001358032,0.6509727239608765
0.46794983744621277,0.7627058029174805,0.6509687900543213
0.46645304560661316,0.7318363785743713,0.6509650945663452
0.4295421540737152,0.8491478562355042,0.65096116065979
0.46573182940483093,0.7321549654006958,0.6509572267532349
0.4226345419883728,0.8729175329208374,0.6509534120559692
0.45515957474708557,0.7203577160835266,0.6509496569633484
0.4453481137752533,0.7432050108909607,0.6509457230567932
0.45793843269348145,0.817962110042572,0.6509418487548828
0.46445557475090027,0.7176193594932556,0.650938093662262
0.4437260925769806,0.681169331073761,0.6509340405464172
0.4650000035762787,0.7361957430839539,0.6509302258491516
0.4855811595916748,0.7569829821586609,0.6509262919425964
0.4475755989551544,0.8190129399299622,0.650922417640686
0.44863638281822205,0.7091251611709595,0.6509183645248413
0.42532166838645935,0.8692131042480469,0.6509143710136414
0.4403749704360962,0.8561717867851257,0.6509105563163757
0.486603707075119,0.7015694975852966,0.6509067416191101
0.41677871346473694,0.8544227480888367,0.6509029269218445
0.42939281463623047,0.7081681489944458,0.6508991718292236
0.43516403436660767,0.7384714484214783,0.6508954763412476
0.46535196900367737,0.7692478895187378,0.6508914828300476
0.4419587254524231,0.8046409487724304,0.6508877873420715
0.4514825642108917,0.7555622458457947,0.6508838534355164
0.4611395299434662,0.8604382276535034,0.650879979133606
0.43784281611442566,0.7476436495780945,0.6508762836456299
0.4242149591445923,0.7015679478645325,0.6508723497390747
0.46946248412132263,0.7917932271957397,0.6508685350418091
0.44057679176330566,0.7264364957809448,0.6508647203445435
0.4085519015789032,0.7338691353797913,0.6508609056472778
0.47181010246276855,0.7483769059181213,0.6508570313453674
0.447292685508728,0.8849678039550781,0.6508533358573914
0.4315435290336609,0.7479084134101868,0.6508495807647705
0.434017539024353,0.7729392647743225,0.6508456468582153
0.46813100576400757,0.7245056629180908,0.6508418917655945
0.42948025465011597,0.77613365650177,0.6508380174636841
0.45721742510795593,0.8926827907562256,0.6508342623710632
0.4860115051269531,0.7335959076881409,0.6508304476737976
0.4403875768184662,0.8445651531219482,0.6508265733718872
0.44810953736305237,0.7699336409568787,0.6508228182792664
0.38489556312561035,0.6911108493804932,0.6508190035820007
0.4297275245189667,0.7896354794502258,0.6508152484893799
0.4225935935974121,0.8238428831100464,0.6508113145828247
0.43102550506591797,0.7941513061523438,0.6508073806762695
0.41435933113098145,0.7833217978477478,0.6508036255836487
0.44287192821502686,0.7084169983863831,0.6507996916770935
0.43431851267814636,0.7870515584945679,0.6507959961891174
0.4476030468940735,0.6994088888168335,0.650792121887207
0.4469354450702667,0.7274317741394043,0.6507884860038757
0.47527173161506653,0.7965273857116699,0.650784432888031
0.423601895570755,0.7666361331939697,0.6507807970046997
0.4294951558113098,0.7920228838920593,0.6507769227027893
0.45278310775756836,0.9283263087272644,0.6507729291915894
0.44031083583831787,0.8889449834823608,0.6507692337036133
0.4306580722332001,0.7586013674736023,0.6507653594017029
0.4384314715862274,0.6997825503349304,0.6507614850997925
0.4705154001712799,0.7359586358070374,0.6507576107978821
0.4584125280380249,0.7691037654876709,0.6507534980773926
0.4408795237541199,0.8044459819793701,0.6507498621940613
0.4536394476890564,0.7464567422866821,0.6507458686828613
0.4357430636882782,0.781374990940094,0.6507419347763062
0.42112529277801514,0.8137955069541931,0.6507381200790405
0.43647390604019165,0.7165682911872864,0.6507342457771301
0.4333205223083496,0.743772029876709,0.6507302522659302
0.4605133533477783,0.793433427810669,0.6507263779640198
0.42967697978019714,0.7892419695854187,0.6507224440574646
0.4661937654018402,0.8221805095672607,0.6507186889648438
0.43977493047714233,0.866398274898529,0.6507146954536438
0.4487660825252533,0.8409640789031982,0.6507108807563782
0.461044579744339,0.7057199478149414,0.6507068872451782
0.4327273666858673,0.7163971066474915,0.6507031917572021
0.47485020756721497,0.6502870917320251,0.650699257850647
0.4250912070274353,0.7028443217277527,0.6506954431533813
0.4428740441799164,0.750935971736908,0.6506914496421814
0.4409237205982208,0.7634899616241455,0.6506876945495605
0.4510651230812073,0.6433790326118469,0.6506838202476501
0.42486727237701416,0.646622359752655,0.6506799459457397
0.4199238717556,0.7076624631881714,0.6506761908531189
0.41949915885925293,0.7634424567222595,0.6506720185279846
0.4576171040534973,0.8305562138557434,0.6506681442260742
0.46472564339637756,0.826711893081665,0.6506642699241638
0.4080193042755127,0.7285383939743042,0.650660514831543
0.43091443181037903,0.7808032035827637,0.650656521320343
0.4326079785823822,0.7735310792922974,0.6506528258323669
0.43967026472091675,0.8868343234062195,0.6506489515304565
0.38699251413345337,0.8064553141593933,0.6506452560424805
0.44114840030670166,0.7657122611999512,0.6506413817405701
0.4353615939617157,0.806086003780365,0.6506375074386597
0.43260815739631653,0.776756763458252,0.6506335735321045
0.4486733078956604,0.7230094075202942,0.6506295204162598
0.42873451113700867,0.7590203285217285,0.6506257653236389
0.43136852979660034,0.8269529342651367,0.6506217122077942
0.42888957262039185,0.8738966584205627,0.6506180763244629
0.46739619970321655,0.832041323184967,0.6506140828132629
0.44652071595191956,0.7444642186164856,0.6506101489067078
0.44131383299827576,0.7384055256843567,0.6506062746047974
0.43167176842689514,0.8493366837501526,0.6506022810935974
0.41847488284111023,0.8165343999862671,0.6505982279777527
0.4360868036746979,0.8246932625770569,0.6505943536758423
0.4481165111064911,0.8262282013893127,0.6505903005599976
0.4282165765762329,0.877399206161499,0.6505863666534424
0.4546284079551697,0.7831063270568848,0.650582492351532
0.469011127948761,0.8405839800834656,0.6505785584449768
0.4221715033054352,0.7317695021629333,0.6505746841430664
0.45236608386039734,0.8970626592636108,0.6505707502365112
0.43822479248046875,0.7163533568382263,0.6505668759346008
0.45596885681152344,0.7927777171134949,0.6505629420280457
0.43199434876441956,0.700522243976593,0.6505589485168457
0.45461997389793396,0.8024256229400635,0.6505550146102905
0.41032227873802185,0.7156171798706055,0.6505509614944458
0.46137747168540955,0.8078631162643433,0.6505471467971802
0.4590771198272705,0.73533695936203,0.6505430936813354
0.44737011194229126,0.759630560874939,0.650539219379425
0.41013872623443604,0.7912178039550781,0.6505352854728699
0.4279571771621704,0.800883948802948,0.6505312919616699
0.48775991797447205,0.7926124334335327,0.6505273580551147
0.4445144832134247,0.7046105265617371,0.6505231857299805
0.4649678170681,0.7123916745185852,0.6505194902420044
0.45548921823501587,0.7869588136672974,0.6505155563354492
0.4514646530151367,0.8685054779052734,0.650511622428894
0.46637797355651855,0.7442911267280579,0.650507926940918
0.4224231243133545,0.7314071655273438,0.650503933429718
0.4605619013309479,0.7768654823303223,0.6505001187324524
0.4215470552444458,0.6953377723693848,0.6504961848258972
0.42923301458358765,0.7282090187072754,0.6504923105239868
0.4327812194824219,0.7741701006889343,0.6504883766174316
0.46361735463142395,0.8014227151870728,0.6504845023155212
0.44018927216529846,0.6712232232093811,0.6504806280136108
0.43551164865493774,0.7209014296531677,0.6504764556884766
0.43381771445274353,0.795172393321991,0.6504724621772766
0.4445247948169708,0.7503926157951355,0.6504685282707214
0.44692206382751465,0.7242780923843384,0.6504645943641663
0.4341047704219818,0.8053158521652222,0.6504608988761902
0.4275891184806824,0.7282418608665466,0.6504569053649902
0.4509386420249939,0.7395308613777161,0.6504529118537903
0.4166904091835022,0.7712287306785583,0.6504491567611694
0.4297108054161072,0.8146145939826965,0.6504451036453247
0.4688412547111511,0.7444472312927246,0.6504412293434143
0.42078980803489685,0.7671600580215454,0.6504373550415039
0.43815359473228455,0.7657290697097778,0.6504333019256592
0.4530814588069916,0.8414267897605896,0.6504294872283936
0.41168779134750366,0.7091749310493469,0.6504253149032593
0.4198779761791229,0.6734276413917542,0.6504212617874146
0.4221203625202179,0.7513604760169983,0.6504173874855042
0.4421793818473816,0.702262818813324,0.6504130959510803
0.4586494565010071,0.7411459684371948,0.6504094004631042
0.44379955530166626,0.8459126949310303,0.6504055261611938
0.4501802623271942,0.828217089176178,0.6504013538360596
0.45951375365257263,0.8100416660308838,0.6503975987434387
0.46193569898605347,0.8349195122718811,0.6503934264183044
0.46495506167411804,0.8036941289901733,0.6503894925117493
0.4606304168701172,0.7588797211647034,0.6503853797912598
0.4311732053756714,0.7838220000267029,0.6503815054893494
0.45372772216796875,0.723764955997467,0.6503775119781494
0.41394999623298645,0.7999752163887024,0.650373637676239
0.46861568093299866,0.7446448802947998,0.65036940574646
0.4660719037055969,0.6608123779296875,0.65036541223526
0.4496541917324066,0.869427502155304,0.6503614187240601
0.446719765663147,0.7895803451538086,0.6503573656082153
0.433024138212204,0.80011385679245,0.6503532528877258
0.45270660519599915,0.8417771458625793,0.6503492593765259
0.4649839997291565,0.8410183191299438,0.6503452658653259
0.44801437854766846,0.7645837068557739,0.650341272354126
0.4566120505332947,0.7563664317131042,0.6503373980522156
0.4422363340854645,0.8386980295181274,0.6503334045410156
0.4043152928352356,0.7640551328659058,0.6503295302391052
0.42847058176994324,0.7729950547218323,0.6503252387046814
0.4393349289894104,0.791633129119873,0.6503213047981262
0.434530645608902,0.7569081783294678,0.6503171324729919
0.41921910643577576,0.6970582604408264,0.6503134369850159
0.4263952672481537,0.7057597041130066,0.6503093242645264
0.43360841274261475,0.799636960029602,0.6503052711486816
0.45323821902275085,0.8036664724349976,0.6503013968467712
0.43494710326194763,0.7217567563056946,0.6502974629402161
0.42277368903160095,0.7286001443862915,0.6502932906150818
0.4184362590312958,0.813828706741333,0.6502893567085266
0.41551709175109863,0.8036048412322998,0.6502853631973267
0.4641376733779907,0.709433376789093,0.6502812504768372
0.46654438972473145,0.7742180824279785,0.650277316570282
0.38969576358795166,0.8179354667663574,0.6502735018730164
0.436527818441391,0.7378000020980835,0.6502696871757507
0.41786617040634155,0.6974701881408691,0.650265634059906
0.4400193393230438,0.860572099685669,0.6502617001533508
0.43975698947906494,0.7626612782478333,0.6502576470375061
0.42887386679649353,0.7470905184745789,0.6502538323402405
0.4440239667892456,0.9556822776794434,0.650249719619751
0.4731512665748596,0.7789024710655212,0.6502454280853271
0.45051953196525574,0.7445024251937866,0.6502416729927063
0.445455938577652,0.690106987953186,0.650237500667572
0.4099791944026947,0.7026610374450684,0.6502337455749512
0.4612208604812622,0.6805154085159302,0.6502299904823303
0.4545648396015167,0.7335731387138367,0.6502261161804199
0.4560006856918335,0.7203390598297119,0.6502223014831543
0.4518565535545349,0.7949064373970032,0.6502183079719543
0.4597485065460205,0.9103690385818481,0.6502144932746887
0.4450027644634247,0.7144163846969604,0.6502104997634888
0.43062373995780945,0.7746778130531311,0.6502065062522888
0.40506136417388916,0.7461249828338623,0.6502025723457336
0.4322265684604645,0.8493513464927673,0.6501986384391785
0.4316357672214508,0.7303457260131836,0.6501944661140442
0.43228045105934143,0.7323298454284668,0.6501908898353577
0.4656517505645752,0.7071796655654907,0.6501868963241577
0.47175177931785583,0.6603707075119019,0.6501830220222473
0.4219409227371216,0.8096963763237,0.6501791477203369
0.4520338475704193,0.7160367369651794,0.6501753330230713
0.439150869846344,0.6830577850341797,0.6501713991165161
0.45403575897216797,0.8264003396034241,0.6501674652099609
0.4508720934391022,0.8032628893852234,0.6501635313034058
0.4195674657821655,0.7899061441421509,0.6501595973968506
0.4167901873588562,0.745418131351471,0.6501554846763611
0.44760096073150635,0.8782565593719482,0.6501516103744507
0.438961386680603,0.8257506489753723,0.6501476764678955
0.4898153841495514,0.8042094111442566,0.6501437425613403
0.45054587721824646,0.7127524018287659,0.6501398682594299
0.45321840047836304,0.7230871915817261,0.6501359939575195
0.4642554819583893,0.8358356952667236,0.6501322388648987
0.4692471921443939,0.8023688793182373,0.6501283049583435
0.4580410420894623,0.78734290599823,0.6501244306564331
0.431593120098114,0.6470801830291748,0.6501202583312988
0.46387237310409546,0.7982534766197205,0.6501164436340332
0.414341539144516,0.8539437651634216,0.6501123905181885
0.44434234499931335,0.7216360569000244,0.6501084566116333
0.45442232489585876,0.7476404309272766,0.6501045823097229
0.4461961090564728,0.7689611315727234,0.6501006484031677
0.4659378230571747,0.8066022396087646,0.6500967144966125
0.41133612394332886,0.6961637735366821,0.6500927805900574
0.4412907063961029,0.6695865988731384,0.6500889658927917
0.41295915842056274,0.7673549652099609,0.6500850319862366
0.4525589644908905,0.775258481502533,0.650081217288971
0.4686606526374817,0.7405098676681519,0.6500771641731262
0.4498974680900574,0.7129649519920349,0.6500731110572815
0.4387260675430298,0.6576229929924011,0.6500692963600159
0.43450960516929626,0.7881331443786621,0.6500653028488159
0.45663967728614807,0.7903432250022888,0.6500612497329712
0.4494229853153229,0.7935789227485657,0.6500571966171265
0.45166581869125366,0.7180454730987549,0.6500533223152161
0.4426749646663666,0.6977977156639099,0.6500492691993713
0.4253185987472534,0.8173624277114868,0.6500453352928162
0.4328514337539673,0.7116644978523254,0.6500415802001953
0.44695720076560974,0.7862327098846436,0.6500374674797058
0.42517760396003723,0.7731624245643616,0.6500335931777954
0.4117318391799927,0.7427260279655457,0.650029718875885
0.4565568268299103,0.7856103181838989,0.6500257849693298
0.4630958139896393,0.6985371112823486,0.6500217914581299
0.4292639195919037,0.8499921560287476,0.6500177979469299
0.4711170494556427,0.7816271781921387,0.6500137448310852
0.4536082148551941,0.7482566237449646,0.6500098705291748
0.4086945056915283,0.7755444645881653,0.6500058174133301
0.3964312970638275,0.7721192836761475,0.6500020027160645
0.4242106080055237,0.7584785223007202,0.6499980688095093
0.45464444160461426,0.7329139113426208,0.6499943733215332
0.4124003052711487,0.7538151144981384,0.6499904990196228
0.45141807198524475,0.7819240093231201,0.649986743927002
0.4784606099128723,0.7519808411598206,0.649982750415802
0.4462631344795227,0.7744686603546143,0.6499789357185364
0.4574008285999298,0.7093636393547058,0.6499748229980469
0.47376927733421326,0.8379395604133606,0.6499707102775574
0.42608964443206787,0.7315548658370972,0.6499667763710022
0.44726914167404175,0.7597869038581848,0.6499627828598022
0.4258415102958679,0.7099703550338745,0.6499589085578918
0.4446210265159607,0.7117146849632263,0.6499548554420471
0.41691362857818604,0.7708786725997925,0.649951159954071
0.43796631693840027,0.7352128028869629,0.649947464466095
0.4109242558479309,0.6802529692649841,0.6499436497688293
0.4312629699707031,0.7563397884368896,0.649939775466919
0.4420958161354065,0.6531757712364197,0.6499358415603638
0.4297845661640167,0.6939167976379395,0.6499320268630981
0.4407305121421814,0.7413970828056335,0.6499280333518982
0.4434995651245117,0.7363901138305664,0.649924099445343
0.4268694519996643,0.6880666017532349,0.6499202251434326
0.39794543385505676,0.6847100257873535,0.649916410446167
0.44069626927375793,0.785875678062439,0.6499124765396118
0.4539152681827545,0.8264893293380737,0.6499085426330566
0.4650793671607971,0.8399296402931213,0.6499046087265015
0.42143338918685913,0.6894676685333252,0.6499008536338806
0.4631325304508209,0.7538780570030212,0.6498970985412598
0.4645393490791321,0.8048417568206787,0.6498931050300598
0.4560766816139221,0.827151894569397,0.6498892903327942
0.43594616651535034,0.7823811173439026,0.6498854160308838
0.44300997257232666,0.752403974533081,0.6498813033103943
0.4534297287464142,0.8214842081069946,0.6498775482177734
0.421384334564209,0.8198447823524475,0.6498734951019287
0.42910197377204895,0.7364591956138611,0.649869441986084
0.4524984359741211,0.7439171671867371,0.6498656272888184
0.4147380292415619,0.7083545923233032,0.649861752986908
0.42222973704338074,0.6716585755348206,0.649857759475708
0.4665079414844513,0.892373263835907,0.6498541235923767
0.4581073522567749,0.6960451602935791,0.6498501896858215
0.4364957809448242,0.7113266587257385,0.6498463749885559
0.42770305275917053,0.832409679889679,0.649842381477356
0.4714902937412262,0.6823316812515259,0.6498382091522217
0.4279288947582245,0.6951892971992493,0.6498344540596008
0.44425061345100403,0.8040190935134888,0.6498302221298218
0.42286303639411926,0.7292100787162781,0.6498264670372009
0.47553762793540955,0.7681999802589417,0.6498225331306458
0.39776718616485596,0.7795757055282593,0.6498188376426697
0.41906237602233887,0.7522216439247131,0.649814784526825
0.44750022888183594,0.7640213370323181,0.6498110294342041
0.44492027163505554,0.759321391582489,0.6498070955276489
0.4096321761608124,0.74867182970047,0.649803102016449
0.4470352828502655,0.7775471210479736,0.6497993469238281
0.44897475838661194,0.8713768124580383,0.6497953534126282
0.48740509152412415,0.9099231362342834,0.6497913002967834
0.4348878562450409,0.6681748032569885,0.6497873663902283
0.42695823311805725,0.7062886953353882,0.6497834920883179
0.46009862422943115,0.7030569314956665,0.6497796773910522
0.4179134666919708,0.7660201191902161,0.6497756242752075
0.44388672709465027,0.8937726616859436,0.6497719287872314
0.4634528160095215,0.833541989326477,0.649768054485321
0.448507696390152,0.719279408454895,0.6497639417648315
0.41828015446662903,0.829028844833374,0.6497602462768555
0.4490383565425873,0.7005201578140259,0.6497562527656555
0.4323728084564209,0.671073853969574,0.6497521996498108
0.45160672068595886,0.933824360370636,0.6497484445571899
0.46582281589508057,0.7644415497779846,0.6497443914413452
0.4406430721282959,0.698731541633606,0.6497406959533691
0.4234721064567566,0.692432701587677,0.649736762046814
0.45404520630836487,0.8442080020904541,0.6497330069541931
0.45812469720840454,0.7413617968559265,0.6497290730476379
0.450412392616272,0.7263697981834412,0.6497251391410828
0.4301658868789673,0.7390927076339722,0.6497211456298828
0.4141436815261841,0.6876459121704102,0.6497172117233276
0.45821982622146606,0.7912120819091797,0.6497133374214172
0.41879352927207947,0.8217935562133789,0.6497095227241516
0.48578837513923645,0.8611506223678589,0.6497054100036621
0.44412848353385925,0.7611656188964844,0.6497016549110413
0.4130891263484955,0.8442296385765076,0.6496977806091309
0.46042633056640625,0.7683631777763367,0.6496937870979309
0.44221726059913635,0.6811753511428833,0.6496900320053101
0.4240889251232147,0.6731719374656677,0.6496860384941101
0.44523122906684875,0.7922431826591492,0.6496821045875549
0.4256766140460968,0.7438998222351074,0.6496783494949341
0.44188863039016724,0.8421275019645691,0.6496742963790894
0.44687536358833313,0.7438539266586304,0.6496703624725342
0.4434433579444885,0.7390177249908447,0.6496664881706238
0.44519302248954773,0.6542642116546631,0.6496624946594238
0.43777644634246826,0.8053955435752869,0.6496586203575134
0.45411112904548645,0.7264572978019714,0.6496546268463135
0.46064943075180054,0.7389516830444336,0.6496506929397583
0.43467235565185547,0.722382664680481,0.6496467590332031
0.4289528429508209,0.7181091904640198,0.6496427655220032
0.4537877142429352,0.7634432911872864,0.649638831615448
0.44983577728271484,0.7211508750915527,0.6496349573135376
0.4120848476886749,0.8117146492004395,0.6496309041976929
0.4731653928756714,0.7001242637634277,0.649627149105072
0.42369309067726135,0.6961387395858765,0.649622917175293
0.4487564265727997,0.6714428663253784,0.6496190428733826
0.4492325484752655,0.7600306868553162,0.6496150493621826
0.4449421167373657,0.657647430896759,0.6496111750602722
0.4531037509441376,0.7204716801643372,0.6496070027351379
0.4561885595321655,0.6473791003227234,0.6496032476425171
0.42588141560554504,0.7393895983695984,0.6495993137359619
0.45928213000297546,0.7632197141647339,0.649595320224762
0.46043646335601807,0.73410964012146,0.6495915055274963
0.4249809980392456,0.6919341087341309,0.6495875120162964
0.4179626405239105,0.6804488301277161,0.6495837569236755
0.45895540714263916,0.6724867224693298,0.6495798230171204
0.4538571834564209,0.7731195688247681,0.6495760083198547
0.4312137961387634,0.8012411594390869,0.6495720744132996
0.4378061890602112,0.7763521671295166,0.6495683193206787
0.4852707087993622,0.8016266226768494,0.6495641469955444
0.46784913539886475,0.7418560981750488,0.6495601534843445
0.45071524381637573,0.6952205896377563,0.649556040763855
0.4451962411403656,0.7561050057411194,0.6495519876480103
0.4328285753726959,0.7539215683937073,0.6495480537414551
0.4698840379714966,0.8566914200782776,0.6495440602302551
0.4444465637207031,0.7778809666633606,0.6495401263237
0.4328956604003906,0.7524166703224182,0.6495363712310791
0.4353765845298767,0.8414400219917297,0.6495323181152344
0.4448806345462799,0.6094878911972046,0.6495285630226135
0.4332912266254425,0.8813209533691406,0.6495248079299927
0.44833603501319885,0.7426034808158875,0.6495211124420166
0.43963029980659485,0.8754533529281616,0.6495169997215271
0.4309879541397095,0.8035280108451843,0.6495131254196167
0.4194829761981964,0.7627536058425903,0.6495092511177063
0.4315275251865387,0.7924270629882812,0.649505078792572
0.44149160385131836,0.7765636444091797,0.6495012044906616
0.4342121481895447,0.7382363080978394,0.6494972109794617
0.4313329756259918,0.6155259013175964,0.6494933366775513
0.4465864300727844,0.6955951452255249,0.6494892239570618
0.4406941831111908,0.6793432831764221,0.6494852900505066
0.4341435432434082,0.6776003241539001,0.6494815945625305
0.46222302317619324,0.6946139931678772,0.6494777798652649
0.48372960090637207,0.757556140422821,0.6494739651679993
0.4298893213272095,0.7361747622489929,0.6494702100753784
0.43231573700904846,0.8405693173408508,0.6494663953781128
0.4786619246006012,0.7829877138137817,0.6494622826576233
0.4547661542892456,0.7331371903419495,0.6494585275650024
0.4334646761417389,0.8630817532539368,0.6494545340538025
0.46109771728515625,0.7157108783721924,0.6494502425193787
0.4278961420059204,0.8420737981796265,0.6494465470314026
0.42935892939567566,0.7045493125915527,0.6494424343109131
0.40768468379974365,0.5929957628250122,0.6494386196136475
0.44386932253837585,0.6513808965682983,0.6494348645210266
0.4398725926876068,0.7949950695037842,0.6494312286376953
0.4527192711830139,0.7993088960647583,0.6494273543357849
0.43798792362213135,0.8296573162078857,0.649423360824585
0.42836010456085205,0.8478482961654663,0.6494196057319641
0.44543853402137756,0.6396968960762024,0.6494157314300537
0.4251951575279236,0.77779221534729,0.6494117379188538
0.4363340735435486,0.7124832272529602,0.6494078636169434
0.4365415573120117,0.7885478734970093,0.6494038105010986
0.4562985301017761,0.7498334646224976,0.6493997573852539
0.4460221827030182,0.7170770168304443,0.6493958830833435
0.4294932186603546,0.8064932227134705,0.6493919491767883
0.42712077498435974,0.8385360240936279,0.6493880152702332
0.42183423042297363,0.8624697923660278,0.6493843197822571
0.4294702708721161,0.7723431587219238,0.6493805646896362
0.434372216463089,0.7005186080932617,0.649376630783081
0.4331669807434082,0.7582160830497742,0.6493727564811707
0.4278748631477356,0.7110472321510315,0.6493688821792603
0.4397720396518707,0.7899008393287659,0.6493649482727051
0.4587823152542114,0.7340156435966492,0.6493610143661499
0.4273582994937897,0.7103798985481262,0.6493570804595947
0.441507488489151,0.7721298336982727,0.6493533253669739
0.42223185300827026,0.7266898155212402,0.649349570274353
0.45669063925743103,0.774181067943573,0.6493456363677979
0.46091991662979126,0.8335893154144287,0.6493418216705322
0.44847169518470764,0.8190410137176514,0.6493377089500427
0.45754924416542053,0.6867811679840088,0.6493338346481323
0.4375075399875641,0.7529090046882629,0.6493299603462219
0.4374677538871765,0.7642624974250793,0.649325966835022
0.4412045478820801,0.7054110765457153,0.649321973323822
0.4426190257072449,0.7192277312278748,0.6493182182312012
0.4862200915813446,0.8571067452430725,0.6493143439292908
0.42433035373687744,0.6576406955718994,0.6493105888366699
0.42125484347343445,0.7768041491508484,0.6493068337440491
0.4602595567703247,0.7778147459030151,0.64930260181427
0.426313579082489,0.687017023563385,0.6492988467216492
0.43806976079940796,0.8153127431869507,0.6492948532104492
0.438306987285614,0.6727237105369568,0.6492908596992493
0.4110093414783478,0.7396617531776428,0.6492868065834045
0.45644548535346985,0.7967005968093872,0.6492828130722046
0.4469779133796692,0.860365092754364,0.6492788791656494
0.43824729323387146,0.7379313707351685,0.6492749452590942
0.44298774003982544,0.7433009743690491,0.6492709517478943
0.4644230306148529,0.7719089388847351,0.6492670178413391
0.4148213267326355,0.7056069374084473,0.6492632627487183
0.44768860936164856,0.8161405920982361,0.6492593884468079
0.4357852339744568,0.7127881646156311,0.6492553949356079
0.45357179641723633,0.7443330883979797,0.649251401424408
0.44529134035110474,0.6914314031600952,0.6492474675178528
0.413992702960968,0.7015067338943481,0.6492434740066528
0.4444420337677002,0.753013014793396,0.6492395997047424
0.4491991400718689,0.696502685546875,0.6492356061935425
0.42779526114463806,0.6695714592933655,0.6492316126823425
0.4282149374485016,0.8409625887870789,0.6492277383804321
0.43397191166877747,0.712925136089325,0.6492238640785217
0.4450969696044922,0.8481423854827881,0.6492199897766113
0.45124462246894836,0.9305915832519531,0.6492162346839905
0.45040178298950195,0.8168633580207825,0.6492124795913696
0.44277018308639526,0.7984423637390137,0.6492084264755249
0.39412587881088257,0.7706356644630432,0.6492044925689697
0.42572927474975586,0.7443299293518066,0.6492007970809937
0.4098629355430603,0.7481854557991028,0.6491969227790833
0.4163210093975067,0.7851634621620178,0.6491929888725281
0.41003140807151794,0.722125768661499,0.6491890549659729
0.41499951481819153,0.7756800055503845,0.6491850018501282
0.4158969223499298,0.7734786868095398,0.6491808891296387
0.4456236958503723,0.7892859578132629,0.6491767764091492
0.43015605211257935,0.763629138469696,0.6491729021072388
0.45484569668769836,0.7665185928344727,0.6491689085960388
0.4343792796134949,0.731866180896759,0.6491650938987732
0.42208462953567505,0.6935667991638184,0.6491612792015076
0.45086273550987244,0.7170537114143372,0.6491574645042419
0.43755045533180237,0.8198973536491394,0.649153470993042
0.45092231035232544,0.8583266139030457,0.6491497159004211
0.419016033411026,0.773342490196228,0.649145781993866
0.4439532458782196,0.7050597667694092,0.6491417288780212
0.46136847138404846,0.7534446716308594,0.6491377949714661
0.4198700487613678,0.7153814435005188,0.6491336226463318
0.42273882031440735,0.8738243579864502,0.6491295695304871
0.42126837372779846,0.8723823428153992,0.6491258144378662
0.42271411418914795,0.7410885691642761,0.6491219401359558
0.4459500312805176,0.7460036873817444,0.6491182446479797
0.46213817596435547,0.6597549319267273,0.6491143703460693
0.4421573579311371,0.8070375919342041,0.6491104364395142
0.4177396893501282,0.7768813967704773,0.6491067409515381
0.44604238867759705,0.8474081754684448,0.6491026878356934
0.48318415880203247,0.7872808575630188,0.649098813533783
0.4257998764514923,0.7513970136642456,0.6490949392318726
0.42686739563941956,0.7945281863212585,0.6490910053253174
0.440517783164978,0.8331854939460754,0.6490872502326965
0.4345705211162567,0.745361864566803,0.6490834355354309
0.41555163264274597,0.6905176043510437,0.649079442024231
0.4428376853466034,0.7277427315711975,0.6490756273269653
0.4476544260978699,0.815261721611023,0.6490717530250549
0.4618586301803589,0.7660342454910278,0.6490680575370789
0.4423733651638031,0.7076119780540466,0.6490642428398132
0.42832842469215393,0.8137683272361755,0.6490601897239685
0.44776102900505066,0.6801760792732239,0.6490563154220581
0.4030722677707672,0.7061642408370972,0.6490524411201477
0.445650190114975,0.8297595381736755,0.6490485072135925
0.45070481300354004,0.7954350709915161,0.6490444540977478
0.41933587193489075,0.6995610594749451,0.6490408182144165
0.446390837430954,0.7184348106384277,0.6490368843078613
0.40161651372909546,0.7808529138565063,0.6490331888198853
0.45521247386932373,0.6341961622238159,0.6490296125411987
0.4366595447063446,0.6399782299995422,0.649025559425354
0.43200385570526123,0.6560582518577576,0.6490216255187988
0.4265943765640259,0.7103742957115173,0.6490179300308228
0.4415299594402313,0.7071753740310669,0.6490141153335571
0.46502387523651123,0.8156965374946594,0.649010181427002
0.43196940422058105,0.7224591970443726,0.6490063071250916
0.3991352319717407,0.704292893409729,0.6490023732185364
0.4441800117492676,0.8111360669136047,0.648998498916626
0.45384126901626587,0.7549136281013489,0.6489946246147156
0.4117420017719269,0.8255729079246521,0.6489909291267395
0.44332048296928406,0.7252881526947021,0.6489870548248291
0.412645161151886,0.684855043888092,0.6489830613136292
0.42101040482521057,0.7350965738296509,0.6489792466163635
0.44469478726387024,0.7093232274055481,0.6489753127098083
0.4036981761455536,0.7477889060974121,0.648971438407898
0.48464375734329224,0.8526530861854553,0.6489676237106323
0.41488486528396606,0.8045283555984497,0.6489636898040771
0.4188997745513916,0.8038662672042847,0.6489598155021667
0.4414428174495697,0.7111473083496094,0.6489561200141907
0.4312420189380646,0.7527129650115967,0.648952066898346
0.47687724232673645,0.6941102147102356,0.6489482522010803
0.4278056025505066,0.703255832195282,0.6489444971084595
0.4151557385921478,0.8208050727844238,0.64894038438797
0.463571697473526,0.8823716640472412,0.6489366292953491
0.407626748085022,0.7071264386177063,0.6489328145980835
0.4538024961948395,0.8672932982444763,0.6489288210868835
0.43552038073539734,0.7301464080810547,0.6489248871803284
0.4433833956718445,0.7179412245750427,0.648921012878418
0.4330449104309082,0.7570104002952576,0.6489172577857971
0.4227990210056305,0.7388371825218201,0.6489133834838867
0.39935868978500366,0.7385170459747314,0.6489096879959106
0.46526679396629333,0.815331220626831,0.6489060521125793
0.43445995450019836,0.6986554265022278,0.6489021182060242
0.4497227966785431,0.7322016358375549,0.6488983035087585
0.4477873742580414,0.7554627060890198,0.6488943099975586
0.42387840151786804,0.8014833331108093,0.6488903760910034
0.46751993894577026,0.7710959911346436,0.648886501789093
0.42411649227142334,0.8032419681549072,0.6488825678825378
0.45669108629226685,0.8445829153060913,0.6488785147666931
0.4447857737541199,0.8018770813941956,0.6488745808601379
0.45675376057624817,0.6714692115783691,0.6488708257675171
0.44242197275161743,0.7391782402992249,0.6488667726516724
0.44168728590011597,0.657113254070282,0.6488631963729858
0.4580940902233124,0.7685805559158325,0.6488596200942993
0.4329228699207306,0.7137888073921204,0.6488556861877441
0.4494473934173584,0.7115723490715027,0.6488516926765442
0.4225670397281647,0.7501891851425171,0.6488479375839233
0.4498944580554962,0.7059681415557861,0.6488440632820129
0.4340859055519104,0.7168573141098022,0.6488401293754578
0.44034698605537415,0.7505287528038025,0.6488361358642578
0.45168131589889526,0.8092446327209473,0.6488322019577026
0.45866507291793823,0.724609375,0.6488284468650818
0.4329172372817993,0.7426211833953857,0.6488243937492371
0.43314239382743835,0.7772143483161926,0.6488205194473267
0.43370333313941956,0.7229709029197693,0.6488164663314819
0.4546728730201721,0.7502389550209045,0.6488126516342163
0.4446668028831482,0.7558525800704956,0.6488086581230164
0.46413958072662354,0.747803807258606,0.6488049626350403
0.4508739709854126,0.6950533390045166,0.6488010287284851
0.45281922817230225,0.784385085105896,0.6487972736358643
0.41855186223983765,0.8342440128326416,0.6487933993339539
0.45706528425216675,0.8035252690315247,0.6487895846366882
0.46591269969940186,0.8693485260009766,0.6487855315208435
0.4404542148113251,0.8085441589355469,0.6487816572189331
0.48020270466804504,0.7308089733123779,0.6487777829170227
0.42694804072380066,0.6906879544258118,0.6487737894058228
0.41706109046936035,0.7695289850234985,0.6487700343132019
0.4423888325691223,0.8151135444641113,0.6487661004066467
0.4356544017791748,0.6853286027908325,0.6487621665000916
0.4460946321487427,0.7112406492233276,0.6487584114074707
0.4134482443332672,0.7634756565093994,0.6487545371055603
0.41254284977912903,0.7891181111335754,0.6487504839897156
0.4275820553302765,0.8001061081886292,0.64874666929245
0.4529571235179901,0.795057475566864,0.6487425565719604
0.46696051955223083,0.6962929964065552,0.6487385034561157
0.41166460514068604,0.7432472705841064,0.6487345099449158
0.4545402228832245,0.6999335289001465,0.6487308144569397
0.42418327927589417,0.8425449728965759,0.6487268209457397
0.4254699647426605,0.6583752036094666,0.6487232446670532
0.4230858087539673,0.7687890529632568,0.648719310760498
0.4174686074256897,0.7071564793586731,0.6487152576446533
0.4715152680873871,0.6678144931793213,0.6487113833427429
0.44254395365715027,0.8091489672660828,0.6487075686454773
0.44216015934944153,0.7493337988853455,0.6487035751342773
0.4108615219593048,0.767926037311554,0.6486997604370117
0.44732701778411865,0.7612199783325195,0.6486955881118774
0.428272008895874,0.749426007270813,0.648691713809967
0.4460698664188385,0.744398295879364,0.648687481880188
0.4271451532840729,0.7818619012832642,0.6486837267875671
0.4402199983596802,0.7063895463943481,0.648679792881012
0.4238705635070801,0.8298981785774231,0.6486759781837463
0.447128564119339,0.7316407561302185,0.6486722230911255
0.4303146004676819,0.6573276519775391,0.6486682891845703
0.39449265599250793,0.6139572262763977,0.6486645340919495
0.42859944701194763,0.8123450875282288,0.6486605405807495
0.4384740889072418,0.7144131660461426,0.6486566066741943
0.45259803533554077,0.8416339159011841,0.6486524939537048
0.4478960335254669,0.6778175234794617,0.648648738861084
0.4612140655517578,0.6984909176826477,0.6486446261405945
0.44423413276672363,0.7144845128059387,0.6486407518386841
0.4341028928756714,0.7700070142745972,0.6486368179321289
0.4277799725532532,0.7088075280189514,0.6486327648162842
0.45296621322631836,0.6777333617210388,0.6486287117004395
0.45387548208236694,0.7279775738716125,0.648624837398529
0.446260541677475,0.7584172487258911,0.6486208438873291
0.41718244552612305,0.7819730043411255,0.6486169695854187
0.43423789739608765,0.6883882284164429,0.6486128568649292
0.4385087192058563,0.6698970794677734,0.6486088633537292
0.4172481894493103,0.7499741911888123,0.6486051082611084
0.41939473152160645,0.7847923040390015,0.648601233959198
0.3849528133869171,0.7829266786575317,0.6485974192619324
0.46066030859947205,0.7241249084472656,0.6485934257507324
0.4219154715538025,0.6950000524520874,0.6485894918441772
0.4263787865638733,0.7650940418243408,0.6485856175422668
0.45153534412384033,0.6354488730430603,0.6485817432403564
0.4260719418525696,0.7563483119010925,0.6485779285430908
0.46091508865356445,0.7027543783187866,0.6485739350318909
0.4326348900794983,0.7348061203956604,0.6485700607299805
0.47004202008247375,0.7211386561393738,0.6485660672187805
0.4214904010295868,0.7562990784645081,0.6485621333122253
0.4871692955493927,0.73173987865448,0.6485581994056702
0.4188913106918335,0.6885311007499695,0.648554265499115
0.41751009225845337,0.6856748461723328,0.6485503911972046
0.45303431153297424,0.6796939373016357,0.648546576499939
0.43681520223617554,0.7185793519020081,0.6485427618026733
0.43670666217803955,0.6835373044013977,0.6485385298728943
0.4478681683540344,0.8244814276695251,0.6485347151756287
0.46666577458381653,0.7632039189338684,0.6485306620597839
0.4386073350906372,0.7791896462440491,0.6485267281532288
0.4447668492794037,0.7855097055435181,0.6485229730606079
0.44900599122047424,0.8529909253120422,0.6485189199447632
0.44684290885925293,0.7678841948509216,0.6485150456428528
0.4467103183269501,0.7592397332191467,0.6485111117362976
0.44427645206451416,0.7239188551902771,0.6485071778297424
0.4497033655643463,0.736868143081665,0.6485032439231873
0.4551401436328888,0.8226361870765686,0.6484994888305664
0.42583540081977844,0.7421170473098755,0.6484954357147217
0.43764904141426086,0.7787731289863586,0.6484915614128113
0.46016934514045715,0.8198530673980713,0.6484876275062561
0.4099184274673462,0.7395337820053101,0.6484838128089905
0.43702125549316406,0.8167504668235779,0.6484798789024353
0.47558751702308655,0.6917042136192322,0.6484759449958801
0.43287354707717896,0.6492446064949036,0.648472249507904
0.45066335797309875,0.6610612273216248,0.6484683752059937
0.4408471882343292,0.7293382287025452,0.6484644412994385
0.43001633882522583,0.7113841772079468,0.6484605669975281
0.4539976716041565,0.8384099006652832,0.6484566926956177
0.4336523413658142,0.6867892146110535,0.6484529376029968
0.40621817111968994,0.7270941138267517,0.6484487652778625
0.4506285786628723,0.722643256187439,0.6484448909759521
0.44451311230659485,0.8119941353797913,0.6484410166740417
0.4345100522041321,0.6780450940132141,0.648436963558197
0.412429541349411,0.7657761573791504,0.6484329104423523
0.4422674775123596,0.7252137064933777,0.6484289169311523
0.44133809208869934,0.8720554113388062,0.6484249234199524
0.42988505959510803,0.7562848925590515,0.6484209895133972
0.4449485242366791,0.8032252788543701,0.6484171748161316
0.438814252614975,0.7005994319915771,0.6484132409095764
0.44322001934051514,0.805228054523468,0.6484094262123108
0.4228532612323761,0.7392104864120483,0.6484056711196899
0.43630966544151306,0.8108028173446655,0.6484017968177795
0.4609335958957672,0.6666346788406372,0.6483978033065796
0.4279409945011139,0.6618642210960388,0.6483938097953796
0.42492616176605225,0.8087574243545532,0.6483898758888245
0.4264410436153412,0.64835524559021,0.6483859419822693
0.46615317463874817,0.8429619073867798,0.6483820080757141
0.4413483738899231,0.7750694751739502,0.6483780741691589
0.44885432720184326,0.731777548789978,0.6483741402626038
0.41634541749954224,0.7439937591552734,0.6483703255653381
0.42622581124305725,0.7413628101348877,0.6483665108680725
0.4516923725605011,0.7614277601242065,0.6483628749847412
0.41973069310188293,0.6784132122993469,0.6483591198921204
0.4403923749923706,0.7177236080169678,0.6483554244041443
0.45097991824150085,0.6902205348014832,0.6483516097068787
0.400804340839386,0.7062849998474121,0.6483473181724548
0.424300879240036,0.7016444802284241,0.648343563079834
0.4226495623588562,0.7444400191307068,0.6483393907546997
0.4244367480278015,0.8284180760383606,0.6483355164527893
0.4158153235912323,0.7471828460693359,0.6483314633369446
0.46346181631088257,0.8109895586967468,0.6483277082443237
0.4126753807067871,0.7560169100761414,0.6483238339424133
0.4624144732952118,0.7583586573600769,0.6483200192451477
0.4384915232658386,0.7920396327972412,0.648316502571106
0.43235495686531067,0.7659181952476501,0.648312509059906
0.44144949316978455,0.8047342896461487,0.6483087539672852
0.4685351550579071,0.9275016784667969,0.6483046412467957
0.43298789858818054,0.7715561389923096,0.6483006477355957
0.4542139768600464,0.6648792624473572,0.6482968330383301
0.4255521893501282,0.6888323426246643,0.648292601108551
0.461763471364975,0.8183216452598572,0.6482887268066406
0.4284748435020447,0.7863842248916626,0.648284912109375
0.43992701172828674,0.6521295309066772,0.6482812166213989
0.4564054608345032,0.6868467926979065,0.6482776403427124
0.4381482005119324,0.7392849326133728,0.6482739448547363
0.42449575662612915,0.7338711023330688,0.6482701897621155
0.4329213500022888,0.6863964796066284,0.6482662558555603
0.4179600477218628,0.6607095003128052,0.6482625007629395
0.4356575608253479,0.7947538495063782,0.6482585668563843
0.4213402271270752,0.7484459280967712,0.6482545733451843
0.43948522210121155,0.7743878960609436,0.6482506394386292
0.4364266097545624,0.673775851726532,0.6482468843460083
0.45105308294296265,0.7198393940925598,0.6482431888580322
0.4121444821357727,0.7972362041473389,0.6482394337654114
0.42510849237442017,0.673494815826416,0.6482356190681458
0.4525846838951111,0.8479506969451904,0.6482319831848145
0.477008581161499,0.811833381652832,0.6482284069061279
0.44802090525627136,0.7791595458984375,0.6482245326042175
0.46047502756118774,0.718464195728302,0.6482207775115967
0.4343399703502655,0.7081402540206909,0.6482170820236206
0.46266257762908936,0.6917440891265869,0.6482130289077759
0.4525589048862457,0.6894326210021973,0.6482093930244446
0.42765408754348755,0.7556520700454712,0.6482056379318237
0.453626811504364,0.811777651309967,0.6482017636299133
0.4328489303588867,0.7546690106391907,0.6481981873512268
0.4023674726486206,0.8090953230857849,0.6481941938400269
0.4610212743282318,0.766183078289032,0.6481904983520508
0.436134397983551,0.8308215737342834,0.6481865644454956
0.4238791763782501,0.7854196429252625,0.6481828093528748
0.44980597496032715,0.8010056018829346,0.6481789350509644
0.4484274983406067,0.7483654618263245,0.648175060749054
0.4287884533405304,0.7689952254295349,0.6481712460517883
0.45510590076446533,0.6643215417861938,0.6481674313545227
0.45184871554374695,0.7272866368293762,0.6481635570526123
0.45612213015556335,0.8000150918960571,0.6481597423553467
0.4235186278820038,0.7781512141227722,0.6481560468673706
0.4400303363800049,0.6894702315330505,0.648152232170105
0.41408994793891907,0.8329721689224243,0.6481483578681946
0.4214109182357788,0.6550443768501282,0.6481446027755737
0.4096352458000183,0.6575841307640076,0.6481407284736633
0.4653811752796173,0.7134074568748474,0.6481367945671082
0.4415968060493469,0.7049604058265686,0.648132860660553
0.44036972522735596,0.7309239506721497,0.6481288075447083
0.42899200320243835,0.8168197274208069,0.6481248736381531
0.47760945558547974,0.736513614654541,0.6481211185455322
0.44651827216148376,0.6492336988449097,0.6481173038482666
0.43624186515808105,0.7211530804634094,0.6481134295463562
0.4451720416545868,0.8343585729598999,0.6481096148490906
0.4100039005279541,0.7736732363700867,0.6481058597564697
0.4651198387145996,0.7641565203666687,0.6481019854545593
0.4375191330909729,0.7185402512550354,0.6480981707572937
0.4081757664680481,0.6973623037338257,0.6480942368507385
0.45026448369026184,0.7850051522254944,0.6480903625488281
0.4058595895767212,0.8365838527679443,0.6480863690376282
0.4248407185077667,0.8592841029167175,0.648082435131073
0.4420945346355438,0.6502171158790588,0.6480786800384521
0.40202319622039795,0.7948879599571228,0.648074746131897
0.46433568000793457,0.732185959815979,0.6480708718299866
0.4459671080112457,0.8154441118240356,0.6480668783187866
0.4442523419857025,0.8644557595252991,0.648063063621521
0.4146592319011688,0.827934205532074,0.6480593681335449
0.44756805896759033,0.6975452899932861,0.6480554342269897
0.4381828010082245,0.6778435111045837,0.648051917552948
0.4213239252567291,0.7878973484039307,0.6480481624603271
0.4234134256839752,0.8521402478218079,0.6480443477630615
0.4664192795753479,0.7755197286605835,0.6480404734611511
0.42546167969703674,0.6665958762168884,0.6480365991592407
0.4238223731517792,0.6734037399291992,0.6480326056480408
0.4396844506263733,0.6853045225143433,0.6480287313461304
0.45297446846961975,0.6672946214675903,0.6480247378349304
0.46559593081474304,0.8329599499702454,0.6480208039283752
0.464463472366333,0.7252359986305237,0.648017168045044
0.4260109066963196,0.7853861451148987,0.6480132341384888
0.4191811680793762,0.7925925850868225,0.6480093598365784
0.43344148993492126,0.6472481489181519,0.6480056047439575
0.4250001311302185,0.7732013463973999,0.6480016112327576
0.426866352558136,0.6802381277084351,0.6479977369308472
0.4353199303150177,0.7472228407859802,0.647993803024292
0.41537871956825256,0.77605801820755,0.6479899883270264
0.4262739419937134,0.6826952695846558,0.6479862332344055
0.4582338035106659,0.7321516275405884,0.6479821801185608
0.4303760230541229,0.8159556984901428,0.6479783654212952
0.4389924108982086,0.6743888854980469,0.6479746103286743
0.44801437854766846,0.7158048152923584,0.6479706168174744
0.43059006333351135,0.7088736295700073,0.6479668021202087
0.44814127683639526,0.6739862561225891,0.6479629278182983
0.4314224421977997,0.6758189797401428,0.6479588150978088
0.4441416561603546,0.701873242855072,0.6479550004005432
0.39404526352882385,0.7192727327346802,0.6479513049125671
0.4325486421585083,0.7475420236587524,0.6479474306106567
0.440324604511261,0.7045493125915527,0.6479436159133911
0.42609715461730957,0.6680334210395813,0.6479397416114807
0.4187329113483429,0.6337065100669861,0.6479359269142151
0.4754267632961273,0.7518320679664612,0.6479319334030151
0.44209936261177063,0.6572983860969543,0.6479278802871704
0.431926429271698,0.7377426624298096,0.64792400598526
0.452103853225708,0.766705334186554,0.6479200124740601
0.4179447591304779,0.8462281823158264,0.6479160785675049
0.42813411355018616,0.7010752558708191,0.6479122042655945
0.44939368963241577,0.7318350672721863,0.6479084491729736
0.4289495050907135,0.6379650235176086,0.6479045748710632
0.42601537704467773,0.7361263036727905,0.6479008197784424
0.4230915904045105,0.731203556060791,0.6478967666625977
0.428083598613739,0.732965886592865,0.6478928923606873
0.44602063298225403,0.6939147710800171,0.6478890776634216
0.477487713098526,0.6930233240127563,0.6478849649429321
0.4450303614139557,0.7183921933174133,0.6478811502456665
0.4264858663082123,0.6589564085006714,0.6478773355484009
0.429880827665329,0.7654173374176025,0.6478734612464905
0.4460880756378174,0.7164228558540344,0.6478697061538696
0.41517174243927,0.7566642761230469,0.647865891456604
0.4424750804901123,0.7545522451400757,0.6478620767593384
0.4533272981643677,0.8006492853164673,0.6478582620620728
0.4321967661380768,0.6851756572723389,0.6478543281555176
0.4377971887588501,0.6997329592704773,0.6478501558303833
0.45086580514907837,0.7159172296524048,0.6478462815284729
0.40920084714889526,0.6592015624046326,0.6478423476219177
0.42353495955467224,0.6938260793685913,0.6478383541107178
0.4174030125141144,0.7657070755958557,0.6478344798088074
0.43878257274627686,0.7966693043708801,0.6478303670883179
0.44702282547950745,0.7490069270133972,0.6478266716003418
0.42828065156936646,0.7802289128303528,0.6478227972984314
0.4274865686893463,0.7182823419570923,0.647818922996521
0.41546380519866943,0.8135961294174194,0.6478149890899658
0.45494359731674194,0.7976119518280029,0.6478109955787659
0.4011346697807312,0.6551395058631897,0.6478070616722107
0.4481196105480194,0.7358478903770447,0.6478031873703003
0.45383790135383606,0.6954951882362366,0.647799551486969
0.4469919502735138,0.6387141346931458,0.6477956771850586
0.41441914439201355,0.7531023025512695,0.6477916240692139
0.4443943500518799,0.6912758946418762,0.647787868976593
0.41764187812805176,0.7602337598800659,0.6477841734886169
0.44360148906707764,0.7347754240036011,0.647780179977417
0.45053163170814514,0.7561823129653931,0.6477762460708618
0.4556991755962372,0.7643990516662598,0.6477723121643066
0.44703325629234314,0.7006492018699646,0.6477683186531067
0.4387102425098419,0.7614663243293762,0.6477644443511963
0.4397532641887665,0.7748826742172241,0.6477603912353516
0.4294520616531372,0.8263391256332397,0.6477565765380859
0.41962945461273193,0.7546525001525879,0.6477525234222412
0.49356696009635925,0.7705814838409424,0.6477487683296204
0.4540797173976898,0.8365172147750854,0.64774489402771
0.4432339072227478,0.6844843626022339,0.6477409601211548
0.44743505120277405,0.7242221236228943,0.6477373838424683
0.4349728524684906,0.7875733971595764,0.6477335095405579
0.3871093988418579,0.8190671801567078,0.6477295160293579
0.4308321177959442,0.7737994194030762,0.6477257609367371
0.43010011315345764,0.8002005815505981,0.6477215886116028
0.400632381439209,0.7651222348213196,0.6477176547050476
0.43808385729789734,0.7071239352226257,0.6477134823799133
0.434085488319397,0.7867833375930786,0.6477096676826477
0.4389115571975708,0.7629680633544922,0.6477056741714478
0.43367016315460205,0.7839620113372803,0.6477019786834717
0.4697955548763275,0.8522186875343323,0.6476983428001404
0.4298277795314789,0.6342031955718994,0.6476946473121643
0.4798279404640198,0.6678858995437622,0.6476909518241882
0.4280974566936493,0.718039333820343,0.6476871371269226
0.4317306578159332,0.7502979636192322,0.6476832032203674
0.44554567337036133,0.7918763160705566,0.647679328918457
0.4161665737628937,0.7593574523925781,0.6476753354072571
0.42774632573127747,0.7588076591491699,0.6476715207099915
0.39638251066207886,0.7079274654388428,0.6476675868034363
0.4283495247364044,0.9077380895614624,0.6476635932922363
0.46883368492126465,0.74162358045578,0.6476596593856812
0.43241456151008606,0.7452282905578613,0.6476559042930603
0.438630074262619,0.7130727171897888,0.6476517915725708
0.468994140625,0.6831919550895691,0.64764803647995
0.4351353049278259,0.9262940883636475,0.6476444602012634
0.4499164819717407,0.7402520179748535,0.6476404666900635
0.4495061933994293,0.691369891166687,0.6476367115974426
0.45629772543907166,0.6993795037269592,0.647632896900177
0.4252256453037262,0.6856143474578857,0.6476291418075562
0.4427059590816498,0.8305922150611877,0.6476252675056458
0.45800796151161194,0.8013679385185242,0.647621214389801
0.4433428943157196,0.7256630659103394,0.6476174592971802
0.44627782702445984,0.6821169257164001,0.6476134657859802
0.4428943991661072,0.744580864906311,0.6476095914840698
0.43853551149368286,0.7751165628433228,0.6476057171821594
0.46923330426216125,0.7273005247116089,0.6476019024848938
0.446900337934494,0.6698684692382812,0.647598147392273
0.47760286927223206,0.6539223790168762,0.6475945115089417
0.42040857672691345,0.6716644167900085,0.647590696811676
0.43382278084754944,0.7855875492095947,0.6475867629051208
0.41384416818618774,0.7562603950500488,0.6475828289985657
0.43763285875320435,0.7640196084976196,0.6475790143013
0.44830140471458435,0.694628894329071,0.6475750207901001
0.45449504256248474,0.7579138875007629,0.6475711464881897
0.48781898617744446,0.7485817670822144,0.6475672721862793
0.4486929476261139,0.7466471791267395,0.6475634574890137
0.4325464069843292,0.7964613437652588,0.6475595831871033
0.4301665425300598,0.7272250056266785,0.6475557684898376
0.41947388648986816,0.719937801361084,0.6475517749786377
0.43207672238349915,0.8226094245910645,0.6475480198860168
0.4042336046695709,0.8369172811508179,0.6475441455841064
0.40219995379447937,0.7166602611541748,0.6475405693054199
0.41953223943710327,0.8712776303291321,0.6475366353988647
0.423897922039032,0.7293124198913574,0.64753258228302
0.4559990465641022,0.7574405074119568,0.6475289463996887
0.4168943762779236,0.6970881819725037,0.6475251317024231
0.46411967277526855,0.6970111131668091,0.6475211381912231
0.38196131587028503,0.7756578326225281,0.6475174427032471
0.41658076643943787,0.8302620649337769,0.6475135087966919
0.43189775943756104,0.7621029615402222,0.6475094556808472
0.43340107798576355,0.6529853343963623,0.6475055813789368
0.3972148299217224,0.7724312543869019,0.6475016474723816
0.49535563588142395,0.7377974987030029,0.6474977731704712
0.4226711392402649,0.779655396938324,0.647493839263916
0.4339585602283478,0.674382746219635,0.6474901437759399
0.4224907159805298,0.7984157204627991,0.6474865078926086
0.4283570945262909,0.7363234162330627,0.647482693195343
0.44003692269325256,0.7131165862083435,0.6474787592887878
0.4672190845012665,0.8263256549835205,0.6474749445915222
0.45182856917381287,0.803861677646637,0.647471010684967
0.4321978986263275,0.7549565434455872,0.6474671363830566
0.4403283894062042,0.7696922421455383,0.6474632620811462
0.41202396154403687,0.6975569128990173,0.6474592089653015
0.45819091796875,0.7572305202484131,0.6474551558494568
0.434914767742157,0.647304117679596,0.6474514007568359
0.4505767524242401,0.8091955780982971,0.6474474668502808
0.43167272210121155,0.6241743564605713,0.6474436521530151
0.43489864468574524,0.6846373677253723,0.6474398374557495
0.4364487826824188,0.6939592957496643,0.6474362015724182
0.4073708653450012,0.789122462272644,0.6474320888519287
0.4352756440639496,0.7241309881210327,0.6474282741546631
0.461632639169693,0.7430616617202759,0.6474245190620422
0.4185100793838501,0.7266278862953186,0.6474206447601318
0.4390605390071869,0.7097669243812561,0.6474167108535767
0.4479391574859619,0.7098444700241089,0.6474126577377319
0.4540214240550995,0.6759479641914368,0.6474089026451111
0.43064770102500916,0.7518302798271179,0.6474050879478455
0.4313203990459442,0.7280382513999939,0.6474013924598694
0.4312092065811157,0.9229165315628052,0.647397518157959
0.447045236825943,0.7355919480323792,0.647393524646759
0.441654771566391,0.7330783605575562,0.6473897695541382
0.40721595287323,0.6710900068283081,0.647385835647583
0.43690696358680725,0.8352197408676147,0.6473820805549622
0.4289672076702118,0.6708166003227234,0.6473783254623413
0.41726699471473694,0.7343611121177673,0.6473745107650757
0.42099374532699585,0.7998613715171814,0.6473706960678101
0.4564734101295471,0.8134627342224121,0.6473668813705444
0.44311952590942383,0.6774394512176514,0.6473631262779236
0.4312184751033783,0.7115223407745361,0.6473594307899475
0.43007931113243103,0.633292555809021,0.6473554968833923
0.4530109763145447,0.6892582774162292,0.6473517417907715
0.43541577458381653,0.7967897057533264,0.6473478078842163
0.43689826130867004,0.733491837978363,0.6473440527915955
0.4376555383205414,0.670375406742096,0.6473402380943298
0.4433669149875641,0.6912582516670227,0.6473361849784851
0.44583603739738464,0.7674820423126221,0.6473324298858643
0.44270697236061096,0.7149205207824707,0.6473286151885986
0.40342941880226135,0.698533296585083,0.6473247408866882
0.43754416704177856,0.8228082656860352,0.6473209261894226
0.4267043173313141,0.7631352543830872,0.6473171710968018
0.4233340919017792,0.7289544343948364,0.6473132371902466
0.4335286617279053,0.6937362551689148,0.6473093628883362
0.416589617729187,0.815395176410675,0.6473056077957153
0.4342990219593048,0.7620974183082581,0.6473016142845154
0.4403378367424011,0.701721727848053,0.6472976207733154
0.42230749130249023,0.7073529958724976,0.6472938060760498
0.42498978972435,0.6338194012641907,0.6472897529602051
0.443344384431839,0.7511719465255737,0.6472857594490051
0.4370257556438446,0.6939120888710022,0.6472820043563843
0.41600555181503296,0.7473543286323547,0.647278368473053
0.44865936040878296,0.6901170611381531,0.6472746133804321
0.4067572355270386,0.7423085570335388,0.6472708582878113
0.425519198179245,0.7404795289039612,0.6472668051719666
0.4827490448951721,0.6289066076278687,0.6472630500793457
0.4517214000225067,0.7106514573097229,0.6472591757774353
0.4170006513595581,0.6910315155982971,0.6472552418708801
0.4547850787639618,0.6660561561584473,0.6472511887550354
0.4573803246021271,0.6948577165603638,0.6472474336624146
0.4439274072647095,0.7924126982688904,0.6472432613372803
0.4105319678783417,0.8376354575157166,0.6472393870353699
0.4132101833820343,0.695407509803772,0.6472355127334595
0.442104697227478,0.8173741102218628,0.6472316384315491
0.40931886434555054,0.7737799882888794,0.6472275257110596
0.4503866732120514,0.7070613503456116,0.6472237706184387
0.43615078926086426,0.6386838555335999,0.6472197771072388
0.42115986347198486,0.7427319288253784,0.6472160220146179
0.4064389765262604,0.8262825608253479,0.6472122669219971
0.41323432326316833,0.7340277433395386,0.6472084522247314
0.4244116246700287,0.7071229815483093,0.6472046375274658
0.4419046640396118,0.7813160419464111,0.647200882434845
0.42239829897880554,0.651781439781189,0.6471967697143555
0.42591220140457153,0.7611274719238281,0.6471928358078003
0.452248752117157,0.7256021499633789,0.6471888422966003
0.43460968136787415,0.7326317429542542,0.6471850872039795
0.46175116300582886,0.7174165844917297,0.6471810936927795
0.45457348227500916,0.7963918447494507,0.647177517414093
0.4499783515930176,0.6955339312553406,0.6471737623214722
0.46124157309532166,0.698378324508667,0.6471700072288513
0.4267262816429138,0.7397600412368774,0.6471661329269409
0.48654013872146606,0.7223698496818542,0.6471622586250305
0.4241589605808258,0.7968193292617798,0.6471583247184753
0.43371379375457764,0.7131469249725342,0.6471543312072754
0.43497875332832336,0.6742080450057983,0.6471503376960754
0.46454107761383057,0.7495941519737244,0.647146463394165
0.43348807096481323,0.8942582607269287,0.6471425890922546
0.4202324151992798,0.749755322933197,0.6471387147903442
0.44548845291137695,0.7556860446929932,0.6471349000930786
0.46121135354042053,0.7873459458351135,0.6471312046051025
0.43024730682373047,0.7307100892066956,0.6471274495124817
0.4260636568069458,0.6618794202804565,0.6471236348152161
0.470973938703537,0.7830635905265808,0.6471198201179504
0.4438784420490265,0.6640812754631042,0.6471160650253296
0.42574259638786316,0.7591221928596497,0.647112250328064
0.4451903998851776,0.7284385561943054,0.6471084356307983
0.4053536057472229,0.7236664295196533,0.6471044421195984
0.44288650155067444,0.7644528150558472,0.6471005082130432
0.4345681965351105,0.7346491813659668,0.647096574306488
0.4424595236778259,0.7345021367073059,0.647092878818512
0.4342951476573944,0.8149772882461548,0.6470891833305359
0.4200243353843689,0.6987965106964111,0.6470854878425598
0.4303092658519745,0.6548900604248047,0.6470816135406494
0.43446290493011475,0.734946072101593,0.6470779776573181
0.4360909163951874,0.8111605644226074,0.6470741629600525
0.43586426973342896,0.6909537315368652,0.6470702290534973
0.4357706904411316,0.8418897986412048,0.6470662951469421
0.41096243262290955,0.8129603266716003,0.6470625400543213
0.4022934138774872,0.692057192325592,0.6470587849617004
0.4204556345939636,0.7553568482398987,0.6470550298690796
0.44023561477661133,0.7153612971305847,0.6470512747764587
0.4152771532535553,0.6591302752494812,0.6470474600791931
0.42866140604019165,0.6326041221618652,0.6470435261726379
0.45641186833381653,0.7104964852333069,0.6470397710800171
0.4436677098274231,0.8273998498916626,0.6470358371734619
0.40759241580963135,0.7354171276092529,0.6470317840576172
0.40936365723609924,0.824312150478363,0.647027850151062
0.4555470943450928,0.7331104874610901,0.6470239758491516
0.44137924909591675,0.7417861223220825,0.6470201015472412
0.4459931552410126,0.7356617450714111,0.6470164656639099
0.4616806209087372,0.7458998560905457,0.6470126509666443
0.44001129269599915,0.682303249835968,0.6470089554786682
0.4399603307247162,0.7263174653053284,0.6470052599906921
0.46495333313941956,0.6983838677406311,0.6470013856887817
0.47232621908187866,0.771129310131073,0.6469976902008057
0.42405474185943604,0.7806358337402344,0.6469939351081848
0.4444640278816223,0.7918626666069031,0.6469899415969849
0.44713151454925537,0.6803208589553833,0.6469860672950745
0.4264985918998718,0.701478898525238,0.6469821929931641
0.46653392910957336,0.6571122407913208,0.646978497505188
0.4234864413738251,0.6059577465057373,0.6469746828079224
0.43161317706108093,0.7273325324058533,0.6469710469245911
0.4338870346546173,0.7339879870414734,0.6469672322273254
0.45247355103492737,0.6654101014137268,0.6469634771347046
0.45769551396369934,0.8176444172859192,0.646959662437439
0.44908493757247925,0.8314778804779053,0.6469557881355286
0.48143571615219116,0.7121466994285583,0.6469520330429077
0.45891445875167847,0.7533159255981445,0.6469480991363525
0.4499700665473938,0.7451582551002502,0.6469442248344421
0.45400121808052063,0.7716705203056335,0.6469404697418213
0.4674292206764221,0.7340351939201355,0.6469365954399109
0.4417266845703125,0.7122969627380371,0.64693284034729
0.4467064142227173,0.8001883029937744,0.646929144859314
0.4232659637928009,0.7033551931381226,0.6469253301620483
0.42475399374961853,0.7069053649902344,0.646921694278717
0.42800018191337585,0.6980194449424744,0.6469177603721619
0.4513285458087921,0.7693954110145569,0.6469138860702515
0.46400579810142517,0.590475857257843,0.6469103097915649
0.42723774909973145,0.7077711820602417,0.6469066143035889
0.4230571985244751,0.7462433576583862,0.6469026207923889
0.4109531044960022,0.7121229767799377,0.6468986868858337
0.42856690287590027,0.6882779002189636,0.6468948125839233
0.4418504536151886,0.8047164678573608,0.6468909382820129
0.40906351804733276,0.676252543926239,0.6468872427940369
0.4236029386520386,0.6422656774520874,0.6468832492828369
0.4214176535606384,0.7283663749694824,0.6468795537948608
0.4566226899623871,0.7756030559539795,0.6468758583068848
0.4417441785335541,0.6518287062644958,0.6468721032142639
0.43537792563438416,0.6680935621261597,0.6468684673309326
0.4476889669895172,0.6642889380455017,0.646864652633667
0.462188184261322,0.7276312112808228,0.6468607187271118
0.4215407967567444,0.6974279880523682,0.6468567252159119
0.4419398009777069,0.7506770491600037,0.6468527317047119
0.4776749908924103,0.7626726031303406,0.6468488574028015
0.4115104675292969,0.7223221063613892,0.6468448638916016
0.46213528513908386,0.7495534420013428,0.6468408107757568
0.4465843737125397,0.7910298109054565,0.6468369960784912
0.4169425964355469,0.6822441816329956,0.6468333005905151
0.4202064573764801,0.7359256744384766,0.6468294262886047
0.406895250082016,0.7036876678466797,0.6468256711959839
0.4429817795753479,0.6531249284744263,0.646821916103363
0.4127778708934784,0.7470564842224121,0.6468184590339661
0.45235276222229004,0.7007638812065125,0.6468145251274109
0.43659237027168274,0.820954442024231,0.6468108892440796
0.42748209834098816,0.7617455124855042,0.6468071341514587
0.45560649037361145,0.8226572275161743,0.6468032598495483
0.4218502342700958,0.738698422908783,0.6467992067337036
0.40148356556892395,0.7229616641998291,0.6467954516410828
0.43785613775253296,0.7720288038253784,0.6467916369438171
0.4415570795536041,0.7083789706230164,0.6467877626419067
0.42881521582603455,0.664850115776062,0.6467841863632202
0.4143751263618469,0.680696964263916,0.6467803120613098
0.4476543664932251,0.7184862494468689,0.6467764973640442
0.478091835975647,0.6959725618362427,0.646772563457489
0.45652633905410767,0.6710190176963806,0.6467689871788025
0.429368793964386,0.8099455237388611,0.6467651724815369
0.46015483140945435,0.7207546830177307,0.646761417388916
0.42112523317337036,0.8375698924064636,0.6467575430870056
0.42212212085723877,0.7149779796600342,0.6467535495758057
0.43935009837150574,0.6640552878379822,0.6467497944831848
0.4092511534690857,0.6748566031455994,0.6467459201812744
0.4353618621826172,0.7189486622810364,0.6467422246932983
0.4275732934474945,0.7852565050125122,0.6467382311820984
0.4185487926006317,0.7908918857574463,0.6467344760894775
0.4815197288990021,0.8055263757705688,0.6467306017875671
0.4390753209590912,0.7096096873283386,0.6467269659042358
0.4329785406589508,0.7282524108886719,0.6467228531837463
0.422806978225708,0.7370830178260803,0.646719217300415
0.4151836633682251,0.7310431599617004,0.6467153429985046
0.4827365279197693,0.837375283241272,0.6467114686965942
0.40502265095710754,0.6615920662879944,0.6467078328132629
0.4249555170536041,0.7219836115837097,0.6467041969299316
0.427793949842453,0.6942686438560486,0.6467004418373108
0.4192548096179962,0.7627820372581482,0.6466965675354004
0.44711193442344666,0.7443295121192932,0.6466928720474243
0.46448853611946106,0.7897252440452576,0.6466889381408691
0.44473734498023987,0.7446333765983582,0.6466851234436035
0.43998342752456665,0.7052434086799622,0.6466812491416931
0.4212685823440552,0.6971332430839539,0.6466773748397827
0.4501325488090515,0.7210257649421692,0.6466735601425171
0.44053980708122253,0.7885028123855591,0.6466697454452515
0.4355551302433014,0.7184321284294128,0.6466659903526306
0.44800400733947754,0.7118601202964783,0.6466621160507202
0.4291750192642212,0.7782831788063049,0.6466583609580994
0.4362131953239441,0.7400560975074768,0.646654486656189
0.45959189534187317,0.6883505582809448,0.6466506123542786
0.43702277541160583,0.7309719920158386,0.6466467976570129
0.3986576199531555,0.7627350091934204,0.6466429233551025
0.42491862177848816,0.6355723142623901,0.6466392874717712
0.45500844717025757,0.6875730752944946,0.6466354131698608
0.4323752522468567,0.6362897157669067,0.6466318368911743
0.46649420261383057,0.7387011051177979,0.6466279029846191
0.44644811749458313,0.6485039591789246,0.6466240882873535
0.3970584273338318,0.7599228620529175,0.6466201543807983
0.43088841438293457,0.7269467115402222,0.6466164588928223
0.44305339455604553,0.7189539074897766,0.6466125845909119
0.44170793890953064,0.6712068915367126,0.6466087698936462
0.4415053427219391,0.6696344614028931,0.6466050148010254
0.446747750043869,0.6426138877868652,0.6466013193130493
0.4036533236503601,0.6666294932365417,0.6465975642204285
0.43335825204849243,0.7125850319862366,0.6465937495231628
0.4659631550312042,0.6670069098472595,0.6465899348258972
0.44051244854927063,0.6690049171447754,0.6465862989425659
0.42293763160705566,0.7013025879859924,0.6465826034545898
0.4400978684425354,0.6302058696746826,0.6465787887573242
0.42598411440849304,0.8623259663581848,0.6465750336647034
0.420775443315506,0.6754066944122314,0.6465710997581482
0.44982820749282837,0.8322181105613708,0.6465673446655273
0.4042862057685852,0.6991176009178162,0.6465634107589722
0.42062222957611084,0.663845956325531,0.6465593576431274
0.4146818518638611,0.5954002141952515,0.646555483341217
0.4262314438819885,0.7028989195823669,0.6465516686439514
0.45174622535705566,0.7469297051429749,0.6465475559234619
0.4697914719581604,0.6848053336143494,0.6465439200401306
0.42377376556396484,0.6947354674339294,0.646540105342865
0.4522527754306793,0.7117286324501038,0.6465364694595337
0.44232866168022156,0.763774573802948,0.6465325951576233
0.43435198068618774,0.7749535441398621,0.6465287804603577
0.47702470421791077,0.8839733600616455,0.6465249061584473
0.4365449547767639,0.6691204309463501,0.6465209126472473
0.43018341064453125,0.7925756573677063,0.6465169787406921
0.4368728697299957,0.6967136263847351,0.6465131044387817
0.43165040016174316,0.7808677554130554,0.6465091109275818
0.47118064761161804,0.7852968573570251,0.6465053558349609
0.44587114453315735,0.6936929225921631,0.6465017199516296
0.43645066022872925,0.6382968425750732,0.646497905254364
0.42178741097450256,0.7316659688949585,0.6464942693710327
0.4341481626033783,0.7257054448127747,0.6464904546737671
0.44768819212913513,0.723743736743927,0.6464868187904358
0.45859524607658386,0.6747480630874634,0.6464829444885254
0.41573208570480347,0.7238773703575134,0.6464791297912598
0.44081130623817444,0.7842244505882263,0.6464751958847046
0.4381876587867737,0.7020174264907837,0.6464712023735046
0.48336905241012573,0.7777224779129028,0.6464673280715942
0.4236326515674591,0.7542428374290466,0.6464633941650391
0.44978272914886475,0.7371726632118225,0.6464595198631287
0.4349263608455658,0.7445567846298218,0.6464555859565735
0.40235650539398193,0.8002882599830627,0.6464518904685974
0.44046592712402344,0.8175011277198792,0.6464481949806213
0.3999963402748108,0.6866635084152222,0.6464444398880005
0.44636186957359314,0.7598685026168823,0.6464405655860901
0.4392091929912567,0.7877593040466309,0.6464367508888245
0.43652915954589844,0.7919628620147705,0.6464329957962036
0.4399247467517853,0.7033303380012512,0.6464290022850037
0.40838587284088135,0.7500145435333252,0.6464251279830933
0.4353046715259552,0.7302998304367065,0.6464213132858276
0.43391603231430054,0.6139357089996338,0.6464173793792725
0.4061625301837921,0.7775636911392212,0.6464135050773621
0.4347369074821472,0.6964341402053833,0.6464096903800964
0.4577978253364563,0.7037027478218079,0.6464060544967651
0.4723421335220337,0.7584531307220459,0.6464022994041443
0.4220176041126251,0.6992723345756531,0.646398663520813
0.4357180893421173,0.6175659894943237,0.6463948488235474
0.4203711152076721,0.7875142097473145,0.6463909149169922
0.4105137586593628,0.7791321277618408,0.646386981010437
0.3915090262889862,0.6788588166236877,0.6463830471038818
0.43331044912338257,0.7478011846542358,0.6463792324066162
0.4138747751712799,0.7646676898002625,0.6463751196861267
0.4503018260002136,0.681571900844574,0.6463711857795715
0.41768741607666016,0.6921252012252808,0.6463674902915955
0.4259624481201172,0.7413880228996277,0.6463637351989746
0.42997753620147705,0.7605608105659485,0.6463600397109985
0.43691086769104004,0.6886191964149475,0.6463562250137329
0.43183931708335876,0.7993460893630981,0.6463524103164673
0.4369579255580902,0.782971978187561,0.646348774433136
0.40452954173088074,0.7068708539009094,0.6463451385498047
0.4328990876674652,0.8118903040885925,0.6463412642478943
0.46275514364242554,0.7006539106369019,0.6463375091552734
0.42733052372932434,0.7571424841880798,0.6463333964347839
0.42896541953086853,0.7403521537780762,0.6463295221328735
0.44439002871513367,0.6861609816551208,0.6463257670402527
0.42268306016921997,0.7161072492599487,0.6463219523429871
0.4554034471511841,0.8329257369041443,0.646318256855011
0.42433035373687744,0.6876827478408813,0.6463144421577454
0.4087921380996704,0.734775185585022,0.6463106870651245
0.44414034485816956,0.720309853553772,0.6463069915771484
0.45250043272972107,0.7756913900375366,0.646303117275238
0.43408316373825073,0.8050763607025146,0.6462992429733276
0.42094123363494873,0.762119710445404,0.646295428276062
0.44376084208488464,0.7719001770019531,0.6462914347648621
0.4323731064796448,0.800083577632904,0.646287739276886
0.4356900155544281,0.7381168603897095,0.646283745765686
0.4222618341445923,0.7872915267944336,0.6462797522544861
0.42584505677223206,0.7090354561805725,0.64627605676651
0.4351958930492401,0.7267598509788513,0.6462720632553101
0.4467586874961853,0.7290048599243164,0.6462683081626892
0.4153986871242523,0.6828225255012512,0.6462644934654236
0.45939722657203674,0.714944064617157,0.6462609171867371
0.41115325689315796,0.7056518197059631,0.6462571620941162
0.433246374130249,0.7314248085021973,0.646253228187561
0.45684221386909485,0.6624811291694641,0.6462494730949402
0.4496515393257141,0.699126124382019,0.646245539188385
0.42904847860336304,0.7456871271133423,0.6462418437004089
0.42961955070495605,0.6646320223808289,0.6462380886077881
0.4270763695240021,0.7067095041275024,0.6462339162826538
0.43857523798942566,0.7133179306983948,0.646230161190033
0.46266430616378784,0.7302930951118469,0.6462263464927673
0.44959789514541626,0.6557556986808777,0.6462224721908569
0.4417775571346283,0.7428827881813049,0.6462188363075256
0.4177069067955017,0.718816876411438,0.6462150812149048
0.4020303785800934,0.7024847269058228,0.6462115049362183
0.41666775941848755,0.6755213141441345,0.6462078094482422
0.4166240394115448,0.7030479907989502,0.6462040543556213
0.45491740107536316,0.7252823114395142,0.6462002992630005
0.41754013299942017,0.6816988587379456,0.6461963653564453
0.4751247763633728,0.718111515045166,0.6461924910545349
0.4373502731323242,0.8217170834541321,0.6461886763572693
0.40150880813598633,0.8919708132743835,0.6461846828460693
0.4100247323513031,0.7476118803024292,0.6461808681488037
0.3914027214050293,0.7629110813140869,0.6461769342422485
0.41230320930480957,0.6533282399177551,0.6461732983589172
0.4614587128162384,0.7206882238388062,0.6461696028709412
0.4146900773048401,0.7561950087547302,0.6461659669876099
0.4011524021625519,0.7286539673805237,0.6461621522903442
0.43891698122024536,0.7325520515441895,0.6461583971977234
0.4464898705482483,0.7195619344711304,0.646154522895813
0.4673914611339569,0.7199994325637817,0.6461504697799683
0.4608241021633148,0.8296716213226318,0.6461467146873474
0.44007375836372375,0.7634803652763367,0.646142840385437
0.45781445503234863,0.7502124309539795,0.6461390256881714
0.4395178258419037,0.761184573173523,0.646135151386261
0.43340638279914856,0.6454862952232361,0.646131694316864
0.43392834067344666,0.7670629620552063,0.6461278796195984
0.42870035767555237,0.7833713889122009,0.6461241245269775
0.4330587387084961,0.6895042657852173,0.6461201906204224
0.42533838748931885,0.6987261772155762,0.646116316318512
0.4484952986240387,0.6689977049827576,0.6461125612258911
0.426868200302124,0.7214489579200745,0.6461086869239807
0.4258950352668762,0.698000431060791,0.646105170249939
0.4487239718437195,0.7198036909103394,0.6461015343666077
0.4838543236255646,0.7086546421051025,0.6460977792739868
0.42704036831855774,0.7884567975997925,0.646094024181366
0.42512768507003784,0.7114561796188354,0.6460903286933899
0.42590954899787903,0.7607704997062683,0.6460864543914795
0.44659683108329773,0.6902992129325867,0.6460825800895691
0.4200023114681244,0.6262391805648804,0.6460785269737244
0.41144970059394836,0.7061138153076172,0.6460745334625244
0.42308223247528076,0.7190200686454773,0.6460705995559692
0.44275057315826416,0.7166158556938171,0.6460667252540588
0.4207133650779724,0.7785020470619202,0.6460630297660828
0.42358720302581787,0.7015992403030396,0.6460590958595276
0.46647268533706665,0.7527491450309753,0.6460557579994202
0.459019273519516,0.8082689642906189,0.6460519433021545
0.43252336978912354,0.7138785123825073,0.6460482478141785
0.40895530581474304,0.7698889970779419,0.6460444331169128
0.43125516176223755,0.674601137638092,0.6460406184196472
0.4190900921821594,0.6495239734649658,0.646036684513092
0.46194881200790405,0.6608514189720154,0.6460331082344055
0.4315679967403412,0.6900057196617126,0.6460292339324951
0.4380667209625244,0.723889946937561,0.6460254788398743
0.4360618591308594,0.7257052063941956,0.6460217833518982
0.44572654366493225,0.7760414481163025,0.6460180282592773
0.4213559329509735,0.7463605999946594,0.6460142135620117
0.4109610319137573,0.7109083533287048,0.6460105776786804
0.4392704367637634,0.6653963327407837,0.64600670337677
0.44011491537094116,0.7591427564620972,0.6460028886795044
0.44732341170310974,0.8105387091636658,0.645999014377594
0.4238966107368469,0.716684877872467,0.6459953188896179
0.4482639729976654,0.765620231628418,0.6459913849830627
0.4222470819950104,0.7016571164131165,0.6459876298904419
0.4440348446369171,0.7522608041763306,0.6459837555885315
0.4299016296863556,0.7646557092666626,0.6459798812866211
0.45147350430488586,0.700716495513916,0.6459760665893555
0.43799659609794617,0.728287398815155,0.6459722518920898
0.4246083199977875,0.719828724861145,0.6459683179855347
0.3996582627296448,0.6780978441238403,0.645964503288269
0.4625107944011688,0.7344397902488708,0.645960807800293
0.4578547179698944,0.7492145299911499,0.645956814289093
0.44391927123069763,0.7902623414993286,0.6459529995918274
0.41767269372940063,0.7690570950508118,0.6459491848945618
0.44669774174690247,0.7441229224205017,0.6459453701972961
0.450122594833374,0.6729230284690857,0.6459413766860962
0.45178619027137756,0.6928310990333557,0.6459376215934753
0.42027047276496887,0.6452924609184265,0.6459336876869202
0.4453865587711334,0.7143557667732239,0.6459300518035889
0.4254680871963501,0.7672888040542603,0.6459261178970337
0.4655989110469818,0.7187681794166565,0.6459223031997681
0.40152910351753235,0.72032630443573,0.6459183692932129
0.43260622024536133,0.714318573474884,0.6459147334098816
0.44899436831474304,0.7236899137496948,0.6459107995033264
0.4278888404369354,0.7729425430297852,0.6459069848060608
0.4545612335205078,0.6731143593788147,0.6459032893180847
0.46988344192504883,0.6449699997901917,0.6458994150161743
0.43660423159599304,0.7618498802185059,0.6458956599235535
0.4430945813655853,0.7178539037704468,0.6458917260169983
0.43195292353630066,0.7374622225761414,0.6458877921104431
0.4201931953430176,0.7124253511428833,0.6458839178085327
0.4818798899650574,0.7661476135253906,0.6458800435066223
0.4541725218296051,0.7962898015975952,0.6458762288093567
0.4247722327709198,0.7507395148277283,0.645872175693512
0.4450299143791199,0.7970095872879028,0.6458683013916016
0.41902095079421997,0.7388777732849121,0.6458645462989807
0.4243425726890564,0.6706664562225342,0.6458607316017151
0.44783642888069153,0.6623097658157349,0.6458568572998047
0.40284210443496704,0.662103533744812,0.6458531022071838
0.4429595470428467,0.7399089336395264,0.6458491683006287
0.45398327708244324,0.6717092394828796,0.645845353603363
0.4682160019874573,0.6814597249031067,0.6458414793014526
0.4367155134677887,0.6786066293716431,0.6458374857902527
0.45841526985168457,0.6552205681800842,0.6458336114883423
0.46467337012290955,0.7344953417778015,0.6458297967910767
0.47604799270629883,0.6640186905860901,0.6458260416984558
0.4467400312423706,0.7895651459693909,0.645822286605835
0.41918492317199707,0.6874868869781494,0.6458184719085693
0.458579421043396,0.7606786489486694,0.6458146572113037
0.46781423687934875,0.8703615665435791,0.6458107829093933
0.42118018865585327,0.661298930644989,0.6458066701889038
0.4191892743110657,0.7246136665344238,0.6458029747009277
0.48976221680641174,0.6944795846939087,0.6457988619804382
0.41026684641838074,0.838808536529541,0.6457949280738831
0.44339993596076965,0.6738405823707581,0.6457909345626831
0.3987661600112915,0.7792446613311768,0.645787239074707
0.4641110301017761,0.718691885471344,0.6457833051681519
0.4363310933113098,0.8104896545410156,0.6457793712615967
0.4330804646015167,0.7116965055465698,0.645775556564331
0.4408080279827118,0.8145086169242859,0.645771861076355
0.4109840989112854,0.7551574110984802,0.6457681059837341
0.4165533185005188,0.698113203048706,0.6457643508911133
0.4621834456920624,0.7050791382789612,0.6457602381706238
0.43216532468795776,0.7904250621795654,0.6457566022872925
0.44663912057876587,0.666087806224823,0.6457528471946716
0.4681793749332428,0.7461029887199402,0.645749032497406
0.4324537217617035,0.7436031103134155,0.6457452774047852
0.4132331311702728,0.8066040277481079,0.6457415819168091
0.4111824333667755,0.746912956237793,0.6457377076148987
0.4184974133968353,0.6590670347213745,0.6457338333129883
0.4545225501060486,0.6978321075439453,0.6457298994064331
0.44113418459892273,0.6921892166137695,0.6457259654998779
0.43373027443885803,0.6635310053825378,0.6457222104072571
0.4208046793937683,0.6795501708984375,0.6457180976867676
0.4531485140323639,0.7960381507873535,0.6457144021987915
0.4066202640533447,0.6834368109703064,0.6457104682922363
0.42678070068359375,0.6465280055999756,0.6457066535949707
0.4286300837993622,0.6270731091499329,0.6457028985023499
0.4621795117855072,0.7289631962776184,0.645699143409729
0.46271511912345886,0.7024208307266235,0.6456952691078186
0.43716326355934143,0.7769300937652588,0.6456915736198425
0.430853933095932,0.7412764430046082,0.6456876397132874
0.43835338950157166,0.7356526851654053,0.6456837058067322
0.43902766704559326,0.7526022791862488,0.6456798315048218
0.4422239363193512,0.6923448443412781,0.6456756591796875
0.4273178279399872,0.7397292852401733,0.6456717848777771
0.42876648902893066,0.7728033065795898,0.6456680297851562
0.41451865434646606,0.6686372756958008,0.6456642150878906
0.45929232239723206,0.6914466023445129,0.6456604599952698
0.4429926574230194,0.6829029321670532,0.6456567049026489
0.44362154603004456,0.7668682932853699,0.6456529498100281
0.450090229511261,0.7882559299468994,0.6456491947174072
0.42416656017303467,0.7437540292739868,0.6456453800201416
0.492111474275589,0.7016162872314453,0.6456414461135864
0.46156927943229675,0.7581996321678162,0.6456376314163208
0.4262448847293854,0.6721332669258118,0.6456337571144104
0.4289260506629944,0.5975785255432129,0.6456298232078552
0.4247802793979645,0.6249367594718933,0.6456262469291687
0.42385339736938477,0.740610659122467,0.6456224322319031
0.4676817059516907,0.7139372229576111,0.6456186771392822
0.4654475152492523,0.8816097378730774,0.6456149816513062
0.4266345500946045,0.7324783205986023,0.6456111669540405
0.46889737248420715,0.6629117131233215,0.6456073522567749
0.4492531418800354,0.717361569404602,0.6456034183502197
0.45082923769950867,0.6504124999046326,0.6455994844436646
0.4207320213317871,0.714792788028717,0.6455957889556885
0.4280393719673157,0.7443768978118896,0.6455920934677124
0.450187087059021,0.8169741034507751,0.645588219165802
0.44714197516441345,0.7108603715896606,0.6455844640731812
0.4648952782154083,0.7568615674972534,0.6455805897712708
0.4368165135383606,0.687824010848999,0.645576536655426
0.4095328450202942,0.6499152183532715,0.6455726623535156
0.4566597640514374,0.7554011940956116,0.6455686092376709
0.4202127158641815,0.703531801700592,0.6455647349357605
0.46000388264656067,0.7278807163238525,0.6455609202384949
0.39618536829948425,0.6974384784698486,0.6455569863319397
0.42802634835243225,0.7349910736083984,0.6455532908439636
0.46834492683410645,0.6741937398910522,0.6455495357513428
0.4234476387500763,0.7136247754096985,0.6455456614494324
0.42226216197013855,0.8025884628295898,0.6455417275428772
0.42003488540649414,0.6031148433685303,0.6455378532409668
0.42479652166366577,0.6762884855270386,0.6455339789390564
0.44708889722824097,0.7008361220359802,0.6455302238464355
0.4320790767669678,0.6885058879852295,0.6455263495445251
0.46266987919807434,0.8000136613845825,0.6455224752426147
0.4356817603111267,0.699898362159729,0.6455187201499939
0.40831702947616577,0.7281453609466553,0.645514726638794
0.44719746708869934,0.7298190593719482,0.6455109715461731
0.4294525384902954,0.7018245458602905,0.6455071568489075
0.4452139437198639,0.7295564413070679,0.6455033421516418
0.44670990109443665,0.669806182384491,0.6454994082450867
0.4522193372249603,0.7112962007522583,0.645495593547821
0.49188804626464844,0.7687921524047852,0.6454916000366211
0.4659745991230011,0.7197584509849548,0.6454877257347107
0.40788534283638,0.8090419173240662,0.6454837322235107
0.4596882164478302,0.6838989853858948,0.6454800367355347
0.4593487083911896,0.6353582143783569,0.6454759836196899
0.4607846140861511,0.6839314699172974,0.6454721093177795
0.44443944096565247,0.5977500081062317,0.6454684734344482
0.43105459213256836,0.6413489580154419,0.6454645395278931
0.41783607006073,0.7010399103164673,0.6454606652259827
0.43929383158683777,0.693622887134552,0.645456850528717
0.42623504996299744,0.7270438075065613,0.6454529762268066
0.4236299693584442,0.6695941090583801,0.6454490423202515
0.4808509349822998,0.7419601678848267,0.6454450488090515
0.4100426435470581,0.6963146328926086,0.6454411745071411
0.4162023961544037,0.6754220128059387,0.6454372406005859
0.4145291745662689,0.7711992859840393,0.6454336643218994
0.4282311201095581,0.6793702840805054,0.645429790019989
0.441082626581192,0.7208065390586853,0.6454259157180786
0.44623231887817383,0.7599749565124512,0.6454218626022339
0.42550134658813477,0.6027546525001526,0.6454180479049683
0.44057556986808777,0.731850802898407,0.6454141139984131
0.4060674011707306,0.7623632550239563,0.645410418510437
0.43006980419158936,0.7894488573074341,0.6454066038131714
0.42477676272392273,0.7260435819625854,0.645402729511261
0.4336916208267212,0.613959789276123,0.645398736000061
0.4214634299278259,0.7296600341796875,0.6453949809074402
0.4446386694908142,0.6380412578582764,0.6453911066055298
0.43794751167297363,0.7696316838264465,0.6453872323036194
0.4150192439556122,0.769351065158844,0.6453834772109985
0.43154120445251465,0.7233186364173889,0.6453796029090881
0.4346122443675995,0.7087481617927551,0.6453758478164673
0.4336282014846802,0.7002575397491455,0.6453720331192017
0.4281269907951355,0.7039446234703064,0.6453679800033569
0.4574015438556671,0.7838379144668579,0.6453640460968018
0.44762513041496277,0.7037526369094849,0.6453601717948914
0.4360187351703644,0.7240890264511108,0.645356297492981
0.49064844846725464,0.7106484770774841,0.6453526020050049
0.46165069937705994,0.7602431774139404,0.6453486680984497
0.4273426830768585,0.6604541540145874,0.6453449130058289
0.4214496314525604,0.6988217830657959,0.6453409790992737
0.4303044378757477,0.6375156044960022,0.6453370451927185
0.4303159713745117,0.6842746138572693,0.6453334093093872
0.4462890625,0.6839668154716492,0.6453295350074768
0.45708706974983215,0.7314824461936951,0.645325779914856
0.4594991207122803,0.5912030339241028,0.6453220248222351
0.46859580278396606,0.727400004863739,0.6453182697296143
0.430915892124176,0.671630322933197,0.6453143954277039
0.4451833665370941,0.7014936208724976,0.6453104615211487
0.43597865104675293,0.6100468635559082,0.6453067660331726
0.4524743854999542,0.7209117412567139,0.6453028917312622
0.42147955298423767,0.7387565970420837,0.6452990174293518
0.39862939715385437,0.7967319488525391,0.6452952027320862
0.4258563816547394,0.7097480893135071,0.645291268825531
0.45764172077178955,0.8040804266929626,0.6452873945236206
0.42048513889312744,0.7678156495094299,0.6452834606170654
0.40821191668510437,0.6923282146453857,0.6452798247337341
0.4460325241088867,0.6944853663444519,0.6452757716178894
0.42628222703933716,0.7975413799285889,0.6452719569206238
0.4042568504810333,0.719079852104187,0.6452682018280029
0.4160770773887634,0.724970817565918,0.6452643871307373
0.4493529498577118,0.6064223647117615,0.6452603340148926
0.4473687410354614,0.7565310001373291,0.6452565789222717
0.45658326148986816,0.6748978495597839,0.6452524662017822
0.4593859016895294,0.6851692199707031,0.645248532295227
0.42925915122032166,0.8047816157341003,0.6452443599700928
0.41600799560546875,0.7488787770271301,0.6452406048774719
0.44822871685028076,0.6491184830665588,0.645236611366272
0.3985309600830078,0.7322483658790588,0.6452328562736511
0.4570702314376831,0.7272262573242188,0.6452291011810303
0.43460479378700256,0.6858335137367249,0.6452249884605408
0.46056875586509705,0.7216558456420898,0.6452212333679199
0.4102652072906494,0.6774945259094238,0.6452172994613647
0.41212743520736694,0.7088871598243713,0.6452133655548096
0.40904825925827026,0.6497578024864197,0.6452094316482544
0.4358675181865692,0.8544726967811584,0.645205557346344
0.4385162591934204,0.6840040683746338,0.6452017426490784
0.4238719642162323,0.724469006061554,0.6451978087425232
0.4138360321521759,0.6641446948051453,0.6451941132545471
0.44586044549942017,0.7085544466972351,0.6451901197433472
0.43843725323677063,0.7134833931922913,0.6451863646507263
0.43479815125465393,0.6172506809234619,0.6451823711395264
0.4111420810222626,0.7616300582885742,0.6451783180236816
0.4198533594608307,0.8278191089630127,0.6451745629310608
0.4320363402366638,0.7075542211532593,0.6451706290245056
0.4562459886074066,0.7278673052787781,0.6451665759086609
0.40975433588027954,0.7117558121681213,0.64516282081604
0.4091973900794983,0.6826377511024475,0.6451587677001953
0.42753317952156067,0.7054901719093323,0.6451549530029297
0.41575655341148376,0.7045138478279114,0.6451510190963745
0.393710732460022,0.683760404586792,0.6451471447944641
0.4013322591781616,0.8035491108894348,0.6451433300971985
0.42669108510017395,0.6629663109779358,0.6451395750045776
0.44983506202697754,0.6829923391342163,0.6451355814933777
0.43819352984428406,0.6752310991287231,0.6451315879821777
0.45213526487350464,0.7751327753067017,0.6451277136802673
0.425752192735672,0.7991716861724854,0.6451235413551331
0.4214845299720764,0.6405874490737915,0.6451196074485779
0.46422380208969116,0.7074180841445923,0.6451157927513123
0.437473863363266,0.6779412031173706,0.6451120376586914
0.41183221340179443,0.7026392817497253,0.645108163356781
0.4501110017299652,0.6861715912818909,0.6451043486595154
0.4419935643672943,0.7073253393173218,0.645100474357605
0.42499080300331116,0.714758038520813,0.6450965404510498
0.4044865071773529,0.6571671366691589,0.6450924277305603
0.4272664487361908,0.7258427143096924,0.6450886130332947
0.43672385811805725,0.7790581583976746,0.6450845003128052
0.4514016807079315,0.6088722944259644,0.6450808048248291
0.45929351449012756,0.6638058423995972,0.6450769901275635
0.4352162778377533,0.7433780431747437,0.6450730562210083
0.43773341178894043,0.661090075969696,0.6450691223144531
0.45354965329170227,0.7350068688392639,0.645065188407898
0.440700501203537,0.6633980870246887,0.6450613737106323
0.4711194932460785,0.6926484107971191,0.6450576186180115
0.41645002365112305,0.6830270886421204,0.6450535655021667
0.48365163803100586,0.7822317481040955,0.6450498700141907
0.4637300670146942,0.7441321611404419,0.645045816898346
0.47545716166496277,0.7112137079238892,0.645041823387146
0.4643917381763458,0.6382283568382263,0.6450381278991699
0.4170306921005249,0.7075517177581787,0.6450340151786804
0.4085829555988312,0.7580265998840332,0.6450304388999939
0.43414703011512756,0.6733936071395874,0.6450267434120178
0.4294082820415497,0.7228105068206787,0.6450228095054626
0.4545992612838745,0.7312874794006348,0.645018994808197
0.40689346194267273,0.6155198216438293,0.6450151801109314
0.4579361081123352,0.7125736474990845,0.6450115442276001
0.43282100558280945,0.6703712344169617,0.6450076103210449
0.4373815059661865,0.8043918013572693,0.6450038552284241
0.4855550229549408,0.7160587310791016,0.6450000405311584
0.4529231786727905,0.6803078055381775,0.644996166229248
0.39740580320358276,0.6683197021484375,0.6449922323226929
0.4496416449546814,0.6667302846908569,0.6449881792068481
0.45196548104286194,0.71122807264328,0.6449841260910034
0.4231204390525818,0.7782763242721558,0.6449801921844482
0.4207592308521271,0.7130529284477234,0.6449764370918274
0.4303995966911316,0.6829821467399597,0.644972562789917
0.4461718797683716,0.6725659370422363,0.6449689269065857
0.4255286157131195,0.7219386696815491,0.6449650526046753
0.46154043078422546,0.7846091985702515,0.644961416721344
0.43518078327178955,0.6952568888664246,0.6449575424194336
0.4419601559638977,0.669989824295044,0.6449534893035889
0.4444245398044586,0.6409170031547546,0.644949734210968
0.4568939208984375,0.6660423278808594,0.6449459195137024
0.41616350412368774,0.6517108082771301,0.6449418663978577
0.4248802363872528,0.835355818271637,0.6449381709098816
0.4132097065448761,0.6894490718841553,0.644934356212616
0.4653509557247162,0.6913771629333496,0.6449304223060608
0.4271864891052246,0.7649068832397461,0.6449266672134399
0.430431067943573,0.7373777031898499,0.6449227333068848
0.4689962863922119,0.7356148958206177,0.6449190378189087
0.4431772530078888,0.7101919651031494,0.6449152827262878
0.42757222056388855,0.7967100739479065,0.6449112892150879
0.44035735726356506,0.6550702452659607,0.6449074149131775
0.4163428843021393,0.6194186806678772,0.6449035406112671
0.4413870871067047,0.808847963809967,0.6448996067047119
0.4371843636035919,0.668621838092804,0.6448957920074463
0.42212235927581787,0.6364862322807312,0.6448918581008911
0.41924336552619934,0.7048527598381042,0.6448879837989807
0.4158727824687958,0.7371094822883606,0.6448839902877808
0.43062734603881836,0.6508207321166992,0.6448802351951599
0.4474802613258362,0.7464255690574646,0.6448764801025391
0.44251587986946106,0.7428821921348572,0.6448726058006287
0.4315694272518158,0.7047390341758728,0.6448687314987183
0.4273088574409485,0.7294568419456482,0.6448649168014526
0.44473856687545776,0.7739732265472412,0.6448610424995422
0.43247881531715393,0.7496147155761719,0.6448571681976318
0.43072593212127686,0.7269417643547058,0.6448534727096558
0.4225441813468933,0.7293736934661865,0.6448493003845215
0.43706899881362915,0.7009719014167786,0.6448456645011902
0.4474204182624817,0.7520350217819214,0.6448419690132141
0.40637293457984924,0.747352659702301,0.6448380351066589
0.41670432686805725,0.792037308216095,0.6448342800140381
0.43305715918540955,0.709946870803833,0.6448304653167725
0.44618985056877136,0.6556761860847473,0.6448267698287964
0.449391633272171,0.597823441028595,0.6448227167129517
0.4219942092895508,0.6683334112167358,0.6448189616203308
0.42636415362358093,0.6062197685241699,0.6448152661323547
0.40602463483810425,0.7342548370361328,0.6448114514350891
0.4384298324584961,0.694972038269043,0.6448076367378235
0.44430384039878845,0.7571201920509338,0.6448037624359131
0.4384253919124603,0.6812387108802795,0.6447998285293579
0.42491137981414795,0.6072816252708435,0.6447960138320923
0.412277489900589,0.7260538935661316,0.6447923183441162
0.4577687084674835,0.6715330481529236,0.6447883248329163
0.41036245226860046,0.7004062533378601,0.6447843909263611
0.4323427379131317,0.7268751263618469,0.6447805166244507
0.42732006311416626,0.6708143353462219,0.6447764039039612
0.4612833857536316,0.7259947061538696,0.6447725296020508
0.4155328571796417,0.6423166990280151,0.6447685360908508
0.43045681715011597,0.7747474908828735,0.6447646617889404
0.4309132993221283,0.6916005611419678,0.6447604298591614
0.4151059687137604,0.7866772413253784,0.644756555557251
0.4937664270401001,0.6971052885055542,0.6447528600692749
0.42689648270606995,0.6733148097991943,0.6447490453720093
0.4255013167858124,0.7654277086257935,0.6447453498840332
0.44382548332214355,0.6818168759346008,0.6447414755821228
0.4501160681247711,0.7605435848236084,0.6447373628616333
0.43951091170310974,0.5989667177200317,0.644733726978302
0.44668564200401306,0.690366268157959,0.6447295546531677
0.4490918219089508,0.6523780822753906,0.6447257399559021
0.431057333946228,0.7741139531135559,0.6447216868400574
0.44849997758865356,0.7353817224502563,0.6447175741195679
0.44190919399261475,0.8037959933280945,0.6447136998176575
0.43734320998191833,0.6378242373466492,0.6447100043296814
0.4406641721725464,0.6562742590904236,0.6447062492370605
0.4234575629234314,0.7565833330154419,0.6447025537490845
0.41502925753593445,0.7657671570777893,0.6446986198425293
0.44415533542633057,0.6631413102149963,0.6446949243545532
0.43892884254455566,0.6718663573265076,0.644690990447998
0.4309636652469635,0.6388109922409058,0.6446868181228638
0.46539735794067383,0.7474891543388367,0.6446830034255981
0.4464096128940582,0.7806826233863831,0.644679069519043
0.4196987450122833,0.6826096773147583,0.6446749567985535
0.4182136654853821,0.7515174746513367,0.6446711421012878
0.4253869950771332,0.7685651183128357,0.644667387008667
0.4118555784225464,0.6122488975524902,0.64466392993927
0.4475029706954956,0.6709807515144348,0.6446601152420044
0.42366546392440796,0.7306721210479736,0.6446563601493835
0.4595188498497009,0.6720795035362244,0.6446526646614075
0.4402448534965515,0.6086657047271729,0.6446487307548523
0.42327627539634705,0.7292497754096985,0.6446449160575867
0.4503747522830963,0.7031630277633667,0.6446411609649658
0.45788809657096863,0.7532801032066345,0.6446371674537659
0.43612366914749146,0.6938415765762329,0.6446332931518555
0.4372904598712921,0.8114079833030701,0.6446295380592346
0.4687337279319763,0.7994314432144165,0.6446259021759033
0.4460618197917938,0.6999140381813049,0.6446221470832825
0.41766881942749023,0.698753833770752,0.6446184515953064
0.44337332248687744,0.7269093990325928,0.6446146965026855
0.4462183117866516,0.7736970782279968,0.6446109414100647
0.4268684983253479,0.7567937970161438,0.6446070671081543
0.4460739195346832,0.7581019997596741,0.6446033716201782
0.44740813970565796,0.7166479229927063,0.6445993781089783
0.4156951904296875,0.6986984610557556,0.6445955634117126
0.45694953203201294,0.7760744690895081,0.6445916891098022
0.43932515382766724,0.7838844060897827,0.6445877552032471
0.47137024998664856,0.688603401184082,0.6445843577384949
0.43621715903282166,0.6770102977752686,0.6445806622505188
0.4545494318008423,0.652869462966919,0.6445772051811218
0.4083264172077179,0.7113789319992065,0.644573450088501
0.42675691843032837,0.7779349684715271,0.6445697546005249
0.43435904383659363,0.6996573209762573,0.644565761089325
0.45586517453193665,0.7684251666069031,0.6445620059967041
0.45840170979499817,0.6511795520782471,0.6445582509040833
0.43061819672584534,0.7500206232070923,0.6445543766021729
0.44539815187454224,0.6919656991958618,0.6445505023002625
0.42760831117630005,0.7837340235710144,0.6445469260215759
0.4359484314918518,0.8071085214614868,0.6445432305335999
0.43551015853881836,0.6267606616020203,0.6445395946502686
0.474547803401947,0.7552737593650818,0.644535481929779
0.4052586555480957,0.6174939870834351,0.6445316076278687
0.4268357455730438,0.6764047741889954,0.6445277333259583
0.41833260655403137,0.6521458625793457,0.6445239186286926
0.4283178746700287,0.7288919687271118,0.6445198655128479
0.417707622051239,0.7087933421134949,0.6445160508155823
0.4217323064804077,0.6921496987342834,0.6445122361183167
0.4503348767757416,0.7495744228363037,0.6445081830024719
0.40036702156066895,0.7232253551483154,0.6445044279098511
0.4213418960571289,0.6801176071166992,0.6445006728172302
0.4257386028766632,0.6535346508026123,0.644496738910675
0.4472339451313019,0.7014716267585754,0.644493043422699
0.4140746295452118,0.7930646538734436,0.6444892883300781
0.4434363842010498,0.7006961703300476,0.6444854140281677
0.3987829387187958,0.6241443157196045,0.6444816589355469
0.4530218541622162,0.6714698672294617,0.6444777250289917
0.4320168197154999,0.6454967856407166,0.6444739103317261
0.4212217628955841,0.7505699992179871,0.6444700360298157
0.4263872504234314,0.7316589951515198,0.64446622133255
0.4543408751487732,0.7621980309486389,0.6444622874259949
0.44093963503837585,0.6371339559555054,0.6444586515426636
0.4618638753890991,0.6868237257003784,0.6444547772407532
0.44266313314437866,0.7838743925094604,0.6444510817527771
0.4416944980621338,0.7495188117027283,0.6444472670555115
0.4422340393066406,0.712333083152771,0.6444435119628906
0.40276485681533813,0.683256983757019,0.6444395780563354
0.43333902955055237,0.7173861265182495,0.644435703754425
0.44534415006637573,0.7497118711471558,0.644432008266449
0.42325106263160706,0.7991695404052734,0.6444280743598938
0.4209570586681366,0.7459064722061157,0.6444244980812073
0.42928996682167053,0.7516753077507019,0.6444206237792969
0.430286169052124,0.7292618155479431,0.6444168090820312
0.4358085095882416,0.7170822024345398,0.6444131135940552
0.43294256925582886,0.761472225189209,0.6444093585014343
0.44695863127708435,0.7091807723045349,0.6444052457809448
0.4393281042575836,0.6253938674926758,0.6444016098976135
0.4251261353492737,0.6613432168960571,0.6443977952003479
0.4365788996219635,0.656073272228241,0.6443937420845032
0.4690175950527191,0.7324059009552002,0.644389808177948
0.4393756091594696,0.7370865345001221,0.6443859338760376
0.4180368483066559,0.8085504174232483,0.644382119178772
0.4431311786174774,0.7030341029167175,0.644378125667572
0.43889182806015015,0.7399874925613403,0.6443745493888855
0.4350556433200836,0.7423691153526306,0.6443706154823303
0.45364370942115784,0.636082112789154,0.6443667411804199
0.41060423851013184,0.6598488092422485,0.6443628668785095
0.44084474444389343,0.6807371973991394,0.6443591713905334
0.4757993817329407,0.6937177777290344,0.644355297088623
0.45100241899490356,0.7581728100776672,0.6443514823913574
0.44197317957878113,0.6483007669448853,0.644347608089447
0.4139332175254822,0.7069116830825806,0.6443437933921814
0.4257756769657135,0.6547828316688538,0.6443400382995605
0.44960352778434753,0.7076176404953003,0.6443362236022949
0.4357582628726959,0.7418616414070129,0.6443324685096741
0.42563143372535706,0.7763429284095764,0.6443286538124084
0.4444085359573364,0.6471186280250549,0.644324779510498
0.43105199933052063,0.704776406288147,0.6443212032318115
0.4740332067012787,0.7651175856590271,0.6443173289299011
0.4460330307483673,0.7593716979026794,0.6443134546279907
0.4164196252822876,0.6466457843780518,0.6443096399307251
0.4199240505695343,0.6629236936569214,0.6443058848381042
0.4273373484611511,0.671246349811554,0.6443020701408386
0.4220736622810364,0.7357261180877686,0.6442981362342834
0.46594274044036865,0.7357564568519592,0.6442942023277283
0.4393487572669983,0.7244389057159424,0.644290566444397
0.4539809823036194,0.7186862230300903,0.6442866921424866
0.42844656109809875,0.7950000762939453,0.644282877445221
0.45530691742897034,0.6797924041748047,0.6442792415618896
0.41598403453826904,0.6623844504356384,0.6442753672599792
0.45881810784339905,0.7185494303703308,0.6442714333534241
0.41638439893722534,0.7421733140945435,0.6442676782608032
0.4490497410297394,0.6515262126922607,0.644263505935669
0.4144178628921509,0.7370100617408752,0.6442598104476929
0.45438528060913086,0.6956456899642944,0.6442558169364929
0.4321768283843994,0.5565417408943176,0.6442519426345825
0.41478535532951355,0.674949586391449,0.6442481875419617
0.4293346107006073,0.6699157953262329,0.6442443132400513
0.42438197135925293,0.6999252438545227,0.6442404985427856
0.424019455909729,0.6770734190940857,0.6442363858222961
0.4360355734825134,0.6089745163917542,0.6442326903343201
0.4545707404613495,0.6882851719856262,0.6442288160324097
0.4534822702407837,0.6700316667556763,0.6442251205444336
0.4469805955886841,0.7110921740531921,0.6442215442657471
0.4296119809150696,0.7170246839523315,0.6442174315452576
0.45890721678733826,0.736189603805542,0.6442136764526367
0.41116955876350403,0.7488685846328735,0.6442099213600159
0.4397484362125397,0.794439435005188,0.6442059874534607
0.429609090089798,0.7117921710014343,0.6442021727561951
0.42940622568130493,0.7197458148002625,0.6441983580589294
0.4517873227596283,0.6976402401924133,0.6441944241523743
0.43940645456314087,0.661853551864624,0.6441906690597534
0.41321903467178345,0.7015271186828613,0.6441869139671326
0.44390565156936646,0.6597155928611755,0.6441833972930908
0.4276135265827179,0.7099795341491699,0.6441794633865356
0.44334691762924194,0.6587718725204468,0.6441757678985596
0.40975984930992126,0.733073353767395,0.644171953201294
0.4527844786643982,0.6510109305381775,0.6441680192947388
0.41834756731987,0.6976365447044373,0.6441641449928284
0.4438471496105194,0.822547972202301,0.6441603302955627
0.44868144392967224,0.6348608732223511,0.6441566348075867
0.42432454228401184,0.7657381892204285,0.6441527605056763
0.432511568069458,0.7689976692199707,0.6441489458084106
0.4394513964653015,0.6856600642204285,0.6441452503204346
0.4118734896183014,0.7733425498008728,0.6441412568092346
0.44868674874305725,0.6285942196846008,0.6441375017166138
0.44686973094940186,0.7535604238510132,0.6441337466239929
0.44153982400894165,0.7234975099563599,0.6441299915313721
0.41402724385261536,0.6392135620117188,0.6441260576248169
0.4897264242172241,0.7272840738296509,0.6441221833229065
0.42781367897987366,0.7441331744194031,0.6441183686256409
0.43324434757232666,0.7090405821800232,0.6441144347190857
0.41981241106987,0.7588204145431519,0.6441105604171753
0.4332921504974365,0.6763883233070374,0.6441067457199097
0.42227408289909363,0.6547366976737976,0.6441028714179993
0.4310929477214813,0.7883651256561279,0.6440991163253784
0.41266506910324097,0.7561371922492981,0.6440954208374023
0.4435686469078064,0.7474597096443176,0.6440914273262024
0.4290989339351654,0.6100647449493408,0.6440876722335815
0.4377323389053345,0.6879821419715881,0.6440838575363159
0.42156559228897095,0.6536751389503479,0.6440801620483398
0.42196977138519287,0.6993957161903381,0.6440763473510742
0.4610106647014618,0.7384236454963684,0.6440724730491638
0.4459419250488281,0.7222813367843628,0.6440686583518982
0.4459526538848877,0.6795124411582947,0.6440648436546326
0.4152110517024994,0.7286574244499207,0.6440608501434326
0.4501102864742279,0.7603869438171387,0.6440571546554565
0.4568280577659607,0.7013227343559265,0.6440532207489014
0.4304218590259552,0.7085252404212952,0.6440494060516357
0.4158729910850525,0.7017858028411865,0.6440455913543701
0.41760966181755066,0.8288881182670593,0.6440419554710388
0.4287441074848175,0.6851754188537598,0.6440381407737732
0.4322469234466553,0.707575798034668,0.6440344452857971
0.42963355779647827,0.6699777841567993,0.6440305113792419
0.4501381516456604,0.7224572896957397,0.6440268158912659
0.4233231842517853,0.6851375102996826,0.6440227031707764
0.397168904542923,0.7396398186683655,0.644018828868866
0.4018532931804657,0.7913863658905029,0.6440150141716003
0.41030675172805786,0.7265843749046326,0.6440110802650452
0.43621206283569336,0.7369224429130554,0.6440073847770691
0.4751102328300476,0.6243824362754822,0.6440035104751587
0.43821701407432556,0.6208856105804443,0.6439997553825378
0.3948579728603363,0.8374195694923401,0.6439961194992065
0.4472931921482086,0.6982813477516174,0.6439924240112305
0.42901724576950073,0.6869341731071472,0.6439885497093201
0.42325350642204285,0.7058214545249939,0.6439846158027649
0.4354640245437622,0.7184300422668457,0.6439806818962097
0.41620388627052307,0.6396479606628418,0.6439768075942993
0.4276689887046814,0.7591274380683899,0.6439728140830994
0.42475616931915283,0.6143648624420166,0.643968939781189
0.3987668454647064,0.8170781135559082,0.6439652442932129
0.4125089645385742,0.7535592317581177,0.643961489200592
0.4245966076850891,0.6467669010162354,0.643957793712616
0.3943922519683838,0.664345920085907,0.6439540982246399
0.45983052253723145,0.6599545478820801,0.6439502239227295
0.4387626349925995,0.5995163917541504,0.6439463496208191
0.43170443177223206,0.6959814429283142,0.643942654132843
0.44069093465805054,0.8466815948486328,0.6439388394355774
0.44222432374954224,0.6782135367393494,0.6439349055290222
0.41348564624786377,0.6686244606971741,0.6439311504364014
0.42649099230766296,0.7975667715072632,0.6439270973205566
0.4172254502773285,0.6913193464279175,0.6439233422279358
0.40955132246017456,0.6678810119628906,0.6439197063446045
0.4519399106502533,0.7495309114456177,0.6439160704612732
0.4008764624595642,0.6863170266151428,0.6439122557640076
0.44806569814682007,0.6043233275413513,0.6439085602760315
0.40234339237213135,0.6651622653007507,0.6439048051834106
0.42528799176216125,0.8203832507133484,0.6439009308815002
0.45546755194664,0.7462736964225769,0.643897294998169
0.41684943437576294,0.646734893321991,0.6438934803009033
0.4123569428920746,0.7653325796127319,0.6438895463943481
0.43819713592529297,0.7034141421318054,0.643885612487793
0.4365437924861908,0.664683997631073,0.6438817381858826
0.43855002522468567,0.6828271746635437,0.6438778638839722
0.4213634133338928,0.827626645565033,0.6438741683959961
0.4086173474788666,0.606052815914154,0.6438701748847961
0.43202006816864014,0.6637861132621765,0.6438663005828857
0.4192361533641815,0.6585536599159241,0.6438625454902649
0.42850393056869507,0.6266245245933533,0.643858790397644
0.4277547299861908,0.8015884160995483,0.6438550353050232
0.42017439007759094,0.7027496695518494,0.6438513994216919
0.40502214431762695,0.7175188064575195,0.6438474059104919
0.4349023401737213,0.6701014637947083,0.6438436508178711
0.4427954852581024,0.6740928292274475,0.6438397169113159
0.4642980992794037,0.66849684715271,0.6438357830047607
0.40595170855522156,0.6133719682693481,0.6438319683074951
0.4194260239601135,0.7540780305862427,0.6438280344009399
0.4471593201160431,0.6238219738006592,0.6438243985176086
0.43777263164520264,0.6787945628166199,0.6438204646110535
0.4632663130760193,0.6787673234939575,0.6438165903091431
0.4529138207435608,0.6671311259269714,0.6438130140304565
0.4414632320404053,0.7557037472724915,0.6438090801239014
0.4575309455394745,0.595265805721283,0.643805205821991
0.4303227961063385,0.6644602417945862,0.6438012719154358
0.424399733543396,0.6945701241493225,0.6437975764274597
0.46098044514656067,0.7034976482391357,0.6437936425209045
0.45299550890922546,0.7242547869682312,0.6437899470329285
0.40647029876708984,0.6894353032112122,0.643785834312439
0.395385205745697,0.7010155320167542,0.6437819004058838
0.4158223569393158,0.7504545450210571,0.6437782049179077
0.40836140513420105,0.706933856010437,0.6437743306159973
0.4432307481765747,0.724066972732544,0.643770694732666
0.44884181022644043,0.6850223541259766,0.6437671184539795
0.42062413692474365,0.763165295124054,0.6437632441520691
0.4064217209815979,0.7088080644607544,0.6437594294548035
0.4614143967628479,0.6496337652206421,0.6437557339668274
0.42775118350982666,0.6898025274276733,0.6437517404556274
0.4453716576099396,0.724501371383667,0.643747866153717
0.43550023436546326,0.7545655369758606,0.6437438726425171
0.46098563075065613,0.7755096554756165,0.6437399387359619
0.44483304023742676,0.6822301149368286,0.6437363624572754
0.41150525212287903,0.7338177561759949,0.6437327861785889
0.424144983291626,0.6567153930664062,0.6437289714813232
0.4647817015647888,0.7521686553955078,0.6437252163887024
0.4283110797405243,0.7223506569862366,0.6437214612960815
0.45217809081077576,0.6946624517440796,0.6437175869941711
0.4361758530139923,0.6741144061088562,0.643713653087616
0.41657644510269165,0.722733199596405,0.6437098383903503
0.4443165063858032,0.6150525212287903,0.6437059640884399
0.4492321014404297,0.610773503780365,0.6437019109725952
0.43246421217918396,0.6368111968040466,0.6436980962753296
0.4534318745136261,0.6447703242301941,0.6436944603919983
0.44381389021873474,0.7366418242454529,0.6436907649040222
0.4275069236755371,0.8207411170005798,0.6436868906021118
0.4473700523376465,0.6577994227409363,0.643683135509491
0.4536436200141907,0.6919968724250793,0.6436792612075806
0.40506917238235474,0.642405092716217,0.6436754465103149
0.4250040054321289,0.6984739303588867,0.6436716914176941
0.43226414918899536,0.7385450601577759,0.6436676979064941
0.44169241189956665,0.6626513600349426,0.643663763999939
0.4483245015144348,0.7682521939277649,0.6436600089073181
0.4584161937236786,0.7516717314720154,0.6436562538146973
0.45226171612739563,0.7014297842979431,0.6436525583267212
0.4325675666332245,0.6930236220359802,0.6436488032341003
0.42078477144241333,0.6588581204414368,0.6436449289321899
0.4361793100833893,0.7274506688117981,0.6436413526535034
0.4456283748149872,0.7863664627075195,0.6436375975608826
0.4306960105895996,0.7178584933280945,0.6436337232589722
0.4159824848175049,0.6659958362579346,0.6436300277709961
0.4216354489326477,0.7240560054779053,0.6436260342597961
0.4377344250679016,0.6707596182823181,0.6436221599578857
0.4638961851596832,0.6647854447364807,0.6436182856559753
0.4348650574684143,0.6878026127815247,0.6436145305633545
0.431223064661026,0.6948320269584656,0.6436108946800232
0.46724438667297363,0.643277645111084,0.6436073184013367
0.4445435702800751,0.7782783508300781,0.6436038017272949
0.41070321202278137,0.752956211566925,0.6435999274253845
0.45233187079429626,0.794686496257782,0.6435961723327637
0.4592912793159485,0.6576367616653442,0.6435922980308533
0.42199066281318665,0.6642869114875793,0.6435884237289429
0.42758211493492126,0.6999468803405762,0.6435846090316772
0.46483898162841797,0.7851951718330383,0.6435807347297668
0.4076143801212311,0.6650509238243103,0.6435769200325012
0.41746053099632263,0.7602025270462036,0.6435732841491699
0.43638285994529724,0.8059110045433044,0.6435697078704834
0.4156140983104706,0.7386667132377625,0.6435660123825073
0.4225631058216095,0.7278949618339539,0.6435621976852417
0.4457445442676544,0.7347254157066345,0.6435583829879761
0.4440823495388031,0.7079950571060181,0.6435546278953552
0.4378456175327301,0.7312908172607422,0.6435508728027344
0.43585196137428284,0.6114721894264221,0.6435469388961792
0.4427308738231659,0.7592809796333313,0.6435432434082031
0.45564860105514526,0.7421313524246216,0.6435394883155823
0.46644073724746704,0.7381483316421509,0.6435355544090271
0.4083158075809479,0.683626115322113,0.6435319781303406
0.43715715408325195,0.704755961894989,0.643528163433075
0.4036291241645813,0.6146605610847473,0.6435244679450989
0.4306219518184662,0.6792815327644348,0.6435205340385437
0.39887264370918274,0.5517593622207642,0.6435169577598572
0.4441972076892853,0.6908156275749207,0.6435129046440125
0.4403790533542633,0.6787104606628418,0.6435092091560364
0.4482460618019104,0.7317922711372375,0.6435053944587708
0.43477922677993774,0.6508408188819885,0.6435016989707947
0.4316823482513428,0.6404086947441101,0.6434978246688843
0.4426339864730835,0.7327833771705627,0.6434939503669739
0.42810317873954773,0.6406537890434265,0.6434903144836426
0.4268522262573242,0.6980329155921936,0.6434865593910217
0.4182831048965454,0.6597111225128174,0.6434826850891113
0.432718425989151,0.6967877149581909,0.64347904920578
0.4537522494792938,0.8074061274528503,0.6434752941131592
0.42373669147491455,0.6520522236824036,0.6434714794158936
0.44042378664016724,0.7859156727790833,0.6434677243232727
0.4642166197299957,0.6870163083076477,0.6434637904167175
0.4100116193294525,0.5985386967658997,0.6434601545333862
0.42714935541152954,0.7321822047233582,0.6434563994407654
0.4658943712711334,0.7221782803535461,0.6434526443481445
0.45065680146217346,0.7773224711418152,0.6434488296508789
0.4184332489967346,0.6302074790000916,0.6434451937675476
0.4386681616306305,0.6918463706970215,0.6434414386749268
0.43464866280555725,0.7087228298187256,0.6434375643730164
0.42099207639694214,0.7211703658103943,0.643433690071106
0.42929261922836304,0.6285063624382019,0.6434298157691956
0.42101290822029114,0.6713571548461914,0.6434260606765747
0.45336660742759705,0.755591869354248,0.6434221863746643
0.4352617859840393,0.7259998321533203,0.6434184312820435
0.44552695751190186,0.6520281434059143,0.6434146165847778
0.42811331152915955,0.7963038682937622,0.6434109807014465
0.4298209249973297,0.6152772307395935,0.6434072256088257
0.4497440755367279,0.7065831422805786,0.6434035301208496
0.42417454719543457,0.6098586320877075,0.6433995962142944
0.44427868723869324,0.6988399028778076,0.6433960795402527
0.44281312823295593,0.7036505937576294,0.6433920860290527
0.4315458834171295,0.6767319440841675,0.6433881521224976
0.41088151931762695,0.6104944348335266,0.6433843970298767
0.4222418963909149,0.710921049118042,0.6433805227279663
0.42650073766708374,0.7208466529846191,0.6433768272399902
0.4488859176635742,0.6752583384513855,0.6433732509613037
0.4090014696121216,0.7171329855918884,0.6433693766593933
0.446002721786499,0.751477062702179,0.6433656811714172
0.43877774477005005,0.7609236240386963,0.6433618068695068
0.4318851828575134,0.6676687598228455,0.6433579325675964
0.45495158433914185,0.6918720006942749,0.6433541178703308
0.43987345695495605,0.8710219860076904,0.6433500647544861
0.4365442991256714,0.7557050585746765,0.6433462500572205
0.4354369640350342,0.717337429523468,0.6433423757553101
0.4618551731109619,0.7431501150131226,0.6433387398719788
0.4140560030937195,0.7563111782073975,0.6433349847793579
0.4308578670024872,0.7146064043045044,0.6433311700820923
0.4415711462497711,0.7337121367454529,0.6433272361755371
0.4198949337005615,0.6891468167304993,0.6433234810829163
0.4269140660762787,0.6978544592857361,0.6433196663856506
0.4085259735584259,0.6591518521308899,0.6433159112930298
0.4498105049133301,0.662940263748169,0.6433120965957642
0.44827526807785034,0.6622297167778015,0.6433084011077881
0.45421844720840454,0.7520869374275208,0.6433045268058777
0.47331443428993225,0.819449782371521,0.6433006525039673
0.4070194661617279,0.7027971744537354,0.6432966589927673
0.45077699422836304,0.7136194109916687,0.6432928442955017
0.42545533180236816,0.7309398055076599,0.6432889103889465
0.44826456904411316,0.7142727375030518,0.6432851552963257
0.39663177728652954,0.6823307275772095,0.6432812213897705
0.4498417377471924,0.7060184478759766,0.6432774662971497
0.42872264981269836,0.7036371827125549,0.6432737112045288
0.4186534285545349,0.7388015389442444,0.6432701945304871
0.457000732421875,0.7105616331100464,0.643266499042511
0.4486284554004669,0.7376631498336792,0.6432625651359558
0.45661023259162903,0.6699809432029724,0.643258810043335
0.4383033812046051,0.7357581257820129,0.6432549357414246
0.4524979889392853,0.6895955204963684,0.6432512998580933
0.45703715085983276,0.6785168647766113,0.6432475447654724
0.42999473214149475,0.7338778376579285,0.6432437300682068
0.41309282183647156,0.6615113019943237,0.6432400345802307
0.48250967264175415,0.6968371868133545,0.6432362794876099
0.4291363060474396,0.6360747814178467,0.6432324051856995
0.44111523032188416,0.6391517519950867,0.6432286500930786
0.42366233468055725,0.72464519739151,0.6432249546051025
0.4400448203086853,0.6837965250015259,0.6432211995124817
0.42137736082077026,0.6857227087020874,0.6432170867919922
0.41633448004722595,0.773734450340271,0.6432133316993713
0.43799135088920593,0.7174904346466064,0.6432096362113953
0.4451773166656494,0.680397093296051,0.6432058811187744
0.4528580904006958,0.6568580269813538,0.6432020664215088
0.4181409776210785,0.6066931486129761,0.6431983709335327
0.4483495056629181,0.7934399843215942,0.6431946754455566
0.4224961996078491,0.6053293347358704,0.6431909799575806
0.4530687630176544,0.6991051435470581,0.6431871056556702
0.4435032904148102,0.6333455443382263,0.643183171749115
0.45716410875320435,0.6972200274467468,0.6431792974472046
0.4248492419719696,0.7130895256996155,0.6431754231452942
0.4387684166431427,0.6334916353225708,0.6431717872619629
0.4446811079978943,0.6196779608726501,0.6431680917739868
0.45655906200408936,0.6251847743988037,0.643164336681366
0.41652020812034607,0.7406474351882935,0.6431606411933899
0.4050920605659485,0.8621746897697449,0.643156886100769
0.4317055344581604,0.6557336449623108,0.643153190612793
0.4424474239349365,0.6826673746109009,0.6431493759155273
0.4307592809200287,0.6941254734992981,0.6431455612182617
0.45013806223869324,0.6805912852287292,0.6431416273117065
0.41582271456718445,0.7090896368026733,0.6431378722190857
0.43376192450523376,0.6884840726852417,0.6431340575218201
0.4552994966506958,0.6504024267196655,0.6431303024291992
0.4447844624519348,0.7603344321250916,0.6431266665458679
0.4202059209346771,0.7670481204986572,0.643122673034668
0.4420653283596039,0.6955091953277588,0.6431190967559814
0.44192734360694885,0.6699599027633667,0.6431153416633606
0.43623271584510803,0.6927038431167603,0.6431116461753845
0.41645723581314087,0.6575903296470642,0.6431077718734741
0.4348641037940979,0.7469638586044312,0.6431039571762085
0.46794766187667847,0.7237673401832581,0.643099844455719
0.4456576108932495,0.7405818104743958,0.6430960893630981
0.43939208984375,0.7304180264472961,0.6430923342704773
0.43546539545059204,0.7596408128738403,0.6430885195732117
0.4608280658721924,0.6228907108306885,0.6430846452713013
0.4329478144645691,0.7581827044487,0.6430810689926147
0.4118345081806183,0.6997026801109314,0.6430773138999939
0.42752671241760254,0.6881582140922546,0.6430736780166626
0.4226532578468323,0.6912521123886108,0.6430699825286865
0.41635724902153015,0.7006678581237793,0.6430662274360657
0.4288536608219147,0.628634512424469,0.6430626511573792
0.43184134364128113,0.6662536263465881,0.6430589556694031
0.4439805746078491,0.7160601019859314,0.6430549025535583
0.4387722909450531,0.7072654962539673,0.643051266670227
0.44122305512428284,0.6690366268157959,0.6430473327636719
0.4075509309768677,0.7745484113693237,0.6430434584617615
0.4179554581642151,0.6947623491287231,0.6430398225784302
0.45873403549194336,0.6965516805648804,0.6430361270904541
0.43809428811073303,0.6960580348968506,0.6430323719978333
0.4490964412689209,0.7858572006225586,0.6430287957191467
0.44418731331825256,0.6498674154281616,0.6430249810218811
0.4348648190498352,0.6699366569519043,0.643021285533905
0.4329938292503357,0.7090303897857666,0.6430174112319946
0.43770843744277954,0.7215279936790466,0.6430134773254395
0.41534164547920227,0.7393075823783875,0.6430097222328186
0.42648324370384216,0.5825141072273254,0.6430057883262634
0.42710283398628235,0.8141500353813171,0.643001914024353
0.4106450378894806,0.6955410838127136,0.6429980397224426
0.4447161555290222,0.7385978102684021,0.6429939866065979
0.43863555788993835,0.6880961060523987,0.6429904103279114
0.4140838086605072,0.6635682582855225,0.6429864764213562
0.44040173292160034,0.7428576946258545,0.6429829597473145
0.45172613859176636,0.6335177421569824,0.6429791450500488
0.45185816287994385,0.7447621822357178,0.6429755091667175
0.4287564158439636,0.6796013712882996,0.6429716944694519
0.4676191210746765,0.6960632801055908,0.6429678201675415
0.44064590334892273,0.7356324195861816,0.6429641842842102
0.45756450295448303,0.7157803773880005,0.6429603695869446
0.40071356296539307,0.7025620937347412,0.6429564356803894
0.4244700074195862,0.7272395491600037,0.6429528594017029
0.45879456400871277,0.7940036654472351,0.6429489254951477
0.43999946117401123,0.7251335382461548,0.642945408821106
0.41201987862586975,0.6076915860176086,0.6429418325424194
0.4538450837135315,0.6237964034080505,0.6429381370544434
0.4395727515220642,0.6816135048866272,0.6429344415664673
0.43824973702430725,0.7158098220825195,0.6429307460784912
0.4312913715839386,0.6541252136230469,0.6429270505905151
0.4698837399482727,0.6602550745010376,0.6429232358932495
0.42676499485969543,0.654577910900116,0.6429194808006287
0.4325677454471588,0.6589660048484802,0.642915666103363
0.42454788088798523,0.6591157913208008,0.6429118514060974
0.4072936773300171,0.7281548380851746,0.6429080367088318
0.46208059787750244,0.6950692534446716,0.6429044008255005
0.41738495230674744,0.7506136298179626,0.6429007649421692
0.43677154183387756,0.7091044187545776,0.6428970098495483
0.42676717042922974,0.7024331092834473,0.6428934335708618
0.42175188660621643,0.607316792011261,0.642889678478241
0.43546026945114136,0.7232855558395386,0.6428858637809753
0.42663586139678955,0.7644429802894592,0.6428821682929993
0.4031238853931427,0.6651254892349243,0.6428784728050232
0.4341071546077728,0.6606974601745605,0.642874538898468
0.43951794505119324,0.6977455615997314,0.6428707242012024
0.49312013387680054,0.7045809626579285,0.6428667902946472
0.450949102640152,0.711980938911438,0.6428627967834473
0.4265996515750885,0.7108261585235596,0.6428590416908264
0.4500408172607422,0.639498770236969,0.6428552269935608
0.4308296740055084,0.7087097764015198,0.6428515315055847
0.45512962341308594,0.6990533471107483,0.6428475379943848
0.41581806540489197,0.6934935450553894,0.6428438425064087
0.41545721888542175,0.659989058971405,0.6428400874137878
0.4284675121307373,0.7043317556381226,0.6428362727165222
0.4086219370365143,0.6220765709877014,0.6428325176239014
0.42637914419174194,0.6782444715499878,0.6428289413452148
0.43065160512924194,0.774833083152771,0.6428250074386597
0.42771652340888977,0.7363721132278442,0.6428212523460388
0.43568870425224304,0.8694406151771545,0.642817497253418
0.40820902585983276,0.7627220749855042,0.6428139209747314
0.4322657287120819,0.7690162658691406,0.6428101062774658
0.43155086040496826,0.6385113596916199,0.6428062319755554
0.4397767186164856,0.9039095640182495,0.6428028345108032
0.43855297565460205,0.8074318766593933,0.6427990794181824
0.4630695581436157,0.7015570402145386,0.642795205116272
0.43195196986198425,0.6987771987915039,0.6427914500236511
0.4432724714279175,0.6096491813659668,0.6427876353263855
0.45743733644485474,0.7212077975273132,0.6427838802337646
0.4177941679954529,0.6371300220489502,0.642780065536499
0.43614354729652405,0.69419264793396,0.6427763104438782
0.42700278759002686,0.7422143220901489,0.6427727937698364
0.4395948350429535,0.7260294556617737,0.6427691578865051
0.40063777565956116,0.853643536567688,0.6427653431892395
0.42372366786003113,0.6723731160163879,0.6427617073059082
0.4486798346042633,0.6958758234977722,0.6427578926086426
0.4532095491886139,0.7070385813713074,0.6427539587020874
0.4273432493209839,0.6769587397575378,0.6427502036094666
0.3999788165092468,0.7284346222877502,0.6427463889122009
0.4255341589450836,0.7308917045593262,0.6427424550056458
0.46522605419158936,0.699086606502533,0.6427387595176697
0.44775116443634033,0.668140709400177,0.6427351236343384
0.40605416893959045,0.7015274167060852,0.6427314281463623
0.42992645502090454,0.7488545775413513,0.6427278518676758
0.4529370665550232,0.7274464964866638,0.6427240371704102
0.4298539459705353,0.67010098695755,0.642720103263855
0.4193110764026642,0.6766079068183899,0.6427162885665894
0.4487922191619873,0.7389264106750488,0.6427125930786133
0.4190678596496582,0.6494056582450867,0.6427086591720581
0.41297730803489685,0.7003422975540161,0.6427049040794373
0.4243218004703522,0.6364754438400269,0.6427012085914612
0.4153171181678772,0.7444325685501099,0.6426974534988403
0.4418242573738098,0.7329928874969482,0.6426936984062195
0.4171794056892395,0.6043592095375061,0.6426898241043091
0.4484030306339264,0.6814936399459839,0.6426860094070435
0.4209577143192291,0.7968829870223999,0.6426824331283569
0.4188748896121979,0.7393272519111633,0.6426785588264465
0.4060409963130951,0.7225286364555359,0.6426747441291809
0.42151835560798645,0.606508731842041,0.6426710486412048
0.45489615201950073,0.6908998489379883,0.642667293548584
0.4276684820652008,0.7180216312408447,0.6426635980606079
0.4029129147529602,0.6327621340751648,0.6426597833633423
0.4225490689277649,0.6896781325340271,0.6426558494567871
0.406912624835968,0.6407580971717834,0.6426522135734558
0.4549388885498047,0.7147874236106873,0.6426482796669006
0.4482495188713074,0.7617831230163574,0.6426444053649902
0.43164974451065063,0.713042676448822,0.6426405906677246
0.4389340281486511,0.6846528649330139,0.6426370739936829
0.46148714423179626,0.7384316921234131,0.642633318901062
0.4325099289417267,0.7419125437736511,0.6426296234130859
0.38201457262039185,0.6797656416893005,0.6426258683204651
0.4226478040218353,0.7539857625961304,0.6426221132278442
0.4151631295681,0.703697681427002,0.6426184177398682
0.4477494955062866,0.7435097098350525,0.6426146626472473
0.37782636284828186,0.7130975127220154,0.6426109671592712
0.41374459862709045,0.6983634829521179,0.6426072120666504
0.4301884174346924,0.7089244723320007,0.6426034569740295
0.42204269766807556,0.8079769015312195,0.6425997018814087
0.4281146824359894,0.6898525357246399,0.6425958871841431
0.4154200255870819,0.6985373497009277,0.6425920724868774
0.45713934302330017,0.753720223903656,0.6425883173942566
0.44748973846435547,0.7123715281486511,0.6425845623016357
0.41579508781433105,0.6942350268363953,0.6425808072090149
0.39703452587127686,0.7583012580871582,0.6425771117210388
0.467955082654953,0.706607460975647,0.6425734758377075
0.41833725571632385,0.683513879776001,0.6425697207450867
0.4428468942642212,0.737263560295105,0.6425663232803345
0.4232088327407837,0.7192659974098206,0.6425624489784241
0.4333844482898712,0.7480869293212891,0.6425588726997375
0.4560376703739166,0.6146283149719238,0.6425549983978271
0.43302080035209656,0.6795546412467957,0.6425514221191406
0.4226135313510895,0.7332673072814941,0.642547607421875
0.45003458857536316,0.7091441750526428,0.6425437927246094
0.4373396039009094,0.7466548681259155,0.6425400376319885
0.41742661595344543,0.721014142036438,0.6425362825393677
0.44948381185531616,0.6100704669952393,0.6425325274467468
0.46399572491645813,0.7695304751396179,0.6425287127494812
0.40993911027908325,0.6972426176071167,0.6425250768661499
0.43551790714263916,0.8101338744163513,0.6425213813781738
0.4430844783782959,0.6720571517944336,0.6425174474716187
0.4362846910953522,0.6838269829750061,0.6425138115882874
0.4481878876686096,0.671542763710022,0.6425100564956665
0.430743932723999,0.7234460115432739,0.6425062417984009
0.4563320577144623,0.7691073417663574,0.6425025463104248
0.413597047328949,0.5976579785346985,0.642498791217804
0.4669780731201172,0.7465038299560547,0.6424949765205383
0.45537054538726807,0.7480965852737427,0.6424912214279175
0.4519038498401642,0.6553352475166321,0.6424874663352966
0.4323791563510895,0.7009465098381042,0.6424837112426758
0.40976589918136597,0.7056097388267517,0.6424802541732788
0.44338226318359375,0.7933732271194458,0.6424764394760132
0.4038110375404358,0.6975030303001404,0.6424728035926819
0.449741005897522,0.7025414109230042,0.6424692273139954
0.45662716031074524,0.8248706459999084,0.6424655914306641
0.39787861704826355,0.6769385933876038,0.6424619555473328
0.4110839366912842,0.696660041809082,0.6424582004547119
0.4445938169956207,0.7428356409072876,0.6424545645713806
0.41255223751068115,0.6592537760734558,0.6424508690834045
0.41225874423980713,0.7232573628425598,0.6424471735954285
0.4053223729133606,0.6737021803855896,0.6424434185028076
0.4437064826488495,0.7287343144416809,0.6424396634101868
0.4155978858470917,0.7565618753433228,0.6424359083175659
0.4511541724205017,0.6901103258132935,0.6424322724342346
0.42297446727752686,0.8172228932380676,0.6424283981323242
0.4736124277114868,0.705035388469696,0.6424245834350586
0.4488711655139923,0.7453707456588745,0.6424205303192139
0.41769668459892273,0.7024263143539429,0.6424167156219482
0.4391991198062897,0.723771333694458,0.6424126029014587
0.4189951717853546,0.8202310800552368,0.6424086093902588
0.4481216073036194,0.7060596346855164,0.6424049735069275
0.4189498722553253,0.7083578705787659,0.6424010396003723
0.4404974579811096,0.7532474994659424,0.6423972249031067
0.4393578767776489,0.6794024109840393,0.6423937082290649
0.44215911626815796,0.5905227065086365,0.6423897743225098
0.43541333079338074,0.6690852046012878,0.6423860192298889
0.4554210603237152,0.6774106621742249,0.6423821449279785
0.45145681500434875,0.6897779703140259,0.6423783302307129
0.45585379004478455,0.6338651776313782,0.6423744559288025
0.44073066115379333,0.7416551113128662,0.6423704028129578
0.4419586658477783,0.6892482042312622,0.6423666477203369
0.4211983382701874,0.6507043242454529,0.6423627734184265
0.42346426844596863,0.6977248787879944,0.6423591375350952
0.4376341998577118,0.758270800113678,0.6423553228378296
0.42513829469680786,0.6893447041511536,0.6423513889312744
0.46239909529685974,0.7176945209503174,0.6423476338386536
0.4384576976299286,0.7186320424079895,0.6423436403274536
0.4451421797275543,0.8201414346694946,0.6423400044441223
0.4546923041343689,0.6902754306793213,0.6423360705375671
0.4098728895187378,0.7254519462585449,0.6423323750495911
0.41449323296546936,0.7792275547981262,0.6423287391662598
0.46247443556785583,0.7399017214775085,0.6423247456550598
0.44316691160202026,0.682273268699646,0.6423210501670837
0.4400674104690552,0.6685090065002441,0.6423172950744629
0.4788911044597626,0.7417293787002563,0.642313539981842
0.44372275471687317,0.7122384905815125,0.6423096656799316
0.47425806522369385,0.6543384194374084,0.642305850982666
0.44161489605903625,0.6585404276847839,0.6423022150993347
0.44583162665367126,0.6506264805793762,0.6422983407974243
0.4217401444911957,0.6200687289237976,0.642294704914093
0.4496205747127533,0.6360329985618591,0.6422908902168274
0.41300293803215027,0.7610721588134766,0.6422871351242065
0.42496055364608765,0.6813061833381653,0.6422833800315857
0.4414302110671997,0.7697587013244629,0.6422794461250305
0.3998967707157135,0.6559478640556335,0.642275869846344
0.442354291677475,0.74619460105896,0.6422718167304993
0.42536336183547974,0.7338547706604004,0.6422681212425232
0.3838350176811218,0.7965341210365295,0.6422643661499023
0.42529696226119995,0.7615715861320496,0.6422608494758606
0.4106895923614502,0.7569274306297302,0.642257034778595
0.432908833026886,0.6849911212921143,0.6422532200813293
0.4484732747077942,0.6826724410057068,0.6422494649887085
0.41523826122283936,0.6802510619163513,0.642245888710022
0.4386976659297943,0.808327853679657,0.6422420144081116
0.39396509528160095,0.6830493807792664,0.6422383189201355
0.42600664496421814,0.7014034986495972,0.6422346234321594
0.4450165033340454,0.6673377156257629,0.6422309279441833
0.4315216541290283,0.6909434795379639,0.642227292060852
0.40817663073539734,0.6974128484725952,0.6422234773635864
0.4457080662250519,0.7186145782470703,0.6422197222709656
0.4671671688556671,0.648085355758667,0.6422158479690552
0.4483497738838196,0.7632343769073486,0.6422120928764343
0.4512348473072052,0.6177561283111572,0.6422082781791687
0.4338063597679138,0.6795912981033325,0.6422046422958374
0.44136282801628113,0.6780478954315186,0.6422008872032166
0.42507344484329224,0.6264392137527466,0.6421970725059509
0.4649798572063446,0.7110020518302917,0.6421932578086853
0.40627703070640564,0.6840680837631226,0.6421896815299988
0.41387516260147095,0.6965464949607849,0.6421857476234436
0.3941328227519989,0.5782533884048462,0.6421822309494019
0.42863231897354126,0.7135502099990845,0.6421784162521362
0.4081605076789856,0.6838520765304565,0.6421746611595154
0.4633863568305969,0.6847474575042725,0.6421708464622498
0.4696806073188782,0.749311625957489,0.6421671509742737
0.42630651593208313,0.7638134956359863,0.6421633362770081
0.4780871570110321,0.7162395715713501,0.6421594023704529
0.4232749044895172,0.6406866312026978,0.642155647277832
0.4193487763404846,0.7138054370880127,0.6421518921852112
0.44393953680992126,0.6446893811225891,0.6421480178833008
0.4525354504585266,0.7321035265922546,0.6421443819999695
0.4226417541503906,0.6815213561058044,0.6421405076980591
0.42161989212036133,0.7332120537757874,0.6421367526054382
0.42780178785324097,0.7089207172393799,0.6421328186988831
0.42624664306640625,0.7056297659873962,0.6421290636062622
0.43876609206199646,0.7988571524620056,0.6421252489089966
0.4512794613838196,0.7030829787254333,0.642121434211731
0.416498064994812,0.7516974210739136,0.6421176791191101
0.464687705039978,0.7302257418632507,0.6421138644218445
0.44833192229270935,0.7625417113304138,0.6421100497245789
0.4224412739276886,0.7142807841300964,0.6421064138412476
0.43352580070495605,0.7003010511398315,0.6421027183532715
0.4294947385787964,0.667476236820221,0.6420990228652954
0.41703516244888306,0.626548171043396,0.642095148563385
0.44007280468940735,0.7287373542785645,0.6420915126800537
0.43537241220474243,0.774365246295929,0.6420877575874329
0.42883968353271484,0.6597263813018799,0.642084002494812
0.42371222376823425,0.6259097456932068,0.6420801281929016
0.4061334729194641,0.5979310274124146,0.6420762538909912
0.3936958909034729,0.6893104910850525,0.642072319984436
0.45073574781417847,0.6232380867004395,0.6420683264732361
0.43680116534233093,0.7234697341918945,0.6420645117759705
0.3930974006652832,0.7860775589942932,0.6420606970787048
0.43340709805488586,0.654456377029419,0.6420570015907288
0.43873751163482666,0.7794363498687744,0.6420532464981079
0.450225830078125,0.6567114591598511,0.6420493721961975
0.39944037795066833,0.6827786564826965,0.6420454978942871
0.4490430951118469,0.6753707528114319,0.6420417428016663
0.41811564564704895,0.8071649670600891,0.6420378088951111
0.42680564522743225,0.7183099389076233,0.6420340538024902
0.42257407307624817,0.6730896830558777,0.6420302391052246
0.46179527044296265,0.675591766834259,0.6420265436172485
0.46034103631973267,0.7516467571258545,0.6420226693153381
0.4217686057090759,0.6514107584953308,0.6420188546180725
0.4697459042072296,0.6534371972084045,0.6420149803161621
0.4345298409461975,0.7809388637542725,0.6420112252235413
0.39455822110176086,0.6636242270469666,0.6420074701309204
0.44436758756637573,0.7421389818191528,0.64200359582901
0.44539520144462585,0.7052146196365356,0.6419999599456787
0.41659602522850037,0.6452502012252808,0.6419960856437683
0.45109987258911133,0.7826514840126038,0.6419922709465027
0.46193161606788635,0.6455547213554382,0.6419883370399475
0.42573094367980957,0.7303603291511536,0.6419844031333923
0.4582396447658539,0.6675170660018921,0.641980767250061
0.4394736886024475,0.7402715086936951,0.6419768929481506
0.4155241549015045,0.6835174560546875,0.6419729590415955
0.4484274387359619,0.6452635526657104,0.6419692039489746
0.4454929232597351,0.7527359127998352,0.641965389251709
0.43044933676719666,0.6987230181694031,0.6419616937637329
0.4194011986255646,0.7770993113517761,0.6419579982757568
0.4274214804172516,0.6352247595787048,0.6419543027877808
0.39485299587249756,0.7532384991645813,0.6419505476951599
0.44458144903182983,0.825552761554718,0.6419466137886047
0.42954060435295105,0.6951045989990234,0.6419427394866943
0.442691445350647,0.7244017124176025,0.6419389247894287
0.44076988101005554,0.6544878482818604,0.6419349908828735
0.4597606062889099,0.6660633087158203,0.6419313549995422
0.4309767782688141,0.6891217231750488,0.6419274806976318
0.42193400859832764,0.7532551884651184,0.6419238448143005
0.4245854914188385,0.7042136788368225,0.6419199705123901
0.4317322373390198,0.7896643877029419,0.6419161558151245
0.4204316735267639,0.7113449573516846,0.6419125199317932
0.42232996225357056,0.6360583305358887,0.6419087052345276
0.4009574353694916,0.6298710107803345,0.6419047713279724
0.4174395203590393,0.8436796069145203,0.6419011354446411
0.41326937079429626,0.6708842515945435,0.6418974995613098
0.4412078857421875,0.6716941595077515,0.6418936848640442
0.4527563154697418,0.6908642649650574,0.6418901085853577
0.44439229369163513,0.7069776654243469,0.641886293888092
0.4314521253108978,0.7447752356529236,0.6418823003768921
0.43931007385253906,0.6636179089546204,0.6418784260749817
0.435146689414978,0.739166259765625,0.6418745517730713
0.4337693452835083,0.6747916340827942,0.6418707370758057
0.41355031728744507,0.706271231174469,0.6418668627738953
0.4504198729991913,0.7022351622581482,0.6418630480766296
0.41028231382369995,0.7031019330024719,0.641859233379364
0.44599878787994385,0.7892183065414429,0.6418555378913879
0.4102726876735687,0.6930930018424988,0.6418517827987671
0.41240325570106506,0.6227996349334717,0.6418479084968567
0.40443360805511475,0.7174158692359924,0.6418442130088806
0.46757662296295166,0.6920642256736755,0.6418401002883911
0.42855846881866455,0.8325662016868591,0.6418365240097046
0.4159403443336487,0.6551929712295532,0.6418325304985046
0.43808233737945557,0.7034063935279846,0.641828715801239
0.41610828042030334,0.6762892603874207,0.6418250203132629
0.4499468207359314,0.6814734935760498,0.6418211460113525
0.4156877100467682,0.6967080235481262,0.6418172121047974
0.41667455434799194,0.7201330065727234,0.6418134570121765
0.41569411754608154,0.6617735028266907,0.6418097615242004
0.41300368309020996,0.725242018699646,0.64180588722229
0.42065221071243286,0.6486408710479736,0.6418020725250244
0.4107298254966736,0.6799886226654053,0.6417983770370483
0.45450684428215027,0.7219950556755066,0.6417945027351379
0.47070086002349854,0.6874106526374817,0.6417908668518066
0.4548376202583313,0.8322295546531677,0.6417871117591858
0.44342631101608276,0.7465063333511353,0.6417831778526306
0.4404943585395813,0.6211190819740295,0.6417794823646545
0.43820831179618835,0.6890732049942017,0.6417758464813232
0.4332365393638611,0.6324185729026794,0.6417722105979919
0.43136903643608093,0.6663655042648315,0.6417682766914368
0.436577171087265,0.7317026257514954,0.6417645215988159
0.4366922080516815,0.6867960095405579,0.6417607069015503
0.41843125224113464,0.6466715335845947,0.6417569518089294
0.433102011680603,0.8281854391098022,0.6417532563209534
0.4177905023097992,0.844918966293335,0.6417495012283325
0.47095853090286255,0.7747269868850708,0.6417458057403564
0.43362855911254883,0.6440927982330322,0.641741931438446
0.4195542633533478,0.7263208627700806,0.6417381763458252
0.42112746834754944,0.7332872748374939,0.6417344212532043
0.4136190414428711,0.8373060822486877,0.6417306661605835
0.4497920274734497,0.7979427576065063,0.6417267322540283
0.44490963220596313,0.7030556201934814,0.6417229175567627
0.3957131803035736,0.633934497833252,0.6417190432548523
0.4199581444263458,0.8017032146453857,0.6417149901390076
0.40084314346313477,0.6685278415679932,0.6417111754417419
0.40948548913002014,0.6986719369888306,0.6417074203491211
0.4194345772266388,0.6561293005943298,0.6417039036750793
0.46738871932029724,0.547173798084259,0.641700267791748
0.40939009189605713,0.6961561441421509,0.641696572303772
0.4061720073223114,0.785713255405426,0.6416926980018616
0.4579015076160431,0.6126559376716614,0.6416890025138855
0.4341752827167511,0.6753420829772949,0.6416850090026855
0.39658433198928833,0.7252153754234314,0.6416811347007751
0.42802491784095764,0.7885788083076477,0.6416775584220886
0.4132048189640045,0.6163864135742188,0.6416738033294678
0.42097264528274536,0.6759985089302063,0.6416700482368469
0.4232088327407837,0.7378764748573303,0.6416662335395813
0.4018206298351288,0.7132635116577148,0.6416626572608948
0.45324617624282837,0.65898597240448,0.6416590213775635
0.4411165416240692,0.7614998817443848,0.6416549682617188
0.42151862382888794,0.7021843791007996,0.6416510343551636
0.405172735452652,0.6623033285140991,0.6416473388671875
0.4463517367839813,0.6571370363235474,0.6416435241699219
0.4176665246486664,0.7334235906600952,0.6416398882865906
0.42323100566864014,0.6345856189727783,0.641636073589325
0.4352124035358429,0.61330246925354,0.6416323184967041
0.4467654526233673,0.709987998008728,0.6416287422180176
0.4425797760486603,0.7502772808074951,0.641624927520752
0.42818400263786316,0.646305501461029,0.6416212320327759
0.4332057237625122,0.64195317029953,0.6416175365447998
0.4180547595024109,0.7364898920059204,0.641613781452179
0.404407799243927,0.6924149990081787,0.6416099071502686
0.45403987169265747,0.7477263808250427,0.6416063904762268
0.43852901458740234,0.6519567370414734,0.6416027545928955
0.4256393313407898,0.7347123622894287,0.6415989995002747
0.4422966539859772,0.6537197232246399,0.6415953040122986
0.4136069118976593,0.71837317943573,0.6415913701057434
0.4235471189022064,0.6376413106918335,0.6415876150131226
0.4245888888835907,0.6967267990112305,0.6415836215019226
0.4483272433280945,0.6563172340393066,0.641579806804657
0.4502284824848175,0.7264314293861389,0.6415760517120361
0.444802463054657,0.6086474657058716,0.641572117805481
0.4453686773777008,0.6332566738128662,0.6415684819221497
0.4683891832828522,0.6236584186553955,0.6415649652481079
0.4288710653781891,0.6691626906394958,0.6415612101554871
0.4549361765384674,0.6114240884780884,0.641557514667511
0.433220773935318,0.7578825354576111,0.6415539383888245
0.4250190258026123,0.7159126400947571,0.6415501236915588
0.4015662670135498,0.6522721648216248,0.6415463089942932
0.423580139875412,0.708468496799469,0.6415426135063171
0.429202139377594,0.7605792284011841,0.6415387392044067
0.41506245732307434,0.6526976823806763,0.6415348649024963
0.42503219842910767,0.7415537238121033,0.6415312886238098
0.4447232782840729,0.7006816267967224,0.6415274739265442
0.42574554681777954,0.8057414293289185,0.6415238380432129
0.4459659457206726,0.6777948141098022,0.6415201425552368
0.4374775290489197,0.7604106664657593,0.641516387462616
0.4463506042957306,0.6486250162124634,0.6415124535560608
0.40576034784317017,0.6767722964286804,0.6415087580680847
0.42896872758865356,0.6524538993835449,0.6415051221847534
0.4100629985332489,0.6127379536628723,0.6415013074874878
0.43195897340774536,0.6572191715240479,0.6414974927902222
0.4445088803768158,0.6021852493286133,0.6414937376976013
0.46053528785705566,0.6742085218429565,0.6414898037910461
0.43468791246414185,0.7088542580604553,0.6414861083030701
0.4520288109779358,0.6591065526008606,0.6414822936058044
0.43228039145469666,0.774329423904419,0.6414785981178284
0.42682957649230957,0.7256134152412415,0.6414747834205627
0.43212854862213135,0.7111393809318542,0.6414712071418762
0.4395543932914734,0.7479149699211121,0.6414676308631897
0.4540083408355713,0.7726927399635315,0.6414637565612793
0.4229116141796112,0.679304838180542,0.6414598822593689
0.4086422920227051,0.7059206962585449,0.6414560675621033
0.4513055384159088,0.7067888379096985,0.6414523720741272
0.4288257360458374,0.591064989566803,0.6414486169815063
0.44955161213874817,0.758584201335907,0.641444742679596
0.4292851388454437,0.7953102588653564,0.6414410471916199
0.43799588084220886,0.6644805073738098,0.6414372324943542
0.4207281470298767,0.6338695287704468,0.6414334177970886
0.4340406358242035,0.6360275745391846,0.6414294838905334
0.4552760422229767,0.6859465837478638,0.6414256691932678
0.3990781605243683,0.6502451300621033,0.6414217948913574
0.4169995188713074,0.7159705758094788,0.6414182186126709
0.47873029112815857,0.7273951768875122,0.6414144039154053
0.42297887802124023,0.6812735199928284,0.6414105296134949
0.43001267313957214,0.7203419208526611,0.6414068937301636
0.4515227973461151,0.7014057040214539,0.6414031386375427
0.43504470586776733,0.7234482765197754,0.6413995623588562
0.44386011362075806,0.7039127349853516,0.6413958668708801
0.4247242212295532,0.6670734882354736,0.6413920521736145
0.4341873228549957,0.7119489312171936,0.6413883566856384
0.44182395935058594,0.6386823654174805,0.6413846015930176
0.41637036204338074,0.6793413758277893,0.6413808465003967
0.4186916649341583,0.807502269744873,0.6413769125938416
0.40039682388305664,0.6714564561843872,0.6413731575012207
0.4201677143573761,0.6840769648551941,0.6413692831993103
0.47963210940361023,0.8422974348068237,0.6413657069206238
0.3969789743423462,0.7236723899841309,0.6413619518280029
0.43209484219551086,0.6905378699302673,0.6413581967353821
0.40853437781333923,0.6709861159324646,0.6413543820381165
0.4159996211528778,0.7205949425697327,0.6413507461547852
0.4269827902317047,0.7135576009750366,0.6413467526435852
0.43015390634536743,0.6553248167037964,0.6413431763648987
0.4333367943763733,0.6837606430053711,0.6413394808769226
0.43993282318115234,0.6765595078468323,0.6413356065750122
0.4303681552410126,0.722272515296936,0.6413319110870361
0.4533110558986664,0.6491629481315613,0.6413279175758362
0.4383460581302643,0.6636053919792175,0.6413243412971497
0.4701893627643585,0.7230635285377502,0.6413206458091736
0.442409485578537,0.640221357345581,0.6413169503211975
0.4243590533733368,0.8487116098403931,0.6413131356239319
0.45521995425224304,0.7549597024917603,0.6413092017173767
0.4258608818054199,0.735572099685669,0.6413055062294006
0.43208152055740356,0.7616655230522156,0.6413018107414246
0.4642622470855713,0.6475993394851685,0.6412980556488037
0.44988423585891724,0.7068201303482056,0.6412941813468933
0.42299962043762207,0.7202553153038025,0.6412906050682068
0.39972245693206787,0.70771324634552,0.6412869095802307
0.424729585647583,0.7413086891174316,0.6412832140922546
0.44173717498779297,0.7458382844924927,0.641279399394989
0.4101342558860779,0.7430291771888733,0.6412755846977234
0.43046584725379944,0.8119691014289856,0.6412716507911682
0.4065999984741211,0.6743448376655579,0.641267716884613
0.4289684593677521,0.7421239614486694,0.6412639617919922
0.4114325940608978,0.6779451966285706,0.6412600874900818
0.4242044687271118,0.7211708426475525,0.6412563323974609
0.4072510302066803,0.6970599293708801,0.6412524580955505
0.4193180203437805,0.6647071242332458,0.6412485837936401
0.4351615607738495,0.7182899713516235,0.6412448883056641
0.42920783162117004,0.6186827421188354,0.6412410736083984
0.41584402322769165,0.6922681331634521,0.6412373781204224
0.447353333234787,0.712626039981842,0.6412335634231567
0.43457549810409546,0.7128055095672607,0.6412296295166016
0.43541038036346436,0.7210919857025146,0.6412259340286255
0.460858017206192,0.6105926036834717,0.6412221193313599
0.40960589051246643,0.6664635539054871,0.641218364238739
0.41389694809913635,0.691106915473938,0.6412143707275391
0.4452444016933441,0.6412257552146912,0.641210675239563
0.4328634738922119,0.6045005321502686,0.6412069201469421
0.44210347533226013,0.7070984244346619,0.6412031650543213
0.41601914167404175,0.6841871738433838,0.6411994695663452
0.40272971987724304,0.6700347065925598,0.6411959528923035
0.4300025403499603,0.6477614641189575,0.6411922574043274
0.4302581250667572,0.6409884691238403,0.6411884427070618
0.4202892780303955,0.7252482175827026,0.6411845684051514
0.44458889961242676,0.6139863133430481,0.6411809325218201
0.400725781917572,0.6905264854431152,0.641177237033844
0.39626890420913696,0.6858606338500977,0.641173243522644
0.43149328231811523,0.6697172522544861,0.6411696076393127
0.4209965169429779,0.7746477723121643,0.6411657929420471
0.44074809551239014,0.6771068572998047,0.6411619782447815
0.4486122727394104,0.7080467343330383,0.6411583423614502
0.40775781869888306,0.7080749273300171,0.6411545276641846
0.4085279107093811,0.717094898223877,0.641150712966919
0.4502582848072052,0.6399499773979187,0.6411468386650085
0.450313538312912,0.6840417385101318,0.6411428451538086
0.4515388607978821,0.635852575302124,0.6411390900611877
0.42162108421325684,0.6723954081535339,0.6411354541778564
0.4581378400325775,0.7050223350524902,0.6411316394805908
0.42526620626449585,0.6552160978317261,0.6411280632019043
0.40803810954093933,0.7667132019996643,0.641124427318573
0.41121047735214233,0.6600462794303894,0.6411206126213074
0.41723185777664185,0.5923162698745728,0.6411166787147522
0.4398183822631836,0.6929189562797546,0.6411129236221313
0.41274917125701904,0.6275382041931152,0.6411092281341553
0.41193246841430664,0.7042060494422913,0.6411053538322449
0.42011329531669617,0.6986531615257263,0.6411017179489136
0.4220215082168579,0.6646329760551453,0.6410978436470032
0.42245179414749146,0.704854428768158,0.641094446182251
0.4401925802230835,0.6591889262199402,0.6410908102989197
0.41666826605796814,0.7284115552902222,0.6410872340202332
0.4281642735004425,0.6458859443664551,0.6410835385322571
0.4655575752258301,0.6002920866012573,0.6410799622535706
0.41398942470550537,0.6653550267219543,0.6410761475563049
0.43125540018081665,0.7854239344596863,0.6410724520683289
0.4408363997936249,0.6812654137611389,0.6410686373710632
0.4803675413131714,0.6919804811477661,0.6410648226737976
0.4153461158275604,0.682318389415741,0.6410609483718872
0.4100549817085266,0.6384503841400146,0.6410573720932007
0.42939281463623047,0.680566668510437,0.6410540342330933
0.413818359375,0.7223199605941772,0.6410502195358276
0.426392138004303,0.7416854500770569,0.6410465836524963
0.42522281408309937,0.6552286744117737,0.6410427689552307
0.40322938561439514,0.6147110462188721,0.6410390138626099
0.4149915277957916,0.7676533460617065,0.6410351991653442
0.4424387812614441,0.7021153569221497,0.6410313844680786
0.45275625586509705,0.7646951675415039,0.6410276293754578
0.45998409390449524,0.7020980715751648,0.6410236358642578
0.41690176725387573,0.6653052568435669,0.6410199403762817
0.4714767634868622,0.7153571844100952,0.6410163044929504
0.4570913314819336,0.6301144361495972,0.6410124897956848
0.43706396222114563,0.7875938415527344,0.6410086154937744
0.4433445930480957,0.8196606040000916,0.6410049200057983
0.4037158191204071,0.624244749546051,0.6410008668899536
0.42364946007728577,0.6811373233795166,0.6409971117973328
0.4039674401283264,0.6522140502929688,0.6409935355186462
0.45937395095825195,0.7119936943054199,0.6409897804260254
0.4419776499271393,0.6848066449165344,0.6409861445426941
0.47765037417411804,0.7208991646766663,0.640982449054718
0.41251140832901,0.6766862869262695,0.6409786939620972
0.4207226634025574,0.6619844436645508,0.6409751176834106
0.42868277430534363,0.6981607675552368,0.640971302986145
0.4079354405403137,0.6679773330688477,0.6409677267074585
0.438630074262619,0.6286985278129578,0.6409640312194824
0.4447311460971832,0.6925252079963684,0.6409606337547302
0.4347425401210785,0.7278237342834473,0.6409569978713989
0.4300976097583771,0.6266403198242188,0.6409533619880676
0.43256837129592896,0.7191374897956848,0.6409496665000916
0.41535255312919617,0.7011302709579468,0.6409459710121155
0.431501567363739,0.769605278968811,0.6409420967102051
0.42351192235946655,0.6683705449104309,0.6409383416175842
0.4355517625808716,0.7200153470039368,0.6409344673156738
0.4512731432914734,0.7583121657371521,0.6409308910369873
0.4209834039211273,0.6893630027770996,0.6409271359443665
0.4093051850795746,0.7298606634140015,0.6409234404563904
0.41716980934143066,0.7538462281227112,0.6409198045730591
0.42036089301109314,0.652660071849823,0.6409162282943726
0.4208036959171295,0.6734562516212463,0.6409125924110413
0.4712822437286377,0.6684311032295227,0.6409088373184204
0.40760529041290283,0.7223374843597412,0.64090496301651
0.41581490635871887,0.6118376851081848,0.6409009695053101
0.4409579038619995,0.8047021627426147,0.6408970952033997
0.43724721670150757,0.6809861660003662,0.6408933401107788
0.4424799680709839,0.7547127604484558,0.640889585018158
0.41827210783958435,0.7405827641487122,0.6408858299255371
0.4224151074886322,0.7254282832145691,0.640882134437561
0.4440372884273529,0.6526734828948975,0.6408784985542297
0.4223634898662567,0.6145812273025513,0.6408748626708984
0.45968273282051086,0.6250424981117249,0.6408711075782776
0.4313634932041168,0.6831088662147522,0.640867292881012
0.45521414279937744,0.7466309666633606,0.6408635377883911
0.45974183082580566,0.6402944922447205,0.6408596634864807
0.4335211217403412,0.7743070721626282,0.6408558487892151
0.4083781838417053,0.7673027515411377,0.6408522129058838
0.45944246649742126,0.6739526987075806,0.6408485174179077
0.425845742225647,0.692695677280426,0.6408448815345764
0.43199601769447327,0.7428004145622253,0.6408411860466003
0.42866405844688416,0.6124441623687744,0.6408376097679138
0.41501927375793457,0.7433657050132751,0.6408339142799377
0.4160590171813965,0.7697833180427551,0.6408302187919617
0.4689429700374603,0.7192272543907166,0.6408265829086304
0.44530677795410156,0.762471616268158,0.64082270860672
0.46511587500572205,0.7309892773628235,0.6408190727233887
0.4370471239089966,0.6977213621139526,0.6408154368400574
0.4342876672744751,0.7583639621734619,0.6408113837242126
0.4407082796096802,0.6183652281761169,0.6408078670501709
0.4193217158317566,0.6704229116439819,0.6408043503761292
0.4606054723262787,0.7536066770553589,0.6408006548881531
0.43342524766921997,0.6762410402297974,0.640796959400177
0.42541709542274475,0.7429317235946655,0.6407935619354248
0.42020413279533386,0.6734921932220459,0.6407898664474487
0.41502872109413147,0.5872923135757446,0.6407861709594727
0.41983333230018616,0.5943710207939148,0.640782356262207
0.43380117416381836,0.805902361869812,0.640778660774231
0.43063676357269287,0.7112830281257629,0.6407749652862549
0.42855796217918396,0.585763692855835,0.6407710909843445
0.4305369555950165,0.7123852372169495,0.6407673954963684
0.44340893626213074,0.7766932845115662,0.6407637596130371
0.428605854511261,0.652245044708252,0.6407599449157715
0.41829803586006165,0.6008632183074951,0.6407564878463745
0.4357357919216156,0.6592792868614197,0.6407529711723328
0.4528658092021942,0.6259093284606934,0.640749454498291
0.4368414878845215,0.7311792373657227,0.6407456994056702
0.443152517080307,0.7397794723510742,0.6407421231269836
0.41264134645462036,0.684630274772644,0.6407384276390076
0.40707236528396606,0.7847481966018677,0.6407346725463867
0.43834564089775085,0.683297872543335,0.6407307982444763
0.43076497316360474,0.7570393085479736,0.640727162361145
0.4644569456577301,0.6802777647972107,0.6407235264778137
0.4099329710006714,0.6978943347930908,0.6407198309898376
0.4293353259563446,0.6754856705665588,0.6407161355018616
0.42472463846206665,0.6871309280395508,0.640712320804596
0.4258914291858673,0.66866534948349,0.6407087445259094
0.44000017642974854,0.7014996409416199,0.6407050490379333
0.43096843361854553,0.7285221815109253,0.6407014727592468
0.42656636238098145,0.6534851789474487,0.640697717666626
0.39720502495765686,0.6598644256591797,0.6406941413879395
0.42861613631248474,0.6674017310142517,0.6406904458999634
0.4426446557044983,0.6920859217643738,0.6406868100166321
0.4609667658805847,0.607355535030365,0.6406831741333008
0.4589451253414154,0.7429614067077637,0.6406794190406799
0.4269174337387085,0.6571465134620667,0.6406759023666382
0.44516006112098694,0.79207444190979,0.6406721472740173
0.45667287707328796,0.7688493132591248,0.640668511390686
0.4287758469581604,0.6875565052032471,0.6406648755073547
0.4433589279651642,0.7478303909301758,0.6406610012054443
0.39229467511177063,0.6922657489776611,0.6406576037406921
0.43556836247444153,0.7434147596359253,0.6406539082527161
0.44548243284225464,0.7072166204452515,0.64065021276474
0.4206073582172394,0.6876672506332397,0.6406465172767639
0.409714013338089,0.7362753748893738,0.6406427025794983
0.4281359016895294,0.7709146738052368,0.6406391263008118
0.4303680956363678,0.6512660980224609,0.6406354904174805
0.4329400658607483,0.6738332509994507,0.640631914138794
0.42169806361198425,0.7645348310470581,0.640628457069397
0.43322840332984924,0.6334338188171387,0.6406247019767761
0.42882803082466125,0.7145581245422363,0.6406210660934448
0.4245666563510895,0.6521720886230469,0.6406171917915344
0.43049877882003784,0.8525366187095642,0.640613853931427
0.445590078830719,0.7941537499427795,0.6406100392341614
0.4288520812988281,0.708859384059906,0.6406062841415405
0.44675546884536743,0.77817302942276,0.6406025886535645
0.43298056721687317,0.6770655512809753,0.6405988335609436
0.4236583709716797,0.7124568819999695,0.6405953168869019
0.4078001379966736,0.69426429271698,0.640591561794281
0.4057188928127289,0.6801076531410217,0.6405880451202393
0.4389255940914154,0.6731072068214417,0.6405845284461975
0.43794092535972595,0.6227512359619141,0.6405807733535767
0.43743354082107544,0.7690355181694031,0.6405771970748901
0.42530032992362976,0.7959873080253601,0.6405734419822693
0.4157852232456207,0.6803416013717651,0.6405698657035828
0.42903774976730347,0.6485080122947693,0.6405661106109619
0.46488434076309204,0.6591448187828064,0.6405624151229858
0.4826441705226898,0.6550729870796204,0.6405588388442993
0.435886025428772,0.6692715883255005,0.6405551433563232
0.4092174172401428,0.633417546749115,0.6405513882637024
0.4269863963127136,0.6591184139251709,0.6405476331710815
0.4216373860836029,0.6523258686065674,0.6405438780784607
0.42082247138023376,0.6241720914840698,0.6405403017997742
0.4291902184486389,0.7324045300483704,0.6405366659164429
0.40318435430526733,0.6869702935218811,0.640532910823822
0.44997331500053406,0.593641996383667,0.640529215335846
0.43310675024986267,0.6939902305603027,0.6405255794525146
0.4289856553077698,0.7515602707862854,0.6405219435691833
0.4251779615879059,0.6111829876899719,0.6405182480812073
0.48202750086784363,0.7976162433624268,0.6405146718025208
0.4238484799861908,0.6117770671844482,0.6405109763145447
0.3919513523578644,0.6722193956375122,0.640507161617279
0.4418051242828369,0.5451512336730957,0.640503466129303
0.44350430369377136,0.6774891018867493,0.6404997706413269
0.4558696150779724,0.7343814373016357,0.6404960751533508
0.4108390510082245,0.7001939415931702,0.6404923796653748
0.44479838013648987,0.7138054966926575,0.6404885649681091
0.435124009847641,0.691821813583374,0.6404849290847778
0.43251848220825195,0.6623722910881042,0.6404812335968018
0.42197152972221375,0.6999548077583313,0.6404774188995361
0.444717675447464,0.6083285808563232,0.6404738426208496
0.45957887172698975,0.6845991611480713,0.6404702663421631
0.43286794424057007,0.7283343076705933,0.6404665112495422
0.45420125126838684,0.6574364900588989,0.6404628753662109
0.40937870740890503,0.6351049542427063,0.640459418296814
0.4398352801799774,0.7333205938339233,0.6404558420181274
0.44851458072662354,0.6784151196479797,0.6404520869255066
0.4365421533584595,0.7459145784378052,0.6404483914375305
0.42134949564933777,0.6741700172424316,0.6404445767402649
0.4389883577823639,0.7569140791893005,0.6404408812522888
0.4440205991268158,0.6065651178359985,0.6404371857643127
0.43831077218055725,0.6322510838508606,0.6404336094856262
0.38733819127082825,0.6717707514762878,0.6404300332069397
0.4376819431781769,0.7639147639274597,0.6404263973236084
0.4285765588283539,0.7575981616973877,0.6404227018356323
0.4165821373462677,0.6908941864967346,0.6404191851615906
0.4459998309612274,0.737991452217102,0.6404152512550354
0.43048107624053955,0.6979321241378784,0.6404114961624146
0.4165217876434326,0.7537356615066528,0.6404077410697937
0.40032505989074707,0.6736196875572205,0.6404039263725281
0.4222807288169861,0.7070660591125488,0.6404002904891968
0.42528071999549866,0.675118088722229,0.6403966546058655
0.43431803584098816,0.6832633018493652,0.6403928995132446
0.42796921730041504,0.5808215737342834,0.6403893232345581
0.4165515601634979,0.5976054668426514,0.6403857469558716
0.3964789807796478,0.7593594193458557,0.6403821110725403
0.4143284261226654,0.7148507833480835,0.6403784155845642
0.43851029872894287,0.7079544067382812,0.6403747797012329
0.40653300285339355,0.6932163238525391,0.6403710246086121
0.41026070713996887,0.7007400989532471,0.6403671503067017
0.4427519738674164,0.8398233652114868,0.6403633952140808
0.4514387249946594,0.687437891960144,0.6403596997261047
0.4196867346763611,0.6599622368812561,0.6403560042381287
0.41480904817581177,0.8124390244483948,0.6403523683547974
0.4467518627643585,0.6799100041389465,0.6403484344482422
0.43866607546806335,0.6265400648117065,0.6403449177742004
0.4096123278141022,0.6905077695846558,0.64034104347229
0.4280802011489868,0.8337045311927795,0.6403374075889587
0.4195687174797058,0.6989681720733643,0.6403337121009827
0.41749081015586853,0.6057334542274475,0.6403300762176514
0.40354782342910767,0.6996123194694519,0.6403262615203857
0.4425114095211029,0.7202522158622742,0.6403225660324097
0.4422745406627655,0.6951184868812561,0.6403188705444336
0.45096448063850403,0.6303467750549316,0.640315055847168
0.4312068223953247,0.6308364272117615,0.6403114795684814
0.4347896873950958,0.6587092280387878,0.6403078436851501
0.40466421842575073,0.6437932252883911,0.6403041481971741
0.3880648910999298,0.6597719788551331,0.6403005719184875
0.41706326603889465,0.7252808213233948,0.6402968168258667
0.43543609976768494,0.7040164470672607,0.6402931213378906
0.42958223819732666,0.6077558398246765,0.6402893662452698
0.4265013337135315,0.7547959089279175,0.6402854919433594
0.4288656711578369,0.8494251370429993,0.6402819156646729
0.4176226854324341,0.6289846301078796,0.640278160572052
0.45652544498443604,0.7164374589920044,0.6402744650840759
0.4458252191543579,0.7635661959648132,0.6402705907821655
0.4415798485279083,0.6382672190666199,0.6402668356895447
0.465170294046402,0.6660810708999634,0.6402632594108582
0.4499633014202118,0.6602545380592346,0.6402595639228821
0.44671162962913513,0.6779819130897522,0.6402558088302612
0.43911877274513245,0.6361403465270996,0.6402520537376404
0.42869654297828674,0.6632603406906128,0.6402482986450195
0.46967118978500366,0.6936295628547668,0.6402444243431091
0.4361528158187866,0.7085700631141663,0.6402407884597778
0.43056175112724304,0.7126289010047913,0.6402370929718018
0.4360772669315338,0.7321067452430725,0.6402333974838257
0.4172448217868805,0.7349923849105835,0.6402300596237183
0.4233480393886566,0.6292428970336914,0.6402264833450317
0.4388079047203064,0.6993062496185303,0.64022296667099
0.44288137555122375,0.7021242380142212,0.6402193307876587
0.4484172761440277,0.6279704570770264,0.6402155756950378
0.4327234923839569,0.6442669630050659,0.6402120590209961
0.43497687578201294,0.6828209757804871,0.64020836353302
0.40801921486854553,0.7432253956794739,0.6402047276496887
0.4590871334075928,0.6482857465744019,0.6402008533477783
0.41799378395080566,0.6489033699035645,0.6401969194412231
0.4485114514827728,0.6840493083000183,0.6401931643486023
0.4130837619304657,0.6222886443138123,0.6401894688606262
0.4075256586074829,0.7339804172515869,0.6401857733726501
0.4544222056865692,0.6455402374267578,0.6401821970939636
0.4314801096916199,0.6865482330322266,0.6401785016059875
0.4541880786418915,0.7214562892913818,0.6401747465133667
0.44839411973953247,0.5787298083305359,0.6401711702346802
0.4348450303077698,0.6712876558303833,0.6401675343513489
0.4359835982322693,0.6409040689468384,0.6401639580726624
0.396972119808197,0.7313260436058044,0.6401601433753967
0.4392847716808319,0.7876600027084351,0.6401565670967102
0.4286608397960663,0.6836776733398438,0.6401525735855103
0.4096275568008423,0.6572524905204773,0.6401490569114685
0.3958195447921753,0.7057225704193115,0.6401453018188477
0.4197249412536621,0.575219452381134,0.6401416659355164
0.4355718195438385,0.6790863275527954,0.6401378512382507
0.426251083612442,0.7273732423782349,0.640134334564209
0.4239310324192047,0.6439669132232666,0.6401306986808777
0.42340901494026184,0.7391555309295654,0.6401270627975464
0.44696006178855896,0.8125941157341003,0.6401235461235046
0.4364277124404907,0.7153927087783813,0.6401198506355286
0.4539775252342224,0.7082149386405945,0.6401160955429077
0.4528783857822418,0.6517590284347534,0.6401127576828003
0.4681412875652313,0.5546323657035828,0.6401088833808899
0.43756115436553955,0.6927758455276489,0.6401053071022034
0.45678645372390747,0.7008951306343079,0.6401017904281616
0.42954692244529724,0.6477670073509216,0.640097975730896
0.436886191368103,0.7735339403152466,0.6400943994522095
0.4149792492389679,0.7531417608261108,0.6400907039642334
0.4038662612438202,0.6377073526382446,0.6400873064994812
0.42143455147743225,0.6697405576705933,0.640083372592926
0.4773118793964386,0.7024044990539551,0.6400798559188843
0.4033125042915344,0.6818514466285706,0.6400761604309082
0.4324664771556854,0.6380127668380737,0.6400724053382874
0.4093545973300934,0.7882366180419922,0.6400685906410217
0.4057597219944,0.6513151526451111,0.6400647759437561
0.4638035297393799,0.6622669696807861,0.6400609612464905
0.4127531349658966,0.6576439738273621,0.6400573253631592
0.4182418882846832,0.6961228847503662,0.6400537490844727
0.4190541207790375,0.5914915204048157,0.6400501132011414
0.48231324553489685,0.6445477604866028,0.640046238899231
0.4531968832015991,0.6308333873748779,0.6400425434112549
0.43865966796875,0.7134184837341309,0.6400387287139893
0.42902085185050964,0.6400864124298096,0.6400350332260132
0.43768036365509033,0.7686899900436401,0.6400313377380371
0.4404797852039337,0.6614104509353638,0.6400275230407715
0.4054166376590729,0.7610548138618469,0.6400237083435059
0.43750011920928955,0.671224057674408,0.6400198936462402
0.402381956577301,0.668289303779602,0.6400161981582642
0.43335822224617004,0.7161775231361389,0.6400123834609985
0.4210282564163208,0.6970077753067017,0.6400086879730225
0.4288589656352997,0.6335808038711548,0.6400052309036255
0.4203835427761078,0.6455309391021729,0.6400015950202942
0.42207005620002747,0.7880479693412781,0.6399978399276733
0.4319496750831604,0.5793249607086182,0.6399941444396973
0.4513022005558014,0.7466651797294617,0.639990508556366
0.42677053809165955,0.6596193313598633,0.639986515045166
0.3871363401412964,0.6224267482757568,0.6399825811386108
0.41045480966567993,0.6667440533638,0.6399790048599243
0.42792654037475586,0.7553682327270508,0.6399751901626587
0.42511510848999023,0.6759807467460632,0.6399713754653931
0.43893977999687195,0.7479995489120483,0.6399676203727722
0.4446597993373871,0.7294671535491943,0.6399639248847961
0.4267002046108246,0.700855553150177,0.6399603486061096
0.39412692189216614,0.6788945198059082,0.6399567127227783
0.44684094190597534,0.6378222703933716,0.6399529576301575
0.4514469504356384,0.6064443588256836,0.6399492025375366
0.45842602849006653,0.64029860496521,0.6399454474449158
0.44326382875442505,0.6954234838485718,0.6399418115615845
0.3792829215526581,0.6971398591995239,0.6399380564689636
0.4175637364387512,0.7358883619308472,0.639934241771698
0.42035147547721863,0.763698935508728,0.6399306654930115
0.40484967827796936,0.675854504108429,0.6399267911911011
0.41923728585243225,0.7392663359642029,0.6399232745170593
0.4140167534351349,0.683245837688446,0.6399195790290833
0.4391639232635498,0.7070399522781372,0.639915943145752
0.39920318126678467,0.7000183463096619,0.6399123072624207
0.4292358458042145,0.6665356755256653,0.6399085521697998
0.4630122482776642,0.6757147312164307,0.6399049758911133
0.4463307857513428,0.6074380874633789,0.639901340007782
0.4341144859790802,0.7010126113891602,0.6398975849151611
0.4052429497241974,0.6982515454292297,0.6398940682411194
0.4572312533855438,0.6688096523284912,0.6398903131484985
0.4155709445476532,0.6965405344963074,0.6398867964744568
0.4346812665462494,0.7695726752281189,0.6398829817771912
0.4080154001712799,0.7159128189086914,0.6398793458938599
0.4478210508823395,0.6850151419639587,0.6398757100105286
0.42840367555618286,0.7206287384033203,0.6398718953132629
0.4463675022125244,0.7069939970970154,0.6398681402206421
0.4066213071346283,0.8075603246688843,0.6398646235466003
0.4287846088409424,0.6498692631721497,0.6398609280586243
0.4161393642425537,0.7388491630554199,0.6398571729660034
0.4117749035358429,0.6689164638519287,0.6398535370826721
0.40434545278549194,0.6665691137313843,0.6398499608039856
0.40311604738235474,0.6977578401565552,0.6398463845252991
0.44666698575019836,0.7226415276527405,0.6398425102233887
0.4231410324573517,0.7477753758430481,0.639838695526123
0.4217003583908081,0.7886626124382019,0.639835000038147
0.4072580337524414,0.6551305055618286,0.6398312449455261
0.4326978623867035,0.6641495227813721,0.63982754945755
0.4496755599975586,0.6797598600387573,0.6398239135742188
0.44577112793922424,0.6883358359336853,0.6398200988769531
0.4195442497730255,0.7822343707084656,0.6398164629936218
0.4292975068092346,0.6936705708503723,0.6398127675056458
0.40915390849113464,0.6008243560791016,0.6398090124130249
0.4079216718673706,0.6184464693069458,0.6398053169250488
0.4524511694908142,0.7547454833984375,0.6398014426231384
0.46246838569641113,0.6662596464157104,0.6397979259490967
0.415676087141037,0.6285883784294128,0.639794111251831
0.42197221517562866,0.6706286668777466,0.6397901773452759
0.4060194790363312,0.7635849714279175,0.6397864818572998
0.41697022318840027,0.7290650010108948,0.6397828459739685
0.4391358494758606,0.7117717862129211,0.6397790908813477
0.4273186922073364,0.6786351799964905,0.6397754549980164
0.4399254322052002,0.7250319123268127,0.6397718787193298
0.4590405523777008,0.6656383872032166,0.6397681832313538
0.4749886095523834,0.7354934811592102,0.6397643685340881
0.4473203718662262,0.659675121307373,0.6397607326507568
0.4297838509082794,0.6421436071395874,0.6397567987442017
0.3937835395336151,0.7465417385101318,0.6397532224655151
0.3933732211589813,0.669058084487915,0.6397495865821838
0.4753998816013336,0.6446024179458618,0.6397459506988525
0.4229196608066559,0.669197142124176,0.6397423148155212
0.44050416350364685,0.6954828500747681,0.6397385597229004
0.41395920515060425,0.6511274576187134,0.6397349238395691
0.4218862056732178,0.6022729873657227,0.6397314667701721
0.4235662817955017,0.6956833600997925,0.6397275924682617
0.403831422328949,0.755381166934967,0.6397238969802856
0.4379984736442566,0.7290785908699036,0.6397202610969543
0.4097171127796173,0.6997818350791931,0.639716386795044
0.43008312582969666,0.6792486310005188,0.6397126913070679
0.39999353885650635,0.6013492345809937,0.639708936214447
0.43016675114631653,0.7157703638076782,0.6397053003311157
0.4379299581050873,0.7886057496070862,0.6397016644477844
0.42417073249816895,0.6515296101570129,0.6396981477737427
0.4220111072063446,0.6718790531158447,0.6396942734718323
0.44495266675949097,0.7292853593826294,0.6396906971931458
0.4429837167263031,0.7541277408599854,0.6396871209144592
0.44574788212776184,0.675220251083374,0.6396834254264832
0.46850287914276123,0.7004735469818115,0.6396796107292175
0.4251115322113037,0.7447519898414612,0.6396759748458862
0.4356251657009125,0.6804333925247192,0.6396721601486206
0.4144604206085205,0.7229541540145874,0.6396684050559998
0.4412049353122711,0.7649434208869934,0.6396645903587341
0.42476457357406616,0.7216602563858032,0.6396608352661133
0.4119887351989746,0.725394070148468,0.6396572589874268
0.4274238646030426,0.6588624119758606,0.6396535038948059
0.4340108335018158,0.7092706561088562,0.6396500468254089
0.433909147977829,0.7395594120025635,0.6396464705467224
0.43914979696273804,0.6907886266708374,0.6396430134773254
0.40291664004325867,0.602695643901825,0.6396391987800598
0.4230215847492218,0.688298225402832,0.6396357417106628
0.42763620615005493,0.6465552449226379,0.6396320462226868
0.4379279315471649,0.7432562112808228,0.6396281719207764
0.4051201045513153,0.6892310380935669,0.6396245956420898
0.4185212552547455,0.6536285877227783,0.639620840549469
0.42672374844551086,0.7179571390151978,0.6396171450614929
0.44855186343193054,0.7815514206886292,0.6396135091781616
0.4716128706932068,0.6748101711273193,0.6396098136901855
0.4594937264919281,0.6785467267036438,0.639606237411499
0.41380584239959717,0.650554895401001,0.6396026015281677
0.512614369392395,0.6587628126144409,0.6395990252494812
0.43294256925582886,0.6509542465209961,0.6395952701568604
0.431418776512146,0.6379255056381226,0.6395918726921082
0.4132027328014374,0.6196191906929016,0.6395879983901978
0.4301533102989197,0.6324711441993713,0.6395841836929321
0.43266764283180237,0.6456642150878906,0.6395806074142456
0.4652736485004425,0.743445634841919,0.6395767331123352
0.45393648743629456,0.7753105759620667,0.6395732164382935
0.4444127380847931,0.7213845252990723,0.6395695805549622
0.4365048408508301,0.7233055233955383,0.6395659446716309
0.42399168014526367,0.7043114900588989,0.6395624279975891
0.425051748752594,0.6123217940330505,0.6395588517189026
0.4250566065311432,0.6412324905395508,0.6395553946495056
0.44727590680122375,0.6308265924453735,0.6395516991615295
0.4381048083305359,0.7617305517196655,0.6395478844642639
0.42077651619911194,0.6665473580360413,0.6395444273948669
0.43679922819137573,0.668951153755188,0.6395407319068909
0.45171770453453064,0.7274909615516663,0.6395370960235596
0.4606984555721283,0.7136246562004089,0.6395335793495178
0.4219552278518677,0.687836766242981,0.6395299434661865
0.3788534700870514,0.7088938355445862,0.6395264267921448
0.4517592489719391,0.719700813293457,0.639522910118103
0.44999009370803833,0.7776298522949219,0.6395193934440613
0.46745434403419495,0.6944262981414795,0.6395156383514404
0.4007716476917267,0.6004610657691956,0.6395119428634644
0.4161672592163086,0.717285692691803,0.6395081281661987
0.46317845582962036,0.6721468567848206,0.6395044922828674
0.41848140954971313,0.7395261526107788,0.6395006775856018
0.43676260113716125,0.6428934931755066,0.6394971013069153
0.4583760201931,0.7372681498527527,0.639493465423584
0.43268948793411255,0.636438250541687,0.6394897699356079
0.4371221959590912,0.7288829684257507,0.6394861936569214
0.4091387689113617,0.7298645973205566,0.6394824981689453
0.42141178250312805,0.698883056640625,0.639478862285614
0.4160556495189667,0.6168469786643982,0.6394753456115723
0.4308689534664154,0.7153239846229553,0.6394717693328857
0.43258780241012573,0.6774188876152039,0.639468252658844
0.44511741399765015,0.7403175234794617,0.6394644975662231
0.4345419406890869,0.7672410607337952,0.6394607424736023
0.42909368872642517,0.7320813536643982,0.6394571661949158
0.4331043064594269,0.7060657143592834,0.6394534111022949
0.4141464829444885,0.6714070439338684,0.6394498348236084
0.42217910289764404,0.6981346011161804,0.6394462585449219
0.4289287328720093,0.6951559782028198,0.6394426226615906
0.4441137909889221,0.6654390096664429,0.639439046382904
0.40022504329681396,0.6688074469566345,0.6394352912902832
0.41806134581565857,0.637269139289856,0.6394317150115967
0.4256157875061035,0.6282533407211304,0.6394280791282654
0.454155296087265,0.661359429359436,0.6394243836402893
0.45829668641090393,0.6677672266960144,0.6394208073616028
0.4519928991794586,0.6239278316497803,0.6394170522689819
0.4434976875782013,0.6633073091506958,0.6394133567810059
0.4513497054576874,0.8235732316970825,0.6394097208976746
0.4482423961162567,0.6669167876243591,0.6394060850143433
0.4457584619522095,0.756688117980957,0.6394023299217224
0.44581860303878784,0.6726587414741516,0.6393986940383911
0.4286216199398041,0.7941938638687134,0.6393951773643494
0.45783960819244385,0.5940539240837097,0.6393913626670837
0.42405688762664795,0.7313390970230103,0.6393877863883972
0.4260685443878174,0.6397768259048462,0.6393842101097107
0.41386011242866516,0.6927251219749451,0.6393805146217346
0.45800620317459106,0.682689905166626,0.6393768787384033
0.42097198963165283,0.6746586561203003,0.6393731832504272
0.4421914219856262,0.7499014139175415,0.6393694877624512
0.42257222533226013,0.7860243916511536,0.6393660306930542
0.44027844071388245,0.6431681513786316,0.6393622159957886
0.41114142537117004,0.6742614507675171,0.6393588781356812
0.4209025204181671,0.8027988076210022,0.6393551230430603
0.44041988253593445,0.7595570087432861,0.639351487159729
0.44679689407348633,0.5955265164375305,0.6393480896949768
0.4321196675300598,0.6870386004447937,0.6393443942070007
0.4376956820487976,0.7248871922492981,0.6393407583236694
0.4363496005535126,0.6487036347389221,0.6393371820449829
0.4197138547897339,0.6586186289787292,0.6393336057662964
0.4609254002571106,0.6845517158508301,0.6393300890922546
0.44221633672714233,0.7603830695152283,0.6393263339996338
0.4845360815525055,0.745229959487915,0.6393226981163025
0.43547770380973816,0.7467219233512878,0.6393189430236816
0.4355139136314392,0.631689190864563,0.6393153071403503
0.43404608964920044,0.7473671436309814,0.639311671257019
0.44217824935913086,0.6397382020950317,0.6393081545829773
0.46467000246047974,0.6235536336898804,0.6393043994903564
0.4450147747993469,0.6663353443145752,0.6393008828163147
0.41991689801216125,0.7601696252822876,0.6392971277236938
0.42426949739456177,0.7475162744522095,0.6392932534217834
0.4324362277984619,0.7420334815979004,0.6392895579338074
0.4268583357334137,0.6997289061546326,0.6392857432365417
0.4143683612346649,0.6475203633308411,0.6392821669578552
0.44574180245399475,0.7225683331489563,0.6392784714698792
0.4085583984851837,0.7008989453315735,0.6392749547958374
0.41400766372680664,0.721035361289978,0.6392714381217957
0.3946355879306793,0.7022715210914612,0.6392679214477539
0.43146979808807373,0.7745891809463501,0.6392643451690674
0.4247813820838928,0.6222126483917236,0.6392605900764465
0.43177464604377747,0.6746771931648254,0.6392569541931152
0.4316953718662262,0.6872742772102356,0.6392532587051392
0.44996634125709534,0.7568300366401672,0.6392496824264526
0.43996724486351013,0.6991565823554993,0.639245867729187
0.421247661113739,0.7943580746650696,0.6392423510551453
0.4462262988090515,0.7383434772491455,0.6392386555671692
0.41569656133651733,0.6799471974372864,0.6392351388931274
0.4286883771419525,0.590271532535553,0.6392315626144409
0.4078463315963745,0.6711113452911377,0.6392278671264648
0.43769437074661255,0.6682754158973694,0.6392242908477783
0.4164730906486511,0.6862773895263672,0.6392207145690918
0.4303898811340332,0.649194061756134,0.6392170190811157
0.4218898415565491,0.6389719843864441,0.6392131447792053
0.448893278837204,0.6616584658622742,0.6392097473144531
0.4381718039512634,0.773752748966217,0.639206051826477
0.42205509543418884,0.7444229125976562,0.6392025351524353
0.4458700716495514,0.681154191493988,0.6391989588737488
0.40844014286994934,0.6355690956115723,0.6391952633857727
0.46620723605155945,0.6663696765899658,0.6391916871070862
0.4303399622440338,0.6439693570137024,0.6391882300376892
0.459186315536499,0.7456501126289368,0.6391846537590027
0.4473176598548889,0.6677091121673584,0.6391807794570923
0.4470025599002838,0.6853905916213989,0.6391772627830505
0.43333467841148376,0.7034049034118652,0.6391732692718506
0.4293924570083618,0.6939617991447449,0.6391695737838745
0.4091295301914215,0.7300471663475037,0.6391658782958984
0.45544373989105225,0.7731170654296875,0.6391621232032776
0.4388640522956848,0.7483943104743958,0.6391585469245911
0.39681100845336914,0.6918529272079468,0.6391547918319702
0.42545056343078613,0.674953818321228,0.6391513347625732
0.4143849313259125,0.7745158076286316,0.6391475796699524
0.469129741191864,0.6644072532653809,0.6391440033912659
0.4385244846343994,0.6321893334388733,0.6391403079032898
0.4909866452217102,0.6347109079360962,0.6391366720199585
0.4429534077644348,0.5624769330024719,0.6391328573226929
0.42180922627449036,0.6704174876213074,0.6391293406486511
0.44005200266838074,0.6960025429725647,0.639125645160675
0.42688924074172974,0.7278696298599243,0.6391220092773438
0.4025516211986542,0.694060206413269,0.6391183137893677
0.43781226873397827,0.6128605604171753,0.6391146779060364
0.4274543225765228,0.7106835246086121,0.6391111016273499
0.46829596161842346,0.7085679769515991,0.6391075253486633
0.4143247604370117,0.7545733451843262,0.639103889465332
0.44552192091941833,0.7231600284576416,0.6391002535820007
0.4311502277851105,0.7093062996864319,0.6390966773033142
0.4208982586860657,0.6649211049079895,0.6390928626060486
0.4087769091129303,0.7864002585411072,0.6390892863273621
0.43180757761001587,0.6608483791351318,0.6390856504440308
0.42259401082992554,0.6960389614105225,0.6390818357467651
0.39732518792152405,0.7056736946105957,0.6390781998634338
0.386481374502182,0.6845631003379822,0.6390745043754578
0.46960359811782837,0.6701834201812744,0.6390708684921265
0.4183553159236908,0.773351788520813,0.6390672326087952
0.4039365351200104,0.7505852580070496,0.6390635967254639
0.40780162811279297,0.7010950446128845,0.639059841632843
0.40787360072135925,0.6693751811981201,0.6390560865402222
0.4237295687198639,0.6866739988327026,0.6390523910522461
0.44861868023872375,0.790191113948822,0.6390487551689148
0.4511880576610565,0.6768649816513062,0.6390451192855835
0.43690094351768494,0.65567946434021,0.639041543006897
0.4201071262359619,0.6958644390106201,0.6390379667282104
0.4146583080291748,0.697714626789093,0.6390344500541687
0.45669689774513245,0.6737892031669617,0.6390307545661926
0.44143587350845337,0.6660100817680359,0.6390269994735718
0.44412487745285034,0.6791021823883057,0.6390234231948853
0.4093281626701355,0.6615920662879944,0.639019787311554
0.4141515791416168,0.5631975531578064,0.6390161514282227
0.41817575693130493,0.7519477009773254,0.6390125155448914
0.44124817848205566,0.6522469520568848,0.6390091776847839
0.4388914108276367,0.6882253289222717,0.6390053629875183
0.41405749320983887,0.6950114965438843,0.6390018463134766
0.43915367126464844,0.7195676565170288,0.6389981508255005
0.42462727427482605,0.7842602133750916,0.6389945149421692
0.42126449942588806,0.6303513646125793,0.6389907598495483
0.45232096314430237,0.6218258142471313,0.6389869451522827
0.4526866674423218,0.5958572030067444,0.6389833092689514
0.42580851912498474,0.6903911828994751,0.6389797925949097
0.43105414509773254,0.7591636180877686,0.6389760971069336
0.43143850564956665,0.7030490636825562,0.6389723420143127
0.39958563446998596,0.7528265714645386,0.6389687657356262
0.44828248023986816,0.6362725496292114,0.6389649510383606
0.4334741234779358,0.7713640332221985,0.6389612555503845
0.43635499477386475,0.5835727453231812,0.6389577984809875
0.4435722529888153,0.6701361536979675,0.6389540433883667
0.4102725684642792,0.7510325312614441,0.6389504671096802
0.47308045625686646,0.5843086242675781,0.6389468312263489
0.41099923849105835,0.6553986668586731,0.6389433145523071
0.4431644678115845,0.7555482983589172,0.6389396786689758
0.4058707356452942,0.6772558689117432,0.6389360427856445
0.41538184881210327,0.7860655188560486,0.6389324069023132
0.4224434494972229,0.6529293656349182,0.6389287114143372
0.4359663128852844,0.6312189102172852,0.6389250159263611
0.3980761170387268,0.7227711081504822,0.6389212012290955
0.4442891478538513,0.7393270134925842,0.6389173865318298
0.4251237213611603,0.7310221791267395,0.6389136910438538
0.44012686610221863,0.6814146637916565,0.638910174369812
0.39946553111076355,0.6138279438018799,0.6389063596725464
0.41987890005111694,0.6067965030670166,0.6389026641845703
0.45196646451950073,0.5922937393188477,0.6388987898826599
0.4263353943824768,0.7457990050315857,0.6388951539993286
0.43336498737335205,0.6809523701667786,0.6388915777206421
0.4493623375892639,0.6789835095405579,0.6388879418373108
0.4427564740180969,0.6614603400230408,0.6388840675354004
0.4230797290802002,0.6676474809646606,0.6388804912567139
0.4393247663974762,0.6486746668815613,0.6388766169548035
0.4427621066570282,0.679738461971283,0.6388729214668274
0.4548667073249817,0.6379228830337524,0.6388691067695618
0.45300543308258057,0.7196532487869263,0.63886559009552
0.4178485572338104,0.6916939616203308,0.6388618350028992
0.4259968400001526,0.6414546966552734,0.6388581991195679
0.42268723249435425,0.7020574808120728,0.6388546824455261
0.41843557357788086,0.7166900038719177,0.6388511061668396
0.4254031181335449,0.6579464077949524,0.6388475894927979
0.41423356533050537,0.6146481037139893,0.6388440132141113
0.4149200916290283,0.6468117833137512,0.63884037733078
0.4348134398460388,0.6220778226852417,0.6388368010520935
0.4315507113933563,0.6848235130310059,0.6388329863548279
0.4444786608219147,0.741657018661499,0.6388293504714966
0.40732207894325256,0.6238141059875488,0.6388257741928101
0.43645381927490234,0.752743124961853,0.638822078704834
0.4234665036201477,0.6588172316551208,0.6388185024261475
0.42602184414863586,0.7299051284790039,0.6388149857521057
0.42501503229141235,0.7017142176628113,0.6388115882873535
0.41580766439437866,0.6198517680168152,0.638808012008667
0.43694597482681274,0.690280556678772,0.6388042569160461
0.4305441379547119,0.6005093455314636,0.6388006210327148
0.4270627498626709,0.6323779225349426,0.6387971639633179
0.4387626349925995,0.6453964710235596,0.6387935876846313
0.4419342279434204,0.6481629610061646,0.6387897729873657
0.40957990288734436,0.6960508227348328,0.6387861967086792
0.4281480610370636,0.6341382265090942,0.6387825608253479
0.4438331723213196,0.676633894443512,0.6387788653373718
0.382396936416626,0.6431568264961243,0.638775110244751
0.4060419201850891,0.6641542315483093,0.6387715339660645
0.42538920044898987,0.7418023943901062,0.6387679576873779
0.4420250654220581,0.8081145882606506,0.6387643814086914
0.4210664629936218,0.6004773378372192,0.6387608647346497
0.44884195923805237,0.6370934844017029,0.6387569308280945
0.43116456270217896,0.655213475227356,0.6387535929679871
0.4334859251976013,0.7049193978309631,0.6387498378753662
0.4082951843738556,0.6801055669784546,0.6387462019920349
0.4230665862560272,0.7180246114730835,0.6387428045272827
0.4520299434661865,0.711881697177887,0.6387389898300171
0.41424235701560974,0.7786549925804138,0.6387354135513306
0.4402539134025574,0.7240420579910278,0.6387320160865784
0.40205225348472595,0.7868209481239319,0.6387283802032471
0.43987345695495605,0.7758220434188843,0.6387246251106262
0.43307363986968994,0.6528065800666809,0.6387208700180054
0.45564931631088257,0.6635590195655823,0.6387172937393188
0.42370060086250305,0.708002507686615,0.6387135982513428
0.4513232111930847,0.7664608955383301,0.6387099623680115
0.4543995261192322,0.6314156651496887,0.638706386089325
0.4577447474002838,0.714197039604187,0.6387026906013489
0.4662264585494995,0.7347121238708496,0.6386990547180176
0.4124971032142639,0.676950991153717,0.6386954188346863
0.43102505803108215,0.7178794741630554,0.6386918425559998
0.4546626806259155,0.6437715888023376,0.6386881470680237
0.43582549691200256,0.7671075463294983,0.6386845111846924
0.42673778533935547,0.6415637135505676,0.6386808753013611
0.4412437081336975,0.6274336576461792,0.6386772394180298
0.4370215833187103,0.6572493314743042,0.6386734843254089
0.4702540338039398,0.7157752513885498,0.6386695504188538
0.4190075695514679,0.7054219841957092,0.6386659145355225
0.4181790053844452,0.667963445186615,0.6386619806289673
0.41853585839271545,0.6527652740478516,0.6386582851409912
0.4315343201160431,0.6858044266700745,0.6386547088623047
0.4274633824825287,0.6851797103881836,0.6386508345603943
0.41079315543174744,0.6270001530647278,0.6386473178863525
0.42504674196243286,0.7751820683479309,0.6386436820030212
0.42151951789855957,0.6289344429969788,0.6386401057243347
0.42541781067848206,0.7221436500549316,0.6386363506317139
0.4418269991874695,0.6727155447006226,0.6386326551437378
0.4113451838493347,0.6886733770370483,0.6386290788650513
0.425434947013855,0.6672866940498352,0.6386255025863647
0.4023214280605316,0.6969135403633118,0.638621985912323
0.41335439682006836,0.7065321207046509,0.6386184096336365
0.4181833863258362,0.6624113917350769,0.6386147737503052
0.41715702414512634,0.6293257474899292,0.6386111974716187
0.4265798032283783,0.7128158211708069,0.6386076211929321
0.42022180557250977,0.7977204918861389,0.6386040449142456
0.4128175675868988,0.6526792049407959,0.63860023021698
0.45078882575035095,0.6648913621902466,0.6385965347290039
0.4139065742492676,0.6970276832580566,0.6385927796363831
0.42986711859703064,0.6881465315818787,0.6385890245437622
0.4446035921573639,0.6595474481582642,0.6385853886604309
0.4323704242706299,0.7309262752532959,0.6385817527770996
0.4024858772754669,0.6925814151763916,0.6385781764984131
0.42755982279777527,0.6447656154632568,0.6385746598243713
0.42278194427490234,0.7271435260772705,0.63857102394104
0.43524169921875,0.7095271944999695,0.6385673880577087
0.3800548315048218,0.7218081951141357,0.6385636329650879
0.44883084297180176,0.688098132610321,0.6385598182678223
0.4417863190174103,0.7253386974334717,0.638556182384491
0.4602707028388977,0.7459824681282043,0.6385524272918701
0.4334222376346588,0.6885350346565247,0.638548731803894
0.43502727150917053,0.7250950932502747,0.6385452151298523
0.42735567688941956,0.5698173642158508,0.6385415196418762
0.43363693356513977,0.7075202465057373,0.6385380625724792
0.4269977807998657,0.7622888088226318,0.6385342478752136
0.41522401571273804,0.799448549747467,0.6385306715965271
0.42209696769714355,0.6956357955932617,0.638526976108551
0.42485398054122925,0.6197469830513,0.638523280620575
0.41758206486701965,0.6494478583335876,0.6385195255279541
0.4328479468822479,0.6125122308731079,0.6385160088539124
0.428798645734787,0.6102993488311768,0.6385122537612915
0.41395410895347595,0.7410426139831543,0.638508677482605
0.4174312353134155,0.6164886355400085,0.6385049819946289
0.46407806873321533,0.7070295214653015,0.6385015845298767
0.43552476167678833,0.7066952586174011,0.6384979486465454
0.4182888865470886,0.7017267942428589,0.6384942531585693
0.4069097638130188,0.6739969253540039,0.6384907364845276
0.43779298663139343,0.6992030739784241,0.6384870409965515
0.4502929747104645,0.656002402305603,0.6384833455085754
0.4677172601222992,0.7101281881332397,0.6384797096252441
0.4478064179420471,0.7105804085731506,0.6384761333465576
0.4168860614299774,0.6821113228797913,0.6384721398353577
0.4241650104522705,0.7433807849884033,0.6384687423706055
0.4262315332889557,0.5957635641098022,0.6384649872779846
0.4180043637752533,0.6444804668426514,0.6384612917900085
0.4506036341190338,0.7361338138580322,0.6384578347206116
0.442448228597641,0.6473133563995361,0.638454258441925
0.47004279494285583,0.6919757723808289,0.6384505033493042
0.4378151595592499,0.7528543472290039,0.6384468078613281
0.4203701615333557,0.7283148765563965,0.6384431719779968
0.4355933368206024,0.6111812591552734,0.638439416885376
0.4318632185459137,0.7383754849433899,0.6384357213973999
0.4408167004585266,0.7120863199234009,0.6384320259094238
0.4536855220794678,0.6946775913238525,0.6384284496307373
0.4795214831829071,0.8210604190826416,0.6384249925613403
0.43484076857566833,0.7276970148086548,0.638421356678009
0.4599611461162567,0.6548359394073486,0.6384177207946777
0.4185176193714142,0.7407304048538208,0.6384140849113464
0.4503293037414551,0.6587486863136292,0.6384105682373047
0.4190523326396942,0.7017742395401001,0.6384068727493286
0.40588080883026123,0.6818608045578003,0.6384032368659973
0.4215148389339447,0.6722033619880676,0.638399600982666
0.42924022674560547,0.632787823677063,0.6383959054946899
0.4325597286224365,0.6088234186172485,0.6383923292160034
0.44359326362609863,0.7196153402328491,0.6383886337280273
0.43188345432281494,0.62180095911026,0.6383851766586304
0.43233105540275574,0.6618457436561584,0.6383813619613647
0.3805079162120819,0.6898505091667175,0.6383779644966125
0.4566166400909424,0.7472378611564636,0.6383744478225708
0.45513439178466797,0.7694180607795715,0.6383707523345947
0.44484904408454895,0.6520951986312866,0.6383671164512634
0.44313162565231323,0.6345050930976868,0.6383634209632874
0.4549191892147064,0.6781834363937378,0.6383598446846008
0.4429502487182617,0.7466254234313965,0.6383562088012695
0.43802130222320557,0.6466536521911621,0.6383523941040039
0.415342777967453,0.6863198280334473,0.6383487582206726
0.4046212434768677,0.6411717534065247,0.6383451223373413
0.43587371706962585,0.5827713012695312,0.6383413672447205
0.4317273199558258,0.6416274905204773,0.6383376717567444
0.41383659839630127,0.6908823251724243,0.6383340954780579
0.40038391947746277,0.7133331298828125,0.638330340385437
0.39466431736946106,0.710931658744812,0.63832688331604
0.4333706796169281,0.6672709584236145,0.6383230090141296
0.3966788649559021,0.738917350769043,0.6383194327354431
0.39098232984542847,0.6366273760795593,0.6383155584335327
0.4344632029533386,0.6324381828308105,0.6383118629455566
0.4240588843822479,0.7075818181037903,0.6383082270622253
0.46696850657463074,0.6255088448524475,0.6383045315742493
0.4516414403915405,0.737000048160553,0.6383008360862732
0.45087963342666626,0.7723836898803711,0.6382972598075867
0.41532349586486816,0.6434781551361084,0.6382936835289001
0.4266270101070404,0.6535030603408813,0.6382898688316345
0.43700042366981506,0.6918355822563171,0.6382861733436584
0.46851038932800293,0.6762858033180237,0.6382824182510376
0.4424082636833191,0.6356467008590698,0.6382789611816406
0.39982134103775024,0.6602193713188171,0.638275146484375
0.46003738045692444,0.662317156791687,0.6382716298103333
0.4283892512321472,0.6254327893257141,0.6382679343223572
0.41621607542037964,0.6643155813217163,0.6382641792297363
0.4091380536556244,0.6160711646080017,0.6382606625556946
0.4367651343345642,0.7733319997787476,0.6382569670677185
0.4084306061267853,0.7386677861213684,0.6382535696029663
0.4253295361995697,0.7134903073310852,0.6382498741149902
0.41805556416511536,0.6633692383766174,0.6382462978363037
0.3998797833919525,0.6502716541290283,0.6382427215576172
0.4052567780017853,0.7260456085205078,0.6382390260696411
0.41908177733421326,0.6165798306465149,0.6382350921630859
0.41603884100914,0.677239179611206,0.6382315754890442
0.46153169870376587,0.635245144367218,0.6382278203964233
0.4587235152721405,0.694376528263092,0.6382243633270264
0.4527544379234314,0.7213971614837646,0.638220489025116
0.4208037555217743,0.6864872574806213,0.6382167935371399
0.4655623435974121,0.6848368644714355,0.6382132172584534
0.4214446246623993,0.6188732981681824,0.6382097005844116
0.4250160753726959,0.5995162725448608,0.6382060050964355
0.42723312973976135,0.6466628313064575,0.6382023692131042
0.4070875346660614,0.7312554717063904,0.6381984353065491
0.4380927085876465,0.6871590614318848,0.6381949186325073
0.42813244462013245,0.7079382538795471,0.6381911039352417
0.4174763560295105,0.8073452115058899,0.6381875276565552
0.4031084477901459,0.6793553233146667,0.6381839513778687
0.41199684143066406,0.6537064909934998,0.6381801962852478
0.44519805908203125,0.7378509640693665,0.6381765007972717
0.430541455745697,0.6597765684127808,0.6381729245185852
0.4153084456920624,0.7125988006591797,0.6381692290306091
0.4674111008644104,0.616130530834198,0.6381657123565674
0.44486162066459656,0.8249399065971375,0.6381619572639465
0.4417225122451782,0.7292153835296631,0.63815838098526
0.45082804560661316,0.6485491394996643,0.6381547451019287
0.41684141755104065,0.6553898453712463,0.6381510496139526
0.44860586524009705,0.5733823180198669,0.638147234916687
0.4282819628715515,0.6850236058235168,0.6381437182426453
0.41660910844802856,0.6367454528808594,0.6381399035453796
0.3973380923271179,0.6295523047447205,0.6381362080574036
0.4395197629928589,0.7178477644920349,0.6381325721740723
0.4558548033237457,0.7596039772033691,0.6381288170814514
0.43164199590682983,0.6520218253135681,0.6381251811981201
0.4213049113750458,0.7609914541244507,0.6381216049194336
0.43304839730262756,0.7028096914291382,0.6381179094314575
0.4428532123565674,0.7031609416007996,0.6381144523620605
0.4087980389595032,0.6331700086593628,0.6381106376647949
0.4122315049171448,0.7306689023971558,0.6381070017814636
0.45308440923690796,0.6592627763748169,0.6381034255027771
0.4474117159843445,0.7451885342597961,0.6380997896194458
0.4333740770816803,0.6128357648849487,0.6380961537361145
0.4174862802028656,0.7949993014335632,0.6380925178527832
0.4459725618362427,0.6542397737503052,0.6380887031555176
0.4587593674659729,0.6604898571968079,0.6380849480628967
0.4399449825286865,0.7119433879852295,0.6380812525749207
0.3926754891872406,0.6253604888916016,0.6380774974822998
0.4035787880420685,0.5992759466171265,0.6380736827850342
0.4252116084098816,0.6973286271095276,0.6380698680877686
0.44907233119010925,0.752278208732605,0.6380661725997925
0.40523025393486023,0.6809661984443665,0.6380623579025269
0.4498850703239441,0.6789366602897644,0.6380587220191956
0.4538123607635498,0.7242933511734009,0.6380550265312195
0.4325452744960785,0.6337725520133972,0.6380512714385986
0.414098858833313,0.6443508267402649,0.6380475759506226
0.45250043272972107,0.6991618871688843,0.6380440592765808
0.4184993505477905,0.679313600063324,0.63804030418396
0.3963433504104614,0.7339106202125549,0.6380367279052734
0.427742063999176,0.7710625529289246,0.6380332708358765
0.4256249964237213,0.686460554599762,0.6380295157432556
0.4344792664051056,0.6723323464393616,0.6380258798599243
0.4457421898841858,0.7109242677688599,0.6380224227905273
0.4328508973121643,0.6708782315254211,0.6380186676979065
0.4423367977142334,0.6280916929244995,0.6380148530006409
0.45532798767089844,0.6624074578285217,0.6380112171173096
0.44534897804260254,0.7108473181724548,0.6380075812339783
0.4410555064678192,0.6628795862197876,0.6380041241645813
0.45094138383865356,0.7384992837905884,0.6380002498626709
0.4486061632633209,0.7075507640838623,0.6379969120025635
0.3830752670764923,0.644047200679779,0.637993335723877
0.42897024750709534,0.7078403830528259,0.6379898190498352
0.42495810985565186,0.6730565428733826,0.6379860639572144
0.40154141187667847,0.6729639768600464,0.6379824280738831
0.41924306750297546,0.6470449566841125,0.6379789113998413
0.438752144575119,0.6968273520469666,0.6379751563072205
0.4127315282821655,0.7534487247467041,0.6379715204238892
0.4361914098262787,0.8065093159675598,0.6379678249359131
0.4183485507965088,0.6401345729827881,0.6379640698432922
0.4393516182899475,0.7332139015197754,0.6379602551460266
0.43689343333244324,0.6677536964416504,0.6379566192626953
0.4219525158405304,0.5929194092750549,0.637952983379364
0.42960378527641296,0.7476137280464172,0.6379496455192566
0.4316217005252838,0.6816232204437256,0.637945830821991
0.4302701950073242,0.7882314324378967,0.6379423141479492
0.47447311878204346,0.7005594968795776,0.6379385590553284
0.42148342728614807,0.7096408009529114,0.6379349827766418
0.40770408511161804,0.7003292441368103,0.6379311680793762
0.43204358220100403,0.6880700588226318,0.6379276514053345
0.4314473569393158,0.6906048655509949,0.6379238367080688
0.4552455246448517,0.726435124874115,0.6379204988479614
0.430732786655426,0.6812202334403992,0.6379170417785645
0.41448765993118286,0.6334954500198364,0.6379134058952332
0.44444170594215393,0.7187243700027466,0.6379098296165466
0.4434862434864044,0.6715683937072754,0.6379061341285706
0.4104360342025757,0.7322067618370056,0.6379027366638184
0.4170786738395691,0.6887693405151367,0.6378989815711975
0.4411650598049164,0.7341991662979126,0.637895405292511
0.42439043521881104,0.6091881394386292,0.6378918290138245
0.43667587637901306,0.6906744837760925,0.6378882527351379
0.4444276988506317,0.7287659049034119,0.6378846764564514
0.450677752494812,0.6196509599685669,0.6378811001777649
0.45556479692459106,0.6907504796981812,0.637877345085144
0.4507378339767456,0.7571247220039368,0.6378737092018127
0.42183253169059753,0.6913039088249207,0.6378700733184814
0.4264989495277405,0.6640779972076416,0.6378664374351501
0.4211618900299072,0.7030323147773743,0.6378628611564636
0.40312814712524414,0.6607040762901306,0.6378591656684875
0.4624842405319214,0.7626402378082275,0.6378555297851562
0.4417416453361511,0.6321679353713989,0.6378519535064697
0.39900514483451843,0.6806102991104126,0.637848436832428
0.43254902958869934,0.6878036260604858,0.6378448605537415
0.41715553402900696,0.7444348335266113,0.6378412246704102
0.4685545563697815,0.6773605942726135,0.6378375887870789
0.4123680591583252,0.709420919418335,0.6378338932991028
0.38576725125312805,0.6859035491943359,0.6378301382064819
0.41646841168403625,0.7214652299880981,0.6378265619277954
0.4349465072154999,0.5945584177970886,0.6378227472305298
0.4280652105808258,0.7061973214149475,0.6378191709518433
0.44920310378074646,0.6018123626708984,0.6378156542778015
0.4431605041027069,0.6607002019882202,0.6378118991851807
0.4662497043609619,0.7450942993164062,0.6378082036972046
0.40675705671310425,0.7243356704711914,0.6378044486045837
0.49108439683914185,0.6022570133209229,0.637800931930542
0.4516335129737854,0.7151292562484741,0.6377971768379211
0.4240152835845947,0.6110730171203613,0.6377934813499451
0.4356156587600708,0.6950772404670715,0.6377899646759033
0.41115644574165344,0.7081586122512817,0.6377862691879272
0.4368516504764557,0.7291029095649719,0.6377826929092407
0.4616200923919678,0.7796496748924255,0.6377789974212646
0.4462195932865143,0.6416358351707458,0.6377752423286438
0.41431286931037903,0.632492184638977,0.6377717852592468
0.42708680033683777,0.6349040865898132,0.6377680897712708
0.4580729305744171,0.7095144987106323,0.6377644538879395
0.4108198285102844,0.7302637696266174,0.6377608180046082
0.43525514006614685,0.6264201998710632,0.6377572417259216
0.4484157860279083,0.7033750414848328,0.6377536058425903
0.4317898750305176,0.7225222587585449,0.637749969959259
0.43035849928855896,0.6544342637062073,0.6377463340759277
0.4568469226360321,0.5919437408447266,0.6377427577972412
0.4277096092700958,0.5788902640342712,0.6377391815185547
0.4189062714576721,0.7178705930709839,0.6377356648445129
0.44540008902549744,0.7053743004798889,0.6377319693565369
0.43338218331336975,0.726688027381897,0.6377283334732056
0.4149302840232849,0.6878910064697266,0.637724757194519
0.4051097631454468,0.6502264142036438,0.6377211809158325
0.415824294090271,0.6619530916213989,0.6377175450325012
0.4340013265609741,0.7068360447883606,0.6377140879631042
0.42630478739738464,0.6113622188568115,0.6377105712890625
0.4140457212924957,0.6939250826835632,0.6377071142196655
0.4025246798992157,0.798196017742157,0.6377036571502686
0.4196069836616516,0.6071122884750366,0.6377000212669373
0.42028743028640747,0.6819409132003784,0.6376965045928955
0.4726209044456482,0.681077241897583,0.6376931071281433
0.4630848169326782,0.7091666460037231,0.637689471244812
0.40356242656707764,0.7971722483634949,0.6376858353614807
0.4238044321537018,0.7830501198768616,0.6376824378967285
0.4553709626197815,0.6853953003883362,0.6376786828041077
0.41460981965065,0.6762320399284363,0.6376750469207764
0.43142035603523254,0.6131332516670227,0.6376714706420898
0.4299330711364746,0.7312731742858887,0.6376678943634033
0.41433626413345337,0.6588308215141296,0.6376643180847168
0.4193417429924011,0.677099347114563,0.6376606822013855
0.44653820991516113,0.612992525100708,0.6376568675041199
0.4305539131164551,0.6815352439880371,0.6376533508300781
0.4403752386569977,0.6163672804832458,0.6376497745513916
0.4256110191345215,0.7497777342796326,0.6376461386680603
0.423630952835083,0.6567801833152771,0.6376426219940186
0.4321623742580414,0.6944834589958191,0.637639045715332
0.41196367144584656,0.7382068037986755,0.6376355290412903
0.4433964192867279,0.6994622349739075,0.6376320123672485
0.4223540723323822,0.6885344386100769,0.6376284956932068
0.4338482916355133,0.6569342613220215,0.6376248598098755
0.4499671459197998,0.7391520142555237,0.6376214027404785
0.44919586181640625,0.6751630306243896,0.6376177668571472
0.44169649481773376,0.7059121131896973,0.6376142501831055
0.415115088224411,0.6425790786743164,0.6376104950904846
0.4338046908378601,0.6194581389427185,0.6376070380210876
0.44741129875183105,0.7507292628288269,0.6376034021377563
0.3854634761810303,0.6481665968894958,0.637599766254425
0.3997989296913147,0.6269023418426514,0.637596070766449
0.4062281548976898,0.6220046281814575,0.6375924944877625
0.40801703929901123,0.6664069294929504,0.6375889778137207
0.4030945301055908,0.7202792763710022,0.6375851631164551
0.42999181151390076,0.7485412955284119,0.6375815272331238
0.4328255355358124,0.5949652194976807,0.6375777721405029
0.4408802390098572,0.713823139667511,0.6375738978385925
0.39863088726997375,0.7305439710617065,0.6375704407691956
0.4454362690448761,0.6745922565460205,0.6375666260719299
0.41981661319732666,0.6401984691619873,0.637563169002533
0.45156130194664,0.6752851605415344,0.6375594735145569
0.42983439564704895,0.726233184337616,0.6375558376312256
0.46011969447135925,0.7216132879257202,0.6375522613525391
0.43606236577033997,0.7645565867424011,0.6375489234924316
0.43043625354766846,0.6309798955917358,0.6375452876091003
0.44589489698410034,0.7568075060844421,0.6375417709350586
0.4316968023777008,0.5993573069572449,0.6375380158424377
0.399578720331192,0.6665545105934143,0.6375344395637512
0.42790645360946655,0.6809470057487488,0.6375308036804199
0.42169204354286194,0.6552573442459106,0.6375271677970886
0.4274967610836029,0.6833038926124573,0.6375235319137573
0.4652719795703888,0.6338873505592346,0.6375200748443604
0.41090139746665955,0.6608548164367676,0.6375165581703186
0.41025346517562866,0.6305552124977112,0.6375131607055664
0.4318048059940338,0.6386069059371948,0.6375095248222351
0.43011221289634705,0.7175911068916321,0.6375060677528381
0.42401647567749023,0.611254096031189,0.6375024914741516
0.4216865003108978,0.7379146814346313,0.6374987959861755
0.46378663182258606,0.6182922720909119,0.6374953389167786
0.4443711042404175,0.6507034301757812,0.637491762638092
0.446525901556015,0.667715847492218,0.637488067150116
0.42338624596595764,0.7134071588516235,0.6374845504760742
0.4268490672111511,0.6235352754592896,0.637481153011322
0.43496206402778625,0.7196676135063171,0.6374775171279907
0.4201798141002655,0.7219240665435791,0.6374741196632385
0.4435313045978546,0.6964792013168335,0.637470543384552
0.4310532212257385,0.7387477159500122,0.637467086315155
0.4305560886859894,0.7312667369842529,0.6374635100364685
0.43702206015586853,0.6700710654258728,0.6374596953392029
0.423723042011261,0.6403762102127075,0.6374561786651611
0.41150081157684326,0.7480001449584961,0.6374526619911194
0.42320752143859863,0.6766765117645264,0.6374490261077881
0.40658828616142273,0.6515776515007019,0.6374458074569702
0.4317302405834198,0.6511824727058411,0.6374423503875732
0.3896273076534271,0.5788145065307617,0.6374387741088867
0.43693533539772034,0.676160454750061,0.637435257434845
0.39589178562164307,0.6630376577377319,0.6374316811561584
0.45493003726005554,0.6874172687530518,0.6374281644821167
0.4379514753818512,0.6303427219390869,0.6374245285987854
0.3959079086780548,0.6886630654335022,0.6374210119247437
0.44196173548698425,0.6505739688873291,0.6374174952507019
0.4252893924713135,0.6758273839950562,0.6374139785766602
0.4405023157596588,0.6421421766281128,0.6374104619026184
0.4623218774795532,0.6307893991470337,0.6374069452285767
0.44856542348861694,0.8224679827690125,0.6374036073684692
0.4570087194442749,0.6862269639968872,0.6373999714851379
0.4371047019958496,0.6423810720443726,0.637396514415741
0.4392862915992737,0.7094236016273499,0.6373926997184753
0.4494028687477112,0.7534536123275757,0.6373892426490784
0.41678011417388916,0.6037234663963318,0.6373856663703918
0.4540179669857025,0.6249666213989258,0.6373822689056396
0.4400998055934906,0.758340060710907,0.6373787522315979
0.4048001170158386,0.6638422608375549,0.6373751759529114
0.42980363965034485,0.7921165823936462,0.6373717784881592
0.4402122497558594,0.756279706954956,0.6373682022094727
0.42221370339393616,0.6943443417549133,0.6373648047447205
0.43629029393196106,0.655302882194519,0.6373614072799683
0.4379691779613495,0.7335631847381592,0.6373578906059265
0.4003954529762268,0.6255404949188232,0.6373544335365295
0.4018305540084839,0.8065140247344971,0.6373507976531982
0.443768173456192,0.6680257320404053,0.637347400188446
0.41142991185188293,0.640965461730957,0.6373438835144043
0.41363525390625,0.6013910174369812,0.6373403668403625
0.4053472876548767,0.6988358497619629,0.6373369097709656
0.39828968048095703,0.7746465802192688,0.6373334527015686
0.43329721689224243,0.7586628794670105,0.6373298168182373
0.41731467843055725,0.6676865816116333,0.6373265385627747
0.4180610179901123,0.7667635679244995,0.6373228430747986
0.43024349212646484,0.6539459228515625,0.6373193264007568
0.4445410370826721,0.7439237833023071,0.6373158097267151
0.39537313580513,0.6009189486503601,0.6373121738433838
0.4328204393386841,0.6606840491294861,0.637308657169342
0.46381837129592896,0.7229264974594116,0.6373050212860107
0.39792874455451965,0.673469066619873,0.637301504611969
0.44639328122138977,0.7032474279403687,0.6372979879379272
0.4336891770362854,0.6178303956985474,0.6372945308685303
0.4173009991645813,0.6118101477622986,0.6372910737991333
0.43088430166244507,0.6516286730766296,0.6372876167297363
0.3955012559890747,0.688238263130188,0.637283980846405
0.45744314789772034,0.6707420349121094,0.6372805237770081
0.4681139290332794,0.7121025919914246,0.6372769474983215
0.4402972459793091,0.6625328063964844,0.6372734904289246
0.428344190120697,0.6828898787498474,0.6372696757316589
0.4244879186153412,0.6672112345695496,0.6372660994529724
0.4195972681045532,0.7058472633361816,0.6372624635696411
0.41268190741539,0.6763153076171875,0.637258768081665
0.42980918288230896,0.6744030117988586,0.6372553706169128
0.4379291534423828,0.7335547804832458,0.6372519135475159
0.44051605463027954,0.6432327628135681,0.6372485756874084
0.42197954654693604,0.7733569145202637,0.6372449994087219
0.43493857979774475,0.6872338056564331,0.637241542339325
0.44238558411598206,0.648435652256012,0.6372378468513489
0.4401973485946655,0.6431352496147156,0.6372343301773071
0.427971214056015,0.6818873882293701,0.6372308135032654
0.44529592990875244,0.7544387578964233,0.6372272372245789
0.4162651598453522,0.6240329146385193,0.6372235417366028
0.44661495089530945,0.6079191565513611,0.6372202038764954
0.4695374667644501,0.6455649733543396,0.6372166275978088
0.4201151132583618,0.7432488799095154,0.6372132301330566
0.46542975306510925,0.6607353091239929,0.6372095942497253
0.4526100754737854,0.6287175416946411,0.6372063159942627
0.3781837821006775,0.6471560597419739,0.6372026801109314
0.4253334105014801,0.6335901618003845,0.6371992826461792
0.42683646082878113,0.6978352665901184,0.6371956467628479
0.41322600841522217,0.7177925705909729,0.6371920704841614
0.41395580768585205,0.6856379508972168,0.6371883749961853
0.44499242305755615,0.6983819603919983,0.6371850967407227
0.42778337001800537,0.670782744884491,0.6371815800666809
0.44610464572906494,0.7189988493919373,0.6371782422065735
0.4248485863208771,0.6142138242721558,0.6371748447418213
0.4496631622314453,0.6820247173309326,0.6371712684631348
0.42816680669784546,0.7908599376678467,0.6371679902076721
0.4327550232410431,0.7652360796928406,0.6371645331382751
0.438972532749176,0.7393611669540405,0.6371609568595886
0.4360432028770447,0.6454812288284302,0.6371574401855469
0.44181743264198303,0.6418731212615967,0.6371539235115051
0.42558935284614563,0.6958459615707397,0.6371505260467529
0.4395521283149719,0.6533021926879883,0.637147068977356
0.4378674328327179,0.7077353596687317,0.637143611907959
0.4421643614768982,0.663741409778595,0.6371400952339172
0.40049344301223755,0.6941562294960022,0.6371368169784546
0.4517868161201477,0.7557316422462463,0.6371333003044128
0.44386065006256104,0.6312699317932129,0.6371298432350159
0.4111282527446747,0.633975625038147,0.6371262669563293
0.44676119089126587,0.6525709629058838,0.6371224522590637
0.4327961206436157,0.7676804661750793,0.6371189951896667
0.43599092960357666,0.7398574948310852,0.6371155381202698
0.4206177294254303,0.6971132159233093,0.6371119618415833
0.4158283472061157,0.718544065952301,0.6371086835861206
0.4476735591888428,0.5943940281867981,0.6371052265167236
0.43860870599746704,0.6768441200256348,0.6371016502380371
0.40733602643013,0.7315799593925476,0.6370983123779297
0.40429091453552246,0.6523975729942322,0.6370948553085327
0.41429466009140015,0.6884617805480957,0.6370911598205566
0.436848908662796,0.6373194456100464,0.6370876431465149
0.42806774377822876,0.6426408290863037,0.6370840668678284
0.4123298227787018,0.6114365458488464,0.6370804905891418
0.43602943420410156,0.6624665260314941,0.6370770335197449
0.4215822219848633,0.7230620980262756,0.6370736360549927
0.4452279806137085,0.7300708889961243,0.6370700597763062
0.4548720419406891,0.7066652774810791,0.6370667219161987
0.44029513001441956,0.7309448719024658,0.6370632648468018
0.42553919553756714,0.7316139340400696,0.6370598673820496
0.4244774580001831,0.7420020699501038,0.6370562314987183
0.4464311897754669,0.723408043384552,0.6370526552200317
0.42949378490448,0.7106925845146179,0.6370492577552795
0.40418845415115356,0.6763525009155273,0.6370458006858826
0.44427767395973206,0.7311322093009949,0.6370423436164856
0.45092734694480896,0.5781447291374207,0.637039065361023
0.41069120168685913,0.6842350363731384,0.6370357275009155
0.42819449305534363,0.5724506378173828,0.6370323300361633
0.44589346647262573,0.6262801289558411,0.6370288729667664
0.43649807572364807,0.6380833983421326,0.6370256543159485
0.4665443003177643,0.7111273407936096,0.6370220184326172
0.41971641778945923,0.6947869658470154,0.6370184421539307
0.4546252489089966,0.6761531829833984,0.6370151042938232
0.40363699197769165,0.6348469853401184,0.6370116472244263
0.39733365178108215,0.8198192715644836,0.6370078921318054
0.479376882314682,0.689893901348114,0.6370044946670532
0.47068819403648376,0.6030122637748718,0.637001097202301
0.4099269509315491,0.6827318668365479,0.6369975209236145
0.38923245668411255,0.6394529342651367,0.6369943022727966
0.45437490940093994,0.6580278277397156,0.6369907259941101
0.45410656929016113,0.6076159477233887,0.6369872689247131
0.45548075437545776,0.7575921416282654,0.6369836926460266
0.4378398358821869,0.6933332681655884,0.6369801163673401
0.4295634925365448,0.6981522440910339,0.6369765400886536
0.4441770613193512,0.6680606603622437,0.636972963809967
0.4518178403377533,0.652428925037384,0.6369693875312805
0.40884262323379517,0.6268805265426636,0.6369660496711731
0.40507909655570984,0.6803656816482544,0.6369625329971313
0.4368986189365387,0.587603747844696,0.6369590163230896
0.4444409906864166,0.6421425342559814,0.6369556188583374
0.4141386151313782,0.6176772713661194,0.6369521021842957
0.44729289412498474,0.6107633709907532,0.6369485855102539
0.44207602739334106,0.6994947791099548,0.6369450688362122
0.4389001131057739,0.6736559271812439,0.6369416117668152
0.45157715678215027,0.5906700491905212,0.6369380354881287
0.453436940908432,0.6379868984222412,0.6369345188140869
0.4144381284713745,0.7068422436714172,0.6369310021400452
0.42431867122650146,0.6625442504882812,0.636927604675293
0.40099066495895386,0.6343614459037781,0.6369242072105408
0.43853577971458435,0.7004454135894775,0.6369207501411438
0.44713568687438965,0.6290491223335266,0.636917233467102
0.4414519965648651,0.7231329083442688,0.6369138956069946
0.40837228298187256,0.7222621440887451,0.6369103789329529
0.40819162130355835,0.6749557256698608,0.6369069814682007
0.4338555932044983,0.6940235495567322,0.6369035840034485
0.4282229244709015,0.7799590229988098,0.6369000673294067
0.4397957921028137,0.6519322991371155,0.636896550655365
0.4007130563259125,0.6464723944664001,0.6368931531906128
0.41520166397094727,0.6654316186904907,0.6368897557258606
0.40925076603889465,0.649061918258667,0.6368863582611084
0.43250641226768494,0.7031989693641663,0.636883020401001
0.43177440762519836,0.6265496015548706,0.6368792653083801
0.4402182698249817,0.7349908947944641,0.6368759274482727
0.42150309681892395,0.6003008484840393,0.6368721723556519
0.4374929368495941,0.5984311699867249,0.6368687152862549
0.4390953779220581,0.6453060507774353,0.6368651390075684
0.4012586176395416,0.6458732485771179,0.6368616223335266
0.4124815762042999,0.5911920070648193,0.6368581056594849
0.38991227746009827,0.6059269905090332,0.6368546485900879
0.43956705927848816,0.679600179195404,0.6368510723114014
0.4450329840183258,0.6582245230674744,0.6368475556373596
0.4224317669868469,0.5969082713127136,0.6368440985679626
0.4440149962902069,0.6609911918640137,0.6368406414985657
0.4428642988204956,0.7536873817443848,0.6368372440338135
0.4572431445121765,0.6675726175308228,0.6368336081504822
0.44669216871261597,0.6030716896057129,0.6368301510810852
0.4084985852241516,0.7406269907951355,0.636826753616333
0.42425838112831116,0.6583213210105896,0.6368231773376465
0.4166126549243927,0.7161662578582764,0.6368197798728943
0.40805381536483765,0.6684102416038513,0.6368163228034973
0.4275389611721039,0.7857913970947266,0.6368128061294556
0.43363913893699646,0.7058824300765991,0.6368094682693481
0.4275231957435608,0.769824743270874,0.6368059515953064
0.4505428075790405,0.5739216208457947,0.6368026733398438
0.44978922605514526,0.673214852809906,0.6367992758750916
0.4443812072277069,0.575542688369751,0.6367957592010498
0.4174674153327942,0.6734879612922668,0.6367923021316528
0.4239121079444885,0.7572168707847595,0.6367888450622559
0.43167436122894287,0.7207658886909485,0.6367853879928589
0.4395352303981781,0.5742456316947937,0.6367819309234619
0.41369616985321045,0.6533979773521423,0.6367783546447754
0.4438248872756958,0.6740175485610962,0.6367748975753784
0.43947118520736694,0.6462320685386658,0.6367713809013367
0.4252689778804779,0.650496780872345,0.6367679834365845
0.4343426525592804,0.6922863125801086,0.636764407157898
0.44033849239349365,0.5741339921951294,0.6367610692977905
0.4130805432796478,0.6381785869598389,0.6367575526237488
0.44837307929992676,0.6109877824783325,0.6367537975311279
0.40026530623435974,0.6957175731658936,0.6367504000663757
0.44304361939430237,0.6324068903923035,0.6367468237876892
0.4220212399959564,0.7184438109397888,0.636743426322937
0.416984885931015,0.7369257807731628,0.6367397904396057
0.4440898895263672,0.6634450554847717,0.6367363333702087
0.43691468238830566,0.6457332372665405,0.636732816696167
0.4700879454612732,0.6816605925559998,0.6367293000221252
0.45894432067871094,0.7132099270820618,0.6367257237434387
0.41616055369377136,0.6918925642967224,0.6367223858833313
0.39252540469169617,0.6657328605651855,0.6367188096046448
0.4524604380130768,0.6402304172515869,0.636715292930603
0.4434351325035095,0.7431175112724304,0.636711835861206
0.42256152629852295,0.707252025604248,0.6367082595825195
0.4269016683101654,0.6419308185577393,0.6367047429084778
0.4855932593345642,0.6799492835998535,0.6367013454437256
0.4422813653945923,0.7097216248512268,0.6366977691650391
0.4073672592639923,0.6624195575714111,0.636694073677063
0.43737635016441345,0.6379839181900024,0.636690616607666
0.42919525504112244,0.7019727230072021,0.6366870403289795
0.46409884095191956,0.61635822057724,0.6366835832595825
0.4171765148639679,0.6157636046409607,0.636680006980896
0.4165738523006439,0.6386350989341736,0.6366764307022095
0.42141982913017273,0.7568165063858032,0.6366729736328125
0.43863892555236816,0.635125994682312,0.6366695761680603
0.4504140317440033,0.7827767729759216,0.6366660594940186
0.4302406907081604,0.7189773321151733,0.6366624236106873
0.3932627737522125,0.7119632959365845,0.6366592049598694
0.43330639600753784,0.7029926776885986,0.6366556286811829
0.43079468607902527,0.7126450538635254,0.6366521716117859
0.45201095938682556,0.6077735424041748,0.6366488933563232
0.3998161554336548,0.6347730159759521,0.6366455554962158
0.4285338521003723,0.5356951951980591,0.6366422176361084
0.3838402032852173,0.6175357103347778,0.6366387009620667
0.4209688901901245,0.8202612996101379,0.6366352438926697
0.4295887351036072,0.6142099499702454,0.6366317868232727
0.44870027899742126,0.7156993746757507,0.636628270149231
0.44026824831962585,0.6492427587509155,0.6366247534751892
0.4244530200958252,0.6420062780380249,0.6366212964057922
0.42673420906066895,0.7541655898094177,0.6366177201271057
0.43118372559547424,0.7059157490730286,0.6366144418716431
0.43153154850006104,0.6922109127044678,0.6366111040115356
0.40460366010665894,0.5769385695457458,0.6366077661514282
0.43794283270835876,0.6757667660713196,0.6366044878959656
0.40913596749305725,0.6768764853477478,0.6366009712219238
0.41400712728500366,0.6365156173706055,0.6365976929664612
0.41445091366767883,0.616748571395874,0.636594295501709
0.4162259101867676,0.6842369437217712,0.636590838432312
0.4326989948749542,0.729824423789978,0.636587381362915
0.4193077087402344,0.678652286529541,0.6365838050842285
0.46033650636672974,0.6339713335037231,0.6365803480148315
0.44535431265830994,0.7218899130821228,0.6365770101547241
0.4355079233646393,0.6223850250244141,0.6365735530853271
0.4293237328529358,0.6402374505996704,0.6365700960159302
0.44806942343711853,0.7792482376098633,0.6365666389465332
0.43462270498275757,0.6312320828437805,0.6365631818771362
0.4345628321170807,0.7634835243225098,0.6365596652030945
0.4017699360847473,0.6896798014640808,0.6365561485290527
0.4222923517227173,0.6602911353111267,0.636552631855011
0.4271145761013031,0.6442880034446716,0.6365489959716797
0.4514816999435425,0.7421095967292786,0.6365455985069275
0.46237510442733765,0.7061724066734314,0.6365420818328857
0.435247004032135,0.7386944890022278,0.6365388035774231
0.4264589846134186,0.604537844657898,0.6365355253219604
0.43763306736946106,0.6346156597137451,0.6365317702293396
0.4559880793094635,0.7204617857933044,0.636528491973877
0.4377245306968689,0.6024711728096008,0.6365251541137695
0.4328547716140747,0.6953586339950562,0.6365216374397278
0.43075868487358093,0.6851271390914917,0.636518120765686
0.42198339104652405,0.621081531047821,0.6365147233009338
0.42492756247520447,0.727300763130188,0.6365111470222473
0.44390660524368286,0.704182505607605,0.6365078091621399
0.42295771837234497,0.6350998878479004,0.6365042924880981
0.4314033091068268,0.6824942231178284,0.6365009546279907
0.42080390453338623,0.7417716383934021,0.6364977359771729
0.4468633532524109,0.8996680974960327,0.6364944577217102
0.41746848821640015,0.6197100877761841,0.636491060256958
0.42681005597114563,0.6280320286750793,0.6364875435829163
0.43837448954582214,0.6950677633285522,0.6364840269088745
0.4226281940937042,0.7080016136169434,0.6364806890487671
0.3948637545108795,0.6006875038146973,0.6364770531654358
0.42685043811798096,0.6347679495811462,0.6364737749099731
0.39890965819358826,0.6264636516571045,0.6364702582359314
0.42337387800216675,0.7729384303092957,0.6364669799804688
0.40765702724456787,0.6399489641189575,0.6364635825157166
0.4194859266281128,0.5821259021759033,0.6364603042602539
0.39698177576065063,0.7199646234512329,0.6364568471908569
0.4453713595867157,0.661305844783783,0.6364535093307495
0.41916924715042114,0.6374303698539734,0.6364500522613525
0.45789241790771484,0.6869428157806396,0.6364467740058899
0.4249263107776642,0.6083806753158569,0.6364434361457825
0.43229639530181885,0.6674057245254517,0.636439859867096
0.41255804896354675,0.6723926663398743,0.636436402797699
0.41969767212867737,0.6506224870681763,0.636432945728302
0.42631083726882935,0.648837685585022,0.6364294290542603
0.4233933091163635,0.6720764636993408,0.6364260315895081
0.41758403182029724,0.6721087098121643,0.6364228129386902
0.41138410568237305,0.7077450752258301,0.6364192962646484
0.42105403542518616,0.6341120600700378,0.636415958404541
0.4160410165786743,0.7177932858467102,0.636412501335144
0.438069224357605,0.5916533470153809,0.6364089846611023
0.4477633833885193,0.6181834936141968,0.6364056468009949
0.4179101586341858,0.6806233525276184,0.6364019513130188
0.43813610076904297,0.601714551448822,0.6363984942436218
0.4304852783679962,0.696171224117279,0.6363951563835144
0.45870932936668396,0.7580210566520691,0.6363917589187622
0.42035481333732605,0.642423689365387,0.63638836145401
0.43104106187820435,0.7234241366386414,0.6363849639892578
0.4339129626750946,0.6728820204734802,0.6363815069198608
0.425785094499588,0.7143301367759705,0.6363781094551086
0.41734781861305237,0.6208387613296509,0.6363746523857117
0.43391937017440796,0.6260907649993896,0.6363711357116699
0.4440111815929413,0.6339206099510193,0.636367917060852
0.43202847242355347,0.7295398116111755,0.6363646388053894
0.48150381445884705,0.6847569942474365,0.6363611817359924
0.41092005372047424,0.6053149700164795,0.636357843875885
0.432792991399765,0.6973757147789001,0.6363544464111328
0.44109752774238586,0.6814674735069275,0.6363511085510254
0.42188456654548645,0.6656395792961121,0.6363477110862732
0.45294466614723206,0.6274613738059998,0.6363444328308105
0.4329036474227905,0.6475566625595093,0.6363407373428345
0.4581543207168579,0.6642834544181824,0.636337399482727
0.44218364357948303,0.6479678153991699,0.6363340020179749
0.4263249933719635,0.7333616018295288,0.6363306045532227
0.4472658336162567,0.5922937393188477,0.6363272070884705
0.47097647190093994,0.6804152727127075,0.6363239288330078
0.44003307819366455,0.6324375867843628,0.6363204717636108
0.43891942501068115,0.6875156760215759,0.6363170146942139
0.4354727268218994,0.6966739296913147,0.6363135576248169
0.4381698668003082,0.7397567629814148,0.6363101601600647
0.42924532294273376,0.700026273727417,0.6363064646720886
0.4500429332256317,0.7384762763977051,0.6363031268119812
0.4038643538951874,0.6269599795341492,0.6362995505332947
0.42001235485076904,0.6336934566497803,0.6362960934638977
0.41939371824264526,0.7301304340362549,0.636292576789856
0.436170369386673,0.6020280718803406,0.6362890601158142
0.40601712465286255,0.6320760846138,0.6362854838371277
0.4433748424053192,0.6859984993934631,0.6362820267677307
0.4791669249534607,0.7644293308258057,0.6362787485122681
0.4362894892692566,0.700587272644043,0.6362753510475159
0.4350918233394623,0.7000560760498047,0.6362718343734741
0.41259676218032837,0.6027234196662903,0.6362686157226562
0.4151782691478729,0.6602625846862793,0.6362651586532593
0.41751161217689514,0.6307864785194397,0.6362616419792175
0.4324065148830414,0.616479754447937,0.6362583637237549
0.43734538555145264,0.5980038642883301,0.6362550258636475
0.42731890082359314,0.5890423655509949,0.6362517476081848
0.43024852871894836,0.6583207845687866,0.6362484097480774
0.44603797793388367,0.7230413556098938,0.6362449526786804
0.4199759066104889,0.6693857908248901,0.6362414956092834
0.4488324224948883,0.684022068977356,0.6362380981445312
0.41588470339775085,0.6164309978485107,0.636234700679779
0.4294144809246063,0.6691824793815613,0.6362313628196716
0.4085484445095062,0.7902351021766663,0.6362280249595642
0.4239676892757416,0.7026697397232056,0.636224627494812
0.41999971866607666,0.6471506357192993,0.6362213492393494
0.4172420799732208,0.6659559607505798,0.6362178921699524
0.3900545835494995,0.7133452892303467,0.6362144947052002
0.4342155158519745,0.5826069116592407,0.6362111568450928
0.43152546882629395,0.734135627746582,0.6362076997756958
0.4122527539730072,0.6230884194374084,0.6362043023109436
0.4289598762989044,0.664979100227356,0.6362007260322571
0.440538227558136,0.7824777364730835,0.6361972689628601
0.46662965416908264,0.6610409021377563,0.6361938118934631
0.4117240607738495,0.7721774578094482,0.6361905336380005
0.44622600078582764,0.6946865916252136,0.6361870169639587
0.42477211356163025,0.6818974614143372,0.6361836791038513
0.4182456433773041,0.5972071886062622,0.6361802220344543
0.44385457038879395,0.7335975766181946,0.6361770033836365
0.44032421708106995,0.674485981464386,0.6361735463142395
0.43556803464889526,0.631293535232544,0.6361702084541321
0.41915321350097656,0.658645749092102,0.6361667513847351
0.3745076060295105,0.6421990394592285,0.6361632347106934
0.4318450093269348,0.7113452553749084,0.6361600756645203
0.4063621163368225,0.7639020085334778,0.6361564993858337
0.4016790986061096,0.6215209364891052,0.6361532807350159
0.4184271991252899,0.7126984000205994,0.6361498832702637
0.39828813076019287,0.6800775527954102,0.6361465454101562
0.4022912383079529,0.6897431015968323,0.636143147945404
0.4214939475059509,0.6888711452484131,0.6361398100852966
0.44034191966056824,0.6277275085449219,0.6361364126205444
0.42362627387046814,0.723366916179657,0.6361329555511475
0.433329313993454,0.6723389029502869,0.6361294388771057
0.4311380088329315,0.7264202833175659,0.6361258625984192
0.4439544677734375,0.6496603488922119,0.636122465133667
0.41236940026283264,0.704625129699707,0.63611900806427
0.4387432038784027,0.8400455713272095,0.636115550994873
0.43174633383750916,0.6534213423728943,0.6361120939254761
0.4480426609516144,0.7321590781211853,0.6361085772514343
0.42550188302993774,0.6940253376960754,0.6361053586006165
0.40090036392211914,0.5991814136505127,0.6361018419265747
0.43558594584465027,0.649867832660675,0.6360985040664673
0.42551541328430176,0.7652341723442078,0.6360951066017151
0.42867910861968994,0.6388272047042847,0.6360915303230286
0.4158819019794464,0.7043649554252625,0.6360881328582764
0.44674673676490784,0.6453494429588318,0.6360846161842346
0.43824926018714905,0.6667792201042175,0.6360811591148376
0.38865283131599426,0.6324310898780823,0.6360776424407959
0.4608779549598694,0.667741596698761,0.6360743045806885
0.4477325975894928,0.6551123261451721,0.636070966720581
0.42822322249412537,0.6805081963539124,0.6360676884651184
0.4113020598888397,0.6200353503227234,0.636064350605011
0.4016517102718353,0.5745681524276733,0.6360609531402588
0.45314210653305054,0.6147765517234802,0.6360576152801514
0.4405229389667511,0.7503166198730469,0.6360540986061096
0.4130997955799103,0.6584967374801636,0.6360509395599365
0.4282022714614868,0.6324210166931152,0.6360474228858948
0.43404603004455566,0.6371341943740845,0.636043906211853
0.4589115083217621,0.7295029759407043,0.6360405087471008
0.4160892963409424,0.7092116475105286,0.6360369920730591
0.4401029050350189,0.655980110168457,0.6360337138175964
0.4237142503261566,0.5931342840194702,0.6360301375389099
0.42753684520721436,0.7331140637397766,0.6360267400741577
0.4015372395515442,0.6506454944610596,0.6360234022140503
0.4246307611465454,0.632310152053833,0.6360198855400085
0.4376387596130371,0.6624485850334167,0.6360163688659668
0.45286449790000916,0.6367022395133972,0.6360132694244385
0.4268379807472229,0.6642531156539917,0.636009931564331
0.4623779356479645,0.6633557677268982,0.6360067129135132
0.42974087595939636,0.6605440378189087,0.6360032558441162
0.4069725573062897,0.6269642114639282,0.6359997987747192
0.4452556073665619,0.7029143571853638,0.6359963417053223
0.40497228503227234,0.7584832310676575,0.6359928846359253
0.42816296219825745,0.6998124122619629,0.6359897255897522
0.44264858961105347,0.6080566644668579,0.6359860897064209
0.42939072847366333,0.7031389474868774,0.6359828114509583
0.44791555404663086,0.7391927242279053,0.6359795331954956
0.4633248448371887,0.6280450224876404,0.6359761357307434
0.4452776312828064,0.6486023664474487,0.6359728574752808
0.4221608638763428,0.6449826955795288,0.6359694600105286
0.4364275336265564,0.5971904993057251,0.6359662413597107
0.4211171567440033,0.6224579811096191,0.6359627842903137
0.4466214179992676,0.7112538814544678,0.6359593868255615
0.42829835414886475,0.6767522096633911,0.6359559893608093
0.4325607419013977,0.7545866966247559,0.6359524726867676
0.441301167011261,0.6277350783348083,0.6359491348266602
0.428597629070282,0.6540899276733398,0.6359458565711975
0.4284612238407135,0.6302457451820374,0.6359426379203796
0.4371100068092346,0.6777477860450745,0.6359393000602722
0.39350202679634094,0.7190370559692383,0.6359357833862305
0.44538941979408264,0.6483274102210999,0.6359325647354126
0.43662136793136597,0.7136403918266296,0.6359289288520813
0.4027566611766815,0.5659458041191101,0.6359254717826843
0.4072383642196655,0.6994707584381104,0.635921835899353
0.43636709451675415,0.7436394691467285,0.635918378829956
0.44586366415023804,0.7205979228019714,0.6359149217605591
0.3881635367870331,0.6990779638290405,0.6359116435050964
0.41854050755500793,0.6890783309936523,0.6359081268310547
0.435618132352829,0.6701461672782898,0.6359046101570129
0.42235684394836426,0.6860779523849487,0.6359012722969055
0.41119569540023804,0.7138998508453369,0.6358975172042847
0.4451069235801697,0.670690655708313,0.6358940005302429
0.4246115982532501,0.6412643790245056,0.6358904838562012
0.45805948972702026,0.6553953289985657,0.6358869075775146
0.468382328748703,0.7699475884437561,0.6358834505081177
0.44262605905532837,0.6501832008361816,0.6358799934387207
0.4541448950767517,0.6016541719436646,0.6358766555786133
0.4100559949874878,0.7460227012634277,0.6358731389045715
0.4294950067996979,0.8043186068534851,0.6358695030212402
0.39860799908638,0.558911144733429,0.6358661651611328
0.4366430640220642,0.6790257692337036,0.6358628273010254
0.41917142271995544,0.7390021681785583,0.6358593106269836
0.4339580237865448,0.5462979674339294,0.6358559131622314
0.42484310269355774,0.7109974026679993,0.6358525156974792
0.42693695425987244,0.6526232361793518,0.6358491778373718
0.45460420846939087,0.6519653797149658,0.6358457803726196
0.45946499705314636,0.7334820628166199,0.6358422636985779
0.44953614473342896,0.5831329822540283,0.6358391046524048
0.3931214511394501,0.7055650949478149,0.6358356475830078
0.4461521506309509,0.7923782467842102,0.6358321309089661
0.39750829339027405,0.6372334957122803,0.6358287334442139
0.4046723544597626,0.7137090563774109,0.6358253955841064
0.4103950560092926,0.7051268815994263,0.6358217597007751
0.3835037350654602,0.6228153109550476,0.6358186602592468
0.4301179051399231,0.6171027421951294,0.6358150243759155
0.41289016604423523,0.6592642068862915,0.6358115673065186
0.43833857774734497,0.6805886030197144,0.6358081102371216
0.41654011607170105,0.6089566946029663,0.6358047723770142
0.42083367705345154,0.6416730880737305,0.6358012557029724
0.435420960187912,0.66756671667099,0.6357977986335754
0.43197521567344666,0.6634443402290344,0.6357943415641785
0.42118799686431885,0.6509591341018677,0.6357909440994263
0.39875325560569763,0.7020605802536011,0.6357874870300293
0.4309581518173218,0.6527831554412842,0.6357841491699219
0.44573453068733215,0.7256415486335754,0.6357806324958801
0.4564770758152008,0.6493861079216003,0.6357771754264832
0.41520634293556213,0.6159932017326355,0.635773777961731
0.44779378175735474,0.655513346195221,0.6357704401016235
0.4485817551612854,0.6200666427612305,0.6357669234275818
0.43775075674057007,0.7645100951194763,0.6357635259628296
0.42288070917129517,0.6717263460159302,0.6357599496841431
0.4277307093143463,0.649850606918335,0.6357565522193909
0.42806780338287354,0.6428846120834351,0.6357532143592834
0.42054688930511475,0.706508457660675,0.6357496976852417
0.4382271468639374,0.6390367150306702,0.6357463598251343
0.425824910402298,0.6240093111991882,0.6357429027557373
0.4134003221988678,0.6356757879257202,0.635739803314209
0.43665987253189087,0.6510626077651978,0.6357364654541016
0.4291864037513733,0.7239339351654053,0.6357332468032837
0.41072317957878113,0.7697752714157104,0.635729968547821
0.4284036457538605,0.6555284261703491,0.6357266306877136
0.4194023609161377,0.6372170448303223,0.6357229948043823
0.44607090950012207,0.6381571888923645,0.6357196569442749
0.41027066111564636,0.6269381642341614,0.6357162594795227
0.4536486864089966,0.6385274529457092,0.6357128024101257
0.42337900400161743,0.656822681427002,0.635709285736084
0.41776132583618164,0.6225077509880066,0.6357060074806213
0.47832661867141724,0.6271520853042603,0.6357027292251587
0.4176015257835388,0.721435546875,0.6356995105743408
0.44451355934143066,0.6698007583618164,0.6356960535049438
0.4738219678401947,0.6485304832458496,0.6356926560401917
0.45318758487701416,0.6574130058288574,0.6356893181800842
0.41825878620147705,0.7319197654724121,0.635685920715332
0.43129339814186096,0.6448399424552917,0.6356825232505798
0.4110785126686096,0.7136004567146301,0.6356790065765381
0.43959078192710876,0.7083365321159363,0.6356757283210754
0.41484686732292175,0.6989614367485046,0.635672390460968
0.4426216185092926,0.6530194878578186,0.6356689929962158
0.4503818452358246,0.619683027267456,0.6356655359268188
0.4452425241470337,0.6768568754196167,0.6356621980667114
0.4129992127418518,0.749420702457428,0.6356588006019592
0.4359769821166992,0.6851634383201599,0.6356555223464966
0.4544776380062103,0.7127766013145447,0.6356521248817444
0.41464394330978394,0.5908994674682617,0.6356487274169922
0.44856834411621094,0.7386364936828613,0.6356451511383057
0.4161662757396698,0.6772539615631104,0.635641872882843
0.41987594962120056,0.6859016418457031,0.6356383562088013
0.3994996249675751,0.7244953513145447,0.6356349587440491
0.4283630847930908,0.7587785124778748,0.6356316804885864
0.42272740602493286,0.5976998209953308,0.6356282830238342
0.42665502429008484,0.6577954292297363,0.6356249451637268
0.44082796573638916,0.6743180155754089,0.6356216669082642
0.44038599729537964,0.6864826083183289,0.6356182098388672
0.45479482412338257,0.7055611610412598,0.6356149315834045
0.431840717792511,0.7804287672042847,0.6356115937232971
0.41511377692222595,0.6244717240333557,0.6356080770492554
0.429015576839447,0.6491401791572571,0.6356046199798584
0.43950557708740234,0.7369549870491028,0.6356013417243958
0.40677836537361145,0.8193715214729309,0.6355979442596436
0.4448675215244293,0.730032205581665,0.6355946660041809
0.43048596382141113,0.6695606708526611,0.635591447353363
0.41470369696617126,0.585776150226593,0.6355882287025452
0.4227893650531769,0.6895837187767029,0.6355850100517273
0.40240252017974854,0.7370650172233582,0.6355816721916199
0.4253850281238556,0.6440525054931641,0.6355783343315125
0.43035295605659485,0.6864190101623535,0.6355748772621155
0.4417455196380615,0.6268414258956909,0.6355715990066528
0.4182896912097931,0.5742560625076294,0.6355681419372559
0.4271485507488251,0.6210691332817078,0.6355648636817932
0.4157545566558838,0.631564736366272,0.6355615258216858
0.43684783577919006,0.6175611019134521,0.6355581879615784
0.40924957394599915,0.6949407458305359,0.635554850101471
0.4217527508735657,0.6904715895652771,0.635551393032074
0.46448248624801636,0.6124357581138611,0.6355481147766113
0.42852744460105896,0.6334384083747864,0.6355446577072144
0.4496433734893799,0.7528793811798096,0.6355410814285278
0.4094642698764801,0.7307834029197693,0.6355378031730652
0.4421454071998596,0.6667365431785583,0.6355342864990234
0.4240016043186188,0.6469643115997314,0.635530948638916
0.4159393012523651,0.7239452004432678,0.635527491569519
0.4420322775840759,0.7244717478752136,0.6355242133140564
0.4131377339363098,0.5666887760162354,0.6355210542678833
0.43063366413116455,0.6526840329170227,0.6355175971984863
0.43104326725006104,0.7116451263427734,0.6355143189430237
0.424213171005249,0.8150090575218201,0.635511040687561
0.4405059814453125,0.7415153384208679,0.6355077028274536
0.417659193277359,0.7261856198310852,0.6355041861534119
0.4189503788948059,0.7336344718933105,0.6355007886886597
0.4130541682243347,0.6796144843101501,0.6354973316192627
0.44664937257766724,0.7858390808105469,0.6354939937591553
0.38154181838035583,0.6848235130310059,0.6354908347129822
0.42275890707969666,0.679982602596283,0.6354876160621643
0.4182736575603485,0.6055083870887756,0.6354842782020569
0.4394929111003876,0.710155725479126,0.6354809999465942
0.4140962064266205,0.6547478437423706,0.6354777216911316
0.41839727759361267,0.6289036870002747,0.6354745626449585
0.43140077590942383,0.5837182402610779,0.6354712843894958
0.428321897983551,0.693899393081665,0.6354679465293884
0.40489786863327026,0.7289881110191345,0.6354644894599915
0.4252376854419708,0.6990596652030945,0.6354613900184631
0.4141121208667755,0.6284095644950867,0.6354579925537109
0.4468119442462921,0.6951538324356079,0.6354546546936035
0.45841214060783386,0.6730272173881531,0.6354514360427856
0.4172940254211426,0.7089294791221619,0.6354482769966125
0.3851671814918518,0.7331628203392029,0.6354451179504395
0.4290566146373749,0.6085300445556641,0.6354419589042664
0.4567010998725891,0.6867181062698364,0.6354385614395142
0.44541651010513306,0.6942419409751892,0.6354354023933411
0.43095144629478455,0.6584146022796631,0.6354321241378784
0.4408751130104065,0.7195078730583191,0.635428786277771
0.4270101487636566,0.7133151888847351,0.6354252696037292
0.44530001282691956,0.7172982692718506,0.6354220509529114
0.40703269839286804,0.7237868309020996,0.6354187726974487
0.388216108083725,0.6030710935592651,0.6354154348373413
0.40792104601860046,0.6033939719200134,0.6354122757911682
0.43089067935943604,0.60340815782547,0.6354091167449951
0.4365702271461487,0.6870855093002319,0.6354056596755981
0.4458543062210083,0.6135460734367371,0.6354024410247803
0.41413864493370056,0.6488675475120544,0.6353990435600281
0.4223549962043762,0.7043637633323669,0.6353957056999207
0.4302750825881958,0.5882315635681152,0.6353923082351685
0.4555070102214813,0.6227033734321594,0.6353889107704163
0.4343051314353943,0.5669630765914917,0.6353856921195984
0.4316558539867401,0.6651389002799988,0.635382354259491
0.4394308626651764,0.6820973753929138,0.6353789567947388
0.4286755621433258,0.7053030729293823,0.6353756189346313
0.39891543984413147,0.6743251085281372,0.6353724002838135
0.4166521430015564,0.7096129059791565,0.6353691220283508
0.43456706404685974,0.7576647996902466,0.6353658437728882
0.42705094814300537,0.6555862426757812,0.6353623270988464
0.4378460943698883,0.6371955871582031,0.6353588700294495
0.47246450185775757,0.6487317085266113,0.6353556513786316
0.424415647983551,0.6422321200370789,0.6353524327278137
0.432818204164505,0.7589805126190186,0.6353491544723511
0.41243648529052734,0.675110399723053,0.6353457570075989
0.38822463154792786,0.640777051448822,0.6353424787521362
0.4292522370815277,0.6787280440330505,0.6353392601013184
0.42013561725616455,0.5935884118080139,0.6353359818458557
0.43029436469078064,0.7168366312980652,0.6353326439857483
0.44344452023506165,0.6847324371337891,0.6353293657302856
0.385899156332016,0.7423781752586365,0.6353258490562439
0.4279518723487854,0.6418293714523315,0.635322630405426
0.4401243329048157,0.684760570526123,0.6353192925453186
0.4382345676422119,0.6051948070526123,0.6353161334991455
0.41062912344932556,0.6609526872634888,0.6353127956390381
0.4253259003162384,0.761084258556366,0.6353093385696411
0.42220985889434814,0.7135100364685059,0.6353060603141785
0.44331085681915283,0.7041330337524414,0.6353028416633606
0.42241060733795166,0.6305235028266907,0.6352995038032532
0.40810883045196533,0.7019518613815308,0.6352961659431458
0.4547649621963501,0.7315250039100647,0.6352927684783936
0.4519537389278412,0.6870722770690918,0.635289192199707
0.4267796576023102,0.74659663438797,0.6352857947349548
0.43116018176078796,0.7577424645423889,0.6352823972702026
0.4339078366756439,0.6798108816146851,0.63527911901474
0.44037526845932007,0.6234041452407837,0.6352758407592773
0.42963141202926636,0.6562291979789734,0.6352725625038147
0.4251459538936615,0.7426534295082092,0.6352692246437073
0.4214155077934265,0.6690056920051575,0.6352659463882446
0.44124501943588257,0.7522101402282715,0.6352627277374268
0.4552600085735321,0.6670016050338745,0.6352592706680298
0.4229013919830322,0.649502158164978,0.6352558732032776
0.3932155668735504,0.6734303832054138,0.6352525353431702
0.4436601996421814,0.6336979866027832,0.6352493166923523
0.450449138879776,0.7113200426101685,0.6352458596229553
0.469400554895401,0.6098553538322449,0.6352425813674927
0.4582277536392212,0.5820489525794983,0.63523930311203
0.41919392347335815,0.7364193797111511,0.6352359056472778
0.4123746156692505,0.7092416882514954,0.6352326273918152
0.41338658332824707,0.7553307414054871,0.6352294087409973
0.410705029964447,0.6487269401550293,0.6352261304855347
0.423692524433136,0.6818732619285583,0.635222852230072
0.41354843974113464,0.6156406402587891,0.635219395160675
0.45771750807762146,0.6039381623268127,0.6352161765098572
0.46022674441337585,0.7006005048751831,0.635212779045105
0.42348358035087585,0.6466231942176819,0.6352092623710632
0.43836700916290283,0.6355268955230713,0.6352059841156006
0.443640798330307,0.666800320148468,0.6352025270462036
0.39814293384552,0.6370960474014282,0.6351994276046753
0.42665061354637146,0.6589019894599915,0.6351960897445679
0.43729299306869507,0.680915355682373,0.6351925730705261
0.4720739722251892,0.7565740346908569,0.6351892948150635
0.4153902530670166,0.6853305697441101,0.6351861357688904
0.41374775767326355,0.6787471771240234,0.6351829171180725
0.3916478157043457,0.7021128535270691,0.6351794004440308
0.4281216561794281,0.5776836276054382,0.6351761221885681
0.4244438409805298,0.6279425621032715,0.6351728439331055
0.4756663739681244,0.7258028388023376,0.6351696252822876
0.4363633394241333,0.7195098996162415,0.6351661682128906
0.4276304841041565,0.6720873117446899,0.6351627707481384
0.42069417238235474,0.7135217189788818,0.635159432888031
0.39403870701789856,0.6767922639846802,0.6351563334465027
0.40958231687545776,0.7366588711738586,0.6351529359817505
0.4159301519393921,0.6490142345428467,0.6351497173309326
0.4075489938259125,0.7454931139945984,0.6351463794708252
0.41224145889282227,0.7511143088340759,0.6351431012153625
0.45747706294059753,0.7565705180168152,0.6351398229598999
0.4231211841106415,0.7224987745285034,0.6351365447044373
0.4301186203956604,0.760587215423584,0.6351334452629089
0.45640993118286133,0.5801081657409668,0.6351302266120911
0.423721581697464,0.68553626537323,0.6351271271705627
0.39508408308029175,0.6539498567581177,0.635123610496521
0.429691880941391,0.6394191384315491,0.6351204514503479
0.43094632029533386,0.6296271681785583,0.6351171731948853
0.3854692578315735,0.657647430896759,0.6351138353347778
0.4193488359451294,0.6815405488014221,0.6351104378700256
0.4329368770122528,0.5988878011703491,0.6351069808006287
0.41810521483421326,0.6932793259620667,0.6351038813591003
0.39790186285972595,0.6642166376113892,0.6351003050804138
0.45020049810409546,0.5289409160614014,0.635097324848175
0.44017472863197327,0.5994697213172913,0.6350939273834229
0.43893322348594666,0.5700945854187012,0.6350907683372498
0.43847978115081787,0.7680586576461792,0.6350874304771423
0.44822439551353455,0.6437139511108398,0.6350840926170349
0.4063805341720581,0.730894923210144,0.6350809335708618
0.4397575855255127,0.7083002924919128,0.6350775957107544
0.420974999666214,0.7103118300437927,0.6350741982460022
0.4337087571620941,0.6202445030212402,0.6350709199905396
0.4368731677532196,0.6815232038497925,0.6350675225257874
0.41769054532051086,0.6421501040458679,0.6350643038749695
0.44538387656211853,0.6923016905784607,0.6350610256195068
0.43248453736305237,0.7266066074371338,0.6350578665733337
0.4191071391105652,0.7566051483154297,0.6350546479225159
0.4306763708591461,0.640393853187561,0.6350513696670532
0.44040361046791077,0.5931787490844727,0.6350482106208801
0.4315766394138336,0.6877119541168213,0.6350449323654175
0.4097372591495514,0.5741284489631653,0.6350414752960205
0.443292498588562,0.648870050907135,0.6350383162498474
0.4387562572956085,0.7142452597618103,0.6350350975990295
0.41621115803718567,0.5921795964241028,0.6350318193435669
0.406352698802948,0.7004989981651306,0.6350287199020386
0.44178855419158936,0.7559586763381958,0.6350252032279968
0.4144284129142761,0.6060028076171875,0.6350221633911133
0.4282551109790802,0.5967308878898621,0.6350188255310059
0.4178893268108368,0.7123456597328186,0.6350155472755432
0.459028035402298,0.6889536380767822,0.6350122690200806
0.440979927778244,0.6640483140945435,0.6350088119506836
0.4012559652328491,0.6286565661430359,0.6350056529045105
0.4385509788990021,0.677420437335968,0.6350023746490479
0.40071332454681396,0.6297733783721924,0.6349992156028748
0.46444082260131836,0.6876553893089294,0.6349957585334778
0.43012338876724243,0.6476455926895142,0.6349924206733704
0.419716477394104,0.7448495626449585,0.6349890232086182
0.4162514805793762,0.667442262172699,0.6349857449531555
0.45891693234443665,0.738800585269928,0.6349824070930481
0.4204467236995697,0.5963785648345947,0.6349791288375854
0.44902411103248596,0.7307428121566772,0.6349760293960571
0.44852301478385925,0.5941059589385986,0.6349726319313049
0.4373153746128082,0.6760546565055847,0.6349694728851318
0.4297788143157959,0.6335300207138062,0.6349660754203796
0.37933024764060974,0.7485411763191223,0.6349627375602722
0.4131031334400177,0.6362943649291992,0.6349593997001648
0.41791507601737976,0.7035316228866577,0.6349562406539917
0.41322916746139526,0.6878653764724731,0.634952962398529
0.4216494858264923,0.6849254369735718,0.634949803352356
0.436158150434494,0.7023201584815979,0.634946346282959
0.43907561898231506,0.6325854659080505,0.6349430680274963
0.3979729413986206,0.612231433391571,0.6349398493766785
0.4382522702217102,0.6709272265434265,0.6349366307258606
0.413545697927475,0.6171852350234985,0.6349332332611084
0.40133294463157654,0.623873770236969,0.6349298357963562
0.46991151571273804,0.6862172484397888,0.6349266171455383
0.43969041109085083,0.7065010666847229,0.6349233984947205
0.41379258036613464,0.6256741285324097,0.6349201798439026
0.44576600193977356,0.6697179079055786,0.6349167823791504
0.4499296247959137,0.6684371829032898,0.634913444519043
0.40081772208213806,0.680643618106842,0.6349102258682251
0.40889325737953186,0.6910211443901062,0.6349068284034729
0.43315553665161133,0.5663895606994629,0.6349037289619446
0.4068465232849121,0.7275974750518799,0.6349006295204163
0.41944295167922974,0.670075535774231,0.6348974108695984
0.40792447328567505,0.7734137773513794,0.634894073009491
0.4540421664714813,0.6277588605880737,0.6348907947540283
0.40326637029647827,0.7242634296417236,0.6348875761032104
0.42875173687934875,0.6814317107200623,0.6348840594291687
0.44054079055786133,0.7155278921127319,0.6348809003829956
0.45967531204223633,0.621260404586792,0.634877622127533
0.4669559895992279,0.6614993810653687,0.6348742246627808
0.41254740953445435,0.6065858006477356,0.6348708271980286
0.42371922731399536,0.5952960848808289,0.6348677277565002
0.42359834909439087,0.6864679455757141,0.6348645091056824
0.41912728548049927,0.7002859711647034,0.6348612904548645
0.42310890555381775,0.6401160359382629,0.6348580121994019
0.390358030796051,0.6335561871528625,0.6348548531532288
0.4165254533290863,0.6062554717063904,0.6348514556884766
0.40820959210395813,0.6646891832351685,0.6348481774330139
0.417718768119812,0.599855363368988,0.634844958782196
0.4357318878173828,0.6833261847496033,0.6348414421081543
0.45099377632141113,0.604012668132782,0.6348381638526917
0.4340987801551819,0.6550205945968628,0.6348349452018738
0.3915221691131592,0.7560141682624817,0.6348314881324768
0.4057600498199463,0.6610499620437622,0.6348282098770142
0.45088818669319153,0.7293055057525635,0.6348248720169067
0.40849927067756653,0.6371690034866333,0.6348215937614441
0.4514539837837219,0.6925925612449646,0.6348183751106262
0.4467049837112427,0.6284833550453186,0.6348151564598083
0.4359755516052246,0.6799649000167847,0.6348117589950562
0.4071073532104492,0.7245427370071411,0.6348084211349487
0.4290468990802765,0.7278265953063965,0.6348051428794861
0.4280121326446533,0.6652011871337891,0.6348017454147339
0.40317636728286743,0.617022693157196,0.6347984075546265
0.45496755838394165,0.6015082597732544,0.634795069694519
0.38946881890296936,0.6915624737739563,0.6347917318344116
0.4299815893173218,0.7264214754104614,0.634788453578949
0.43324780464172363,0.7338592410087585,0.6347851753234863
0.4229153096675873,0.6662790775299072,0.6347818970680237
0.43803906440734863,0.7253760695457458,0.6347785592079163
0.43180325627326965,0.7382206320762634,0.6347753405570984
0.3899748623371124,0.6130760312080383,0.6347720623016357
0.4086693227291107,0.8089801073074341,0.6347686052322388
0.41642171144485474,0.7356656193733215,0.6347652077674866
0.40587955713272095,0.6930694580078125,0.6347619891166687
0.43771031498908997,0.6536173820495605,0.6347587704658508
0.4601443111896515,0.7293376326560974,0.6347554922103882
0.43482860922813416,0.6595521569252014,0.6347522139549255
0.4111746847629547,0.6607191562652588,0.6347487568855286
0.425386518239975,0.637641191482544,0.6347455382347107
0.4306508004665375,0.7146661281585693,0.6347420811653137
0.4480384886264801,0.611341655254364,0.6347386837005615
0.44720977544784546,0.6719709634780884,0.6347354054450989
0.4390082359313965,0.6952102780342102,0.6347323656082153
0.4157669246196747,0.6910941004753113,0.6347289085388184
0.40608131885528564,0.6195409297943115,0.6347256302833557
0.4210751950740814,0.6342067122459412,0.6347223520278931
0.4033465087413788,0.7260656356811523,0.6347190737724304
0.40674901008605957,0.5312777161598206,0.6347155570983887
0.3972261846065521,0.6184358596801758,0.6347124576568604
0.47019776701927185,0.6661626100540161,0.6347089409828186
0.43688416481018066,0.6752937436103821,0.634705662727356
0.4272741377353668,0.5981417894363403,0.6347022652626038
0.40257740020751953,0.7548470497131348,0.6346988677978516
0.43603843450546265,0.7236875891685486,0.6346955895423889
0.42666637897491455,0.6516128778457642,0.6346922516822815
0.42601823806762695,0.6265828013420105,0.6346888542175293
0.4174676239490509,0.6034814715385437,0.6346856951713562
0.4049729108810425,0.7085278630256653,0.6346821188926697
0.41567134857177734,0.7187191843986511,0.6346787810325623
0.4232567250728607,0.6343320608139038,0.6346753835678101
0.4416033625602722,0.6957312226295471,0.6346718668937683
0.42253783345222473,0.6241930723190308,0.6346685290336609
0.41533806920051575,0.7602934837341309,0.6346650719642639
0.431586354970932,0.6835313439369202,0.6346619129180908
0.4319421052932739,0.6294042468070984,0.6346585750579834
0.4383867383003235,0.618009090423584,0.6346553564071655
0.4008637070655823,0.726961612701416,0.6346520781517029
0.44028112292289734,0.6630182266235352,0.6346485614776611
0.4351860582828522,0.6242395639419556,0.634645402431488
0.4259519577026367,0.6811748743057251,0.6346421837806702
0.42637306451797485,0.7571778297424316,0.634638786315918
0.4162559509277344,0.6576038002967834,0.6346355080604553
0.44563761353492737,0.6412790417671204,0.6346321105957031
0.41740912199020386,0.6966964602470398,0.6346287131309509
0.45194652676582336,0.647071897983551,0.6346253752708435
0.40536218881607056,0.6201906800270081,0.6346219778060913
0.4267905652523041,0.6469668745994568,0.6346185803413391
0.4422237277030945,0.6046316027641296,0.634615421295166
0.4395347833633423,0.7287804484367371,0.6346120834350586
0.45444464683532715,0.677402138710022,0.6346087455749512
0.43724799156188965,0.6715114116668701,0.6346054673194885
0.4533051550388336,0.6252605319023132,0.6346021890640259
0.46128642559051514,0.6591559648513794,0.6345988512039185
0.4764725863933563,0.6972730755805969,0.6345955729484558
0.44414180517196655,0.6379531621932983,0.6345923542976379
0.4379657506942749,0.6464135646820068,0.6345892548561096
0.42278391122817993,0.7240050435066223,0.6345859169960022
0.4266977906227112,0.7488859295845032,0.6345828771591187
0.4376331567764282,0.639240562915802,0.634579598903656
0.4370620846748352,0.6231515407562256,0.6345763206481934
0.4227398633956909,0.7520591616630554,0.6345728635787964
0.44621512293815613,0.5926323533058167,0.6345697045326233
0.4519630968570709,0.7242929339408875,0.6345663666725159
0.4701586961746216,0.6854429841041565,0.6345629692077637
0.39296650886535645,0.5936304330825806,0.6345598697662354
0.42764827609062195,0.7190659046173096,0.6345567107200623
0.4108494818210602,0.6967230439186096,0.6345534920692444
0.42614638805389404,0.6650164723396301,0.6345502138137817
0.41336676478385925,0.6601583957672119,0.6345471143722534
0.4475340247154236,0.7548243403434753,0.634543776512146
0.4516814351081848,0.6383896470069885,0.6345404982566833
0.4300989806652069,0.6528415679931641,0.6345372200012207
0.41872715950012207,0.6344031095504761,0.6345338821411133
0.4153476357460022,0.6090815663337708,0.6345306634902954
0.4443632662296295,0.6445137858390808,0.6345272064208984
0.43217042088508606,0.6739827990531921,0.634523868560791
0.41508978605270386,0.6950797438621521,0.6345205903053284
0.46312886476516724,0.7046391367912292,0.6345174312591553
0.43808645009994507,0.6064950227737427,0.6345139145851135
0.45487865805625916,0.6444501876831055,0.6345106363296509
0.4429931640625,0.6468722224235535,0.6345072984695435
0.4430619776248932,0.6362958550453186,0.6345040798187256
0.43276897072792053,0.5438714027404785,0.6345007419586182
0.4255205988883972,0.6565771102905273,0.6344974637031555
0.4273086190223694,0.6584674715995789,0.6344942450523376
0.4263964891433716,0.6877006888389587,0.6344908475875854
0.4742767810821533,0.7232963442802429,0.6344878077507019
0.43040838837623596,0.6922414302825928,0.6344845294952393
0.4430379867553711,0.7310951352119446,0.6344811916351318
0.43169623613357544,0.7632342576980591,0.634477972984314
0.42223912477493286,0.6106780767440796,0.6344746947288513
0.4338543713092804,0.6667070984840393,0.6344713568687439
0.4451806843280792,0.6516965627670288,0.6344680786132812
0.41508424282073975,0.6809077858924866,0.6344649791717529
0.43433207273483276,0.6385265588760376,0.6344616413116455
0.41512352228164673,0.5709434151649475,0.6344583034515381
0.4045325219631195,0.7027829885482788,0.6344550848007202
0.42100057005882263,0.6375759840011597,0.6344519853591919
0.42167866230010986,0.6301668286323547,0.6344489455223083
0.47142359614372253,0.6807189583778381,0.6344456076622009
0.41089335083961487,0.6361917853355408,0.6344424486160278
0.38977596163749695,0.6807025074958801,0.6344390511512756
0.41749125719070435,0.6598132252693176,0.634435772895813
0.4463593661785126,0.6816586852073669,0.6344326138496399
0.43532711267471313,0.7046048045158386,0.6344291567802429
0.44484061002731323,0.6781935691833496,0.634425699710846
0.435514897108078,0.6709274053573608,0.6344223022460938
0.44444984197616577,0.6019412875175476,0.6344190239906311
0.4485180377960205,0.6791667342185974,0.6344157457351685
0.4487224519252777,0.7158958911895752,0.6344122886657715
0.4131443500518799,0.6523686647415161,0.6344087719917297
0.416005402803421,0.6315425038337708,0.6344054341316223
0.46620291471481323,0.6380444169044495,0.6344021558761597
0.43059712648391724,0.6710455417633057,0.6343989372253418
0.4240061342716217,0.7040396928787231,0.6343953609466553
0.44694480299949646,0.7617678642272949,0.6343920826911926
0.42715466022491455,0.5848069787025452,0.6343886852264404
0.445871502161026,0.6863577365875244,0.6343852877616882
0.43407976627349854,0.5878562927246094,0.634381890296936
0.4426482319831848,0.6451739072799683,0.6343783140182495
0.4533342719078064,0.5647776126861572,0.6343749165534973
0.4268353283405304,0.593963086605072,0.6343717575073242
0.43990057706832886,0.6199948191642761,0.6343684792518616
0.40939459204673767,0.5598800182342529,0.6343650221824646
0.4166731834411621,0.664359450340271,0.6343618035316467
0.4248276948928833,0.6252673268318176,0.6343584656715393
0.4381624460220337,0.6705732345581055,0.6343551874160767
0.422014445066452,0.6355265974998474,0.6343518495559692
0.4474785327911377,0.6840617060661316,0.6343485713005066
0.4143420159816742,0.7118678689002991,0.6343451738357544
0.4126894176006317,0.6946049928665161,0.6343418955802917
0.4264320731163025,0.6607882976531982,0.63433837890625
0.4179445505142212,0.6525906324386597,0.6343351602554321
0.4348733127117157,0.6810362935066223,0.6343318819999695
0.4130799174308777,0.7350096702575684,0.6343287229537964
0.4324073791503906,0.6616712808609009,0.6343255043029785
0.4468769431114197,0.6985428929328918,0.6343219876289368
0.4083345830440521,0.7474344968795776,0.6343187093734741
0.41537827253341675,0.7221536636352539,0.634315550327301
0.410286009311676,0.6132947206497192,0.6343122720718384
0.4714563190937042,0.7136885523796082,0.6343088746070862
0.42481178045272827,0.6876120567321777,0.6343055367469788
0.43688350915908813,0.7000873684883118,0.6343022584915161
0.4213895797729492,0.6006595492362976,0.6342991590499878
0.42541658878326416,0.679686427116394,0.6342957019805908
0.4310929477214813,0.6357339024543762,0.6342925429344177
0.40980809926986694,0.6318607926368713,0.634289026260376
0.41153475642204285,0.7489057779312134,0.6342857480049133
0.4311104416847229,0.687292218208313,0.6342824101448059
0.4476219713687897,0.6746215224266052,0.6342790722846985
0.41745904088020325,0.5947949290275574,0.6342757940292358
0.44012197852134705,0.6834251880645752,0.6342722773551941
0.4069397449493408,0.6299711465835571,0.6342690587043762
0.4177802503108978,0.7415457963943481,0.6342658400535583
0.4414574205875397,0.6445576548576355,0.6342624425888062
0.42653900384902954,0.7164589166641235,0.6342591643333435
0.42113858461380005,0.6338869333267212,0.6342558860778809
0.44734829664230347,0.6555873155593872,0.6342525482177734
0.43029287457466125,0.7401593923568726,0.6342493295669556
0.4287286400794983,0.6290327906608582,0.6342458128929138
0.4324505627155304,0.7102431654930115,0.6342424750328064
0.42156389355659485,0.6004511117935181,0.6342390775680542
0.4559710919857025,0.6787279844284058,0.6342356204986572
0.43985676765441895,0.6609089970588684,0.6342321634292603
0.4266934394836426,0.608098030090332,0.6342288851737976
0.45907512307167053,0.8096093535423279,0.6342256665229797
0.4120904207229614,0.7147353887557983,0.6342225074768066
0.42748790979385376,0.592575192451477,0.6342192888259888
0.4159359037876129,0.6743065118789673,0.6342161297798157
0.45328137278556824,0.6305784583091736,0.6342127919197083
0.41813015937805176,0.6413701176643372,0.6342095732688904
0.4317914843559265,0.6280400156974792,0.6342060565948486
0.424165815114975,0.6400245428085327,0.6342028379440308
0.4679926037788391,0.7887824177742004,0.6341996788978577
0.4685182273387909,0.6971239447593689,0.6341962814331055
0.44732484221458435,0.7179140448570251,0.634192943572998
0.42703402042388916,0.67817622423172,0.6341896653175354
0.40690743923187256,0.713019847869873,0.634186327457428
0.4175489842891693,0.6765772104263306,0.6341831088066101
0.43827179074287415,0.6056079268455505,0.6341796517372131
0.44911208748817444,0.6562463641166687,0.6341765522956848
0.46120452880859375,0.6243806481361389,0.6341730952262878
0.41976314783096313,0.710177481174469,0.6341698169708252
0.47074320912361145,0.6679956912994385,0.634166419506073
0.40714123845100403,0.6914134621620178,0.6341630220413208
0.4179117679595947,0.7412441968917847,0.6341598033905029
0.4283735752105713,0.6984617710113525,0.634156346321106
0.4212423264980316,0.7182157039642334,0.6341532468795776
0.4250413179397583,0.6222142577171326,0.6341498494148254
0.4209948778152466,0.6834989786148071,0.6341465711593628
0.4300813376903534,0.7116725444793701,0.6341431736946106
0.42442014813423157,0.7049559950828552,0.6341400742530823
0.3951869308948517,0.6866929531097412,0.6341367959976196
0.4433969259262085,0.6168181896209717,0.6341333985328674
0.419765830039978,0.6827574968338013,0.6341302394866943
0.41611164808273315,0.6334941387176514,0.6341268420219421
0.4334527552127838,0.7043985724449158,0.6341236233711243
0.43139293789863586,0.6240246295928955,0.6341202259063721
0.4215846061706543,0.6286935210227966,0.6341168880462646
0.4112670123577118,0.6022196412086487,0.634113609790802
0.4098109006881714,0.6193995475769043,0.6341104507446289
0.3981366455554962,0.6583371162414551,0.6341070532798767
0.39993128180503845,0.5648233890533447,0.6341037154197693
0.44241783022880554,0.6581445932388306,0.6341003775596619
0.44237610697746277,0.6683412194252014,0.634097158908844
0.4238230288028717,0.6972444653511047,0.6340938806533813
0.43164077401161194,0.6307731866836548,0.6340904235839844
0.4514462351799011,0.6212260127067566,0.634087324142456
0.4585753381252289,0.6055648326873779,0.6340839266777039
0.4130336046218872,0.6476611495018005,0.6340806484222412
0.41181549429893494,0.6218299269676208,0.6340773701667786
0.4130648970603943,0.6432218551635742,0.6340740919113159
0.4199971556663513,0.6991774439811707,0.6340707540512085
0.4188064634799957,0.6413093209266663,0.6340674757957458
0.4372836947441101,0.6649059653282166,0.634064257144928
0.44226720929145813,0.689644455909729,0.6340608596801758
0.44667959213256836,0.6395591497421265,0.6340575814247131
0.4362955391407013,0.6959785223007202,0.6340544819831848
0.4031684398651123,0.6020962595939636,0.6340512633323669
0.44033676385879517,0.7061350345611572,0.6340479850769043
0.4187937378883362,0.6656844615936279,0.6340448260307312
0.45652008056640625,0.6844844818115234,0.6340415477752686
0.41600266098976135,0.6614916324615479,0.6340383291244507
0.4156828820705414,0.6426801681518555,0.6340349316596985
0.45804837346076965,0.6845481395721436,0.6340316534042358
0.4053836762905121,0.720539391040802,0.6340281963348389
0.39039677381515503,0.6269491314888,0.6340248584747314
0.4421103894710541,0.6196815967559814,0.6340214610099792
0.43723711371421814,0.7399961948394775,0.6340181827545166
0.41913753747940063,0.5920631289482117,0.634014904499054
0.41761448979377747,0.7409933805465698,0.6340116858482361
0.4523790180683136,0.7463164925575256,0.6340084075927734
0.40201860666275024,0.639809787273407,0.6340049505233765
0.4337368905544281,0.6749275922775269,0.6340017318725586
0.40995123982429504,0.6446896195411682,0.6339981555938721
0.4296724498271942,0.644646406173706,0.6339946985244751
0.42714187502861023,0.6934335827827454,0.6339914202690125
0.4352881908416748,0.6827881336212158,0.6339880228042603
0.41075965762138367,0.6188916563987732,0.6339850425720215
0.42284882068634033,0.6567031741142273,0.6339816451072693
0.4312504231929779,0.6580625772476196,0.6339784860610962
0.4368538558483124,0.6618444919586182,0.6339752674102783
0.43228715658187866,0.7238538265228271,0.6339719891548157
0.4074787199497223,0.6270900368690491,0.6339687705039978
0.48463401198387146,0.68246990442276,0.6339654922485352
0.45756062865257263,0.6615049242973328,0.6339621543884277
0.43809133768081665,0.7385274171829224,0.6339589953422546
0.44071102142333984,0.6055686473846436,0.633955717086792
0.44173142313957214,0.5995582342147827,0.6339525580406189
0.43173280358314514,0.5987610220909119,0.6339495182037354
0.4194573760032654,0.6633780598640442,0.6339462399482727
0.41815683245658875,0.7580264210700989,0.6339430809020996
0.46427613496780396,0.6412374973297119,0.633939802646637
0.4296267330646515,0.6515204310417175,0.6339365839958191
0.4511944651603699,0.6111579537391663,0.6339333057403564
0.4303491413593292,0.685491144657135,0.633929967880249
0.42168930172920227,0.7657917141914368,0.6339266300201416
0.41655007004737854,0.673136293888092,0.6339234113693237
0.4241747260093689,0.6169251799583435,0.6339201331138611
0.3976285457611084,0.6708584427833557,0.6339170336723328
0.4398675560951233,0.6667258143424988,0.6339137554168701
0.4269126057624817,0.6317248344421387,0.6339107751846313
0.4413028061389923,0.6568531394004822,0.6339073777198792
0.442498117685318,0.5937482118606567,0.6339041590690613
0.424641877412796,0.6542348861694336,0.6339010000228882
0.41932085156440735,0.6989572048187256,0.6338977813720703
0.44923830032348633,0.6504848599433899,0.6338942050933838
0.4520018994808197,0.6846925020217896,0.6338911056518555
0.41001763939857483,0.5955443382263184,0.6338876485824585
0.3765416443347931,0.6875148415565491,0.6338844895362854
0.44170135259628296,0.6462764143943787,0.6338812112808228
0.41451433300971985,0.5823544859886169,0.6338781118392944
0.41000738739967346,0.5893068909645081,0.633874773979187
0.46087780594825745,0.759347677230835,0.6338716745376587
0.4089740812778473,0.6043030023574829,0.6338684558868408
0.42795589566230774,0.7032605409622192,0.6338649988174438
0.4296294152736664,0.6957118511199951,0.633861780166626
0.41440632939338684,0.6624189615249634,0.633858323097229
0.430554062128067,0.6964581608772278,0.6338551044464111
0.40938806533813477,0.6480196714401245,0.633851945400238
0.45052093267440796,0.661245584487915,0.6338486671447754
0.4282408654689789,0.6584404110908508,0.6338455677032471
0.4187318980693817,0.7053788304328918,0.6338422298431396
0.4235628545284271,0.6087992191314697,0.6338388323783875
0.4334713816642761,0.6429583430290222,0.6338356733322144
0.4250670075416565,0.7113286256790161,0.6338324546813965
0.4328274726867676,0.6347318887710571,0.6338289380073547
0.3818656802177429,0.7361685633659363,0.6338258385658264
0.44468095898628235,0.6687769293785095,0.633822500705719
0.4541745185852051,0.660466194152832,0.6338194012641907
0.41881799697875977,0.6425467133522034,0.633816123008728
0.4150732457637787,0.6669115424156189,0.6338129043579102
0.39386919140815735,0.6820133924484253,0.6338096857070923
0.3963433802127838,0.6314393877983093,0.6338064670562744
0.4314526915550232,0.6795991659164429,0.6338031888008118
0.4561974108219147,0.7852286696434021,0.6337999701499939
0.4301063120365143,0.6526911854743958,0.6337965726852417
0.4243585169315338,0.7132619023323059,0.6337933540344238
0.4592282176017761,0.6490315198898315,0.6337900161743164
0.44261202216148376,0.6637990474700928,0.6337867975234985
0.46667227149009705,0.6169555187225342,0.6337834000587463
0.425025075674057,0.6483716368675232,0.6337803602218628
0.4162515103816986,0.6935282945632935,0.6337769031524658
0.4210377037525177,0.6292330622673035,0.6337736248970032
0.422977089881897,0.5841083526611328,0.6337701678276062
0.436065673828125,0.701458752155304,0.633766770362854
0.4257993698120117,0.6294275522232056,0.6337635517120361
0.44718867540359497,0.7009934782981873,0.6337602138519287
0.45109283924102783,0.6550436019897461,0.6337569952011108
0.4198598861694336,0.6518415212631226,0.6337536573410034
0.4251040816307068,0.6113854646682739,0.6337504982948303
0.42295676469802856,0.6868464946746826,0.6337472200393677
0.471170574426651,0.6575227975845337,0.6337438821792603
0.4023641049861908,0.6267130374908447,0.6337404847145081
0.4286454916000366,0.6170377135276794,0.6337371468544006
0.4772465229034424,0.6314445734024048,0.6337339878082275
0.4184306561946869,0.5738175511360168,0.6337306499481201
0.40868809819221497,0.6698619723320007,0.633727490901947
0.397274911403656,0.746590256690979,0.6337242126464844
0.4102618396282196,0.6705557107925415,0.6337209939956665
0.4351934790611267,0.61957186460495,0.6337175369262695
0.45325902104377747,0.613208532333374,0.6337143182754517
0.4135700464248657,0.6347353458404541,0.633711040019989
0.4430290758609772,0.6212480664253235,0.6337077617645264
0.4293132722377777,0.6330534219741821,0.633704662322998
0.42150184512138367,0.6704598069190979,0.6337013244628906
0.445367693901062,0.5977307558059692,0.6336981654167175
0.455319881439209,0.6907297372817993,0.6336950063705444
0.44434043765068054,0.6173349022865295,0.6336917281150818
0.4157091975212097,0.6556334495544434,0.6336885094642639
0.422525554895401,0.6236537098884583,0.633685290813446
0.42168760299682617,0.6356455087661743,0.6336821913719177
0.4431610107421875,0.6055179834365845,0.6336789727210999
0.4190361201763153,0.720040500164032,0.6336756348609924
0.4096776247024536,0.6769623160362244,0.6336724758148193
0.42254874110221863,0.6030657887458801,0.6336693167686462
0.4208316206932068,0.5893739461898804,0.6336660981178284
0.41118761897087097,0.7597405314445496,0.6336628794670105
0.42648762464523315,0.6302376389503479,0.6336597204208374
0.4203075170516968,0.6518861055374146,0.63365638256073
0.4179994463920593,0.7224712371826172,0.6336531639099121
0.45801472663879395,0.6024298667907715,0.633650004863739
0.4338223338127136,0.6803978085517883,0.6336466670036316
0.44459474086761475,0.6454738974571228,0.6336433291435242
0.4523586630821228,0.611788809299469,0.6336401104927063
0.4387989938259125,0.6186584234237671,0.6336368918418884
0.4457194209098816,0.6809794902801514,0.6336337327957153
0.4336046576499939,0.6090546250343323,0.6336304545402527
0.4386027753353119,0.6917428374290466,0.63362717628479
0.41550302505493164,0.6731410622596741,0.6336240768432617
0.43497082591056824,0.6895352602005005,0.6336206793785095
0.42282792925834656,0.7673194408416748,0.6336174607276917
0.39474472403526306,0.6900248527526855,0.6336141228675842
0.4365624487400055,0.6325489282608032,0.6336109042167664
0.42620861530303955,0.7039870619773865,0.6336075663566589
0.3986372649669647,0.764634907245636,0.633604109287262
0.43038371205329895,0.6180397868156433,0.6336009502410889
0.46038520336151123,0.7068396806716919,0.633597731590271
0.4190607964992523,0.6624073386192322,0.6335945129394531
0.4637542963027954,0.6788473129272461,0.6335912346839905
0.4199550449848175,0.6268100142478943,0.6335882544517517
0.42560258507728577,0.8047975897789001,0.6335849761962891
0.4119004011154175,0.6599932312965393,0.6335815787315369
0.4329948425292969,0.6290562748908997,0.6335785984992981
0.40562543272972107,0.5886765122413635,0.6335753202438354
0.4574114680290222,0.6308860182762146,0.6335721611976624
0.43471699953079224,0.6167344450950623,0.6335688233375549
0.4296296238899231,0.6925371885299683,0.6335656642913818
0.4643963873386383,0.6510738134384155,0.6335625648498535
0.42496126890182495,0.6196803450584412,0.6335591673851013
0.42710521817207336,0.6748796701431274,0.6335560083389282
0.43213409185409546,0.6433711647987366,0.6335527896881104
0.42062464356422424,0.6136376857757568,0.6335496306419373
0.4632126986980438,0.6032552123069763,0.6335465312004089
0.4273211359977722,0.7427618503570557,0.6335433721542358
0.43361905217170715,0.7584657073020935,0.633540153503418
0.4010312855243683,0.6505671143531799,0.6335369944572449
0.3927074670791626,0.6566046476364136,0.6335338354110718
0.40715768933296204,0.6179409623146057,0.6335306167602539
0.4291113317012787,0.6295855641365051,0.6335274577140808
0.4290615916252136,0.6144925355911255,0.6335243582725525
0.41060253977775574,0.6244242787361145,0.6335212588310242
0.4554573595523834,0.5708786845207214,0.6335180997848511
0.4203678369522095,0.6352922320365906,0.6335150003433228
0.4412457346916199,0.6496367454528809,0.6335118412971497
0.41299232840538025,0.7251575589179993,0.633508563041687
0.4302677512168884,0.6901631355285645,0.6335052251815796
0.4509960114955902,0.6909119486808777,0.6335018277168274
0.47427603602409363,0.7310312986373901,0.6334987878799438
0.44614875316619873,0.6771279573440552,0.6334953904151917
0.45409154891967773,0.6172410249710083,0.6334920525550842
0.4318554401397705,0.7821691036224365,0.6334890127182007
0.4119299054145813,0.6634597182273865,0.6334856748580933
0.42524123191833496,0.6677442193031311,0.6334822773933411
0.44746676087379456,0.647715151309967,0.633479118347168
0.42250677943229675,0.7361412048339844,0.633475661277771
0.40840545296669006,0.788178026676178,0.6334723830223083
0.4302677512168884,0.647648274898529,0.6334689855575562
0.4266699254512787,0.677384614944458,0.6334657073020935
0.4553031623363495,0.7341366410255432,0.6334624290466309
0.43816742300987244,0.6535341143608093,0.633459210395813
0.46832892298698425,0.7355450391769409,0.6334559321403503
0.4464455842971802,0.6441803574562073,0.6334527730941772
0.4116218090057373,0.6423592567443848,0.6334495544433594
0.4652586877346039,0.681022584438324,0.6334461569786072
0.4403008222579956,0.6784026622772217,0.6334428191184998
0.4089842736721039,0.5738829970359802,0.6334396600723267
0.4382585287094116,0.6811840534210205,0.6334362626075745
0.4494573175907135,0.6937888264656067,0.6334329843521118
0.4226268231868744,0.6315829157829285,0.6334296464920044
0.4342358410358429,0.7142621874809265,0.6334263682365417
0.405481219291687,0.7059741020202637,0.6334232687950134
0.4412235617637634,0.7621714472770691,0.633419930934906
0.4265829622745514,0.648260235786438,0.6334166526794434
0.43983298540115356,0.5684971213340759,0.6334134340286255
0.41948169469833374,0.7770609259605408,0.6334102749824524
0.4233008027076721,0.6742553114891052,0.6334068179130554
0.45843151211738586,0.6082188487052917,0.633403480052948
0.42876100540161133,0.5786383748054504,0.6334002614021301
0.44738033413887024,0.6402548551559448,0.6333968639373779
0.4256189167499542,0.642151415348053,0.6333937644958496
0.47628262639045715,0.7280184030532837,0.6333903074264526
0.4503684639930725,0.6458732485771179,0.6333872079849243
0.4170618951320648,0.6047228574752808,0.6333841681480408
0.43954724073410034,0.6024112105369568,0.6333810091018677
0.41093602776527405,0.6713261604309082,0.6333776712417603
0.4402981698513031,0.6941527128219604,0.6333743333816528
0.4258558750152588,0.6896958947181702,0.6333714723587036
0.4385118782520294,0.6132168769836426,0.633368194103241
0.4476013779640198,0.7301852703094482,0.6333650350570679
0.4433893859386444,0.6859379410743713,0.6333616971969604
0.4285326302051544,0.6356782913208008,0.6333586573600769
0.4280872642993927,0.6116371750831604,0.6333554983139038
0.4378112852573395,0.615062952041626,0.6333523392677307
0.40826934576034546,0.6694589853286743,0.6333492398262024
0.4292125403881073,0.7176070213317871,0.6333460211753845
0.4377025365829468,0.6876105666160583,0.6333425045013428
0.4288123548030853,0.5345388054847717,0.6333394646644592
0.41793882846832275,0.6522566080093384,0.6333362460136414
0.42711395025253296,0.7326311469078064,0.6333330869674683
0.4332880675792694,0.6224737167358398,0.6333298087120056
0.40396648645401,0.5984569787979126,0.6333265900611877
0.43433788418769836,0.6575499773025513,0.633323609828949
0.45402446389198303,0.6182457804679871,0.6333203911781311
0.4210420548915863,0.6680538058280945,0.6333171129226685
0.4612199068069458,0.6063002943992615,0.6333140730857849
0.44506216049194336,0.715667188167572,0.6333107352256775
0.44341903924942017,0.5551770925521851,0.6333076357841492
0.4383108615875244,0.6180937886238098,0.6333044767379761
0.4255937337875366,0.687316358089447,0.6333011984825134
0.425437331199646,0.7124523520469666,0.6332981586456299
0.4171901345252991,0.6505323648452759,0.6332948803901672
0.40869376063346863,0.6565414071083069,0.6332916617393494
0.44468429684638977,0.6656224131584167,0.6332884430885315
0.44508880376815796,0.7136238217353821,0.6332852244377136
0.4409143626689911,0.6315458416938782,0.6332821249961853
0.4001280963420868,0.6500289440155029,0.633279025554657
0.4025757312774658,0.6502678394317627,0.63327556848526
0.4082767367362976,0.6534807682037354,0.6332724690437317
0.3958578407764435,0.6449478268623352,0.633269190788269
0.4356236457824707,0.6463919878005981,0.633266031742096
0.4443170130252838,0.7572016716003418,0.6332628130912781
0.4371044933795929,0.7322415113449097,0.6332595944404602
0.4436507225036621,0.6293898224830627,0.6332564353942871
0.45084428787231445,0.6122912168502808,0.633253276348114
0.44717493653297424,0.6683616042137146,0.6332499980926514
0.430594801902771,0.6240838766098022,0.6332468390464783
0.46272167563438416,0.6368952989578247,0.6332434415817261
0.46341732144355774,0.665179967880249,0.6332403421401978
0.4358852207660675,0.7215049266815186,0.6332369446754456
0.4244646728038788,0.5925306081771851,0.6332337260246277
0.4313822090625763,0.7077131271362305,0.633230447769165
0.42954662442207336,0.6681178212165833,0.6332271099090576
0.4217458963394165,0.665027916431427,0.6332239508628845
0.41936370730400085,0.6013503074645996,0.6332207918167114
0.4292471408843994,0.6211293339729309,0.6332173347473145
0.4357014000415802,0.5726631283760071,0.6332140564918518
0.4358360767364502,0.6614299416542053,0.6332108378410339
0.41901135444641113,0.6328474879264832,0.6332076787948608
0.4106665253639221,0.5793825387954712,0.6332045197486877
0.40752479434013367,0.6208527684211731,0.6332013010978699
0.42772603034973145,0.6094628572463989,0.6331979036331177
0.3966964781284332,0.6366543173789978,0.6331945657730103
0.4353657066822052,0.6552289724349976,0.6331914067268372
0.413053959608078,0.6770939230918884,0.6331882476806641
0.42737650871276855,0.6692684888839722,0.6331849694252014
0.43635815382003784,0.6054576635360718,0.6331817507743835
0.40910059213638306,0.6589388847351074,0.6331782341003418
0.42752915620803833,0.6465495824813843,0.6331750154495239
0.43656352162361145,0.6059949994087219,0.6331718564033508
0.4447346031665802,0.6344311833381653,0.6331685781478882
0.4182092845439911,0.6960996985435486,0.6331654787063599
0.43396392464637756,0.663001298904419,0.6331622004508972
0.42088648676872253,0.7612913846969604,0.6331589221954346
0.43880346417427063,0.6313048601150513,0.6331558227539062
0.4378502368927002,0.6270228028297424,0.6331525444984436
0.4057319760322571,0.628679096698761,0.6331495046615601
0.43843719363212585,0.6583001017570496,0.6331461668014526
0.41776785254478455,0.6384279131889343,0.6331431269645691
0.4198419451713562,0.7286511659622192,0.6331397891044617
0.4361605942249298,0.7333700656890869,0.6331367492675781
0.4380907714366913,0.6786723136901855,0.6331334710121155
0.4338867664337158,0.6527214050292969,0.6331301331520081
0.431695818901062,0.6489415764808655,0.6331269145011902
0.4181719720363617,0.6117143034934998,0.6331237554550171
0.43577608466148376,0.6126259565353394,0.6331204175949097
0.4177582859992981,0.6921155452728271,0.6331173777580261
0.42809683084487915,0.6435187458992004,0.633114218711853
0.43601125478744507,0.661063551902771,0.6331110596656799
0.4329233765602112,0.5580319166183472,0.6331077218055725
0.4282686412334442,0.6811835765838623,0.6331045627593994
0.4371227025985718,0.7019784450531006,0.6331014037132263
0.4323272705078125,0.6778367161750793,0.6330981254577637
0.44590994715690613,0.7204663753509521,0.633094847202301
0.4466194212436676,0.6083458662033081,0.6330915093421936
0.41297441720962524,0.6811598539352417,0.6330882906913757
0.43825989961624146,0.6082093715667725,0.6330851316452026
0.4112842082977295,0.6886048913002014,0.63308185338974
0.43397197127342224,0.7159281969070435,0.6330787539482117
0.43084606528282166,0.6399731040000916,0.6330755949020386
0.3835126757621765,0.6709586977958679,0.6330723762512207
0.46679896116256714,0.6029576063156128,0.6330691576004028
0.40733370184898376,0.6214677691459656,0.6330657005310059
0.42494168877601624,0.6612751483917236,0.633062481880188
0.41643524169921875,0.7344253063201904,0.6330593228340149
0.4542413353919983,0.6497224569320679,0.6330560445785522
0.4305253326892853,0.677187442779541,0.6330527663230896
0.42681726813316345,0.660608172416687,0.6330495476722717
0.4641033411026001,0.6612920761108398,0.6330463290214539
0.4304237961769104,0.6085191369056702,0.6330431699752808
0.42257001996040344,0.6579323410987854,0.6330397129058838
0.45109060406684875,0.7304208874702454,0.6330366730690002
0.455657958984375,0.6632951498031616,0.6330333352088928
0.38883572816848755,0.572432279586792,0.6330299973487854
0.4302178919315338,0.663632869720459,0.6330268383026123
0.43454429507255554,0.6856504082679749,0.6330236196517944
0.4522891342639923,0.6481809616088867,0.6330203413963318
0.415988564491272,0.6113797426223755,0.6330172419548035
0.41073742508888245,0.6803537011146545,0.6330140829086304
0.43006786704063416,0.730561375617981,0.633010983467102
0.41892731189727783,0.6553894281387329,0.6330077648162842
0.4066457748413086,0.5939003229141235,0.6330046057701111
0.41509297490119934,0.644088089466095,0.6330013275146484
0.426494300365448,0.6845122575759888,0.6329983472824097
0.4405618906021118,0.5501493215560913,0.6329951882362366
0.42364299297332764,0.7394029498100281,0.6329919099807739
0.4827558398246765,0.7221130728721619,0.6329885721206665
0.4281020760536194,0.6432787775993347,0.6329854130744934
0.4198705554008484,0.6747617721557617,0.6329821944236755
0.4246028661727905,0.6391218900680542,0.6329789161682129
0.440395325422287,0.6962317824363708,0.6329757571220398
0.41315364837646484,0.7422759532928467,0.6329724788665771
0.47064006328582764,0.6800304651260376,0.632969319820404
0.444114089012146,0.657270610332489,0.6329660415649414
0.40559932589530945,0.6173885464668274,0.6329627633094788
0.41757652163505554,0.7503167390823364,0.6329596042633057
0.44583752751350403,0.6759385466575623,0.6329562067985535
0.41020411252975464,0.6137812733650208,0.6329530477523804
0.4455338716506958,0.6369267106056213,0.6329498291015625
0.4040178656578064,0.6694795489311218,0.6329466104507446
0.4293510913848877,0.5700156688690186,0.6329434514045715
0.43842366337776184,0.6363696455955505,0.6329402327537537
0.44557979702949524,0.6176913976669312,0.6329370141029358
0.4583930969238281,0.6926272511482239,0.6329338550567627
0.47399765253067017,0.6718597412109375,0.6329307556152344
0.4213894009590149,0.7306001782417297,0.6329274773597717
0.40625715255737305,0.6824753880500793,0.6329243779182434
0.42900675535202026,0.7585949301719666,0.6329212784767151
0.4269956946372986,0.5760385394096375,0.6329180002212524
0.48569124937057495,0.5918800830841064,0.6329149007797241
0.4224761128425598,0.8272652626037598,0.632911741733551
0.44359254837036133,0.5977810621261597,0.6329085826873779
0.39499181509017944,0.6711689829826355,0.6329053640365601
0.4227965772151947,0.6728670001029968,0.6329020261764526
0.4406032860279083,0.7259688973426819,0.6328988671302795
0.4543573558330536,0.6577784419059753,0.6328956484794617
0.4222162365913391,0.7013837099075317,0.6328924894332886
0.4311697483062744,0.5880575180053711,0.6328893303871155
0.46432405710220337,0.6312093138694763,0.6328861713409424
0.4371298849582672,0.6681584715843201,0.6328832507133484
0.40802001953125,0.7018975615501404,0.6328798532485962
0.41472312808036804,0.6146635413169861,0.6328768134117126
0.4115610420703888,0.6789969205856323,0.6328736543655396
0.4221264123916626,0.656087338924408,0.6328704953193665
0.43255677819252014,0.6411470770835876,0.6328672766685486
0.40352070331573486,0.616268515586853,0.6328641176223755
0.4337533712387085,0.6763519048690796,0.6328608989715576
0.4433448314666748,0.6576009392738342,0.6328578591346741
0.40788722038269043,0.5953765511512756,0.6328547596931458
0.4527367651462555,0.6507563591003418,0.6328514814376831
0.443718820810318,0.6680005788803101,0.6328481435775757
0.45514243841171265,0.7261385321617126,0.6328452229499817
0.3944244086742401,0.6954135894775391,0.6328420042991638
0.49108195304870605,0.6221981048583984,0.632838785648346
0.39814648032188416,0.617993950843811,0.6328356266021729
0.3963016867637634,0.616324782371521,0.6328324675559998
0.39523205161094666,0.5657862424850464,0.6328292489051819
0.4521162509918213,0.6289652585983276,0.632826030254364
0.43339574337005615,0.7044862508773804,0.6328228712081909
0.4185042977333069,0.6373350024223328,0.632819414138794
0.3925636410713196,0.690664529800415,0.6328162550926208
0.43561315536499023,0.6732581257820129,0.6328130960464478
0.4282606542110443,0.6752586960792542,0.6328098177909851
0.4074830114841461,0.6021355986595154,0.632806658744812
0.41972678899765015,0.7499338388442993,0.6328035593032837
0.4538251459598541,0.6982330679893494,0.6328002214431763
0.42294740676879883,0.7466192841529846,0.6327970623970032
0.44531702995300293,0.6472621560096741,0.6327939629554749
0.4020287096500397,0.8301966786384583,0.6327908635139465
0.42689332365989685,0.6270970702171326,0.6327874660491943
0.4220261871814728,0.5638693571090698,0.6327842473983765
0.41898059844970703,0.7336627840995789,0.6327812075614929
0.4047996997833252,0.67924565076828,0.6327781081199646
0.4623619616031647,0.6632086634635925,0.6327750086784363
0.4414317309856415,0.6413407921791077,0.6327717900276184
0.4384479522705078,0.738290011882782,0.6327685713768005
0.4342448115348816,0.6690987348556519,0.6327653527259827
0.40226322412490845,0.6458103060722351,0.63276207447052
0.42957738041877747,0.656337320804596,0.6327589750289917
0.40287765860557556,0.6697568893432617,0.6327556371688843
0.43823570013046265,0.7412310242652893,0.6327524185180664
0.4271618723869324,0.6552592515945435,0.632749080657959
0.4080975353717804,0.6314772367477417,0.6327458024024963
0.4026101231575012,0.5752786993980408,0.6327423453330994
0.408267617225647,0.6689527630805969,0.632739245891571
0.454378217458725,0.643729031085968,0.6327359676361084
0.4710853099822998,0.6500780582427979,0.632732629776001
0.4550676643848419,0.637873113155365,0.6327294707298279
0.4226250946521759,0.6410679221153259,0.63272625207901
0.45711997151374817,0.660484790802002,0.6327229738235474
0.42919906973838806,0.7114822864532471,0.6327196359634399
0.4193216860294342,0.640018105506897,0.6327165365219116
0.42011311650276184,0.6649176478385925,0.632713258266449
0.4373759627342224,0.6275913715362549,0.6327100396156311
0.43037715554237366,0.6005139350891113,0.6327069401741028
0.4075103998184204,0.6577074527740479,0.6327038407325745
0.4334794282913208,0.6928535103797913,0.6327006816864014
0.433049738407135,0.6813139319419861,0.6326975226402283
0.41218307614326477,0.6752312183380127,0.6326945424079895
0.4311774671077728,0.5699579119682312,0.6326913237571716
0.4698285162448883,0.6594571471214294,0.6326879858970642
0.42248430848121643,0.725516676902771,0.6326847672462463
0.41079553961753845,0.6569126844406128,0.632681667804718
0.45007264614105225,0.67978435754776,0.6326785087585449
0.41931721568107605,0.7045173645019531,0.6326753497123718
0.42839086055755615,0.6596054434776306,0.6326722502708435
0.4045780599117279,0.6553987860679626,0.6326688528060913
0.4272177219390869,0.6030673980712891,0.6326656937599182
0.43962210416793823,0.6511257290840149,0.6326623558998108
0.40025243163108826,0.6182776689529419,0.6326590180397034
0.37843549251556396,0.6566214561462402,0.6326555013656616
0.4363953769207001,0.6799107789993286,0.6326522827148438
0.4050048589706421,0.5978803038597107,0.6326490044593811
0.4115906059741974,0.6748682260513306,0.6326455473899841
0.40202322602272034,0.711264431476593,0.6326424479484558
0.427920937538147,0.6030758023262024,0.6326391696929932
0.3987608850002289,0.8262500762939453,0.6326359510421753
0.4596664607524872,0.6551946401596069,0.6326325535774231
0.42962926626205444,0.6574088931083679,0.6326292753219604
0.4429495930671692,0.6079645156860352,0.6326261162757874
0.44654980301856995,0.6661505699157715,0.6326228380203247
0.4609798789024353,0.591644823551178,0.6326196193695068
0.42199811339378357,0.7035561800003052,0.6326164603233337
0.4348395764827728,0.6474654078483582,0.6326131820678711
0.43361079692840576,0.7401030659675598,0.632610023021698
0.4226585030555725,0.6049067974090576,0.6326066255569458
0.4448438584804535,0.6124986410140991,0.6326035857200623
0.4244117736816406,0.649329662322998,0.6326003670692444
0.4316548705101013,0.7301129102706909,0.6325972080230713
0.4335429072380066,0.5558182597160339,0.6325939893722534
0.4080702066421509,0.5073743462562561,0.6325908303260803
0.43905290961265564,0.6656240820884705,0.6325876712799072
0.4498220384120941,0.6464658975601196,0.6325845122337341
0.40932905673980713,0.6271889805793762,0.6325814127922058
0.44416749477386475,0.6560607552528381,0.6325782537460327
0.43000462651252747,0.6387108564376831,0.6325750350952148
0.4164328873157501,0.5705216526985168,0.6325717568397522
0.4245494306087494,0.672749936580658,0.6325685977935791
0.40816423296928406,0.6595531702041626,0.6325653195381165
0.411281555891037,0.7531135082244873,0.6325621008872986
0.39957502484321594,0.7129406332969666,0.6325587034225464
0.42032986879348755,0.6198341250419617,0.6325556635856628
0.41401222348213196,0.6423636674880981,0.6325525045394897
0.45466798543930054,0.6755481362342834,0.6325492262840271
0.4134049713611603,0.6789517402648926,0.6325460076332092
0.4136609435081482,0.7080876231193542,0.6325429081916809
0.4181199371814728,0.7071934938430786,0.6325395107269287
0.4253898561000824,0.6230044364929199,0.6325362920761108
0.4585820734500885,0.6049961447715759,0.632533073425293
0.44336387515068054,0.6603975296020508,0.6325298547744751
0.4615727961063385,0.6601511240005493,0.6325266361236572
0.43493881821632385,0.6894163489341736,0.6325235366821289
0.4433715045452118,0.6590771079063416,0.6325201988220215
0.40195944905281067,0.6514712572097778,0.6325170993804932
0.42708274722099304,0.6275924444198608,0.6325139999389648
0.43168818950653076,0.6381147503852844,0.6325108408927917
0.4197750985622406,0.5599020719528198,0.6325075030326843
0.41900143027305603,0.7375444769859314,0.6325042843818665
0.4108007550239563,0.6570277214050293,0.6325011849403381
0.4347022473812103,0.7116051316261292,0.6324981451034546
0.41988834738731384,0.6879571080207825,0.6324949860572815
0.4667339324951172,0.664270281791687,0.6324917078018188
0.4404416084289551,0.6128928065299988,0.632488489151001
0.4251157343387604,0.6584566235542297,0.6324853897094727
