0.6990179419517517,10.625696182250977,0.5095210671424866
0.7014158368110657,9.670655250549316,0.5095208883285522
0.6985822319984436,9.679366111755371,0.5095206499099731
0.6900022029876709,11.160499572753906,0.5095206499099731
0.680700421333313,8.143665313720703,0.5095206499099731
0.6922230124473572,8.304360389709473,0.5095205307006836
0.6938953995704651,7.428862571716309,0.5095203518867493
0.6838505268096924,8.880036354064941,0.5095203518867493
0.681081235408783,8.503878593444824,0.5095201730728149
0.6809043884277344,8.442749977111816,0.5095199942588806
0.6947597861289978,6.139608860015869,0.5095197558403015
0.687006950378418,6.55348539352417,0.509519636631012
0.6770407557487488,7.090378284454346,0.509519636631012
0.6762012839317322,6.134406089782715,0.5095193982124329
0.6858940124511719,5.715695381164551,0.5095191597938538
0.6825177073478699,5.797558784484863,0.509519100189209
0.6689674258232117,5.777944087982178,0.5095189809799194
0.6580034494400024,6.0619354248046875,0.5095187425613403
0.6723252534866333,5.170318603515625,0.5095188021659851
0.6582707166671753,5.327348709106445,0.5095183849334717
0.6521693468093872,6.032740592956543,0.5095181465148926
0.6673966646194458,5.38467264175415,0.5095179677009583
0.6592840552330017,3.871812343597412,0.5095176696777344
0.6487983465194702,5.014274597167969,0.5095173120498657
0.6531761288642883,3.6439573764801025,0.5095170140266418
0.6465678215026855,4.98171854019165,0.5095165371894836
0.6554765105247498,4.1663641929626465,0.509516179561615
0.6551893353462219,3.951545238494873,0.5095157623291016
0.6426207423210144,4.382321357727051,0.5095154643058777
0.6371673345565796,4.782898426055908,0.5095150470733643
0.64433753490448,4.624575138092041,0.5095147490501404
0.633338987827301,5.70440149307251,0.5095142126083374
0.6515135169029236,4.809239387512207,0.509513795375824
0.6365916132926941,4.746962070465088,0.509513258934021
0.6253345608711243,5.441380977630615,0.5095129013061523
0.623826801776886,5.135007381439209,0.5095124244689941
0.6262854337692261,4.851402282714844,0.5095118880271912
0.6261494159698486,4.327775955200195,0.509511411190033
0.627162754535675,4.5155816078186035,0.5095109939575195
0.6190385222434998,4.163651943206787,0.5095105171203613
0.6265023946762085,3.966557025909424,0.5095100998878479
0.6168884634971619,4.77855110168457,0.5095094442367554
0.6024965643882751,4.554261684417725,0.5095090270042419
0.6169900298118591,5.671496391296387,0.5095085501670837
0.6350007653236389,3.6360464096069336,0.5095081329345703
0.6087360382080078,3.7430527210235596,0.5095075964927673
0.6235839128494263,3.540286064147949,0.5095072984695435
0.6075460910797119,4.188202381134033,0.5095067620277405
0.5953224301338196,3.819943428039551,0.509506344795227
0.5982598066329956,3.3986639976501465,0.5095057487487793
0.5939069986343384,4.021110534667969,0.5095051527023315
0.6027853488922119,4.216227054595947,0.5095046162605286
0.5907469987869263,4.044156551361084,0.5095041394233704
0.6005418300628662,3.8495404720306396,0.5095036625862122
0.5678656697273254,3.1414084434509277,0.5095031261444092
0.5979953408241272,3.746323347091675,0.5095025897026062
0.5781335234642029,4.049884796142578,0.5095021724700928
0.5729183554649353,3.3223025798797607,0.5095017552375793
0.5943034291267395,3.2871336936950684,0.5095013380050659
0.5765341520309448,2.715071439743042,0.5095009207725525
0.6031303405761719,3.1883604526519775,0.5095004439353943
0.5927452445030212,3.0541865825653076,0.5094999670982361
0.5834879875183105,3.7392828464508057,0.5094995498657227
0.5917776823043823,3.257418394088745,0.5094990134239197
0.5881685614585876,3.381181478500366,0.5094984173774719
0.5961301326751709,3.0020816326141357,0.5094979405403137
0.57200026512146,2.631080389022827,0.5094975829124451
0.5707269310951233,2.740825653076172,0.5094970464706421
0.6170285940170288,3.5365235805511475,0.5094967484474182
0.5836998820304871,3.3814151287078857,0.50949627161026
0.5769801735877991,3.301722288131714,0.509495735168457
0.5977295637130737,2.813227415084839,0.5094950795173645
0.5459702014923096,2.643191337585449,0.5094949007034302
0.5330379605293274,2.3148231506347656,0.5094943046569824
0.522178053855896,3.5717294216156006,0.5094938278198242
0.5665938854217529,2.7391552925109863,0.5094934105873108
0.5803382992744446,2.0896830558776855,0.5094928741455078
0.5543052554130554,2.5537259578704834,0.5094923377037048
0.5311887264251709,2.268169403076172,0.5094919204711914
0.5680798292160034,3.4097588062286377,0.5094914436340332
0.5582799315452576,2.922891855239868,0.509490966796875
0.5646359324455261,2.330565929412842,0.5094905495643616
0.5381816625595093,2.7846803665161133,0.5094900727272034
0.5659950375556946,1.7550241947174072,0.5094894170761108
0.5702585577964783,2.481574296951294,0.5094889402389526
0.524949848651886,2.0745654106140137,0.5094884037971497
0.5326203107833862,2.767521858215332,0.509488046169281
0.5124703645706177,3.137587070465088,0.5094876885414124
0.5132582187652588,2.0081870555877686,0.5094872117042542
0.5253082513809204,2.269817352294922,0.5094866752624512
0.5304450988769531,2.0314760208129883,0.5094863176345825
0.5224927663803101,1.9656448364257812,0.5094857811927795
0.5629298090934753,1.943082571029663,0.5094854235649109
0.4843636155128479,2.3870697021484375,0.5094849467277527
0.48652753233909607,2.3107261657714844,0.5094845294952393
0.5706612467765808,1.9726303815841675,0.509484052658081
0.5311970114707947,1.6780543327331543,0.5094836950302124
0.5567561984062195,2.170142412185669,0.5094832181930542
0.5240001678466797,1.8907028436660767,0.5094826817512512
0.5196506381034851,1.8397691249847412,0.509482204914093
0.5177741050720215,1.7590172290802002,0.5094817280769348
0.5050402283668518,2.047429084777832,0.5094813108444214
0.43139517307281494,1.7166427373886108,0.5094808340072632
0.5919148325920105,1.6438400745391846,0.5094804167747498
0.4579760730266571,2.499492883682251,0.5094798803329468
0.4788229167461395,2.4807333946228027,0.5094793438911438
0.47796690464019775,1.7596133947372437,0.5094790458679199
0.5351407527923584,1.5118390321731567,0.5094785690307617
0.48784589767456055,1.5035182237625122,0.5094780325889587
0.48014211654663086,1.664493203163147,0.5094776749610901
0.48537611961364746,1.6872212886810303,0.5094771385192871
0.5136026740074158,1.871322512626648,0.5094766020774841
0.47636646032333374,2.0070223808288574,0.5094761252403259
0.5299821496009827,1.5607768297195435,0.5094756484031677
0.4414820075035095,1.1901631355285645,0.5094751119613647
0.4982847571372986,1.954646348953247,0.5094746947288513
0.4681209325790405,1.7748554944992065,0.5094742178916931
0.5181282758712769,1.3705534934997559,0.5094736218452454
0.5065895915031433,1.4070851802825928,0.5094730257987976
0.4875023663043976,1.5235586166381836,0.5094726085662842
0.4911327660083771,1.4715920686721802,0.5094720125198364
0.5099791884422302,1.579517126083374,0.5094714164733887
0.448047935962677,1.3367973566055298,0.5094708800315857
0.5164290070533752,1.5839357376098633,0.5094703435897827
0.4630401134490967,1.5731157064437866,0.509469747543335
0.5231857299804688,1.2244157791137695,0.5094691514968872
0.4143318831920624,1.4034175872802734,0.5094684958457947
0.4620020091533661,1.6167006492614746,0.5094678401947021
0.47999319434165955,1.113258957862854,0.5094674229621887
0.4648173451423645,1.4490991830825806,0.5094669461250305
0.47745874524116516,1.2459124326705933,0.509466290473938
0.46942174434661865,1.4705435037612915,0.5094656348228455
0.4575325548648834,1.4161368608474731,0.509465217590332
0.49311476945877075,1.4647265672683716,0.5094645619392395
0.520750880241394,1.349796175956726,0.5094640254974365
0.5045122504234314,1.633743405342102,0.5094634890556335
0.4657282829284668,1.4867637157440186,0.5094630122184753
0.4789562225341797,1.3234143257141113,0.509462296962738
0.49460798501968384,1.460388422012329,0.5094617605209351
0.49271905422210693,1.4497085809707642,0.5094611048698425
0.44579100608825684,1.5430198907852173,0.5094605684280396
0.4122808873653412,1.5970693826675415,0.509459912776947
0.47135573625564575,1.4673219919204712,0.5094593167304993
0.4871675670146942,1.3515822887420654,0.5094585418701172
0.45183420181274414,1.5641214847564697,0.5094580054283142
0.46960294246673584,1.4007893800735474,0.5094574093818665
0.41329872608184814,1.8547179698944092,0.5094566941261292
0.4933670461177826,1.337829351425171,0.5094560384750366
0.5029833912849426,1.9010947942733765,0.5094553828239441
0.5784646272659302,1.6572121381759644,0.5094546675682068
0.5006765723228455,1.377549409866333,0.5094540119171143
0.5253444314002991,1.2761906385421753,0.5094534754753113
0.47107169032096863,1.3868778944015503,0.5094528198242188
0.5774403214454651,1.293147325515747,0.509452223777771
0.48137080669403076,1.6557081937789917,0.5094515681266785
0.4904269278049469,1.2369067668914795,0.5094509124755859
0.4498980641365051,1.4697836637496948,0.5094503164291382
0.48107025027275085,1.16847825050354,0.5094496607780457
0.4329207241535187,1.218037724494934,0.5094489455223083
0.48896685242652893,1.5485682487487793,0.5094482898712158
0.4710993468761444,1.271837830543518,0.5094475746154785
0.45952528715133667,1.4868381023406982,0.509446918964386
0.482660710811615,1.373853325843811,0.5094462633132935
0.5263268947601318,1.7098842859268188,0.5094456672668457
0.554593026638031,1.5168416500091553,0.5094448924064636
0.49300897121429443,1.602089762687683,0.5094442963600159
0.5108625292778015,1.4020440578460693,0.5094437003135681
0.4585086703300476,1.5794939994812012,0.5094427466392517
0.5264309644699097,1.4790434837341309,0.5094420909881592
0.4406190812587738,1.367030143737793,0.5094413757324219
0.5129721164703369,1.305022954940796,0.5094406604766846
0.5083451271057129,1.3519161939620972,0.5094399452209473
0.4314236342906952,1.2838789224624634,0.50943922996521
0.49213340878486633,1.5774381160736084,0.5094385147094727
0.48091045022010803,1.6843096017837524,0.5094377994537354
0.48559439182281494,1.371346116065979,0.509437084197998
0.4408913254737854,1.2724093198776245,0.5094363689422607
0.5320625901222229,1.3753392696380615,0.5094356536865234
0.477154403924942,1.2622184753417969,0.5094349980354309
0.488876074552536,1.2422034740447998,0.5094342827796936
0.4638310968875885,1.2670342922210693,0.5094336271286011
0.5100184679031372,1.7541507482528687,0.5094329118728638
0.476986289024353,1.7012275457382202,0.5094321370124817
0.46910157799720764,1.2173823118209839,0.5094314217567444
0.46911635994911194,1.2166792154312134,0.5094306468963623
0.4232955873012543,1.2207977771759033,0.5094301104545593
0.42695358395576477,1.166154146194458,0.5094292759895325
0.46337148547172546,1.1947314739227295,0.5094286203384399
0.44346290826797485,1.0126155614852905,0.5094278454780579
0.4860624074935913,1.0130622386932373,0.5094271898269653
0.4771896302700043,1.1019525527954102,0.509426474571228
0.5823140740394592,1.2502976655960083,0.5094256401062012
0.5548986792564392,1.4446254968643188,0.5094249248504639
0.41301488876342773,1.5410332679748535,0.5094242691993713
0.5195761919021606,1.4477341175079346,0.509423553943634
0.4550096094608307,1.4798786640167236,0.509422779083252
0.48957908153533936,1.3916401863098145,0.5094221830368042
0.4053093492984772,1.5984416007995605,0.5094214677810669
0.5138037204742432,1.4796156883239746,0.5094208121299744
0.4796704053878784,1.2956066131591797,0.5094200968742371
0.4911963641643524,1.366872787475586,0.5094193816184998
0.5186432003974915,1.5060653686523438,0.5094187259674072
0.44577157497406006,1.1367074251174927,0.5094180107116699
0.4656081199645996,1.3139294385910034,0.5094173550605774
0.4726862907409668,1.4482070207595825,0.5094165205955505
0.4866907298564911,1.5071862936019897,0.509415864944458
0.44068434834480286,1.2778517007827759,0.5094150304794312
0.4676711857318878,1.0286359786987305,0.5094142556190491
0.4767896234989166,1.2967602014541626,0.509413480758667
0.41656002402305603,1.1870477199554443,0.5094127655029297
0.48402324318885803,1.4100161790847778,0.5094119906425476
0.4948020875453949,1.4206105470657349,0.5094112753868103
0.412886381149292,1.4497650861740112,0.509410560131073
0.5290985703468323,1.5176620483398438,0.5094099044799805
0.4491119682788849,1.296128511428833,0.5094091296195984
0.4433858394622803,1.0610854625701904,0.5094084143638611
0.5185143947601318,1.4066214561462402,0.5094076991081238
0.421487420797348,1.254209280014038,0.5094070434570312
0.43897274136543274,1.1637259721755981,0.5094062685966492
0.41562506556510925,1.3576037883758545,0.5094055533409119
0.4627310335636139,1.0546451807022095,0.5094047784805298
0.49087095260620117,1.1101969480514526,0.5094041228294373
0.4806419312953949,1.2882565259933472,0.5094033479690552
0.48833754658699036,1.2445882558822632,0.5094025135040283
0.48135554790496826,1.2708587646484375,0.5094016194343567
0.5022542476654053,1.2457300424575806,0.5094009637832642
0.4532613754272461,1.2426518201828003,0.5094001293182373
0.4865409731864929,1.259900689125061,0.5093994140625
0.499560683965683,1.2460075616836548,0.5093986988067627
0.5399680137634277,1.26839017868042,0.5093981027603149
0.4200902581214905,1.1990879774093628,0.5093972682952881
0.388041228055954,1.3351585865020752,0.5093964338302612
0.482787549495697,1.3325021266937256,0.5093957781791687
0.47774645686149597,1.1312310695648193,0.5093949437141418
0.4608232378959656,1.5110059976577759,0.5093942284584045
0.4479382336139679,1.6174793243408203,0.5093935132026672
0.4876243770122528,1.0947436094284058,0.5093927979469299
0.47114554047584534,1.003372073173523,0.5093920230865479
0.4739990830421448,1.2775150537490845,0.5093910694122314
0.4734809696674347,1.0996980667114258,0.5093903541564941
0.49736884236335754,1.2078313827514648,0.5093895792961121
0.4518982172012329,1.1676385402679443,0.5093888640403748
0.42429643869400024,1.1413989067077637,0.5093881487846375
0.39039862155914307,1.44286048412323,0.5093873143196106
0.43580639362335205,0.8857859969139099,0.5093865990638733
0.46553006768226624,1.003147840499878,0.509385883808136
0.41851505637168884,1.4389419555664062,0.5093850493431091
0.477032333612442,1.169870138168335,0.5093843936920166
0.43531733751296997,1.235575556755066,0.5093836188316345
0.5177844762802124,1.5822484493255615,0.509382963180542
0.4756283462047577,1.6933603286743164,0.5093820691108704
0.47157254815101624,1.0674529075622559,0.5093812942504883
0.4836493134498596,1.4763621091842651,0.5093805193901062
0.5056290626525879,1.2645782232284546,0.5093796253204346
0.4497108459472656,1.3140807151794434,0.5093789100646973
0.5264137387275696,1.816386342048645,0.5093781352043152
0.4577070474624634,1.2794229984283447,0.5093773603439331
0.4830641746520996,1.227652907371521,0.5093766450881958
0.4524688124656677,1.556125283241272,0.5093758702278137
0.5154896378517151,1.4523704051971436,0.5093751549720764
0.4966673254966736,1.2755095958709717,0.5093743205070496
0.46773406863212585,1.3331711292266846,0.5093734860420227
0.4750611484050751,1.2763586044311523,0.5093727707862854
0.5064935684204102,1.0919946432113647,0.5093718767166138
0.4987175762653351,1.201734185218811,0.5093711614608765
0.424055278301239,1.3599692583084106,0.5093703866004944
0.48930421471595764,1.191861629486084,0.5093696117401123
0.4948974549770355,1.455368995666504,0.509368896484375
0.4621131718158722,1.239909291267395,0.5093680024147034
0.473553329706192,1.5283761024475098,0.5093672275543213
0.45535528659820557,0.9892552495002747,0.509366512298584
0.45110517740249634,1.6958619356155396,0.5093656778335571
0.5227200984954834,1.285110354423523,0.5093649625778198
0.43544280529022217,1.2330803871154785,0.5093640685081482
0.5269454121589661,1.552119493484497,0.5093632936477661
0.46404188871383667,1.3762328624725342,0.5093624591827393
0.4400012195110321,1.1558759212493896,0.5093616843223572
0.5806546807289124,1.5083045959472656,0.5093609690666199
0.4915655553340912,1.1922210454940796,0.5093600749969482
0.5022724866867065,1.190481185913086,0.5093593001365662
0.47264838218688965,1.364180088043213,0.5093584060668945
0.48784613609313965,1.0597349405288696,0.5093576908111572
0.42664220929145813,1.2813421487808228,0.5093568563461304
0.46072977781295776,1.412258505821228,0.5093560218811035
0.4356016516685486,1.1842539310455322,0.5093551874160767
0.4548959732055664,1.2579082250595093,0.5093544125556946
0.47220006585121155,1.4658700227737427,0.5093535780906677
0.45110082626342773,1.2916605472564697,0.5093529224395752
0.5263463854789734,1.0422627925872803,0.5093520879745483
0.4955603778362274,1.218982219696045,0.5093513131141663
0.47867101430892944,1.192931890487671,0.5093504786491394
0.44497883319854736,1.4741556644439697,0.5093496441841125
0.49709805846214294,1.2762150764465332,0.5093488097190857
0.4380527436733246,1.4797981977462769,0.5093479752540588
0.4836121201515198,1.0712220668792725,0.509347140789032
0.4032789170742035,1.4175255298614502,0.5093463659286499
0.49810221791267395,1.171849250793457,0.509345531463623
0.44830411672592163,1.0600066184997559,0.509344756603241
0.5052191019058228,1.297456979751587,0.5093439221382141
0.4417356848716736,1.2696119546890259,0.509343147277832
0.43995803594589233,1.2552741765975952,0.50934237241745
0.4512668550014496,1.3660242557525635,0.5093414783477783
0.4480946958065033,1.140199065208435,0.5093407034873962
0.5080088973045349,0.9910246729850769,0.5093398690223694
0.4779604375362396,1.1893589496612549,0.5093390345573425
0.44719812273979187,1.453173279762268,0.5093381404876709
0.45406195521354675,1.3866227865219116,0.5093372464179993
0.4220949411392212,1.1094619035720825,0.5093363523483276
0.49648797512054443,1.294634461402893,0.5093355774879456
0.4591362774372101,1.4901587963104248,0.5093347430229187
0.526928186416626,1.645620584487915,0.5093338489532471
0.4935554265975952,1.1792057752609253,0.509333074092865
0.482429563999176,1.4131526947021484,0.5093322992324829
0.5020887851715088,1.3174515962600708,0.509331464767456
0.4896608293056488,1.4341806173324585,0.5093305706977844
0.503121554851532,1.3136389255523682,0.5093297362327576
0.5114386677742004,1.1363822221755981,0.5093289613723755
0.49133074283599854,1.444807529449463,0.5093280076980591
0.4758613109588623,1.2980929613113403,0.5093272924423218
0.4873080253601074,1.3594334125518799,0.5093262791633606
0.49606001377105713,1.2776241302490234,0.5093255639076233
0.4792526960372925,1.4006047248840332,0.5093246102333069
0.4634109437465668,1.0088090896606445,0.5093237161636353
0.4500253200531006,1.0838024616241455,0.5093229413032532
0.4957330524921417,1.1475833654403687,0.5093221068382263
0.5000434517860413,1.1171646118164062,0.5093212723731995
0.46983298659324646,1.5178238153457642,0.5093204975128174
0.4585771858692169,1.1611542701721191,0.509319543838501
0.4442838132381439,1.1617841720581055,0.5093186497688293
0.538304328918457,1.4903665781021118,0.5093178749084473
0.4803280532360077,1.5383470058441162,0.5093169808387756
0.44589102268218994,1.187900185585022,0.5093162655830383
0.5110449194908142,1.0598515272140503,0.5093154311180115
0.4298320412635803,1.148846983909607,0.5093145370483398
0.5007070899009705,1.3953924179077148,0.5093137621879578
0.4982951879501343,1.2571220397949219,0.5093128085136414
0.4279952943325043,1.1555689573287964,0.5093120336532593
0.47470495104789734,1.0313125848770142,0.5093111395835876
0.45743703842163086,1.257811427116394,0.5093101859092712
0.4399898946285248,1.2757259607315063,0.5093094110488892
0.39159610867500305,1.1205581426620483,0.5093085765838623
0.4891839027404785,1.0009268522262573,0.5093077421188354
0.46120718121528625,1.134260654449463,0.5093068480491638
0.4598643481731415,1.4293930530548096,0.509306013584137
0.47270992398262024,1.2841349840164185,0.5093051791191101
0.4370690882205963,0.975898802280426,0.5093043446540833
0.4976668953895569,1.413464903831482,0.5093033313751221
0.517242431640625,1.0586451292037964,0.5093024969100952
0.4480120837688446,1.3235670328140259,0.5093017220497131
0.48548391461372375,1.187893271446228,0.5093008279800415
0.42658892273902893,1.4678606986999512,0.5092999935150146
0.46259865164756775,1.322656273841858,0.5092991590499878
0.46081939339637756,1.2027934789657593,0.5092982053756714
0.4750528335571289,1.2637687921524048,0.5092974305152893
0.4645090401172638,1.4268308877944946,0.5092965364456177
0.45156508684158325,1.546559453010559,0.5092957019805908
0.4412778615951538,1.0246045589447021,0.5092948079109192
0.4373527765274048,1.2289155721664429,0.5092939138412476
0.4768255650997162,1.461045742034912,0.5092929005622864
0.4437934458255768,1.3362146615982056,0.5092921257019043
0.4723489284515381,1.3958613872528076,0.5092912316322327
0.4889484941959381,1.1580055952072144,0.5092903971672058
0.4347425103187561,1.4520708322525024,0.5092896223068237
0.5040001273155212,1.2525922060012817,0.5092887282371521
0.4906354546546936,1.6262199878692627,0.5092877745628357
0.4436064064502716,1.2390685081481934,0.5092868804931641
0.4775955080986023,1.5148252248764038,0.5092860460281372
0.47947660088539124,1.367366909980774,0.5092851519584656
0.46953627467155457,1.2465616464614868,0.5092843770980835
0.5108494162559509,1.1144461631774902,0.5092834234237671
0.496133416891098,1.3892186880111694,0.5092825889587402
0.426695317029953,1.0469858646392822,0.509281575679779
0.48623237013816833,1.4108773469924927,0.5092807412147522
0.4393594264984131,1.053935170173645,0.5092798471450806
0.43052175641059875,1.1628122329711914,0.5092789530754089
0.5101413726806641,1.2635382413864136,0.5092780590057373
0.47961145639419556,1.2162542343139648,0.5092772245407104
0.45464760065078735,1.5503627061843872,0.5092763900756836
0.42636266350746155,0.7731505036354065,0.5092754364013672
0.4903148412704468,1.2348257303237915,0.5092746019363403
0.4780206084251404,1.3482575416564941,0.5092737078666687
0.48235952854156494,1.0644458532333374,0.5092726945877075
0.4540858268737793,1.4713460206985474,0.5092716813087463
0.4913869798183441,1.365965723991394,0.5092709064483643
0.47064387798309326,1.5607261657714844,0.5092698931694031
0.44831281900405884,1.215015172958374,0.5092690587043762
0.5066859126091003,1.044452428817749,0.5092682242393494
0.49522140622138977,1.3137117624282837,0.509267270565033
0.4128848910331726,1.233372688293457,0.5092663168907166
0.4730789363384247,1.3865668773651123,0.5092654824256897
0.45869287848472595,1.0907323360443115,0.5092645883560181
0.4754944443702698,1.5614752769470215,0.5092635750770569
0.46546611189842224,1.2956105470657349,0.50926274061203
0.3972395956516266,1.1067945957183838,0.5092618465423584
0.47170865535736084,1.0461366176605225,0.5092608332633972
0.49739328026771545,1.0573713779449463,0.5092599987983704
0.5123511552810669,1.0019327402114868,0.509259045124054
0.46671226620674133,1.3603142499923706,0.5092580318450928
0.46383941173553467,1.2953262329101562,0.5092572569847107
0.47801896929740906,1.2261312007904053,0.5092563033103943
0.4325654208660126,1.3268910646438599,0.5092554092407227
0.4611794054508209,1.2531003952026367,0.509254515171051
0.4010056257247925,1.1440538167953491,0.5092535614967346
0.4753173291683197,1.2349358797073364,0.509252667427063
0.5247588753700256,1.408379316329956,0.5092517733573914
0.4766709804534912,1.469378113746643,0.509250819683075
0.486348032951355,1.3430522680282593,0.5092500448226929
0.45905011892318726,1.1944317817687988,0.5092490315437317
0.43283048272132874,1.1210259199142456,0.5092481374740601
0.4519619345664978,1.0675586462020874,0.5092473030090332
0.47627508640289307,1.1047251224517822,0.5092462301254272
0.4794427454471588,1.5583600997924805,0.5092453956604004
0.4527405798435211,1.4495723247528076,0.5092445015907288
0.5304051637649536,1.0107717514038086,0.5092436075210571
0.4606611430644989,1.3253405094146729,0.5092424750328064
0.43437644839286804,1.128331184387207,0.5092417001724243
0.48132094740867615,1.0441592931747437,0.5092408061027527
0.5085322856903076,1.384036660194397,0.509239912033081
0.449482262134552,1.2708947658538818,0.5092388987541199
0.4963381886482239,1.5462732315063477,0.5092380046844482
0.49790647625923157,1.2884601354599,0.5092371106147766
0.49028173089027405,1.1659690141677856,0.5092361569404602
0.41298896074295044,1.0387221574783325,0.5092352032661438
0.5490472316741943,0.967396080493927,0.5092341899871826
0.43262746930122375,1.1068130731582642,0.509233295917511
0.4498293995857239,1.1977362632751465,0.5092322826385498
0.41809526085853577,1.5983320474624634,0.5092313289642334
0.4748959243297577,1.262457013130188,0.5092304348945618
0.5104607939720154,1.2686395645141602,0.5092295408248901
0.43832677602767944,1.0661731958389282,0.509228527545929
0.5109676718711853,1.1673530340194702,0.5092276930809021
0.474960058927536,1.240013599395752,0.5092267394065857
0.4743329584598541,1.3059697151184082,0.5092256665229797
0.478527694940567,1.339572548866272,0.5092247128486633
0.43905508518218994,1.6508779525756836,0.5092238783836365
0.5109555125236511,1.506874680519104,0.5092229247093201
0.4384998679161072,1.1628113985061646,0.5092219710350037
0.46882423758506775,1.3141648769378662,0.5092210173606873
0.48371535539627075,1.325957179069519,0.5092201232910156
0.4914807677268982,0.9499728083610535,0.5092191696166992
0.4401824474334717,1.1732945442199707,0.509218156337738
0.45958518981933594,1.4136496782302856,0.5092172622680664
0.42207321524620056,1.3408275842666626,0.5092164278030396
0.3964691162109375,1.029788613319397,0.5092154741287231
0.495248407125473,1.3039953708648682,0.509214460849762
0.49896693229675293,1.1180487871170044,0.5092134475708008
0.5479986071586609,1.0296870470046997,0.5092125535011292
0.4738723635673523,0.8810837268829346,0.5092116594314575
0.5274976491928101,1.1665571928024292,0.5092106461524963
0.46474578976631165,1.2285101413726807,0.5092096924781799
0.5602690577507019,1.568669080734253,0.5092087388038635
0.44609907269477844,1.168503999710083,0.5092078447341919
0.3896183371543884,1.4342514276504517,0.5092068910598755
0.4699234366416931,1.3128443956375122,0.5092059373855591
0.443652868270874,0.9932085275650024,0.5092048048973083
0.45191916823387146,1.218698263168335,0.5092039108276367
0.4665416479110718,1.0511101484298706,0.5092029571533203
0.38420793414115906,1.1010915040969849,0.5092020034790039
0.4928413927555084,1.132298469543457,0.5092009902000427
0.4495188295841217,1.5655865669250488,0.5091999769210815
0.4613472521305084,1.1227073669433594,0.5091990232467651
0.4819401204586029,1.368048071861267,0.5091978907585144
0.44807004928588867,1.2179405689239502,0.509196937084198
0.4636601507663727,1.32632315158844,0.5091960430145264
0.47532302141189575,1.1722686290740967,0.5091950297355652
0.4637073278427124,1.0217550992965698,0.5091940760612488
0.45891493558883667,1.1723878383636475,0.5091930627822876
0.4474610686302185,1.0112594366073608,0.5091921091079712
0.47313788533210754,0.8610650897026062,0.5091911554336548
0.49724531173706055,1.2689485549926758,0.5091902017593384
0.43539518117904663,1.461211085319519,0.509189248085022
0.4043872058391571,1.5315377712249756,0.5091882944107056
0.4691952168941498,1.3961585760116577,0.5091871023178101
0.46947944164276123,0.9929749369621277,0.5091861486434937
0.399259090423584,1.7403390407562256,0.509185254573822
0.5171932578086853,1.2144545316696167,0.5091843605041504
0.47303447127342224,1.2149879932403564,0.509183406829834
0.475631982088089,1.0280219316482544,0.5091825127601624
0.41999492049217224,1.4320051670074463,0.509181559085846
0.4702278673648834,1.1156805753707886,0.5091807842254639
0.4330238997936249,1.1776447296142578,0.5091797113418579
0.4720653295516968,1.2700549364089966,0.509178638458252
0.4756554961204529,0.9706828594207764,0.5091776847839355
0.42876067757606506,0.956260621547699,0.5091767907142639
0.47850921750068665,1.3740665912628174,0.5091758966445923
0.4891526699066162,1.159281849861145,0.5091749429702759
0.4914311170578003,1.1361618041992188,0.5091738700866699
0.44300568103790283,0.9051563143730164,0.5091729760169983
0.41977018117904663,1.0412788391113281,0.5091719627380371
0.5114352107048035,1.4830043315887451,0.5091710090637207
0.44062110781669617,1.5898802280426025,0.5091700553894043
0.4968147277832031,1.154228687286377,0.5091691613197327
0.5210922360420227,1.1058895587921143,0.5091681480407715
0.4888667166233063,1.3420356512069702,0.5091671347618103
0.48404479026794434,1.0343735218048096,0.5091663002967834
0.45426517724990845,1.2117878198623657,0.509165346622467
0.4579032063484192,1.182681918144226,0.5091643333435059
0.49686214327812195,1.2064417600631714,0.5091633796691895
0.3875463902950287,1.3180485963821411,0.509162425994873
0.4392387270927429,1.3493897914886475,0.5091612935066223
0.44192764163017273,1.2676293849945068,0.5091603994369507
0.43470609188079834,1.1697688102722168,0.509159505367279
0.4969663918018341,1.3652693033218384,0.5091585516929626
0.4910007119178772,1.177359700202942,0.5091574192047119
0.3957820534706116,0.8670318126678467,0.5091565847396851
0.42150434851646423,1.2284183502197266,0.5091555714607239
0.42013007402420044,1.1915208101272583,0.5091546177864075
0.45298415422439575,1.039160966873169,0.5091535449028015
0.439931720495224,1.1764026880264282,0.5091525912284851
0.4640096426010132,1.1796659231185913,0.5091516971588135
0.41533994674682617,1.1620818376541138,0.5091507434844971
0.4377356171607971,1.2537130117416382,0.5091497302055359
0.4281986951828003,0.9798474907875061,0.5091487765312195
0.4380101263523102,1.2754954099655151,0.5091478228569031
0.44816991686820984,1.2921526432037354,0.5091468095779419
0.5100305676460266,1.1732478141784668,0.5091457962989807
0.43525969982147217,1.2126611471176147,0.5091447234153748
0.4199635088443756,0.9738462567329407,0.5091436505317688
0.41151702404022217,1.0352797508239746,0.5091426968574524
0.4842558801174164,1.2995353937149048,0.509141743183136
0.48049676418304443,1.0000683069229126,0.5091407299041748
0.4811588525772095,1.306716799736023,0.5091396570205688
0.43311750888824463,1.1053385734558105,0.5091387033462524
0.4330463707447052,1.3782703876495361,0.509137749671936
0.47134971618652344,1.1874337196350098,0.5091366767883301
0.412444531917572,1.1336138248443604,0.5091356635093689
0.4871337413787842,1.0403003692626953,0.5091346502304077
0.41480475664138794,1.0080358982086182,0.5091336369514465
0.4553944170475006,1.1356372833251953,0.5091326832771301
0.4881695508956909,1.475258231163025,0.5091317296028137
0.4390431046485901,1.2191357612609863,0.5091306567192078
0.5000532269477844,1.3401262760162354,0.5091296434402466
0.42906492948532104,1.034450650215149,0.509128749370575
0.44550636410713196,1.1640180349349976,0.509127676486969
0.3831208646297455,1.2319576740264893,0.5091266632080078
0.416046142578125,1.0345988273620605,0.5091256499290466
0.4560607373714447,1.091176986694336,0.5091246962547302
0.5112552046775818,1.3594884872436523,0.5091237425804138
0.4994296133518219,1.2646561861038208,0.5091226696968079
0.4413986802101135,1.6668022871017456,0.5091217160224915
0.40127310156822205,1.1193417310714722,0.509120762348175
0.4372137784957886,1.327616810798645,0.5091197490692139
0.44245776534080505,1.0654962062835693,0.5091187357902527
0.43967029452323914,0.9929517507553101,0.5091177225112915
0.4154827892780304,1.2062269449234009,0.5091166496276855
0.47220903635025024,1.2992305755615234,0.5091157555580139
0.4616604447364807,0.8787811398506165,0.5091146230697632
0.41838812828063965,1.3306182622909546,0.509113609790802
0.43385329842567444,1.154802918434143,0.5091127157211304
0.4176040589809418,1.1229546070098877,0.5091117024421692
0.43196672201156616,1.117133617401123,0.5091106295585632
0.4236312806606293,1.1895182132720947,0.509109616279602
0.4396411180496216,1.2354720830917358,0.5091086030006409
0.45394468307495117,1.0893571376800537,0.5091075897216797
0.45286136865615845,1.177225112915039,0.5091066360473633
0.46604469418525696,0.9714614748954773,0.5091054439544678
0.45200470089912415,1.386986494064331,0.5091044902801514
0.5192692279815674,1.4354016780853271,0.5091034770011902
0.4090426564216614,1.0867153406143188,0.509102463722229
0.4935864806175232,1.2698993682861328,0.5091014504432678
0.46914142370224,1.2954554557800293,0.5091004371643066
0.4795478284358978,1.3550292253494263,0.509099543094635
0.4619777202606201,1.1086623668670654,0.5090985298156738
0.4711134731769562,0.9531913995742798,0.5090974569320679
0.47456488013267517,0.9520125985145569,0.5090964436531067
0.510508120059967,1.2387466430664062,0.5090954899787903
0.5059449076652527,1.129237174987793,0.5090945363044739
0.4546211063861847,1.1628535985946655,0.5090934038162231
0.4800838232040405,1.301145076751709,0.5090925097465515
0.44138914346694946,1.3676385879516602,0.5090914368629456
0.4347778260707855,1.086000680923462,0.5090904235839844
0.48696231842041016,1.057931900024414,0.5090894103050232
0.4822619557380676,1.0363759994506836,0.5090882778167725
0.45381098985671997,1.2812225818634033,0.5090872645378113
0.4353029131889343,1.3981186151504517,0.5090862512588501
0.517542839050293,1.100921869277954,0.5090852379798889
0.4732262194156647,1.1165097951889038,0.5090842247009277
0.4312874972820282,1.2753279209136963,0.5090832114219666
0.4649527668952942,1.1752904653549194,0.5090822577476501
0.47775694727897644,1.236767292022705,0.5090811848640442
0.4669761657714844,1.1114434003829956,0.5090801119804382
0.45739424228668213,0.9665651321411133,0.5090791583061218
0.43049293756484985,1.1123909950256348,0.5090780854225159
0.5053632259368896,1.23045015335083,0.5090771317481995
0.4609268009662628,1.3803461790084839,0.5090760588645935
0.46532073616981506,1.3549550771713257,0.5090751051902771
0.46163129806518555,1.0706396102905273,0.5090740919113159
0.41055160760879517,1.429356336593628,0.5090731382369995
0.4437698721885681,1.0853804349899292,0.5090720653533936
0.4309288263320923,1.2284091711044312,0.5090709924697876
0.46947768330574036,0.9478763341903687,0.5090698599815369
0.4649368226528168,1.060575008392334,0.5090687870979309
0.49823862314224243,1.1013058423995972,0.509067714214325
0.4478101134300232,1.024516224861145,0.5090667605400085
0.44100168347358704,1.2117515802383423,0.5090658068656921
0.452971488237381,1.0662033557891846,0.5090647339820862
0.42541906237602234,1.1238762140274048,0.5090636610984802
0.4599713087081909,1.1990737915039062,0.5090627074241638
0.4470349848270416,0.8447959423065186,0.5090615749359131
0.4611344039440155,1.2808822393417358,0.5090605020523071
0.4218374490737915,0.973142683506012,0.5090594291687012
0.5010359287261963,1.258853554725647,0.50905841588974
0.5246198773384094,1.042367696762085,0.5090574622154236
0.43230971693992615,1.1230809688568115,0.5090565085411072
0.4753727614879608,1.413081407546997,0.509055495262146
0.48049676418304443,1.1683127880096436,0.5090544819831848
0.46790480613708496,1.3711434602737427,0.5090534090995789
0.42904502153396606,1.146036982536316,0.5090523958206177
0.4472460150718689,1.038667917251587,0.5090512037277222
0.47702756524086,1.219954252243042,0.5090503096580505
0.47270306944847107,1.0596060752868652,0.5090492963790894
0.47943177819252014,1.2322313785552979,0.509048342704773
0.43688514828681946,0.954517126083374,0.5090473890304565
0.44659948348999023,1.2513482570648193,0.5090463757514954
0.4132488965988159,1.235092282295227,0.5090453028678894
0.4286130368709564,1.1264957189559937,0.5090442895889282
0.460151344537735,1.1115009784698486,0.5090432167053223
0.4323628544807434,1.3610764741897583,0.5090422034263611
0.48979780077934265,1.0909409523010254,0.5090411305427551
0.5216568112373352,1.3378276824951172,0.5090401768684387
0.4687395989894867,1.0392968654632568,0.5090391039848328
0.43593931198120117,1.436760425567627,0.5090381503105164
0.43176180124282837,1.0365806818008423,0.5090370178222656
0.45999282598495483,1.414312481880188,0.5090360045433044
0.5418726205825806,1.0577768087387085,0.509035050868988
0.4806881546974182,1.0131102800369263,0.5090340375900269
0.47617003321647644,0.9762734174728394,0.5090330243110657
0.4859996438026428,1.1957932710647583,0.5090318918228149
0.46589893102645874,1.30418062210083,0.5090309381484985
0.42838945984840393,1.2295572757720947,0.5090298652648926
0.40656810998916626,1.0098177194595337,0.5090289115905762
0.4065684378147125,1.0897557735443115,0.5090277791023254
0.4288584291934967,0.9723606109619141,0.5090267658233643
0.49503371119499207,1.109848976135254,0.5090258121490479
0.5055573582649231,1.0998426675796509,0.5090247392654419
0.4337250888347626,1.1570179462432861,0.5090236663818359
0.3990585505962372,1.167253017425537,0.50902259349823
0.49021631479263306,1.0801550149917603,0.5090215802192688
0.5038692951202393,1.1837456226348877,0.5090205669403076
0.4946780204772949,1.0002009868621826,0.5090194940567017
0.45333895087242126,1.1975857019424438,0.5090184211730957
0.43041372299194336,1.0163534879684448,0.5090174674987793
0.5004958510398865,1.0622398853302002,0.5090162754058838
0.4226832091808319,1.1096324920654297,0.5090152621269226
0.4820924401283264,1.1657923460006714,0.5090142488479614
0.44140371680259705,1.2977797985076904,0.5090131163597107
0.4655402898788452,0.8255828619003296,0.5090121626853943
0.4325384497642517,1.0853323936462402,0.5090110301971436
0.4659128487110138,1.2217437028884888,0.5090100169181824
0.427305668592453,1.128712773323059,0.5090090036392212
0.4867009222507477,1.0133869647979736,0.5090078115463257
0.46447473764419556,1.3496767282485962,0.5090068578720093
0.473972886800766,0.938493549823761,0.5090058445930481
0.44079115986824036,1.0304501056671143,0.5090048313140869
0.44731253385543823,1.7009316682815552,0.5090036988258362
0.449704110622406,1.080374002456665,0.5090026259422302
0.4485175311565399,0.9762434959411621,0.5090015530586243
0.4366813600063324,1.154533863067627,0.5090004801750183
0.40812498331069946,1.0511106252670288,0.5089995265007019
0.42154982686042786,1.3310375213623047,0.508998453617096
0.47747984528541565,1.1646937131881714,0.5089974403381348
0.5020837187767029,1.0442719459533691,0.5089963674545288
0.4687829613685608,1.1930795907974243,0.5089953541755676
0.48600441217422485,1.07003653049469,0.5089942812919617
0.4803737998008728,1.0896645784378052,0.5089931488037109
0.4606984555721283,0.9795158505439758,0.5089921355247498
0.49382123351097107,1.2310388088226318,0.5089911222457886
0.4608425796031952,1.1233553886413574,0.5089899897575378
0.35869815945625305,1.067317247390747,0.5089889764785767
0.44732901453971863,1.1449702978134155,0.5089879631996155
0.5044600367546082,1.5957094430923462,0.5089868903160095
0.4140600562095642,1.0262938737869263,0.5089859366416931
0.4195767045021057,1.0713951587677002,0.5089848041534424
0.47280728816986084,1.0939655303955078,0.5089837312698364
0.5340014100074768,1.0432459115982056,0.5089827179908752
0.45532774925231934,1.00398588180542,0.5089815855026245
0.4912808835506439,1.3419358730316162,0.5089806318283081
0.42105260491371155,1.0292388200759888,0.5089796185493469
0.4351361095905304,1.491000771522522,0.5089784860610962
0.4171448349952698,1.0787229537963867,0.5089773535728455
0.5052909255027771,1.0774211883544922,0.508976399898529
0.47475698590278625,1.012143850326538,0.5089753270149231
0.44932737946510315,1.090112566947937,0.5089742541313171
0.4931562840938568,1.3193212747573853,0.5089731216430664
0.4803454577922821,0.9639135003089905,0.5089721083641052
0.4351936876773834,1.10039222240448,0.5089709758758545
0.4632282853126526,1.238674521446228,0.5089700222015381
0.4475201368331909,1.3119398355484009,0.5089690685272217
0.4273059070110321,1.4794981479644775,0.5089679956436157
0.4217720627784729,1.0000659227371216,0.508966863155365
0.4406529664993286,1.0607056617736816,0.508965790271759
0.4350128173828125,0.8496055603027344,0.5089646577835083
0.4524615406990051,0.9653317332267761,0.5089637041091919
0.5085596442222595,1.136026382446289,0.5089626908302307
0.45810312032699585,1.2374444007873535,0.5089616179466248
0.5065912008285522,1.3610460758209229,0.5089606046676636
0.4490078389644623,1.0449049472808838,0.5089595317840576
0.37292104959487915,1.2079365253448486,0.5089584589004517
0.5079281330108643,1.1456483602523804,0.5089574456214905
0.4622204601764679,1.1487640142440796,0.5089564323425293
0.42793008685112,1.007250189781189,0.5089552998542786
0.41555896401405334,1.1321955919265747,0.5089542865753174
0.4271381199359894,1.2316758632659912,0.508953332901001
0.5116474032402039,1.2403266429901123,0.5089522004127502
0.4746539890766144,1.0228140354156494,0.5089510083198547
0.4643983244895935,1.2008841037750244,0.5089499950408936
0.47673243284225464,1.158433437347412,0.5089489817619324
0.4933582842350006,1.2931504249572754,0.5089479684829712
0.4541199505329132,1.3126423358917236,0.5089468955993652
0.4192102253437042,0.966145396232605,0.5089457631111145
0.4356094300746918,1.33943772315979,0.5089446902275085
0.4424959719181061,1.0536013841629028,0.5089436769485474
0.46355772018432617,1.1244783401489258,0.5089425444602966
0.42398253083229065,1.2570185661315918,0.5089415311813354
0.482361376285553,1.1185166835784912,0.5089403986930847
0.4360103905200958,1.1272506713867188,0.5089393258094788
0.5155219435691833,1.5033715963363647,0.5089382529258728
0.4229409992694855,0.9132238030433655,0.5089372396469116
0.4888119697570801,1.134537696838379,0.5089361667633057
0.5205325484275818,1.050907850265503,0.5089350342750549
0.4125400483608246,0.9944354295730591,0.5089339017868042
0.5084063410758972,1.320927381515503,0.5089328289031982
0.45249617099761963,1.1230705976486206,0.5089317560195923
0.4970722198486328,1.2757112979888916,0.5089306831359863
0.4932059347629547,1.2514097690582275,0.5089295506477356
0.4829060137271881,0.8015549182891846,0.5089284181594849
0.43830955028533936,1.1591538190841675,0.5089273452758789
0.4773191809654236,1.3146942853927612,0.5089261531829834
0.4197208285331726,1.0990592241287231,0.5089251399040222
0.3634692430496216,0.779508113861084,0.5089239478111267
0.4161902964115143,1.2059730291366577,0.5089229345321655
0.41405901312828064,1.0848007202148438,0.5089218020439148
0.45113760232925415,1.1520740985870361,0.5089206099510193
0.43440955877304077,1.3625844717025757,0.5089196562767029
0.4511253237724304,1.1599174737930298,0.5089184641838074
0.429667204618454,1.1356706619262695,0.5089172720909119
0.5003201961517334,1.0795010328292847,0.5089161992073059
0.4219985902309418,1.2162164449691772,0.5089150667190552
0.43150007724761963,1.0864577293395996,0.5089139342308044
0.43772178888320923,0.9518930912017822,0.5089129209518433
0.4145272672176361,1.0624123811721802,0.5089117288589478
0.4605776071548462,0.7941741943359375,0.5089106559753418
0.49310103058815,1.4153093099594116,0.5089094638824463
0.4500000774860382,1.227550983428955,0.5089083313941956
0.43120497465133667,0.9466657042503357,0.5089073181152344
0.47603583335876465,1.0017374753952026,0.5089061856269836
0.44902992248535156,1.1190565824508667,0.5089051127433777
0.41795840859413147,1.2409459352493286,0.508903980255127
0.39829280972480774,0.9882701635360718,0.5089029669761658
0.48677703738212585,1.009686827659607,0.508901834487915
0.4101856052875519,1.393497347831726,0.5089006423950195
0.506592869758606,0.9500656127929688,0.508899450302124
0.39089155197143555,1.0907068252563477,0.5088983774185181
0.4215102195739746,1.0541837215423584,0.5088971853256226
0.38898295164108276,1.0376012325286865,0.5088962316513062
0.49780744314193726,1.1348010301589966,0.5088950991630554
0.450316458940506,1.266251564025879,0.5088940858840942
0.4658745527267456,1.3412723541259766,0.5088928937911987
0.42254501581192017,1.367234468460083,0.5088917016983032
0.38829222321510315,0.9106529951095581,0.5088906288146973
0.44998252391815186,1.2255340814590454,0.5088895559310913
0.5185329914093018,1.166927695274353,0.5088884830474854
0.40061476826667786,1.3402875661849976,0.5088873505592346
0.5046147704124451,0.9649309515953064,0.5088862776756287
0.41568633913993835,1.087058663368225,0.5088851451873779
0.44074031710624695,1.1249089241027832,0.5088840126991272
0.4244793951511383,1.0178043842315674,0.5088829398155212
0.5033231973648071,1.105926513671875,0.5088818073272705
0.4527953863143921,1.040717601776123,0.5088807344436646
0.46782785654067993,1.1570600271224976,0.5088796615600586
0.42805060744285583,1.0089645385742188,0.5088785290718079
0.4430975615978241,1.0011309385299683,0.5088774561882019
0.4892229735851288,1.1092532873153687,0.5088762640953064
0.5269704461097717,1.0755592584609985,0.5088752508163452
0.45201537013053894,1.124675989151001,0.5088741183280945
0.44734320044517517,1.313178300857544,0.5088731646537781
0.4155004322528839,1.155218243598938,0.5088719725608826
0.37256675958633423,1.2077735662460327,0.5088708996772766
0.4433959126472473,1.0820050239562988,0.5088697075843811
0.4876115322113037,1.127629041671753,0.5088684558868408
0.4613460302352905,1.1056122779846191,0.5088673830032349
0.5140596032142639,1.0083632469177246,0.5088663101196289
0.4972262978553772,1.1987760066986084,0.5088651180267334
0.49667486548423767,1.0830185413360596,0.5088639855384827
0.41855812072753906,1.425124168395996,0.508863091468811
0.4481829106807709,1.4595725536346436,0.5088619589805603
0.4539857506752014,0.9131766557693481,0.5088608264923096
0.4773796796798706,1.0561877489089966,0.5088596940040588
0.45466360449790955,1.104012370109558,0.5088586211204529
0.44067755341529846,1.047708511352539,0.5088574290275574
0.4363316297531128,1.1958415508270264,0.5088562965393066
0.44674527645111084,1.0239624977111816,0.5088551640510559
0.44786253571510315,1.0904464721679688,0.5088541507720947
0.43070441484451294,1.1407028436660767,0.5088529586791992
0.500882625579834,1.261725664138794,0.5088518857955933
0.46836915612220764,0.9707473516464233,0.5088507533073425
0.438979834318161,1.140149712562561,0.5088496208190918
0.47297996282577515,1.0331753492355347,0.5088486075401306
0.4587945342063904,1.0411278009414673,0.5088474154472351
0.42421674728393555,0.9397588968276978,0.5088463425636292
0.5399887561798096,1.1271023750305176,0.5088451504707336
0.4056696593761444,1.097618579864502,0.5088439583778381
0.4581320881843567,0.9012317061424255,0.508842945098877
0.5137842893600464,1.0920801162719727,0.5088418126106262
0.45368993282318115,0.8867847919464111,0.5088406205177307
0.4055122137069702,1.0959807634353638,0.50883948802948
0.434109091758728,0.8695455193519592,0.5088384747505188
0.4318934679031372,1.1976619958877563,0.5088374018669128
0.4516540765762329,1.3234949111938477,0.5088363289833069
0.44266223907470703,0.9649276733398438,0.5088352560997009
0.41131654381752014,0.781592071056366,0.5088341236114502
0.5012728571891785,0.931679904460907,0.5088329315185547
0.4600307047367096,1.0763591527938843,0.5088318586349487
0.41367265582084656,1.042362928390503,0.5088307857513428
0.39878177642822266,1.1693823337554932,0.5088297724723816
0.39240774512290955,1.2213211059570312,0.5088285803794861
0.4295036494731903,1.110835075378418,0.5088275074958801
0.3734324276447296,1.0430630445480347,0.5088263154029846
0.4734865725040436,1.014764428138733,0.5088251829147339
0.4777878522872925,1.668817162513733,0.5088241696357727
0.4799600839614868,0.9629884362220764,0.5088229775428772
0.44992202520370483,1.1505922079086304,0.5088218450546265
0.4662962257862091,1.1452819108963013,0.508820652961731
0.4674628973007202,0.9967479705810547,0.508819580078125
0.4183599054813385,1.1910954713821411,0.5088184475898743
0.488067626953125,0.8602458238601685,0.5088172554969788
0.4076591730117798,1.1056616306304932,0.508816123008728
0.46109336614608765,1.2552872896194458,0.5088150501251221
0.4870157837867737,1.26939857006073,0.5088140368461609
0.4736407399177551,1.0530296564102173,0.5088129043579102
0.44450727105140686,0.9974083304405212,0.5088117718696594
0.4437670111656189,1.056617021560669,0.5088106989860535
0.39764493703842163,0.8754655122756958,0.5088095664978027
0.5001140236854553,0.8872628211975098,0.5088083744049072
0.46987438201904297,1.071478247642517,0.5088073015213013
0.48154112696647644,1.1079589128494263,0.5088061094284058
0.4250342547893524,0.970966637134552,0.5088049173355103
0.478200227022171,1.1840862035751343,0.5088038444519043
0.46072089672088623,0.9916383624076843,0.5088027119636536
0.423968106508255,1.0180147886276245,0.5088016390800476
0.4642031788825989,1.1794906854629517,0.5088004469871521
0.45174890756607056,1.1238327026367188,0.5087993144989014
0.424793004989624,1.0060557126998901,0.5087981820106506
0.48769792914390564,1.0416139364242554,0.5087969303131104
0.47522810101509094,1.2512449026107788,0.5087957978248596
0.43884557485580444,1.3821946382522583,0.5087945461273193
0.42079830169677734,1.2840577363967896,0.5087935328483582
0.46034544706344604,1.0881603956222534,0.5087922811508179
0.47931569814682007,1.1494232416152954,0.5087911486625671
0.4500720202922821,1.1596250534057617,0.5087900757789612
0.44524940848350525,1.002062201499939,0.5087890028953552
0.44246163964271545,1.0041530132293701,0.5087879300117493
0.38501855731010437,1.0644891262054443,0.5087867975234985
0.49523672461509705,1.3097704648971558,0.5087855458259583
0.47440001368522644,1.3705681562423706,0.5087844133377075
0.4701489806175232,1.068108320236206,0.5087832808494568
0.42916610836982727,0.9060041308403015,0.5087822079658508
0.4264727830886841,1.0711463689804077,0.5087808966636658
0.46194449067115784,0.8673514723777771,0.5087798237800598
0.4799220860004425,1.0157638788223267,0.5087786912918091
0.442818284034729,0.9695231318473816,0.5087776184082031
0.4077109396457672,1.192877173423767,0.5087764263153076
0.532275915145874,1.3809243440628052,0.5087753534317017
0.41521888971328735,1.372973084449768,0.5087741613388062
0.4775813817977905,1.0882171392440796,0.5087729692459106
0.4439006745815277,1.2077656984329224,0.5087717175483704
0.4578017294406891,1.3050949573516846,0.5087705254554749
0.41081157326698303,1.1460931301116943,0.5087694525718689
0.4356534779071808,1.1156842708587646,0.5087681412696838
0.43959933519363403,1.0265374183654785,0.5087670087814331
0.4051244258880615,0.8891998529434204,0.5087659358978271
0.39408454298973083,1.0817214250564575,0.5087647438049316
0.3655858635902405,1.1446120738983154,0.5087635517120361
0.4389720559120178,1.0902451276779175,0.5087624788284302
0.45066413283348083,1.1025195121765137,0.5087611675262451
0.4702705144882202,0.869373083114624,0.5087599754333496
0.43278968334198,1.0120155811309814,0.5087588429450989
0.4066668748855591,0.9258436560630798,0.5087576508522034
0.4292325973510742,1.0644946098327637,0.5087564587593079
0.47727569937705994,1.2833032608032227,0.5087553262710571
0.4296492636203766,1.0581684112548828,0.5087542533874512
0.46872520446777344,0.9961663484573364,0.5087531208992004
0.4107103645801544,1.0923802852630615,0.5087519884109497
0.40438058972358704,1.2063556909561157,0.5087506175041199
0.42524611949920654,1.2590726613998413,0.5087493658065796
0.5374094247817993,1.1082290410995483,0.5087482929229736
0.48646825551986694,1.0783889293670654,0.5087472200393677
0.4003843665122986,1.0201764106750488,0.5087459683418274
0.44939225912094116,0.6878436207771301,0.5087449550628662
0.44029104709625244,1.0863558053970337,0.5087437033653259
0.5216935873031616,1.0835301876068115,0.5087425708770752
0.44974640011787415,1.149311900138855,0.5087413787841797
0.4507192075252533,1.075549602508545,0.5087403059005737
0.46421805024147034,1.3031567335128784,0.5087391138076782
0.4770601987838745,1.089773178100586,0.5087379217147827
0.42351943254470825,0.935020387172699,0.5087366700172424
0.4367939233779907,1.1744961738586426,0.5087355375289917
0.4510006606578827,0.9136384725570679,0.5087342262268066
0.4947529137134552,1.0029470920562744,0.5087330341339111
0.4885592460632324,1.306374430656433,0.50873202085495
0.4415881931781769,1.1622670888900757,0.5087308883666992
0.4779725670814514,1.0191479921340942,0.5087296962738037
0.45170339941978455,1.1306945085525513,0.508728563785553
0.5153701305389404,1.0447702407836914,0.5087273716926575
0.5221776962280273,1.2090387344360352,0.5087262988090515
0.47499343752861023,1.1442848443984985,0.508725106716156
0.42368465662002563,1.1244173049926758,0.5087239146232605
0.4148266613483429,0.8022477030754089,0.5087228417396545
0.42560216784477234,1.099518895149231,0.5087215900421143
0.48252227902412415,1.0870697498321533,0.5087205767631531
0.4383467733860016,1.0259679555892944,0.5087194442749023
0.4832141697406769,1.3236669301986694,0.5087182521820068
0.4735851287841797,1.4049408435821533,0.5087170600891113
0.431038498878479,0.9274687170982361,0.5087160468101501
0.4384651780128479,1.2818900346755981,0.5087148547172546
0.4659898281097412,1.124387264251709,0.5087136626243591
0.39051562547683716,1.0122392177581787,0.5087125897407532
0.4102728068828583,1.3860055208206177,0.5087114572525024
0.4200533926486969,1.2513723373413086,0.5087102055549622
0.3936798870563507,1.033481240272522,0.5087090134620667
0.4566187262535095,1.1785800457000732,0.5087078213691711
0.4134169816970825,0.9951910972595215,0.5087066888809204
0.4348551034927368,0.9581966400146484,0.5087054967880249
0.4407713711261749,1.508754014968872,0.508704423904419
0.42797088623046875,1.0650885105133057,0.5087032318115234
0.4437251091003418,1.156800627708435,0.5087020993232727
0.4832489788532257,0.9158063530921936,0.5087008476257324
0.4603208005428314,1.305144190788269,0.5086997151374817
0.4076874852180481,1.3050012588500977,0.5086985230445862
0.4363335072994232,1.0735702514648438,0.5086974501609802
0.43271270394325256,0.9649189114570618,0.5086961984634399
0.5007316470146179,1.1412923336029053,0.5086950659751892
0.47378844022750854,1.2683615684509277,0.5086939334869385
0.4251956045627594,1.122414469718933,0.508692741394043
0.4405762255191803,1.0788743495941162,0.5086915493011475
0.4607054889202118,0.9787502288818359,0.5086904764175415
0.4765326976776123,0.9041638970375061,0.5086893439292908
0.3937036097049713,0.993889570236206,0.5086883306503296
0.46599966287612915,1.1549838781356812,0.5086871981620789
0.45211151242256165,1.0344942808151245,0.5086860656738281
0.40496307611465454,1.2099735736846924,0.5086849927902222
0.47068190574645996,1.225535273551941,0.5086837410926819
0.44127851724624634,0.9185309410095215,0.5086825489997864
0.4758245050907135,0.9508302211761475,0.5086813569068909
0.4171319603919983,1.0738433599472046,0.5086801052093506
0.41458284854888916,0.8247494101524353,0.5086790919303894
0.49714282155036926,0.8613027334213257,0.5086778998374939
0.4170105755329132,1.0310572385787964,0.5086767673492432
0.4250006079673767,1.025921106338501,0.5086755156517029
0.49270492792129517,0.9223706722259521,0.5086743235588074
0.4694218337535858,1.1303352117538452,0.5086733102798462
0.5155468583106995,0.9899221062660217,0.5086721777915955
0.49967947602272034,1.2511382102966309,0.5086709856987
0.39127445220947266,0.8514167070388794,0.5086697340011597
0.4628527760505676,0.8413070440292358,0.5086685419082642
0.41458839178085327,0.9629042148590088,0.5086673498153687
0.43392717838287354,1.0150033235549927,0.5086661577224731
0.45331457257270813,1.194212555885315,0.5086649656295776
0.5103101134300232,1.1483983993530273,0.5086637735366821
0.48334258794784546,0.8660025000572205,0.5086625218391418
0.4256521463394165,0.963882327079773,0.5086614489555359
0.48814576864242554,1.0240947008132935,0.5086603164672852
0.42459577322006226,1.0407183170318604,0.5086590647697449
0.43757128715515137,1.2079920768737793,0.5086579322814941
0.40982699394226074,1.3323588371276855,0.5086567401885986
0.43157362937927246,1.077987790107727,0.5086554884910583
0.48996633291244507,1.1525014638900757,0.5086542963981628
0.4646613895893097,1.024019718170166,0.5086531639099121
0.4522245228290558,1.075549840927124,0.5086519718170166
0.4717220067977905,1.2011171579360962,0.5086508989334106
0.42409491539001465,0.9221336245536804,0.5086497068405151
0.44344207644462585,1.2217780351638794,0.5086485147476196
0.473478764295578,0.8040494322776794,0.5086474418640137
0.4933500289916992,0.9408622980117798,0.5086462497711182
0.4409005343914032,1.0007898807525635,0.5086451768875122
0.424986869096756,1.0020064115524292,0.5086439251899719
0.4524298906326294,1.025269865989685,0.5086427330970764
0.4124481976032257,1.0289534330368042,0.5086415410041809
0.48326581716537476,1.0731145143508911,0.5086404085159302
0.446591317653656,0.9233064651489258,0.5086393356323242
0.4347132742404938,1.344682216644287,0.5086379647254944
0.44833531975746155,1.1627894639968872,0.5086368918418884
0.4399491548538208,0.9682767391204834,0.5086356997489929
0.4230341613292694,1.5121417045593262,0.5086345076560974
0.49864891171455383,1.141367793083191,0.5086333155632019
0.42040911316871643,1.2088407278060913,0.508632242679596
0.4409223794937134,1.1107126474380493,0.5086310505867004
0.5283100008964539,1.1535885334014893,0.5086298584938049
0.4408346116542816,1.1590315103530884,0.5086287260055542
0.45879065990448,0.9114862084388733,0.5086275339126587
0.46612605452537537,0.9474664926528931,0.5086262226104736
0.4004785120487213,1.0609793663024902,0.5086251497268677
0.4511854946613312,1.2724394798278809,0.5086238384246826
0.44924062490463257,1.246089220046997,0.5086227655410767
0.4117588698863983,1.2705646753311157,0.5086215734481812
0.463348388671875,0.9171441197395325,0.5086203217506409
0.4489004909992218,0.9669580459594727,0.5086191296577454
0.47685322165489197,1.109982967376709,0.5086179375648499
0.4524320065975189,1.3059823513031006,0.5086168050765991
0.44243285059928894,0.9391595721244812,0.5086156725883484
0.41517379879951477,1.363767147064209,0.5086145401000977
0.46169477701187134,1.03451406955719,0.5086132884025574
0.4827849566936493,0.7870098948478699,0.5086120963096619
0.4585687220096588,1.0372748374938965,0.5086109042167664
0.4414266347885132,1.2805629968643188,0.5086098313331604
0.47128304839134216,1.1309669017791748,0.5086087584495544
0.47952285408973694,1.0923489332199097,0.5086075663566589
0.4311414361000061,0.8901840448379517,0.5086063742637634
0.46328413486480713,1.1011217832565308,0.5086053013801575
0.49640342593193054,1.018520474433899,0.5086041688919067
0.4484296441078186,1.0762442350387573,0.5086029171943665
0.4992296099662781,0.9080966711044312,0.5086016058921814
0.45191046595573425,0.8571032881736755,0.5086004734039307
0.3920145034790039,1.141000509262085,0.5085993409156799
0.47216421365737915,0.9444283843040466,0.5085981488227844
0.5211585164070129,1.2395933866500854,0.5085970163345337
0.3827558755874634,0.9906747341156006,0.5085957646369934
0.40407171845436096,1.0314068794250488,0.5085945725440979
0.5047943592071533,0.9543147087097168,0.5085934400558472
0.486388623714447,1.2332820892333984,0.5085921883583069
0.46164610981941223,0.9778410792350769,0.5085909366607666
0.4485619366168976,0.794640839099884,0.5085897445678711
0.4644131362438202,1.1227980852127075,0.5085883736610413
0.4662855863571167,0.9636098146438599,0.508587121963501
0.4623384475708008,1.0337085723876953,0.5085859298706055
0.47382307052612305,0.8384284377098083,0.50858473777771
0.4180993437767029,1.121168851852417,0.5085835456848145
0.3869799077510834,1.125185489654541,0.5085822939872742
0.4476048946380615,0.982425332069397,0.5085811018943787
0.3948226571083069,1.037386178970337,0.5085799098014832
0.4484585225582123,1.234022617340088,0.5085787177085876
0.3903619349002838,0.9530846476554871,0.5085774660110474
0.4470917284488678,1.259268045425415,0.5085762739181519
0.4303279519081116,1.0761579275131226,0.5085750818252563
0.41987645626068115,1.2137819528579712,0.5085738301277161
0.3600659966468811,0.8632736206054688,0.5085726976394653
0.4393235743045807,0.9905416965484619,0.5085715055465698
0.3744867742061615,1.4458357095718384,0.5085702538490295
0.40914443135261536,1.3775752782821655,0.5085691213607788
0.4528646767139435,1.0871248245239258,0.5085678100585938
0.42568010091781616,0.964117169380188,0.5085666179656982
0.5158258676528931,1.163072943687439,0.5085654258728027
0.46442413330078125,0.9329075217247009,0.5085642337799072
0.45958709716796875,1.1358699798583984,0.5085630416870117
0.4042972922325134,1.1127345561981201,0.5085617899894714
0.4976906180381775,1.3300061225891113,0.5085605382919312
0.44366544485092163,0.8826743364334106,0.5085592865943909
0.4653155505657196,0.9745980501174927,0.5085580945014954
0.43386131525039673,1.2881290912628174,0.5085569024085999
0.44633328914642334,0.9565656781196594,0.5085557103157043
0.43099913001060486,1.288932204246521,0.5085543990135193
0.4285385310649872,0.9780848622322083,0.5085532665252686
0.4096320867538452,1.2189550399780273,0.5085521340370178
0.4925248622894287,0.8436384797096252,0.5085509419441223
0.5064248442649841,1.257839560508728,0.5085496306419373
0.4550519585609436,0.9758179187774658,0.5085484981536865
0.4486923813819885,1.17104971408844,0.5085471272468567
0.43137678503990173,1.2631722688674927,0.5085458755493164
0.42927736043930054,1.0052728652954102,0.5085448026657104
0.5101804733276367,1.1235908269882202,0.5085436105728149
0.3937113881111145,1.0386922359466553,0.5085422992706299
0.4224836528301239,0.7788228988647461,0.5085411071777344
0.4433782398700714,1.1500521898269653,0.5085399746894836
0.48314574360847473,1.050955891609192,0.5085387825965881
0.48224571347236633,0.9060859680175781,0.5085374712944031
0.4771995544433594,0.9498593807220459,0.5085363388061523
0.44024062156677246,1.1252853870391846,0.5085350871086121
0.4613182842731476,1.2056328058242798,0.5085338950157166
0.45837730169296265,1.1196905374526978,0.5085327625274658
0.461261123418808,0.96698397397995,0.5085314512252808
0.47583678364753723,1.1369991302490234,0.50853031873703
0.41987600922584534,1.0130878686904907,0.5085291266441345
0.5069622993469238,1.1090471744537354,0.5085277557373047
0.4010135531425476,0.9218035936355591,0.5085265636444092
0.49720022082328796,0.9104368686676025,0.5085253119468689
0.4307941794395447,0.8739075660705566,0.5085240006446838
0.44272512197494507,1.1566742658615112,0.5085227489471436
0.5115835070610046,1.207445502281189,0.5085214972496033
0.4716169536113739,1.183054804801941,0.508520245552063
0.42250365018844604,0.996595025062561,0.5085190534591675
0.45861899852752686,1.151338815689087,0.5085178017616272
0.4366089105606079,0.9202219843864441,0.5085166096687317
0.476162850856781,1.0855971574783325,0.5085154175758362
0.5114727020263672,0.8774375915527344,0.5085141062736511
0.47451141476631165,1.404036045074463,0.5085128545761108
0.4130116105079651,1.063271403312683,0.5085116028785706
0.4000450670719147,0.9813085794448853,0.508510410785675
0.42331358790397644,1.2859996557235718,0.5085091590881348
0.41953229904174805,1.1202789545059204,0.5085079669952393
0.4527495205402374,1.1510672569274902,0.5085067749023438
0.4071849286556244,1.0336943864822388,0.5085054636001587
0.43184229731559753,1.1120364665985107,0.5085042119026184
0.4354877471923828,0.9558461308479309,0.5085029602050781
0.5160139203071594,0.8152334690093994,0.5085017681121826
0.48043447732925415,0.9946143627166748,0.5085005760192871
0.428223192691803,1.0552233457565308,0.5084993839263916
0.43652892112731934,0.9992996454238892,0.5084981322288513
0.4817499816417694,0.9710710644721985,0.5084969401359558
0.45385339856147766,1.1481633186340332,0.5084958076477051
0.4321974515914917,1.0769684314727783,0.5084945559501648
0.5084934830665588,1.1800507307052612,0.508493185043335
0.3843175172805786,1.6459592580795288,0.5084919929504395
0.5076879858970642,1.1655324697494507,0.508490800857544
0.4137663245201111,1.1268454790115356,0.5084895491600037
0.42455756664276123,1.0940091609954834,0.5084883570671082
0.4310239255428314,1.2823621034622192,0.5084871053695679
0.4653508961200714,1.1827187538146973,0.5084859132766724
0.43846145272254944,0.8476263284683228,0.5084846615791321
0.4063399136066437,0.9945958852767944,0.508483350276947
0.4491547644138336,1.0147607326507568,0.5084820985794067
0.39878252148628235,1.0065802335739136,0.5084809064865112
0.45258620381355286,1.116288661956787,0.5084797143936157
0.39886146783828735,0.8225735425949097,0.5084784626960754
0.4425584673881531,1.0791568756103516,0.5084772109985352
0.4527909755706787,1.1049350500106812,0.5084758996963501
0.42962515354156494,1.0914695262908936,0.5084746479988098
0.45759132504463196,0.9079980850219727,0.5084735751152039
0.437660813331604,1.0846410989761353,0.5084724426269531
0.4405720829963684,1.2229660749435425,0.5084711909294128
0.46044498682022095,1.1449419260025024,0.508469820022583
0.4578190743923187,1.048399806022644,0.508468747138977
0.44150909781455994,1.1199597120285034,0.508467435836792
0.3865905702114105,0.7087564468383789,0.5084662437438965
0.4523744583129883,0.9763257503509521,0.508465051651001
0.4701635539531708,0.935294508934021,0.5084638595581055
0.39910098910331726,0.9709434509277344,0.5084627270698547
0.4284827411174774,1.216326355934143,0.5084615349769592
0.43536055088043213,1.3177251815795898,0.508460283279419
0.5014480352401733,1.1210414171218872,0.5084589719772339
0.45358046889305115,1.4221504926681519,0.5084577798843384
0.4822852909564972,1.1491212844848633,0.5084565281867981
0.4307798147201538,0.876171350479126,0.5084552764892578
0.4398946166038513,1.0925076007843018,0.5084540843963623
0.4517935812473297,0.8611879944801331,0.5084528923034668
0.46388357877731323,1.2517610788345337,0.5084516406059265
0.39834287762641907,1.043755054473877,0.508450448513031
0.47479644417762756,0.9246135354042053,0.508449137210846
0.48560771346092224,1.1370103359222412,0.5084479451179504
0.4525867998600006,1.1600404977798462,0.5084466338157654
0.39877286553382874,0.79874587059021,0.5084454417228699
0.4468168616294861,0.8393949866294861,0.5084442496299744
0.4663025438785553,1.123881220817566,0.5084429979324341
0.42946019768714905,1.2662971019744873,0.5084418058395386
0.43850332498550415,1.0960551500320435,0.5084407329559326
0.4599013328552246,0.9023276567459106,0.5084395408630371
0.4430643618106842,1.0159273147583008,0.508438229560852
0.39824172854423523,1.0726494789123535,0.5084369778633118
0.4102136194705963,0.9667679071426392,0.5084357857704163
0.40137702226638794,1.1885888576507568,0.508434534072876
0.48206138610839844,1.0294123888015747,0.5084333419799805
0.4484524428844452,0.9381851553916931,0.508432149887085
0.36775726079940796,0.7873750329017639,0.5084308385848999
0.4450400471687317,0.9043960571289062,0.5084296464920044
0.48592641949653625,1.0253751277923584,0.5084283351898193
0.42315980792045593,0.9801822304725647,0.5084271430969238
0.4440392553806305,1.11943519115448,0.5084258913993835
0.5287723541259766,1.1649796962738037,0.5084245800971985
0.45918989181518555,1.0456414222717285,0.5084233283996582
0.49561378359794617,1.1452242136001587,0.5084221363067627
0.45893579721450806,1.1880954504013062,0.5084209442138672
0.3796826899051666,1.1433465480804443,0.5084197521209717
0.44244757294654846,1.0005549192428589,0.508418619632721
0.4802687466144562,0.9842648506164551,0.5084173083305359
0.47483110427856445,1.2237268686294556,0.5084162354469299
0.4773382544517517,1.0768816471099854,0.5084148645401001
0.48834940791130066,1.1124963760375977,0.5084136724472046
0.4081279933452606,1.1870166063308716,0.5084124207496643
0.45244863629341125,1.1984180212020874,0.5084112286567688
0.44264137744903564,1.1361218690872192,0.5084099769592285
0.40989261865615845,1.2014234066009521,0.508408784866333
0.4730481505393982,0.9464348554611206,0.5084076523780823
0.4405467212200165,0.7626479864120483,0.508406400680542
0.42358824610710144,1.0138494968414307,0.5084051489830017
0.40217649936676025,0.954683244228363,0.508404016494751
0.43234574794769287,1.1694114208221436,0.5084028840065002
0.39748629927635193,1.2059547901153564,0.50840163230896
0.4186938405036926,0.9075803160667419,0.5084003210067749
0.47147223353385925,1.0462311506271362,0.5083991289138794
0.40584444999694824,0.9794338345527649,0.5083978772163391
0.46990278363227844,0.6259379386901855,0.5083966255187988
0.38575857877731323,0.9427935481071472,0.5083953738212585
0.3885340094566345,1.2132627964019775,0.508394181728363
0.3886381685733795,0.8416925072669983,0.5083929896354675
0.4253760874271393,1.1310909986495972,0.5083916783332825
0.43857336044311523,1.403157114982605,0.508390486240387
0.38811194896698,0.9457768201828003,0.5083892345428467
0.4998520612716675,1.1213492155075073,0.5083879232406616
0.441652774810791,1.0055195093154907,0.5083867311477661
0.41781651973724365,1.1664011478424072,0.5083854794502258
0.4382895231246948,1.1327377557754517,0.5083842277526855
0.454131156206131,0.8599673509597778,0.5083829760551453
0.46949300169944763,1.1197795867919922,0.508381724357605
0.38309115171432495,0.9954977035522461,0.5083804726600647
0.42256033420562744,0.8020407557487488,0.5083791613578796
0.4050140976905823,1.0429538488388062,0.5083779692649841
0.4940450191497803,0.9079446792602539,0.5083765387535095
0.45312950015068054,0.8751722574234009,0.508375346660614
0.4411884844303131,1.1480218172073364,0.508374035358429
0.41018053889274597,1.0386725664138794,0.5083728432655334
0.42355650663375854,0.9206468462944031,0.5083716511726379
0.4990854561328888,1.0676348209381104,0.5083703398704529
0.439412385225296,0.9507233500480652,0.5083690881729126
0.4909718334674835,1.1721258163452148,0.5083678364753723
0.4573342800140381,1.1136127710342407,0.5083665251731873
0.4205711781978607,1.028868317604065,0.5083652138710022
0.4669465124607086,1.00240957736969,0.5083640813827515
0.3884393572807312,1.29740571975708,0.5083627700805664
0.44325941801071167,1.1755627393722534,0.5083615183830261
0.4398215413093567,1.0522066354751587,0.5083602666854858
0.4845620095729828,0.9854374527931213,0.5083590149879456
0.45956405997276306,1.0243496894836426,0.5083577632904053
0.4121134877204895,1.1772392988204956,0.5083565711975098
0.444262832403183,0.8440414071083069,0.5083553194999695
0.4444907009601593,1.3361499309539795,0.5083540081977844
0.4277360439300537,0.9249715805053711,0.5083527565002441
0.4297439455986023,0.881858229637146,0.5083514451980591
0.40633314847946167,1.1247767210006714,0.5083501935005188
0.4205518364906311,1.1353014707565308,0.5083488821983337
0.4372028708457947,1.1623015403747559,0.5083476901054382
0.4812030792236328,1.1354504823684692,0.5083463788032532
0.49864545464515686,1.0827330350875854,0.5083452463150024
0.41265854239463806,1.1227351427078247,0.5083440542221069
0.4895836412906647,0.9408144950866699,0.5083427429199219
0.47379350662231445,0.7968704700469971,0.5083415508270264
0.5061198472976685,1.603965401649475,0.5083402395248413
0.39838942885398865,0.9053247570991516,0.508338987827301
0.43730002641677856,1.0644924640655518,0.5083377957344055
0.390857070684433,1.0536584854125977,0.5083365440368652
0.46249526739120483,1.156409740447998,0.508335292339325
0.4212431311607361,0.9933701753616333,0.5083341598510742
0.45150211453437805,0.9239616394042969,0.5083329677581787
0.5239867568016052,1.18439519405365,0.5083317160606384
0.5256223082542419,0.8740867376327515,0.5083305239677429
0.43073928356170654,0.8198068141937256,0.5083292722702026
0.42005300521850586,0.9769271612167358,0.5083279609680176
0.4583205282688141,0.8783925175666809,0.5083265900611877
0.4925021231174469,0.9332237839698792,0.508325457572937
0.48826590180397034,1.0327563285827637,0.5083242058753967
0.49304282665252686,1.186819076538086,0.5083229541778564
0.4108099639415741,0.8540890216827393,0.5083217620849609
0.46905356645584106,0.9272230267524719,0.5083204507827759
0.4438464343547821,1.4399136304855347,0.5083191394805908
0.4304344356060028,1.4254428148269653,0.508317768573761
0.46972334384918213,1.206642985343933,0.5083165764808655
0.36197298765182495,0.8782110810279846,0.5083153247833252
0.4316723048686981,1.41506028175354,0.5083140730857849
0.4302217662334442,0.9120139479637146,0.5083127617835999
0.5046713948249817,1.184340476989746,0.5083116888999939
0.4440888464450836,1.0814192295074463,0.5083103775978088
0.40297630429267883,1.037835717201233,0.5083091259002686
0.4128419756889343,0.9815710186958313,0.5083077549934387
0.446491003036499,0.978760838508606,0.5083065032958984
0.41833770275115967,1.0658713579177856,0.5083051919937134
0.4773963689804077,1.0467581748962402,0.5083039999008179
0.4016436040401459,0.9243453145027161,0.5083025693893433
0.4610437750816345,1.279516577720642,0.508301317691803
0.47211959958076477,1.269866704940796,0.5083001255989075
0.4367898106575012,1.1042988300323486,0.5082988142967224
0.44548872113227844,0.8740832209587097,0.5082975625991821
0.4640740156173706,0.8796044588088989,0.5082963109016418
0.4362460672855377,1.3443019390106201,0.5082950592041016
0.5326045751571655,1.117002010345459,0.5082936882972717
0.425162672996521,1.3944789171218872,0.5082924365997314
0.4173898696899414,0.9300013184547424,0.5082912445068359
0.42405208945274353,1.0930615663528442,0.5082899332046509
0.4430474638938904,0.884128987789154,0.5082886219024658
0.40698590874671936,0.8789733648300171,0.5082873702049255
0.4262808859348297,1.194218635559082,0.5082862377166748
0.4500252902507782,0.9623043537139893,0.508284866809845
0.44902244210243225,0.8856384754180908,0.5082836747169495
0.3962637186050415,0.9889379143714905,0.5082823038101196
0.45753103494644165,1.226848840713501,0.5082809925079346
0.475128173828125,0.9032772779464722,0.5082798600196838
0.43307363986968994,1.0190770626068115,0.5082785487174988
0.45837706327438354,1.0989117622375488,0.508277177810669
0.43671926856040955,1.1277270317077637,0.5082758665084839
0.4412989020347595,1.0187093019485474,0.5082746148109436
0.41809263825416565,1.0641148090362549,0.5082733631134033
0.48568931221961975,1.0554205179214478,0.5082720518112183
0.4226020574569702,0.7278695106506348,0.5082707405090332
0.4216240644454956,0.92100590467453,0.5082693696022034
0.44771453738212585,1.3235701322555542,0.5082681775093079
0.4408140480518341,1.0419267416000366,0.5082669258117676
0.4269484281539917,1.0018450021743774,0.5082656741142273
0.47383996844291687,1.03999662399292,0.5082643628120422
0.4427439868450165,1.1885313987731934,0.5082630515098572
0.4779336452484131,0.9742017388343811,0.5082617402076721
0.38592496514320374,0.9009936451911926,0.5082604885101318
0.4023318886756897,1.0941139459609985,0.5082592368125916
0.43475547432899475,1.0934855937957764,0.5082579851150513
0.4579245150089264,0.9432081580162048,0.508256733417511
0.45102477073669434,1.1109435558319092,0.5082554221153259
0.38085952401161194,1.0597639083862305,0.5082542300224304
0.3980298638343811,1.1405643224716187,0.5082529783248901
0.4364989399909973,1.146263599395752,0.5082517266273499
0.3701719641685486,0.9302613139152527,0.50825035572052
0.438239723443985,1.0613592863082886,0.5082491040229797
0.437385618686676,1.191177487373352,0.5082477331161499
0.46160295605659485,0.9317933917045593,0.5082465410232544
0.44781604409217834,1.1012485027313232,0.5082452297210693
0.4172639846801758,1.1609224081039429,0.5082440376281738
0.49235570430755615,1.2903907299041748,0.5082427859306335
0.4255196154117584,1.077707290649414,0.5082414150238037
0.44831252098083496,0.9246172904968262,0.5082401037216187
0.41287681460380554,1.022516131401062,0.5082387328147888
0.3919568657875061,1.0174806118011475,0.5082374215126038
0.45368120074272156,1.0560351610183716,0.5082360506057739
0.45696988701820374,1.176052212715149,0.5082347989082336
0.4147277772426605,1.1605695486068726,0.5082335472106934
0.4195188879966736,0.9521064162254333,0.5082322955131531
0.411664754152298,1.4222922325134277,0.5082310438156128
0.48563918471336365,1.0732935667037964,0.5082297921180725
0.4730238616466522,0.8762199878692627,0.5082285404205322
0.4868370294570923,1.0741819143295288,0.5082272291183472
0.39964818954467773,1.1067440509796143,0.5082259178161621
0.47315680980682373,1.127428412437439,0.5082247257232666
0.3941650986671448,1.018755555152893,0.5082234740257263
0.4415265619754791,1.2839198112487793,0.508222222328186
0.4516803026199341,0.8796414732933044,0.5082209706306458
0.4315289855003357,0.8346483707427979,0.5082195997238159
0.4078391194343567,0.9191732406616211,0.5082182288169861
0.5200964212417603,1.0795049667358398,0.5082169771194458
0.3877711892127991,1.0161352157592773,0.5082156658172607
0.4592086672782898,1.0341850519180298,0.5082142353057861
0.4695535898208618,1.0708048343658447,0.5082129240036011
0.4733540713787079,1.0180234909057617,0.5082116723060608
0.4762755334377289,0.8988505601882935,0.5082103610038757
0.44199785590171814,1.0014543533325195,0.5082091689109802
0.41751113533973694,1.018604040145874,0.5082077383995056
0.42832404375076294,1.1840494871139526,0.5082063674926758
0.4282934069633484,0.9617452025413513,0.508204996585846
0.4516613185405731,1.072632074356079,0.5082037448883057
0.4214268922805786,0.8687372803688049,0.5082023739814758
0.39566904306411743,1.0105630159378052,0.5082011818885803
0.3869289755821228,0.8815054297447205,0.5081998705863953
0.4693620204925537,1.0333389043807983,0.5081984996795654
0.4570375084877014,1.0407384634017944,0.5081971287727356
0.41644513607025146,1.077384352684021,0.5081957578659058
0.42843082547187805,1.3027515411376953,0.5081943869590759
0.4233585298061371,1.1648741960525513,0.5081930160522461
0.4359602928161621,0.9530076384544373,0.5081917643547058
0.49586737155914307,1.1331475973129272,0.508190393447876
0.44712644815444946,1.0597254037857056,0.5081891417503357
0.47019389271736145,0.9107058644294739,0.5081878304481506
0.4283864498138428,1.0760278701782227,0.5081865191459656
0.3793061077594757,1.3072668313980103,0.5081852674484253
0.4551830589771271,0.9743971824645996,0.5081838965415955
0.41226476430892944,1.115952968597412,0.5081827640533447
0.5198036432266235,0.9217584729194641,0.5081813931465149
0.45752477645874023,1.227368712425232,0.5081800222396851
0.4118610918521881,1.0986173152923584,0.5081788301467896
0.4262923300266266,1.0578616857528687,0.5081776976585388
0.4741380214691162,1.248561143875122,0.508176326751709
0.42545801401138306,0.801889181137085,0.5081751346588135
0.38987043499946594,0.8922945857048035,0.5081737041473389
0.4478098154067993,0.8215839862823486,0.5081723928451538
0.47401341795921326,0.971383273601532,0.5081710815429688
0.4987799823284149,1.2456785440444946,0.5081698298454285
0.42550066113471985,1.250253438949585,0.5081685781478882
0.4975898563861847,1.0924365520477295,0.5081673860549927
0.4337221086025238,1.0609241724014282,0.5081661939620972
0.4604479968547821,1.0863341093063354,0.5081649422645569
0.4892231523990631,1.1665199995040894,0.5081636309623718
0.48813796043395996,1.1837186813354492,0.5081623792648315
0.5003653764724731,1.233182430267334,0.5081610083580017
0.4265366196632385,1.1846927404403687,0.5081599354743958
0.4377698302268982,0.9193013310432434,0.5081586241722107
0.4253123998641968,0.942658007144928,0.5081573724746704
0.4014652967453003,1.01699960231781,0.5081561803817749
0.49493885040283203,1.1273170709609985,0.5081549286842346
0.4069652855396271,1.013197660446167,0.5081536173820496
0.4510565996170044,1.3853137493133545,0.508152425289154
0.4690844714641571,1.0219939947128296,0.5081511735916138
0.5012656450271606,1.295327067375183,0.5081499814987183
0.4715100824832916,1.0620697736740112,0.5081487894058228
0.546602189540863,1.1559348106384277,0.5081474184989929
0.440561980009079,1.134792685508728,0.5081462860107422
0.4511778652667999,0.8566098809242249,0.5081449747085571
0.43282416462898254,1.018435001373291,0.5081436038017273
0.4461454153060913,1.0749520063400269,0.508142352104187
0.42572376132011414,1.3853094577789307,0.5081411004066467
0.4247683584690094,1.0956652164459229,0.5081399083137512
0.45181000232696533,0.9635385274887085,0.5081385374069214
0.4321169853210449,1.251182198524475,0.5081372261047363
0.39617660641670227,1.3547838926315308,0.5081360340118408
0.407510370016098,1.1688973903656006,0.508134663105011
0.46932321786880493,1.0686246156692505,0.5081333518028259
0.49175140261650085,1.0046579837799072,0.5081320405006409
0.4971327781677246,1.2349026203155518,0.5081307291984558
0.41168397665023804,0.9553245306015015,0.5081294178962708
0.5404058694839478,0.9753192663192749,0.5081283450126648
0.42074933648109436,0.9622427821159363,0.5081269145011902
0.46144217252731323,0.9485187530517578,0.5081257224082947
0.40023544430732727,1.0778204202651978,0.5081244111061096
0.4554589092731476,0.8619276285171509,0.5081231594085693
0.39882194995880127,1.1186552047729492,0.508121907711029
0.44020697474479675,1.1189775466918945,0.508120596408844
0.4241218864917755,0.8389516472816467,0.5081194043159485
0.43633732199668884,1.0966651439666748,0.5081181526184082
0.47181323170661926,0.9075454473495483,0.5081167817115784
0.4409675598144531,1.1084487438201904,0.5081155300140381
0.42242416739463806,1.1921756267547607,0.5081141591072083
0.4142250716686249,0.7770528197288513,0.508112907409668
0.48879125714302063,1.10970938205719,0.5081117153167725
0.4528632164001465,0.8688117861747742,0.508110523223877
0.4196743667125702,0.7082204222679138,0.5081091523170471
0.4164169728755951,1.090524673461914,0.5081079602241516
0.4338785409927368,0.9900521039962769,0.5081066489219666
0.46530795097351074,0.9121835231781006,0.5081053376197815
0.39369887113571167,0.895002543926239,0.5081040263175964
0.40776267647743225,0.9282453656196594,0.5081025958061218
0.40201735496520996,0.9836193919181824,0.508101224899292
0.46856793761253357,0.9591235518455505,0.5081000328063965
0.469480961561203,0.9597675800323486,0.5080987811088562
0.4521116614341736,1.036880373954773,0.5080974698066711
0.46397462487220764,1.1532858610153198,0.5080961585044861
0.3882002830505371,0.9891933798789978,0.508094847202301
0.5056632161140442,1.1483221054077148,0.5080934762954712
0.44313845038414,1.17072594165802,0.5080922842025757
0.4047849476337433,1.1154820919036865,0.5080910325050354
0.4393286108970642,1.3843458890914917,0.5080896615982056
0.39799991250038147,1.022127389907837,0.5080884695053101
0.4715396463871002,0.777527928352356,0.508087158203125
0.4386395812034607,1.060691237449646,0.5080857276916504
0.42745551466941833,0.9760139584541321,0.5080843567848206
0.4281134009361267,0.8998916149139404,0.5080830454826355
0.4033108353614807,0.8458591103553772,0.5080817341804504
0.5038548707962036,1.0382875204086304,0.5080804824829102
0.4654131233692169,1.2438336610794067,0.5080792903900146
0.4313785433769226,1.0837403535842896,0.5080780386924744
0.4897041320800781,0.8419296741485596,0.5080767869949341
0.47394493222236633,0.9466260075569153,0.5080754160881042
0.4548950791358948,0.9781579375267029,0.508074164390564
0.49712470173835754,1.0253020524978638,0.5080727338790894
0.4073992073535919,0.8950913548469543,0.5080713629722595
0.4616526961326599,0.946678638458252,0.5080699920654297
0.4293357729911804,0.986126720905304,0.5080686807632446
0.405317485332489,0.7405044436454773,0.5080674290657043
0.35519489645957947,1.0660489797592163,0.5080661773681641
0.4290359318256378,0.9632020592689514,0.5080647468566895
0.4141846001148224,1.0985723733901978,0.5080634951591492
0.498812198638916,1.11036217212677,0.5080621242523193
0.46343138813972473,1.1102142333984375,0.508060872554779
0.48644521832466125,0.9102349281311035,0.5080596208572388
0.44731855392456055,0.9755958318710327,0.5080582499504089
0.4495540261268616,1.1833428144454956,0.5080569386482239
0.43871641159057617,0.9421402215957642,0.5080556273460388
0.4456954598426819,1.1858538389205933,0.5080543756484985
0.42093175649642944,0.9754353761672974,0.5080530047416687
0.4765353202819824,1.0162806510925293,0.5080516934394836
0.45137086510658264,1.019525408744812,0.5080503225326538
0.4257389008998871,1.0661277770996094,0.5080490708351135
0.4408518970012665,1.3503735065460205,0.5080478191375732
0.42628151178359985,0.9793511629104614,0.5080466270446777
0.43694251775741577,0.9716777801513672,0.5080453157424927
0.4835153818130493,1.0130220651626587,0.5080440640449524
0.5009272694587708,1.137202262878418,0.5080428719520569
0.43778204917907715,0.849142849445343,0.5080415606498718
0.49086835980415344,1.038327932357788,0.5080402493476868
0.42831918597221375,1.0291637182235718,0.5080388784408569
0.4131765365600586,1.158193588256836,0.5080375671386719
0.41935107111930847,1.1709617376327515,0.5080362558364868
0.45297080278396606,0.8906958103179932,0.5080350041389465
0.4325238764286041,0.8372145295143127,0.5080338716506958
0.4895262122154236,1.0066615343093872,0.5080324411392212
0.4817512333393097,1.1049453020095825,0.5080311298370361
0.4596293568611145,0.8599422574043274,0.5080298185348511
0.4582192897796631,1.1016422510147095,0.508028507232666
0.4132893979549408,0.8066580295562744,0.5080272555351257
0.4056008756160736,1.0066823959350586,0.5080259442329407
0.4897337257862091,0.7425197958946228,0.5080246329307556
0.46707338094711304,1.2183836698532104,0.5080233812332153
0.46762657165527344,0.8704891204833984,0.5080221891403198
0.454751580953598,1.1503483057022095,0.50802081823349
0.447160929441452,1.0497925281524658,0.5080195069313049
0.4837040603160858,0.8436337113380432,0.5080182552337646
0.4649460017681122,0.8867954611778259,0.5080170631408691
0.4413781762123108,0.8886560797691345,0.5080156922340393
0.3965422809123993,0.9563071131706238,0.5080145001411438
0.4900459945201874,1.2986607551574707,0.5080131888389587
0.4032299816608429,0.9144521355628967,0.5080119371414185
0.47166314721107483,0.7616967558860779,0.508010745048523
0.3930664658546448,0.9944561719894409,0.5080095529556274
0.450407475233078,1.081918478012085,0.5080082416534424
0.4205128848552704,1.2396299839019775,0.5080070495605469
0.42867088317871094,0.9665662050247192,0.5080057978630066
0.4718135595321655,0.934640109539032,0.5080044865608215
0.43865278363227844,1.0043390989303589,0.5080032348632812
0.42461317777633667,1.1535987854003906,0.508001983165741
0.40646597743034363,0.8727561831474304,0.5080007910728455
0.41007179021835327,0.9335048198699951,0.5079994797706604
0.4045781195163727,1.1106027364730835,0.5079982280731201
0.44702792167663574,1.259682297706604,0.5079967975616455
0.437433123588562,1.0308101177215576,0.50799560546875
0.4450671374797821,0.9859858155250549,0.5079942345619202
0.41846343874931335,0.9946061968803406,0.5079929828643799
0.41584670543670654,1.1306918859481812,0.5079916715621948
0.370510995388031,0.9851159453392029,0.5079903602600098
0.4251188635826111,0.904379665851593,0.5079891085624695
0.4477938115596771,1.236510992050171,0.5079877972602844
0.4256080389022827,0.9063776731491089,0.5079865455627441
0.454303503036499,1.1350854635238647,0.5079852342605591
0.49803054332733154,0.9778933525085449,0.5079839825630188
0.4109165370464325,0.8646697998046875,0.5079824924468994
0.48523855209350586,1.169985055923462,0.5079813003540039
0.46517637372016907,1.0399127006530762,0.5079799294471741
0.46111568808555603,0.9993856549263,0.5079787373542786
0.4245232343673706,1.0592647790908813,0.5079774260520935
0.4317551851272583,1.0109764337539673,0.5079761147499084
0.4510085880756378,1.0742120742797852,0.5079748630523682
0.46191397309303284,1.1287585496902466,0.5079734921455383
0.4520982503890991,0.9147692322731018,0.507972240447998
0.4255232810974121,0.8547261357307434,0.5079708695411682
0.3811301290988922,0.9979482889175415,0.5079696178436279
0.41988271474838257,1.023728370666504,0.5079682469367981
0.4666557312011719,1.1368274688720703,0.507966935634613
0.46900320053100586,0.8482106328010559,0.5079656839370728
0.44412559270858765,0.838374137878418,0.5079643726348877
0.41346755623817444,1.0624548196792603,0.5079629421234131
0.47744566202163696,1.0906620025634766,0.5079615712165833
0.4369250535964966,1.0802123546600342,0.5079602003097534
0.3865138292312622,0.854493260383606,0.5079588294029236
0.4144979417324066,0.9001104235649109,0.5079575777053833
0.4954964220523834,0.8845561146736145,0.507956326007843
0.39953383803367615,1.1267566680908203,0.5079549551010132
0.4981476366519928,1.1035116910934448,0.5079535245895386
0.43678832054138184,1.086105465888977,0.5079522132873535
0.4443682134151459,1.0414633750915527,0.507951021194458
0.4715977609157562,1.0596383810043335,0.5079496502876282
0.4355963170528412,0.8509742617607117,0.5079483389854431
0.4503990411758423,1.0281134843826294,0.5079470276832581
0.43916693329811096,1.0739586353302002,0.507945716381073
0.4213593304157257,0.884875476360321,0.5079444646835327
0.38397306203842163,0.9435520768165588,0.5079430937767029
0.44340774416923523,0.9819256663322449,0.5079419612884521
0.4729089140892029,0.9408241510391235,0.5079406499862671
0.4733338952064514,0.9342213869094849,0.5079392790794373
0.39955273270606995,1.1587790250778198,0.5079380869865417
0.42071831226348877,1.0655651092529297,0.5079368948936462
0.4304704964160919,1.0750484466552734,0.5079354047775269
0.49502426385879517,0.9419870972633362,0.5079342126846313
0.4235680401325226,1.0315449237823486,0.5079327821731567
0.426126092672348,1.1507855653762817,0.5079314708709717
0.47486013174057007,1.1817364692687988,0.5079301595687866
0.44682180881500244,1.0260828733444214,0.5079289078712463
0.42874911427497864,1.0809078216552734,0.5079277157783508
0.37624815106391907,0.861732006072998,0.5079264640808105
0.4770126938819885,0.9968245625495911,0.5079251527786255
0.47526419162750244,0.9541923403739929,0.5079237818717957
0.4370153248310089,1.131770133972168,0.5079224705696106
0.4673245847225189,0.8521049618721008,0.5079212188720703
0.42042943835258484,1.2319722175598145,0.5079199075698853
0.48353976011276245,1.0298949480056763,0.5079185962677002
0.42020002007484436,0.9761083126068115,0.5079171657562256
0.42383986711502075,1.065723180770874,0.5079157948493958
0.3776801526546478,1.0458022356033325,0.5079145431518555
0.4391448199748993,1.0487726926803589,0.5079132318496704
0.508923351764679,1.1594198942184448,0.5079119801521301
0.39407333731651306,1.016703724861145,0.5079106092453003
0.46248993277549744,0.8659729957580566,0.5079095363616943
0.4498845636844635,1.1614537239074707,0.5079081654548645
0.4383709728717804,1.1799476146697998,0.507906973361969
0.47718390822410583,0.9396775364875793,0.5079056024551392
0.45366141200065613,0.9870423078536987,0.5079044103622437
0.43605613708496094,1.2072938680648804,0.5079030990600586
0.46212509274482727,0.906014084815979,0.5079017281532288
0.44358229637145996,1.1336005926132202,0.5079004168510437
0.489948570728302,1.0371469259262085,0.5078991651535034
0.3986488878726959,1.0804779529571533,0.5078978538513184
0.417724609375,1.0335272550582886,0.5078966021537781
0.3980845510959625,1.0059876441955566,0.5078952312469482
0.46325820684432983,1.2401695251464844,0.5078939199447632
0.39926108717918396,0.8583289384841919,0.5078926682472229
0.41663816571235657,1.1400002241134644,0.5078912973403931
0.4280317723751068,1.010627269744873,0.5078900456428528
0.3846510946750641,0.9034380316734314,0.5078887343406677
0.38869360089302063,1.290131688117981,0.5078874230384827
0.4909954071044922,1.0204615592956543,0.5078860521316528
0.47198036313056946,1.2888380289077759,0.5078846216201782
0.4452311098575592,1.1694879531860352,0.5078833699226379
0.4171059727668762,1.1231555938720703,0.5078819394111633
0.428372859954834,1.3371102809906006,0.507880687713623
0.4787960350513458,0.9795699715614319,0.5078793168067932
0.4495309293270111,1.0970920324325562,0.5078781247138977
0.4079417288303375,0.982897162437439,0.5078768134117126
0.45269399881362915,1.0545611381530762,0.5078755617141724
0.3803323209285736,0.8100131154060364,0.5078743100166321
0.43905287981033325,0.9230343103408813,0.5078729391098022
0.4760356843471527,1.0539520978927612,0.5078716278076172
0.43590477108955383,0.8333004713058472,0.5078703165054321
0.48323094844818115,1.2455954551696777,0.5078689455986023
0.41288599371910095,0.9117003083229065,0.5078675150871277
0.4082326889038086,0.9775974750518799,0.5078662633895874
0.3860315680503845,0.8740469217300415,0.5078650116920471
0.38065698742866516,0.8051581978797913,0.5078637599945068
0.41526785492897034,0.9233921766281128,0.507862389087677
0.4522963762283325,0.9873622059822083,0.5078610181808472
0.4776936173439026,1.0602120161056519,0.5078597068786621
0.4054683446884155,1.0099411010742188,0.5078583359718323
0.4163959324359894,1.12574303150177,0.5078570246696472
0.4638526737689972,1.069714069366455,0.5078557133674622
0.39906570315361023,1.0280290842056274,0.5078544616699219
0.4494068920612335,1.120993733406067,0.507853090763092
0.45060989260673523,0.8969079852104187,0.507851779460907
0.4605705142021179,1.131259560585022,0.5078503489494324
0.4401034712791443,0.9556967616081238,0.5078490376472473
0.4241456985473633,1.0350308418273926,0.5078478455543518
0.4609220027923584,0.9357215762138367,0.5078465342521667
0.46931448578834534,0.8455678820610046,0.5078452825546265
0.42970943450927734,0.7552640438079834,0.5078440308570862
0.4555073380470276,1.0360244512557983,0.5078428387641907
0.44319236278533936,0.8658100962638855,0.5078414678573608
0.4306175112724304,1.00319504737854,0.507840096950531
0.42715707421302795,1.0913070440292358,0.507838785648346
0.43159353733062744,1.0011839866638184,0.5078374743461609
0.47191137075424194,1.011556625366211,0.507836103439331
0.4385913014411926,0.9841755032539368,0.5078349113464355
0.45504650473594666,1.236542820930481,0.5078334808349609
0.48871615529060364,0.9490696787834167,0.5078322291374207
0.4534648060798645,0.8090957999229431,0.5078309178352356
0.44228804111480713,1.052356481552124,0.5078295469284058
0.4656725823879242,1.0672985315322876,0.5078282356262207
0.4702836573123932,0.8643656373023987,0.5078269243240356
0.4139496982097626,0.8446491360664368,0.5078256130218506
0.41090455651283264,0.825537919998169,0.5078242421150208
0.4280208945274353,0.735542356967926,0.5078229904174805
0.387304425239563,0.9930648803710938,0.5078216791152954
0.4477885365486145,0.8597062230110168,0.5078204274177551
0.43721330165863037,0.9845770001411438,0.5078190565109253
0.41533011198043823,1.1843092441558838,0.507817804813385
0.4518650770187378,1.0175701379776,0.5078164339065552
0.4703502655029297,0.9110585451126099,0.5078151226043701
0.4213149845600128,0.7922747135162354,0.5078138113021851
0.48202651739120483,0.982627809047699,0.5078125596046448
0.4319148063659668,1.0848803520202637,0.5078113079071045
0.4611378312110901,1.0626468658447266,0.5078100562095642
0.39386796951293945,1.0418102741241455,0.5078086256980896
0.44650015234947205,0.8293098211288452,0.5078073143959045
0.40179118514060974,0.9602161645889282,0.5078060030937195
0.43286463618278503,0.8750201463699341,0.5078046321868896
0.430576890707016,0.7303466796875,0.5078033208847046
0.38390517234802246,1.1090704202651978,0.5078020691871643
0.38246992230415344,1.3489112854003906,0.507800817489624
0.42703330516815186,0.9435219764709473,0.5077995657920837
0.42807474732398987,1.1897313594818115,0.5077982544898987
0.4680071771144867,1.1759238243103027,0.5077969431877136
0.41377973556518555,1.1579657793045044,0.5077956914901733
0.4770384430885315,1.13886559009552,0.5077944993972778
0.47373661398887634,0.9929127097129822,0.5077931880950928
0.4788723886013031,0.9212681651115417,0.5077918767929077
0.4437929391860962,0.9490009546279907,0.5077906847000122
0.4913681745529175,0.9258190989494324,0.5077894926071167
0.4261634647846222,1.2283629179000854,0.5077881217002869
0.4250630736351013,0.9130575656890869,0.507786750793457
0.42356425523757935,0.8531742691993713,0.507785439491272
0.3991016745567322,0.9749436378479004,0.5077841281890869
0.436877965927124,0.8032473921775818,0.5077827572822571
0.4615587592124939,0.6849915385246277,0.5077815055847168
0.3950845003128052,0.994949460029602,0.5077801942825317
0.43490272760391235,1.0813323259353638,0.5077788829803467
0.4994504153728485,1.003844141960144,0.5077775716781616
0.434862345457077,0.9035354256629944,0.5077762007713318
0.4453480541706085,0.9533460736274719,0.5077749490737915
0.4019680619239807,1.0569099187850952,0.5077734589576721
0.4363573491573334,1.0378680229187012,0.5077722072601318
0.40503278374671936,0.9280747175216675,0.5077708959579468
0.4351516366004944,0.9332128167152405,0.5077695846557617
0.4482894837856293,0.9828864932060242,0.5077682137489319
0.48093947768211365,0.9434074759483337,0.5077667832374573
0.4744639992713928,0.9952266812324524,0.507765531539917
0.4529411494731903,1.0416264533996582,0.5077642202377319
0.5304559469223022,0.9341669678688049,0.5077629685401917
0.41429364681243896,1.1396574974060059,0.5077614784240723
0.4716176986694336,1.0633212327957153,0.5077601671218872
0.4630415141582489,0.9201882481575012,0.5077589750289917
0.4489348530769348,1.1420388221740723,0.5077576041221619
0.41297152638435364,1.3041914701461792,0.5077562928199768
0.42978549003601074,1.085890293121338,0.5077548623085022
0.44667890667915344,0.9573363661766052,0.5077535510063171
0.4456627666950226,0.8953002095222473,0.5077522993087769
0.4402669668197632,0.8886533975601196,0.507750928401947
0.42046642303466797,0.969814658164978,0.5077496767044067
0.3790203034877777,0.899756133556366,0.5077483057975769
0.4296572804450989,0.939035177230835,0.5077469348907471
0.4395858645439148,0.9745351076126099,0.5077455639839172
0.42915770411491394,0.956955075263977,0.507744312286377
0.49081844091415405,0.9845813512802124,0.5077431201934814
0.41340768337249756,0.8986893892288208,0.5077415704727173
0.3900860846042633,1.0274533033370972,0.5077403783798218
0.40265753865242004,1.174484133720398,0.5077390074729919
0.41938748955726624,0.9880349636077881,0.5077377557754517
0.4241393506526947,1.1164042949676514,0.5077363848686218
0.4434870779514313,1.0569287538528442,0.5077351927757263
0.4300055503845215,0.8630042672157288,0.5077337622642517
0.3994557857513428,0.9210306406021118,0.5077324509620667
0.5205621719360352,1.239212155342102,0.5077311992645264
0.44580909609794617,0.931138277053833,0.5077299475669861
0.45422324538230896,1.089288353919983,0.507728636264801
0.5219287276268005,0.7799266576766968,0.5077273845672607
0.4710043966770172,1.0202507972717285,0.5077261924743652
0.4144391119480133,0.8308676481246948,0.5077248811721802
0.40695226192474365,1.1164907217025757,0.5077235698699951
0.43296629190444946,0.8287804126739502,0.5077222585678101
0.40216583013534546,1.0037283897399902,0.5077210664749146
0.48060888051986694,0.9122570157051086,0.5077197551727295
0.43820127844810486,0.9641492962837219,0.5077183842658997
0.4276673495769501,1.033524751663208,0.5077171325683594
0.4299243688583374,0.8252599835395813,0.50771564245224
0.43963637948036194,0.7329840660095215,0.5077143311500549
0.4571080803871155,0.914652407169342,0.5077130794525146
0.4749264419078827,0.9794028401374817,0.5077118873596191
0.42459216713905334,0.9761282801628113,0.5077105760574341
0.4075978398323059,1.0460871458053589,0.5077093243598938
0.48617950081825256,1.2582345008850098,0.5077080726623535
0.45161718130111694,0.953277051448822,0.5077068209648132
0.396474689245224,0.9358786940574646,0.5077055096626282
0.448912650346756,0.9021344184875488,0.5077041387557983
0.46959415078163147,1.363248348236084,0.5077028274536133
0.44405433535575867,1.0424284934997559,0.5077015161514282
0.39930617809295654,0.9574881196022034,0.5077002048492432
0.4346871078014374,1.0596452951431274,0.5076988935470581
0.48268553614616394,0.8869169354438782,0.5076975226402283
0.3868826925754547,0.912204921245575,0.5076961517333984
0.44717344641685486,1.1923762559890747,0.5076947808265686
0.44938021898269653,1.0057340860366821,0.507693350315094
0.440662682056427,1.0814646482467651,0.5076921582221985
0.428566575050354,0.978707492351532,0.5076907873153687
0.436442494392395,1.0614615678787231,0.5076894164085388
0.43137145042419434,0.9460743069648743,0.5076881647109985
0.4576258659362793,1.0624661445617676,0.5076867938041687
0.43372589349746704,1.20927894115448,0.5076856017112732
0.41530531644821167,1.2988961935043335,0.507684051990509
0.4785042405128479,1.136263132095337,0.507682740688324
0.42894232273101807,1.0511530637741089,0.5076816082000732
0.42046332359313965,0.9633054733276367,0.5076802372932434
0.4635451138019562,1.083499789237976,0.5076788663864136
0.3915577530860901,0.9685813784599304,0.5076775550842285
0.4483505189418793,1.0173251628875732,0.5076762437820435
0.4742530584335327,0.8612739443778992,0.5076749324798584
0.4428032636642456,0.8394936323165894,0.5076736211776733
0.44701147079467773,1.0379459857940674,0.5076723098754883
0.5081785321235657,0.9771450161933899,0.507671058177948
0.48438772559165955,1.0780519247055054,0.5076698660850525
0.4153371751308441,0.9478206634521484,0.5076684951782227
0.44753074645996094,1.1635595560073853,0.5076672434806824
0.49447229504585266,0.9700201749801636,0.5076659321784973
0.462814599275589,0.9283440113067627,0.5076646208763123
0.4219110906124115,1.1050125360488892,0.5076633095741272
0.4255410432815552,0.9641871452331543,0.5076619386672974
0.4194401502609253,1.0309664011001587,0.5076606869697571
0.4482361376285553,1.0953080654144287,0.507659375667572
0.4486624002456665,0.8222271203994751,0.5076582431793213
0.4142688512802124,1.1992900371551514,0.5076569318771362
0.4080613851547241,1.228906273841858,0.5076557397842407
0.4699532091617584,0.9093950390815735,0.5076544880867004
0.48790058493614197,1.188631296157837,0.5076531171798706
0.42655059695243835,0.9319885969161987,0.5076519250869751
0.3865521252155304,1.0893827676773071,0.5076505541801453
0.4520660638809204,1.0583093166351318,0.5076491832733154
0.4518696367740631,1.0522890090942383,0.5076479315757751
0.45840224623680115,1.0966122150421143,0.5076465606689453
0.45344051718711853,1.1150407791137695,0.507645308971405
0.4972808063030243,1.197616696357727,0.50764399766922
0.4410325586795807,1.0781010389328003,0.5076427459716797
0.5056148767471313,1.0207116603851318,0.5076413750648499
0.47926852107048035,1.0096347332000732,0.5076400637626648
0.47318875789642334,0.9159548878669739,0.5076389312744141
0.4446006715297699,1.0978635549545288,0.5076375603675842
0.4096240997314453,0.8494221568107605,0.5076362490653992
0.4363778531551361,0.9194066524505615,0.5076349973678589
0.4252786934375763,1.183656930923462,0.5076338052749634
0.46700629591941833,0.9977061748504639,0.5076323747634888
0.4824592173099518,0.9092254638671875,0.5076311230659485
0.43893104791641235,1.122122883796692,0.5076298713684082
0.42852675914764404,1.0982099771499634,0.5076285600662231
0.46419355273246765,1.101220726966858,0.5076272487640381
0.47909921407699585,0.8827371597290039,0.507625937461853
0.4187197685241699,0.7433220744132996,0.5076246857643127
0.5208365321159363,0.8582051396369934,0.5076233744621277
0.44835585355758667,0.8359062671661377,0.5076220035552979
0.44772565364837646,0.9010185599327087,0.5076207518577576
0.4628094732761383,1.0223127603530884,0.5076195597648621
0.4510903060436249,1.0048959255218506,0.5076180696487427
0.4695551097393036,1.2314122915267944,0.5076166987419128
0.42808404564857483,1.0427322387695312,0.5076154470443726
0.43024909496307373,0.8533369898796082,0.5076140761375427
0.44156554341316223,0.935968279838562,0.5076127648353577
0.5021678805351257,1.062579870223999,0.5076114535331726
0.4587755501270294,0.9630776643753052,0.5076102018356323
0.49290794134140015,1.0703431367874146,0.5076090693473816
0.4789053201675415,0.9502862691879272,0.5076075792312622
0.39718130230903625,1.1991546154022217,0.5076064467430115
0.3964999318122864,1.0023112297058105,0.5076050758361816
0.47661176323890686,0.9143953919410706,0.5076037049293518
0.43407267332077026,0.9545125365257263,0.5076024532318115
0.4719163477420807,1.0153837203979492,0.5076012015342712
0.4318157732486725,0.7336967587471008,0.5075997710227966
0.41232672333717346,1.0933479070663452,0.5075984597206116
0.4797675907611847,1.0720542669296265,0.5075970888137817
0.46576887369155884,1.0949310064315796,0.5075957775115967
0.43085935711860657,1.0892218351364136,0.5075944066047668
0.4566933214664459,0.9845986366271973,0.507593035697937
0.39867231249809265,0.9765331745147705,0.507591724395752
0.4077902138233185,0.9288046360015869,0.5075903534889221
0.4091023802757263,0.8736872673034668,0.5075891017913818
0.4138766825199127,0.7772597074508667,0.5075877904891968
0.46884509921073914,0.8980011940002441,0.5075865387916565
0.3851051926612854,1.1469660997390747,0.507585346698761
0.4230891466140747,0.7616350054740906,0.5075840353965759
0.42682570219039917,1.1324880123138428,0.5075826048851013
0.4696507453918457,1.182143211364746,0.5075811743736267
0.39010119438171387,1.0640764236450195,0.5075798630714417
0.42077651619911194,1.0296239852905273,0.5075785517692566
0.4549006521701813,1.0816160440444946,0.5075773000717163
0.4073508679866791,0.9480771422386169,0.5075758695602417
0.4038794934749603,1.110457181930542,0.5075744986534119
0.4576687812805176,0.7837351560592651,0.5075730085372925
0.46231329441070557,1.0649173259735107,0.5075717568397522
0.41690558195114136,0.9655662178993225,0.5075703263282776
0.41526657342910767,1.017661452293396,0.5075690746307373
0.4277203679084778,0.7904389500617981,0.5075679421424866
0.4583079516887665,0.7773267030715942,0.5075666904449463
0.43926677107810974,0.774226188659668,0.5075653195381165
0.47025519609451294,1.0568442344665527,0.5075639486312866
0.41531866788864136,0.888208270072937,0.5075627565383911
0.40721431374549866,1.0432978868484497,0.507561445236206
0.4331243932247162,0.9657877683639526,0.5075601935386658
0.450418084859848,0.8756244778633118,0.5075588226318359
0.43621090054512024,0.9282451868057251,0.5075575709342957
0.40396416187286377,0.9197463989257812,0.5075563192367554
0.46736159920692444,0.7674207091331482,0.5075549483299255
0.416244775056839,1.0274310111999512,0.5075535178184509
0.4390864968299866,1.0307891368865967,0.5075522065162659
0.429755836725235,0.8187274932861328,0.5075508952140808
0.3529987931251526,1.0330724716186523,0.5075495839118958
0.47586295008659363,1.0121098756790161,0.5075483322143555
0.5389477610588074,0.9873639345169067,0.5075470209121704
0.456705778837204,0.9384461641311646,0.5075456500053406
0.4442934989929199,1.0844051837921143,0.5075443387031555
0.4511111080646515,0.9271461367607117,0.5075429081916809
0.39749449491500854,0.9310399889945984,0.5075416564941406
0.431965172290802,0.7239187359809875,0.5075403451919556
0.39729124307632446,0.9242814779281616,0.5075390934944153
0.4001772999763489,0.9167237281799316,0.507537841796875
0.464678555727005,1.0713653564453125,0.5075364708900452
0.4468979239463806,0.971132755279541,0.5075352787971497
0.43351608514785767,0.9586712718009949,0.5075339674949646
0.3871924877166748,1.1540398597717285,0.5075326561927795
0.4254644811153412,1.3178802728652954,0.5075313448905945
0.4623626172542572,0.7853873372077942,0.507530152797699
0.4256119430065155,1.019736647605896,0.5075288414955139
0.45375731587409973,1.077691674232483,0.5075274705886841
0.4181426763534546,1.0827066898345947,0.5075262188911438
0.41132456064224243,0.8856542706489563,0.5075249075889587
0.4642575681209564,0.726016104221344,0.5075234174728394
0.46581754088401794,1.2129093408584595,0.5075220465660095
0.4401363730430603,0.8411299586296082,0.5075207352638245
0.4807897210121155,0.839278519153595,0.507519543170929
0.481008380651474,0.9484916925430298,0.5075181722640991
0.4682328402996063,1.0086835622787476,0.5075168013572693
0.3905428946018219,1.069820523262024,0.507515549659729
0.4197307825088501,1.0710370540618896,0.5075141787528992
0.483082115650177,1.2346880435943604,0.5075128078460693
0.4849760830402374,0.8575310111045837,0.5075113773345947
0.3860153257846832,0.7219715714454651,0.5075101256370544
0.4081329107284546,0.8342028856277466,0.5075087547302246
0.47319909930229187,0.8875531554222107,0.5075074434280396
0.4450514614582062,0.939003586769104,0.5075061917304993
0.41136816143989563,0.9998729825019836,0.5075048208236694
0.5056390166282654,1.0343624353408813,0.5075033903121948
0.4300164580345154,0.9635937809944153,0.5075021386146545
0.42604994773864746,0.9572754502296448,0.5075007081031799
0.40319621562957764,1.1860102415084839,0.5074991583824158
0.39805665612220764,0.9647856950759888,0.5074978470802307
0.4651558995246887,1.135084867477417,0.5074965357780457
0.5000270009040833,1.0988385677337646,0.5074952244758606
0.3835178315639496,0.8016430735588074,0.5074938535690308
0.4271329343318939,1.1135021448135376,0.5074925422668457
0.46320685744285583,0.8946930766105652,0.5074912905693054
0.49222394824028015,0.9452114105224609,0.5074899792671204
0.4496680498123169,0.8746326565742493,0.5074884295463562
0.42960402369499207,0.8073738813400269,0.5074870586395264
0.4754779636859894,0.8819704651832581,0.5074857473373413
0.47360095381736755,0.8636391162872314,0.5074844360351562
0.39315906167030334,1.114224910736084,0.5074828863143921
0.42898520827293396,0.8249302506446838,0.5074815154075623
0.432958722114563,1.2845638990402222,0.5074802041053772
0.4219038188457489,0.9323077201843262,0.5074788928031921
0.3770149052143097,0.9356606006622314,0.5074774622917175
0.4782371520996094,0.8675537109375,0.5074760913848877
0.4253508746623993,0.8734877705574036,0.5074746012687683
0.39447638392448425,0.8311938643455505,0.5074732303619385
0.39998695254325867,1.0412501096725464,0.5074718594551086
0.49002084136009216,1.029713749885559,0.5074704885482788
0.43215125799179077,0.9291422367095947,0.5074690580368042
0.4139980971813202,0.9359060525894165,0.5074676871299744
0.4503936767578125,0.9250344634056091,0.5074663758277893
0.4663749933242798,0.8064793348312378,0.5074650645256042
0.44810599088668823,0.9203320741653442,0.5074636936187744
0.44462850689888,0.9488987922668457,0.5074624419212341
0.4325575828552246,1.1184649467468262,0.5074610114097595
0.4699957072734833,1.0784921646118164,0.5074597001075745
0.4749523401260376,1.0684489011764526,0.5074583888053894
0.4504949748516083,1.0043225288391113,0.5074570775032043
0.44467809796333313,1.068851113319397,0.5074556469917297
0.41939061880111694,0.8366297483444214,0.5074543356895447
0.46228620409965515,0.906190037727356,0.5074530839920044
0.39051634073257446,0.8562573790550232,0.5074517726898193
0.454211950302124,0.971791684627533,0.5074504017829895
0.4050259292125702,0.8498547673225403,0.5074491500854492
0.5081117749214172,1.202978491783142,0.5074477791786194
0.4440782964229584,1.101078748703003,0.5074464678764343
0.4336283802986145,0.956284761428833,0.5074450969696045
0.42542654275894165,0.9764837622642517,0.5074437260627747
0.4326607286930084,1.0485535860061646,0.5074424743652344
0.4545861780643463,1.3660897016525269,0.5074411034584045
0.4500522017478943,1.1294971704483032,0.507439911365509
0.4846845865249634,1.1206786632537842,0.5074385404586792
0.41839587688446045,0.994929850101471,0.5074371695518494
0.428984135389328,0.920366108417511,0.5074358582496643
0.39554643630981445,0.9067854285240173,0.5074344873428345
0.3919186294078827,0.9954821467399597,0.5074332356452942
0.41057834029197693,0.9078606367111206,0.5074317455291748
0.45575717091560364,0.779866099357605,0.5074304342269897
0.4294944703578949,1.240152359008789,0.5074291229248047
0.4753444492816925,1.0606685876846313,0.5074277520179749
0.43059444427490234,0.7660214900970459,0.5074263215065002
0.5080503821372986,0.952424943447113,0.50742506980896
0.41317352652549744,0.9332953095436096,0.5074237585067749
0.42688000202178955,0.8762586116790771,0.5074224472045898
0.4299376606941223,0.8447213172912598,0.5074212551116943
0.49588245153427124,0.9618183970451355,0.5074198246002197
0.4888278841972351,1.2031831741333008,0.5074184536933899
0.44581830501556396,0.896260678768158,0.5074171423912048
0.4556129276752472,1.1774226427078247,0.5074157118797302
0.44994056224823,0.8491211533546448,0.5074142813682556
0.42813894152641296,1.086530089378357,0.507412850856781
0.3927329480648041,0.9404610395431519,0.507411539554596
0.4169977009296417,1.0120607614517212,0.5074101090431213
0.3836078643798828,0.9797585010528564,0.5074087381362915
0.4176190197467804,0.9803910255432129,0.5074073076248169
0.4659895896911621,0.7423117756843567,0.5074059963226318
0.44274184107780457,1.0253528356552124,0.507404625415802
0.44415929913520813,1.1057096719741821,0.5074033737182617
0.43398427963256836,1.0379985570907593,0.5074020028114319
0.4287591874599457,0.8527230024337769,0.507400631904602
0.4097380042076111,1.2386157512664795,0.5073992609977722
0.4132322669029236,1.0989137887954712,0.5073978900909424
0.46277087926864624,0.9145127534866333,0.5073965191841125
0.43324294686317444,0.7819366455078125,0.5073952674865723
0.43628615140914917,0.8252894878387451,0.5073938369750977
0.4353841245174408,0.8740502595901489,0.5073925852775574
0.3788783848285675,1.128875494003296,0.5073913335800171
0.42867037653923035,1.1404343843460083,0.5073900818824768
0.44880011677742004,0.9506399035453796,0.507388710975647
0.4110358655452728,0.9928631782531738,0.5073875188827515
0.4786275327205658,1.0236806869506836,0.5073861479759216
0.43318605422973633,0.8109897971153259,0.507384717464447
0.4388592541217804,1.3231480121612549,0.507383406162262
0.450260192155838,0.9696086049079895,0.5073820948600769
0.47855162620544434,1.3696242570877075,0.5073807835578918
0.4074813723564148,0.963735818862915,0.507379412651062
0.449551522731781,0.7534780502319336,0.507378101348877
0.4801448583602905,1.0326330661773682,0.5073767900466919
0.5131345987319946,1.07379949092865,0.5073754191398621
0.454028844833374,0.9623814821243286,0.507374107837677
0.46005651354789734,0.8866866827011108,0.5073727965354919
0.42975467443466187,1.0947858095169067,0.5073714256286621
0.4777175784111023,1.2229593992233276,0.5073702335357666
0.47943055629730225,1.0950496196746826,0.5073688626289368
0.42762091755867004,0.8326048254966736,0.5073675513267517
0.4352523386478424,1.0078883171081543,0.5073662400245667
0.37693846225738525,0.8479123115539551,0.5073649287223816
0.3670160174369812,1.1231648921966553,0.5073636174201965
0.4067121744155884,0.994128406047821,0.5073621869087219
0.49204641580581665,1.2496222257614136,0.5073609352111816
0.42667093873023987,1.0971722602844238,0.5073595643043518
0.4771369695663452,0.8152688145637512,0.5073581337928772
0.46221646666526794,1.0539774894714355,0.5073568820953369
0.42630735039711,0.9769107103347778,0.5073556900024414
0.4455111622810364,1.0630877017974854,0.5073544383049011
0.45806288719177246,1.3158994913101196,0.5073529481887817
0.5059548616409302,1.1557927131652832,0.5073515772819519
0.43144556879997253,0.9894166588783264,0.5073502063751221
0.4290850758552551,0.9706884026527405,0.5073489546775818
0.42937347292900085,0.9719454050064087,0.5073477625846863
0.4275544583797455,0.9763686656951904,0.5073463320732117
0.46290701627731323,1.0322508811950684,0.5073449611663818
0.4722185432910919,0.9094309210777283,0.5073437094688416
0.4997498095035553,0.9601659774780273,0.5073422789573669
0.43658462166786194,1.138510823249817,0.5073408484458923
0.4231131970882416,0.9567235112190247,0.5073396563529968
0.5222195386886597,1.1126682758331299,0.5073384046554565
0.4162175953388214,1.0865215063095093,0.5073370933532715
0.4447787404060364,0.7174344062805176,0.5073357820510864
0.4584900140762329,1.042517900466919,0.5073345303535461
0.4319935441017151,1.1659661531448364,0.5073330402374268
0.48445287346839905,0.9778012633323669,0.5073317885398865
0.39084601402282715,1.051859736442566,0.5073304176330566
0.5128597617149353,0.847662091255188,0.507328987121582
0.44705909490585327,0.9219154715538025,0.5073275566101074
0.38895469903945923,0.7793725728988647,0.5073263049125671
0.4562990069389343,1.018200159072876,0.5073249340057373
0.4706960916519165,0.9639323353767395,0.5073235034942627
0.3796882629394531,1.0153701305389404,0.5073220133781433
0.45827415585517883,1.1615350246429443,0.507320761680603
0.47721144556999207,0.7937417030334473,0.5073195695877075
0.45526477694511414,1.0149316787719727,0.5073181986808777
0.40273311734199524,1.0014259815216064,0.5073168873786926
0.4581223428249359,1.0002100467681885,0.5073155760765076
0.4159449338912964,1.398364543914795,0.5073142051696777
0.48954707384109497,0.9253576397895813,0.5073127746582031
0.507778525352478,0.9178522825241089,0.5073114633560181
0.48837438225746155,0.9911639094352722,0.5073100328445435
0.41824209690093994,1.283719539642334,0.5073086619377136
0.3637922704219818,0.9374434351921082,0.5073072910308838
0.4076339602470398,0.859572172164917,0.5073060393333435
0.42409586906433105,0.9800264239311218,0.5073045492172241
0.4088851511478424,0.9614498615264893,0.5073031187057495
0.5329615473747253,1.138049840927124,0.507301926612854
0.4850057065486908,1.0028685331344604,0.5073005557060242
0.42857256531715393,0.9180958271026611,0.5072992444038391
0.3986862003803253,0.9720584154129028,0.507297933101654
0.4097381830215454,1.0719811916351318,0.507296621799469
0.43751829862594604,0.8850163817405701,0.5072953104972839
0.4144750237464905,0.975964367389679,0.5072939991950989
0.4689551889896393,0.8496509790420532,0.507292628288269
0.4189595580101013,0.833919882774353,0.5072914361953735
0.3985091745853424,1.2304795980453491,0.5072900056838989
0.46781831979751587,0.9022581577301025,0.5072886943817139
0.4927539825439453,1.12638258934021,0.5072872638702393
0.4327840805053711,0.8681359887123108,0.5072857737541199
0.4597274661064148,1.0683377981185913,0.5072844624519348
0.46559062600135803,1.077166199684143,0.507283091545105
0.3890107572078705,1.181648850440979,0.5072817206382751
0.49776679277420044,0.9505404233932495,0.5072803497314453
0.40119895339012146,0.9319218993186951,0.5072791576385498
0.48498034477233887,1.089195728302002,0.50727778673172
0.4525620937347412,0.9608737826347351,0.5072764754295349
0.4474490284919739,1.2242960929870605,0.5072750449180603
0.4296009838581085,1.0634998083114624,0.50727379322052
0.4760635197162628,0.9159544110298157,0.5072724223136902
0.4820300042629242,0.9607586860656738,0.5072711706161499
0.40237051248550415,0.8031597137451172,0.5072698593139648
0.43940725922584534,1.0741769075393677,0.5072686076164246
0.4842248558998108,0.8887876272201538,0.5072673559188843
0.40344497561454773,1.0247899293899536,0.5072659254074097
0.4501250386238098,1.2278932332992554,0.5072646141052246
0.40883833169937134,0.9938496947288513,0.5072634220123291
0.3915255665779114,0.8350209593772888,0.5072621703147888
0.4827136993408203,0.7896757125854492,0.507260799407959
0.4667551815509796,0.8869023323059082,0.5072594881057739
0.40543341636657715,1.3538020849227905,0.5072582364082336
0.4611595571041107,0.9293417930603027,0.5072568655014038
0.3979299068450928,1.2346374988555908,0.507255494594574
0.49213477969169617,0.9937852621078491,0.5072542428970337
0.42775052785873413,1.1541345119476318,0.5072528123855591
0.45128539204597473,1.0660279989242554,0.5072514414787292
0.4924621880054474,0.9570990204811096,0.5072501301765442
0.49595457315444946,0.9797486662864685,0.5072487592697144
0.44050538539886475,0.8016969561576843,0.5072474479675293
0.4326378405094147,1.0910022258758545,0.5072460770606995
0.4281923472881317,0.8470928072929382,0.5072446465492249
0.4465714991092682,0.7211517095565796,0.5072432160377502
0.41595184803009033,1.0465246438980103,0.5072417855262756
0.427433043718338,0.9764665961265564,0.5072405338287354
0.4384206235408783,1.635832667350769,0.5072391033172607
0.4704276919364929,1.0614534616470337,0.5072379112243652
0.43931782245635986,0.8496434688568115,0.5072365999221802
0.46344268321990967,0.9272629618644714,0.5072352290153503
0.46272265911102295,0.9577553868293762,0.5072337985038757
0.41481509804725647,1.059545874595642,0.5072323679924011
0.4130531847476959,0.9338856935501099,0.5072310566902161
0.4780324399471283,0.7987359762191772,0.507229745388031
0.45639464259147644,1.030759334564209,0.5072284936904907
0.4098699390888214,0.9011982083320618,0.5072271227836609
0.42243635654449463,1.0627323389053345,0.5072256922721863
0.4410114288330078,1.0354230403900146,0.5072243809700012
0.47184234857559204,1.0974245071411133,0.5072230100631714
0.43250882625579834,1.1852521896362305,0.5072215795516968
0.38989368081092834,0.8978636860847473,0.5072202086448669
0.4229036569595337,1.0079389810562134,0.5072188973426819
0.43963682651519775,1.1554793119430542,0.5072175860404968
0.41181886196136475,0.8722456693649292,0.5072162747383118
0.43175825476646423,0.8190608024597168,0.5072149634361267
0.4009057879447937,1.017451286315918,0.5072135925292969
0.43744298815727234,1.0546389818191528,0.5072122812271118
0.41861432790756226,0.9819029569625854,0.5072109699249268
0.41889068484306335,0.9315512776374817,0.5072096586227417
0.42240065336227417,0.859298050403595,0.5072082877159119
0.4298948645591736,0.8432958722114563,0.507206916809082
0.4156363606452942,0.8167862892150879,0.5072054862976074
0.42940351366996765,0.7081050872802734,0.5072042346000671
0.41941913962364197,0.8099677562713623,0.5072028040885925
0.4098011553287506,1.0283674001693726,0.5072014331817627
0.39174556732177734,0.9680135250091553,0.5072000622749329
0.4827607572078705,0.9387508630752563,0.5071987509727478
0.48150962591171265,1.102349042892456,0.507197380065918
0.5043715834617615,0.8991766571998596,0.5071960091590881
0.4707908034324646,0.9959855079650879,0.5071946978569031
0.44900164008140564,1.1259009838104248,0.5071932673454285
0.3762831389904022,0.8441595435142517,0.5071919560432434
0.4518294930458069,0.768677830696106,0.5071906447410583
0.43741080164909363,1.0227479934692383,0.5071892738342285
0.4535348117351532,1.0693697929382324,0.5071877837181091
0.4239965081214905,0.9788498282432556,0.5071864724159241
0.389893114566803,1.2314231395721436,0.507185161113739
0.4843882918357849,0.976241946220398,0.5071839094161987
0.4279622435569763,0.8852279186248779,0.5071824193000793
0.4746485650539398,0.8003168702125549,0.5071809887886047
0.42951834201812744,1.2188847064971924,0.5071796178817749
0.4585721492767334,1.0766485929489136,0.5071783065795898
0.42568933963775635,1.1285037994384766,0.5071770548820496
0.40579351782798767,1.1279903650283813,0.5071756839752197
0.41881605982780457,1.1319879293441772,0.5071742534637451
0.4925057590007782,1.094170331954956,0.5071730017662048
0.4239633083343506,0.9348989725112915,0.5071715116500854
0.44897764921188354,1.1395049095153809,0.5071702003479004
0.3831116855144501,0.8865386247634888,0.5071688294410706
0.39444297552108765,1.0448168516159058,0.5071675181388855
0.4699539542198181,0.7872889041900635,0.5071661472320557
0.4788874685764313,0.8898026943206787,0.5071648359298706
0.39359572529792786,0.9400089383125305,0.5071634650230408
0.4275056719779968,0.6452940702438354,0.5071620941162109
0.49704328179359436,0.872985303401947,0.5071607232093811
0.39105021953582764,0.9101047515869141,0.507159411907196
0.4758124351501465,1.0003235340118408,0.5071580410003662
0.44294852018356323,0.9866721034049988,0.5071567296981812
0.4154640734195709,0.9493349194526672,0.5071554183959961
0.42137083411216736,0.9542062878608704,0.507154107093811
0.48238036036491394,1.0210546255111694,0.507152795791626
0.4734781086444855,0.9080110788345337,0.5071516036987305
0.4333626329898834,1.0892797708511353,0.5071501731872559
0.39990782737731934,1.0243031978607178,0.507148802280426
0.46171101927757263,0.9385929107666016,0.5071475505828857
0.4344453811645508,0.8617734313011169,0.5071461200714111
0.4434446096420288,0.8249014019966125,0.5071448087692261
0.33430609107017517,0.9259535074234009,0.507143497467041
0.42812320590019226,1.0969817638397217,0.5071421265602112
0.44846057891845703,1.0281827449798584,0.5071407556533813
0.4443395435810089,0.9969843029975891,0.5071393847465515
0.40400412678718567,0.9095087647438049,0.5071381330490112
0.4765210747718811,0.8365576267242432,0.5071367621421814
0.40831542015075684,1.0097875595092773,0.5071355104446411
0.4251519441604614,1.0768241882324219,0.5071340799331665
0.40891051292419434,0.9407544732093811,0.5071327686309814
0.4382728338241577,0.8392134308815002,0.5071313977241516
0.4430156946182251,1.0599462985992432,0.5071300268173218
0.4789087474346161,1.0136924982070923,0.5071287155151367
0.41499030590057373,0.9828014373779297,0.5071272850036621
0.47408121824264526,1.0066794157028198,0.5071260929107666
0.47020217776298523,1.0418680906295776,0.5071247816085815
0.483368456363678,0.864004373550415,0.5071234107017517
0.4175848960876465,1.0264081954956055,0.5071220993995667
0.5094414353370667,1.2375484704971313,0.5071207284927368
0.39386436343193054,0.9307138323783875,0.5071192979812622
0.5112394094467163,0.9951203465461731,0.5071179270744324
0.40806159377098083,1.0520130395889282,0.5071166157722473
0.4290481507778168,0.9912513494491577,0.5071151852607727
0.38704416155815125,0.9205988645553589,0.5071138739585876
0.4418855905532837,0.9942999482154846,0.5071123838424683
0.4379328191280365,0.8576293587684631,0.5071111917495728
0.47650066018104553,0.916228711605072,0.5071098208427429
0.44840675592422485,0.883510947227478,0.5071083307266235
0.4342317581176758,0.8559437990188599,0.5071070194244385
0.4348602294921875,0.9492478966712952,0.5071057081222534
0.46910417079925537,0.8772660493850708,0.5071044564247131
0.40825313329696655,1.1147743463516235,0.5071031451225281
0.37404632568359375,0.8546467423439026,0.5071017742156982
0.45977145433425903,0.9653809666633606,0.507100522518158
0.46621108055114746,1.1646161079406738,0.5070992112159729
0.3827628493309021,0.846674919128418,0.5070978403091431
0.373298317193985,0.9744156002998352,0.5070966482162476
0.38723787665367126,0.87583327293396,0.507095217704773
0.3962959349155426,0.796135663986206,0.5070938467979431
0.41954055428504944,0.9372362494468689,0.5070925951004028
0.4488299787044525,0.9373890161514282,0.5070911645889282
0.49507978558540344,1.0219701528549194,0.5070899128913879
0.3872393071651459,1.0986697673797607,0.5070885419845581
0.4846948981285095,0.8689600229263306,0.507087230682373
0.4452008306980133,0.8875390887260437,0.507085919380188
0.4021659791469574,1.1179803609848022,0.5070846676826477
0.47211623191833496,1.0055595636367798,0.5070832371711731
0.4355871379375458,1.171520709991455,0.5070821046829224
0.44786059856414795,1.1559796333312988,0.5070807337760925
0.509354829788208,0.9839058518409729,0.5070793628692627
0.3947807252407074,1.2356051206588745,0.5070779919624329
0.40825319290161133,1.0105857849121094,0.5070766806602478
0.4463918209075928,0.8752806186676025,0.5070752501487732
0.45413821935653687,0.9649049639701843,0.5070737600326538
0.41337043046951294,1.0402721166610718,0.5070724487304688
0.4552112817764282,0.9341425895690918,0.5070712566375732
0.3895890414714813,0.9861043095588684,0.5070698261260986
0.4739857614040375,1.242690086364746,0.5070685744285583
0.4440772235393524,0.8991557955741882,0.5070671439170837
0.4624176025390625,0.8891422152519226,0.5070658922195435
0.4926011562347412,0.856860876083374,0.5070644617080688
0.4330308735370636,1.1289682388305664,0.5070630311965942
0.3604568541049957,1.048275113105774,0.5070617198944092
0.43377071619033813,1.169277310371399,0.5070604085922241
0.4069557785987854,0.9725986123085022,0.50705885887146
0.4722706377506256,0.9994305372238159,0.5070576667785645
0.49675294756889343,0.9330770373344421,0.5070561766624451
0.41884246468544006,1.0244947671890259,0.5070548057556152
0.44350624084472656,0.9044302701950073,0.5070536136627197
0.3401854932308197,0.9370174407958984,0.5070522427558899
0.4438013434410095,1.1619616746902466,0.5070509910583496
0.4505622684955597,0.9303966164588928,0.507049560546875
0.49181801080703735,0.9284313917160034,0.5070482492446899
0.4293275475502014,0.9941381812095642,0.5070468783378601
0.5098059773445129,1.032909631729126,0.507045567035675
0.4741802215576172,0.8299917578697205,0.5070441365242004
0.47182798385620117,0.9414095878601074,0.5070427060127258
0.4622727036476135,1.0614286661148071,0.5070413947105408
0.40220290422439575,0.915100634098053,0.5070400834083557
0.4663732945919037,1.4232573509216309,0.5070387721061707
0.4774872362613678,1.0577696561813354,0.5070376396179199
0.3786323368549347,0.8871116042137146,0.5070363879203796
0.43483269214630127,0.7716807723045349,0.5070350170135498
0.4264369010925293,1.0003736019134521,0.5070337653160095
0.4088503122329712,1.060133934020996,0.5070323348045349
0.4314277172088623,1.1404370069503784,0.5070310235023499
0.47086378931999207,0.9500138163566589,0.5070297122001648
0.42616453766822815,1.1536790132522583,0.5070282816886902
0.39543023705482483,1.050392985343933,0.5070269703865051
0.41190460324287415,1.1793432235717773,0.5070255994796753
0.4344090223312378,0.9127950072288513,0.507024347782135
0.4166394770145416,1.008819580078125,0.5070229172706604
0.49856269359588623,1.0998139381408691,0.5070216059684753
0.42598453164100647,1.009804368019104,0.5070203542709351
0.46144261956214905,1.0047235488891602,0.50701904296875
0.44966554641723633,0.9938480854034424,0.5070178508758545
0.3902696669101715,1.0489052534103394,0.5070164203643799
0.37480461597442627,0.8775955438613892,0.5070151090621948
0.4142652153968811,0.7358376979827881,0.5070138573646545
0.4653417766094208,0.8822373151779175,0.5070125460624695
0.4100031852722168,0.8999081254005432,0.5070111751556396
0.38468295335769653,0.7505922913551331,0.507009744644165
0.37589552998542786,1.2753269672393799,0.5070084929466248
0.4427492320537567,1.1047171354293823,0.5070073008537292
0.42378291487693787,0.8934536576271057,0.5070059299468994
0.43774035573005676,1.1556510925292969,0.5070046186447144
0.44368335604667664,0.893625795841217,0.5070031881332397
0.44924911856651306,0.9888680577278137,0.5070017576217651
0.4308035671710968,0.9150132536888123,0.5070005655288696
0.4691953957080841,1.134820580482483,0.5069991946220398
0.44215503334999084,1.036899447441101,0.5069980025291443
0.5091666579246521,0.9647225141525269,0.5069966316223145
0.49485477805137634,0.9165723323822021,0.5069952607154846
0.47087690234184265,0.967740535736084,0.5069940090179443
0.5043758153915405,0.8307544589042664,0.5069926381111145
0.4374889135360718,1.1476452350616455,0.5069913864135742
0.44912832975387573,1.06541907787323,0.5069899559020996
0.41428762674331665,0.9617692828178406,0.5069887042045593
0.43999630212783813,0.8068142533302307,0.5069873929023743
0.47034624218940735,0.9834309816360474,0.5069860816001892
0.4566265046596527,0.7499644756317139,0.5069847106933594
0.5229654312133789,1.0784400701522827,0.5069833397865295
0.39115774631500244,0.8689135313034058,0.5069820880889893
0.44655752182006836,1.0560156106948853,0.5069806575775146
0.44464537501335144,0.7860670685768127,0.5069792866706848
0.4342683255672455,1.077467918395996,0.5069778561592102
0.41268450021743774,1.1025019884109497,0.506976306438446
0.43136724829673767,0.8934807181358337,0.5069751143455505
0.5036140084266663,0.9614982008934021,0.5069737434387207
0.4204021692276001,0.9537701606750488,0.5069723725318909
0.4791503846645355,1.0874943733215332,0.5069711208343506
0.4810747504234314,0.8674644231796265,0.5069698095321655
0.49634501338005066,1.0575873851776123,0.50696861743927
0.48154008388519287,1.0373622179031372,0.5069674253463745
0.44935867190361023,0.9435294270515442,0.5069661140441895
0.41511330008506775,1.0602638721466064,0.5069648027420044
0.4214684069156647,1.1490603685379028,0.5069633722305298
0.4116845726966858,0.879786491394043,0.5069620609283447
0.4597392678260803,1.19318425655365,0.5069606900215149
0.45040443539619446,1.0152366161346436,0.5069594383239746
0.448041170835495,1.1318632364273071,0.5069580078125
0.4821605980396271,0.8446866869926453,0.5069566965103149
0.4138184189796448,0.9242845177650452,0.5069553256034851
0.38135141134262085,1.062377691268921,0.5069540739059448
0.4081207513809204,0.8110030889511108,0.5069528818130493
0.3984459340572357,0.806157112121582,0.5069515109062195
0.4334369897842407,0.9615236520767212,0.506950318813324
0.37089940905570984,0.959068775177002,0.5069490075111389
0.4383271038532257,0.9922096133232117,0.5069476366043091
0.4570048749446869,0.8555240631103516,0.5069463849067688
0.42214882373809814,1.134394645690918,0.5069449543952942
0.4400256276130676,1.1293960809707642,0.5069437623023987
0.4277895390987396,0.9370152950286865,0.5069422721862793
0.44604164361953735,0.9055922627449036,0.5069409608840942
0.46984344720840454,1.1860114336013794,0.5069396495819092
0.4454725682735443,0.9096547961235046,0.5069383382797241
0.4656921327114105,0.9646045565605164,0.5069369673728943
0.42608511447906494,1.165388822555542,0.506935715675354
0.4565325081348419,1.0394492149353027,0.5069343447685242
0.4163368046283722,0.9022659659385681,0.5069330334663391
0.4415527880191803,1.0195496082305908,0.5069316029548645
0.4492337703704834,0.9298079609870911,0.506930410861969
0.40228384733200073,0.8607296943664551,0.5069290399551392
0.4913558065891266,0.8109636902809143,0.5069277286529541
0.46106773614883423,1.067440152168274,0.506926417350769
0.39767348766326904,0.7794432044029236,0.5069249272346497
0.4494493901729584,0.8668203353881836,0.5069236755371094
0.4378339946269989,0.804866373538971,0.50692218542099
0.42247939109802246,0.8252949714660645,0.5069209337234497
0.4977668523788452,0.967275857925415,0.5069194436073303
0.41037535667419434,0.9026294946670532,0.5069179534912109
0.5122623443603516,0.9176403880119324,0.5069165825843811
0.4396246373653412,0.9794794321060181,0.5069152116775513
0.4427226185798645,0.9955736398696899,0.5069139003753662
0.4053005576133728,0.85658860206604,0.5069124698638916
0.469887912273407,1.0131916999816895,0.5069110989570618
0.5378866195678711,1.0623918771743774,0.5069097280502319
0.44270190596580505,0.7422292232513428,0.5069083571434021
0.4533611834049225,0.8258416652679443,0.5069071650505066
0.42695966362953186,0.7975262999534607,0.5069058537483215
0.5212091207504272,0.9577662348747253,0.5069046020507812
0.46302399039268494,0.9867072701454163,0.5069032907485962
0.4998110234737396,0.9877926707267761,0.5069019198417664
0.4370262920856476,1.113263726234436,0.5069006085395813
0.46144938468933105,0.9870889782905579,0.5068992972373962
0.392534464597702,1.141132116317749,0.5068981051445007
0.4382469952106476,1.045031189918518,0.5068967342376709
0.40725767612457275,0.8308165073394775,0.5068953633308411
0.4885399639606476,1.2535027265548706,0.506894052028656
0.4270876348018646,1.3054232597351074,0.5068928003311157
0.3518720269203186,0.9378077983856201,0.5068916082382202
0.4329231083393097,1.2388501167297363,0.5068903565406799
0.43922990560531616,0.9283045530319214,0.5068889856338501
0.482390433549881,1.1368701457977295,0.506887674331665
0.4171454906463623,1.0633294582366943,0.5068864822387695
0.44477030634880066,0.8848055601119995,0.5068852305412292
0.4579717516899109,0.9015345573425293,0.5068837404251099
0.4584615230560303,0.930994987487793,0.5068825483322144
0.3955347239971161,0.8575644493103027,0.5068809986114502
0.433531254529953,1.1414810419082642,0.5068797469139099
0.40420639514923096,0.8018347024917603,0.5068783760070801
0.4752332270145416,0.8762162923812866,0.5068770051002502
0.4277302324771881,1.1487681865692139,0.5068756937980652
0.41810518503189087,0.9771065711975098,0.5068743824958801
0.4453231990337372,0.9766571521759033,0.5068731307983398
0.44455254077911377,1.0113837718963623,0.5068718194961548
0.4600061774253845,1.0988597869873047,0.506870448589325
0.44888386130332947,1.158113718032837,0.5068691968917847
0.4830641448497772,0.9355051517486572,0.5068680047988892
0.44090190529823303,0.9711946845054626,0.5068666338920593
0.44675207138061523,0.8822471499443054,0.5068652629852295
0.4448174238204956,1.1916205883026123,0.506864070892334
0.40810027718544006,0.943475604057312,0.5068625807762146
0.4725508689880371,0.9705193042755127,0.5068612694740295
0.3847312033176422,0.8501817584037781,0.506860077381134
0.4664333164691925,0.9458036422729492,0.5068587064743042
0.49796396493911743,0.9861776232719421,0.5068574547767639
0.42233729362487793,0.9446470737457275,0.5068562030792236
0.44452428817749023,0.9659416675567627,0.5068548917770386
0.429110586643219,0.7597839832305908,0.5068535804748535
0.4414932429790497,0.8327653408050537,0.506852388381958
0.43483060598373413,0.8643293380737305,0.5068511366844177
0.4448753893375397,0.893942654132843,0.5068499445915222
0.42684024572372437,0.8798384666442871,0.5068486332893372
0.4401806890964508,0.9786151647567749,0.5068473815917969
0.4445505142211914,0.9033941626548767,0.5068461894989014
0.3798460066318512,1.1051907539367676,0.5068448781967163
0.47110605239868164,0.7634565234184265,0.5068435668945312
0.4949146807193756,0.8467984199523926,0.5068422555923462
0.4939589500427246,1.0551291704177856,0.5068410038948059
0.4213254153728485,1.0399366617202759,0.5068396329879761
0.432057648897171,0.7623218894004822,0.506838321685791
0.47803810238838196,0.8683989644050598,0.5068369507789612
0.43146952986717224,0.9216274619102478,0.5068355798721313
0.45874541997909546,1.0471322536468506,0.5068343281745911
0.44850364327430725,1.2038692235946655,0.5068328380584717
0.3780302405357361,1.0034294128417969,0.5068314075469971
0.41995665431022644,1.1680715084075928,0.5068300366401672
0.41296035051345825,0.888450562953949,0.5068286657333374
0.42152541875839233,0.9372150301933289,0.5068272352218628
0.4996388256549835,0.9817016124725342,0.5068261027336121
0.47965437173843384,0.9632344841957092,0.5068247318267822
0.41351720690727234,0.8969942331314087,0.5068234205245972
0.4713699221611023,1.048868179321289,0.5068220496177673
0.4201207756996155,0.7867085337638855,0.5068206787109375
0.4312083423137665,0.8654711246490479,0.506819486618042
0.4423392117023468,1.0770350694656372,0.5068182349205017
0.3878730833530426,0.9749972224235535,0.5068169236183167
0.464846134185791,0.9990289807319641,0.5068156123161316
0.4749649465084076,1.0054466724395752,0.5068142414093018
0.449552059173584,0.8943150639533997,0.5068128705024719
0.4127558171749115,0.9194389581680298,0.5068115592002869
0.4419068396091461,0.9753111004829407,0.5068102478981018
0.45610925555229187,0.9018682837486267,0.5068089365959167
0.4438301622867584,1.0813727378845215,0.5068075656890869
0.3697933256626129,0.8039178252220154,0.5068063139915466
0.505176842212677,0.852908730506897,0.5068050026893616
0.4632430970668793,1.0385196208953857,0.5068037509918213
0.37875741720199585,0.9455807209014893,0.5068023204803467
0.4805344343185425,0.7858572602272034,0.5068009495735168
0.40851256251335144,0.9093668460845947,0.5067996978759766
0.42370542883872986,0.732574999332428,0.5067983865737915
0.4279024004936218,1.3031582832336426,0.5067970156669617
0.3778475224971771,0.968595027923584,0.5067957639694214
0.3927149176597595,0.8142030835151672,0.5067943334579468
0.4174227714538574,0.7777540683746338,0.5067930221557617
0.4983876049518585,1.0736193656921387,0.5067917108535767
0.46561485528945923,0.7054280638694763,0.5067904591560364
0.40619978308677673,0.7507961392402649,0.5067890286445618
0.45371657609939575,0.9482483863830566,0.5067877769470215
0.4858017563819885,0.863038957118988,0.5067864060401917
0.440413236618042,0.9968459010124207,0.5067849159240723
0.41113901138305664,0.7628224492073059,0.506783664226532
0.43521568179130554,0.8280925750732422,0.5067821145057678
0.37264376878738403,0.8389479517936707,0.506780743598938
0.44121435284614563,0.9627058506011963,0.5067793726921082
0.45280566811561584,0.9707281589508057,0.5067781209945679
0.43016019463539124,0.9702566266059875,0.506776750087738
0.4183562397956848,1.2215546369552612,0.5067753791809082
0.40931543707847595,0.8733428716659546,0.5067740082740784
0.4844711124897003,0.8388742208480835,0.5067726373672485
0.4585849642753601,0.784719705581665,0.5067712664604187
0.4249517619609833,0.8529394865036011,0.5067699551582336
0.4427114725112915,1.0053064823150635,0.5067686438560486
0.3985593020915985,0.8514517545700073,0.5067672729492188
0.4255593419075012,0.9853410720825195,0.5067659020423889
0.43320807814598083,0.8219948410987854,0.5067645311355591
0.4229583144187927,1.0231270790100098,0.506763219833374
0.44475528597831726,1.0098568201065063,0.5067617893218994
0.463589608669281,1.0618932247161865,0.5067604184150696
0.441415935754776,0.9760769605636597,0.5067591667175293
0.408955842256546,0.6701734066009521,0.5067577958106995
0.4367297887802124,0.8496668338775635,0.5067564845085144
0.48227378726005554,1.1255944967269897,0.5067551732063293
0.47126710414886475,1.0531680583953857,0.50675368309021
0.44604387879371643,0.8795183300971985,0.5067522525787354
0.48330023884773254,1.0396908521652222,0.5067509412765503
0.43607351183891296,0.901669979095459,0.5067496299743652
0.41472166776657104,0.9649003148078918,0.5067482590675354
0.47091054916381836,0.7580029368400574,0.5067468881607056
0.42962196469306946,0.9355198740959167,0.5067455768585205
0.4376962184906006,0.9147708415985107,0.5067440867424011
0.43524909019470215,0.9180405735969543,0.5067427754402161
0.39881569147109985,0.881378710269928,0.5067414045333862
0.4250149428844452,0.8917029500007629,0.5067400336265564
0.5082912445068359,0.9012579917907715,0.5067386627197266
0.44758591055870056,0.926531195640564,0.5067372918128967
0.4428350031375885,0.8629941344261169,0.5067359805107117
0.35841143131256104,0.909673273563385,0.5067346096038818
0.4698397219181061,0.8826903700828552,0.5067333579063416
0.4387909471988678,0.8785911202430725,0.5067319273948669
0.44751712679862976,1.0413157939910889,0.5067305564880371
0.43076056241989136,0.8969607949256897,0.506729245185852
0.4005894362926483,0.8156867027282715,0.5067278742790222
0.4521445631980896,0.8030822277069092,0.5067265629768372
0.44955384731292725,0.9694282412528992,0.5067252516746521
0.384125292301178,1.0400491952896118,0.506723940372467
0.42402252554893494,1.1672567129135132,0.5067225694656372
0.4144323766231537,0.8699739575386047,0.5067212581634521
0.4274536669254303,1.0632240772247314,0.5067198872566223
0.45916399359703064,0.7779330015182495,0.5067183971405029
0.5061941146850586,0.9979236721992493,0.5067171454429626
0.46494564414024353,0.9007457494735718,0.5067158341407776
0.3903130292892456,0.9096411466598511,0.506714403629303
0.4170590937137604,1.2342517375946045,0.5067132115364075
0.4352148473262787,0.9664161801338196,0.5067118406295776
0.45175206661224365,0.865098774433136,0.5067104697227478
0.46565306186676025,1.120174527168274,0.506709098815918
0.46158817410469055,1.1469343900680542,0.5067077875137329
0.4033237099647522,0.8274779915809631,0.5067064762115479
0.43980345129966736,0.8164701461791992,0.5067049860954285
0.4028978645801544,0.945414125919342,0.5067036747932434
0.4190383851528168,0.9308446645736694,0.5067023038864136
0.373538613319397,0.8193811774253845,0.5067009329795837
0.41097158193588257,0.9777670502662659,0.5066996216773987
0.49611014127731323,0.937578558921814,0.5066983699798584
0.4902123510837555,0.893838107585907,0.5066968202590942
0.4330761730670929,1.0001112222671509,0.506695568561554
0.41607433557510376,0.9827015399932861,0.5066942572593689
0.4081418812274933,1.1652268171310425,0.5066930055618286
0.501342236995697,1.0388509035110474,0.5066915154457092
0.43366575241088867,0.8517228364944458,0.5066902041435242
0.42482736706733704,1.3889269828796387,0.5066888332366943
0.4538938105106354,0.7893726229667664,0.5066876411437988
0.4484611451625824,1.0849014520645142,0.5066863298416138
0.4389511048793793,0.8188334107398987,0.5066849589347839
0.5184538960456848,0.8713346719741821,0.5066835880279541
0.39822858572006226,0.9223994016647339,0.5066820979118347
0.45916181802749634,1.0095415115356445,0.5066807270050049
0.4444732069969177,0.8899301886558533,0.5066794157028198
0.3775688707828522,0.9412751197814941,0.5066781044006348
0.470747709274292,1.1192561388015747,0.5066767334938049
0.4846377372741699,0.9859254360198975,0.5066753625869751
0.39873021841049194,1.1307846307754517,0.5066741108894348
0.4576445519924164,0.8381505012512207,0.506672739982605
0.47785913944244385,0.7327582836151123,0.5066714286804199
0.430793821811676,0.8079980611801147,0.5066700577735901
0.38668787479400635,0.9278795719146729,0.5066688060760498
0.42557844519615173,1.0274899005889893,0.50666743516922
0.41603025794029236,0.810574471950531,0.5066660642623901
0.4528520107269287,1.0238968133926392,0.5066646337509155
0.4513925015926361,0.9004473090171814,0.5066633224487305
0.458126425743103,1.0383319854736328,0.5066620111465454
0.41417762637138367,1.0077910423278809,0.5066606402397156
0.44753095507621765,0.9905534982681274,0.5066592693328857
0.3906334638595581,0.8410621881484985,0.5066580176353455
0.4808102548122406,1.0574179887771606,0.5066567659378052
0.4383566975593567,1.0519492626190186,0.5066555738449097
0.41746214032173157,1.196388840675354,0.5066540837287903
0.3990600109100342,1.002967119216919,0.5066525936126709
0.4279213547706604,0.9784397482872009,0.5066512823104858
0.39824721217155457,0.8816263675689697,0.506649911403656
0.38509872555732727,0.9117749333381653,0.506648600101471
0.43110060691833496,0.8595767617225647,0.5066473484039307
0.44522738456726074,0.9406129121780396,0.5066460967063904
0.4164487421512604,0.8284980654716492,0.5066447854042053
0.431598037481308,1.2337743043899536,0.5066433548927307
0.41878676414489746,1.2959153652191162,0.5066420435905457
0.4275018572807312,0.9852127432823181,0.5066407322883606
0.44027647376060486,1.0342798233032227,0.5066392421722412
0.4019991159439087,0.7517358660697937,0.5066379308700562
0.41680997610092163,0.8686848282814026,0.5066365003585815
0.4152336120605469,1.0079606771469116,0.5066352486610413
0.4203794300556183,0.8835558891296387,0.5066339373588562
0.45663246512413025,1.0242440700531006,0.5066325068473816
0.361312597990036,0.8472796678543091,0.5066314339637756
0.4135690927505493,1.3075090646743774,0.5066300630569458
0.4379306435585022,1.0053737163543701,0.5066287517547607
0.4185502231121063,0.8973734974861145,0.5066273808479309
0.4594506025314331,1.0187233686447144,0.5066260695457458
0.4482908248901367,0.8570332527160645,0.506624698638916
0.45366767048835754,0.8013063669204712,0.5066233277320862
0.4211141765117645,0.9605151414871216,0.5066219568252563
0.4087689220905304,0.7948164343833923,0.5066205859184265
0.4107586443424225,0.9771676063537598,0.5066192150115967
0.470852792263031,1.001784324645996,0.5066179633140564
0.42326104640960693,0.9782423973083496,0.5066165328025818
0.45035693049430847,0.8065227270126343,0.5066152215003967
0.48911765217781067,1.0178653001785278,0.5066139101982117
0.4478461444377899,0.9285892844200134,0.5066125988960266
0.4173954725265503,0.9586825370788574,0.5066112279891968
0.3813817501068115,0.9154136776924133,0.5066099762916565
0.38415274024009705,0.8086321353912354,0.5066085457801819
0.5013912320137024,0.8524399995803833,0.5066073536872864
0.4637985825538635,0.9587476849555969,0.5066060423851013
0.41667288541793823,0.8170340657234192,0.506604790687561
0.46422359347343445,0.9125313758850098,0.5066033601760864
0.49532821774482727,1.016316294670105,0.5066020488739014
0.44590017199516296,0.9226067662239075,0.5066006779670715
0.47790229320526123,0.9744863510131836,0.5065993666648865
0.428497314453125,0.9521929621696472,0.5065979361534119
0.482695072889328,1.049831509590149,0.5065966844558716
0.4635142683982849,1.144293189048767,0.506595253944397
0.47030553221702576,0.9797185659408569,0.5065937638282776
0.3908003568649292,0.7065483927726746,0.5065925121307373
0.48648801445961,1.1147422790527344,0.5065911412239075
0.4522501528263092,0.9449859261512756,0.5065898299217224
0.44616061449050903,0.882652223110199,0.5065884590148926
0.417895644903183,0.8229442238807678,0.506587028503418
0.4584242105484009,1.0243057012557983,0.5065854787826538
0.39060497283935547,0.9839635491371155,0.5065842270851135
0.4231095314025879,0.821959912776947,0.5065829157829285
0.4408673644065857,0.9648078680038452,0.5065816044807434
0.476919025182724,0.8518602252006531,0.5065801739692688
0.4099501371383667,1.0477691888809204,0.5065789222717285
0.42738422751426697,1.024317741394043,0.5065775513648987
0.41586029529571533,1.2210898399353027,0.5065762996673584
0.3887140154838562,0.8425114154815674,0.506574809551239
0.5099780559539795,0.9412808418273926,0.5065735578536987
0.46452993154525757,0.8239473700523376,0.5065722465515137
0.45971250534057617,1.0040549039840698,0.5065709948539734
0.4231034517288208,0.9981932640075684,0.5065697431564331
0.43357840180397034,0.9013317823410034,0.5065684914588928
0.4887494146823883,0.9455480575561523,0.5065671801567078
0.39481672644615173,0.9596093893051147,0.5065658092498779
0.46903571486473083,1.1172847747802734,0.5065644979476929
0.44956207275390625,1.0882291793823242,0.5065631866455078
0.4944421648979187,0.7306488156318665,0.5065618753433228
0.4639318287372589,0.8952447772026062,0.5065604448318481
0.4512341320514679,0.8919619917869568,0.5065591335296631
0.44233381748199463,1.0909429788589478,0.5065577626228333
0.40628305077552795,0.9412996172904968,0.5065564513206482
0.4706439971923828,1.0145065784454346,0.5065550208091736
0.4553750455379486,0.8787389397621155,0.5065537095069885
0.38501060009002686,0.8790380358695984,0.5065521597862244
0.41910165548324585,1.1018801927566528,0.5065509080886841
0.464637815952301,0.8811016082763672,0.5065495371818542
0.5347483158111572,1.1970356702804565,0.5065481662750244
0.43039050698280334,0.9866634011268616,0.5065467953681946
0.4646779000759125,1.0324543714523315,0.5065454840660095
0.4309304654598236,0.6848263740539551,0.5065441727638245
0.4423154592514038,0.9594374895095825,0.5065428614616394
0.4468306601047516,0.9793782830238342,0.5065414309501648
0.40381187200546265,1.0284087657928467,0.5065401196479797
0.41706740856170654,0.7994382977485657,0.5065386891365051
0.47465038299560547,0.9433239102363586,0.5065374374389648
0.42702043056488037,0.7921730875968933,0.506536066532135
0.4136768579483032,0.9926413297653198,0.5065346956253052
0.42103636264801025,0.8368066549301147,0.5065333843231201
0.4393565356731415,0.8394110202789307,0.5065320134162903
0.406795859336853,0.8778526186943054,0.5065307021141052
0.523493766784668,0.9270290732383728,0.5065293312072754
0.5062446594238281,0.8387148976325989,0.506527841091156
0.38892585039138794,1.0800461769104004,0.506526529788971
0.43897855281829834,0.824540913105011,0.5065251588821411
0.47411054372787476,0.9120265245437622,0.5065237879753113
0.39185088872909546,0.805473804473877,0.5065225958824158
0.48575204610824585,0.9227487444877625,0.5065212249755859
0.4522022008895874,0.9201110005378723,0.5065197348594666
0.48006322979927063,0.9689300656318665,0.5065184831619263
0.3820075988769531,1.0896365642547607,0.5065170526504517
0.3723054528236389,1.0454267263412476,0.5065158009529114
0.4116658568382263,0.98859703540802,0.5065144300460815
0.4413314759731293,0.8065658211708069,0.5065131187438965
0.4018518626689911,0.7725354433059692,0.5065116882324219
0.4404238760471344,0.8679498434066772,0.506510317325592
0.43330928683280945,0.9181556701660156,0.506509006023407
0.4513806700706482,0.9388852715492249,0.5065075755119324
0.42625880241394043,0.8759007453918457,0.5065063238143921
0.4479719400405884,0.9801104664802551,0.5065049529075623
0.4340612292289734,0.8813982605934143,0.5065035820007324
0.4169583022594452,0.9433286190032959,0.5065021514892578
0.39166054129600525,0.969933271408081,0.506500780582428
0.5130494832992554,0.9685394167900085,0.5064994096755981
0.43087780475616455,1.053227186203003,0.5064980387687683
0.39310890436172485,1.007352352142334,0.5064967274665833
0.44211164116859436,0.9557565450668335,0.5064955353736877
0.42527109384536743,1.0550154447555542,0.5064941048622131
0.40499499440193176,0.9718897342681885,0.5064927339553833
0.4354322850704193,0.8818873763084412,0.5064912438392639
0.39942869544029236,1.0130752325057983,0.5064899921417236
0.37464439868927,0.9564724564552307,0.506488561630249
0.40764516592025757,1.0520938634872437,0.5064873099327087
0.46676504611968994,1.095088243484497,0.5064859986305237
0.4563812017440796,0.9779242873191833,0.5064847469329834
0.40890273451805115,1.0923821926116943,0.5064833760261536
0.42591971158981323,0.856794536113739,0.5064820051193237
0.42776787281036377,0.8519505858421326,0.5064805746078491
0.43278399109840393,0.907097339630127,0.506479024887085
0.4449746608734131,0.899060070514679,0.5064776539802551
0.4414910674095154,1.1846274137496948,0.5064764022827148
0.42613208293914795,0.9919684529304504,0.506475031375885
0.4155001640319824,1.0443669557571411,0.5064738392829895
0.468764990568161,0.7077140808105469,0.5064724683761597
0.3951473832130432,0.8602082133293152,0.5064710378646851
0.474073588848114,0.9628722071647644,0.5064694881439209
0.4441850185394287,1.0525234937667847,0.5064682960510254
0.43827685713768005,1.0349388122558594,0.5064669251441956
0.4442163109779358,1.0906901359558105,0.5064656138420105
0.4199325442314148,1.0521697998046875,0.5064641833305359
0.43603718280792236,0.9191263914108276,0.506462812423706
0.4500037729740143,0.902558445930481,0.5064613819122314
0.3960597813129425,0.952415943145752,0.5064600706100464
0.46237120032310486,1.0639580488204956,0.5064588189125061
0.4188677966594696,0.8931692838668823,0.506457507610321
0.42063310742378235,0.973524808883667,0.5064562559127808
0.39657577872276306,0.9986529350280762,0.50645512342453
0.3929064869880676,1.1007416248321533,0.5064538717269897
0.4182021915912628,0.9876671433448792,0.5064525008201599
0.4855038821697235,1.139723777770996,0.5064511895179749
0.4161980450153351,0.9756011366844177,0.5064496994018555
0.4608094394207001,1.0243829488754272,0.5064483284950256
0.36356598138809204,0.7805591225624084,0.5064470171928406
0.40545862913131714,0.9737256169319153,0.5064456462860107
0.46746471524238586,0.9818291664123535,0.5064442753791809
0.37698817253112793,1.040698528289795,0.5064430236816406
0.3954206109046936,0.9643682837486267,0.5064417123794556
0.46024420857429504,0.9677864909172058,0.5064404010772705
0.45400333404541016,0.9995456337928772,0.5064390897750854
0.4294990301132202,0.923722505569458,0.5064377188682556
0.4498814046382904,0.968997061252594,0.5064363479614258
0.3993898332118988,0.9322834610939026,0.5064351558685303
0.4383978843688965,0.8149265050888062,0.5064337849617004
0.4379550814628601,0.9259247183799744,0.5064324736595154
0.462746262550354,0.9550637602806091,0.5064311623573303
0.41358083486557007,0.956436038017273,0.5064297914505005
0.411079078912735,0.972896158695221,0.5064284205436707
0.4477342367172241,1.2826372385025024,0.5064271092414856
0.4335518479347229,1.1021008491516113,0.5064257979393005
0.4844752848148346,1.036696195602417,0.5064244270324707
0.451438844203949,0.8617952466011047,0.5064230561256409
0.4353282153606415,0.8805009722709656,0.506421685218811
0.41013774275779724,1.0110814571380615,0.5064202547073364
0.47013700008392334,0.870406985282898,0.5064188838005066
0.4140584468841553,0.9040982127189636,0.5064176917076111
0.4576541483402252,0.8582577109336853,0.506416380405426
0.39650243520736694,0.8174325823783875,0.506415069103241
0.48124125599861145,0.8058818578720093,0.5064136981964111
0.39924710988998413,0.9670053124427795,0.5064125061035156
0.4672318994998932,0.965752899646759,0.5064111351966858
0.41906413435935974,1.0762008428573608,0.5064098834991455
0.4285687804222107,0.8587056994438171,0.5064085125923157
0.48759740591049194,1.0554875135421753,0.5064071416854858
0.45078742504119873,0.822648286819458,0.5064058899879456
0.4185607135295868,1.0646458864212036,0.506404459476471
0.47205808758735657,1.006124496459961,0.5064030289649963
0.41370534896850586,0.6579777598381042,0.5064016580581665
0.4521404206752777,1.0514074563980103,0.5064004063606262
0.3861028254032135,0.8060472011566162,0.5063991546630859
0.4004424810409546,1.2393485307693481,0.5063978433609009
0.38186538219451904,0.7378109097480774,0.506396472454071
0.4632832109928131,1.0174696445465088,0.5063950419425964
0.43917492032051086,1.0440161228179932,0.5063937306404114
0.45377978682518005,0.9667635560035706,0.5063924193382263
0.40150412917137146,0.8837403655052185,0.5063910484313965
0.4459550380706787,0.9138333797454834,0.5063897371292114
0.4561976194381714,0.763217568397522,0.5063883066177368
0.4359406530857086,1.1869217157363892,0.506386935710907
0.4749704897403717,0.868686854839325,0.5063855051994324
0.47248923778533936,0.9261490106582642,0.5063842535018921
0.43767255544662476,1.127694845199585,0.5063828825950623
0.4544859230518341,0.9088888168334961,0.5063814520835876
0.4349749684333801,1.0715134143829346,0.5063802003860474
0.46010297536849976,0.9606608152389526,0.5063787698745728
0.45492178201675415,0.7145748138427734,0.5063772797584534
0.41992107033729553,1.1515312194824219,0.5063760280609131
0.45359671115875244,0.8315687775611877,0.5063746571540833
0.38108065724372864,1.1193948984146118,0.5063734650611877
0.5060129165649414,0.9748334884643555,0.5063722133636475
0.45349591970443726,0.7181450724601746,0.5063709616661072
0.4397883415222168,1.411228895187378,0.5063696503639221
0.42676061391830444,0.8948582410812378,0.5063683986663818
0.45812419056892395,0.9814157485961914,0.5063670873641968
0.4629646837711334,1.1967226266860962,0.5063657760620117
0.4286947548389435,0.9637545347213745,0.5063645243644714
0.4652240574359894,1.0887818336486816,0.5063630938529968
0.4207964241504669,0.8177187442779541,0.5063618421554565
0.41944387555122375,0.878322184085846,0.5063604712486267
0.4376681447029114,0.9081635475158691,0.5063591599464417
0.4350835382938385,0.8602915406227112,0.5063577890396118
0.4698174297809601,1.0731357336044312,0.5063563585281372
0.45013439655303955,1.0084365606307983,0.5063550472259521
0.40730518102645874,0.9476185441017151,0.5063535571098328
0.40438953042030334,0.7993186712265015,0.5063522458076477
0.44466012716293335,0.8692570924758911,0.5063509345054626
0.46996960043907166,0.9442650675773621,0.5063496232032776
0.496134489774704,0.9876487851142883,0.5063483119010925
0.4838160574436188,0.9946104288101196,0.5063467025756836
0.40932250022888184,0.908807098865509,0.5063455700874329
0.47770434617996216,0.9827523231506348,0.506344199180603
0.4247944951057434,1.018845558166504,0.506342887878418
0.4056153893470764,1.1069461107254028,0.5063414573669434
0.39163947105407715,0.9167286157608032,0.5063401460647583
0.45065557956695557,0.8928527235984802,0.5063387751579285
0.4105956554412842,0.8341757655143738,0.506337583065033
0.3987770676612854,0.9983196258544922,0.5063362717628479
0.4682391881942749,0.9583994150161743,0.5063349008560181
0.4160919785499573,0.8407435417175293,0.5063335299491882
0.4733811914920807,1.1117558479309082,0.5063321590423584
0.42194822430610657,0.8628979325294495,0.5063307881355286
0.4230835735797882,0.9195349812507629,0.5063295364379883
0.4668586254119873,1.0618877410888672,0.5063281655311584
0.3905640244483948,0.9803887009620667,0.5063267946243286
0.47544020414352417,0.9895870089530945,0.506325364112854
0.44955575466156006,1.1117143630981445,0.5063239932060242
0.4122937321662903,0.9724432826042175,0.5063227415084839
0.4470754563808441,0.9507478475570679,0.506321370601654
0.4885918200016022,1.0747594833374023,0.5063202381134033
0.41823554039001465,0.9585029482841492,0.5063189268112183
0.4299142062664032,0.9674232006072998,0.5063176155090332
0.4269852340221405,0.7371420860290527,0.5063163042068481
0.45893654227256775,0.8553205728530884,0.5063149333000183
0.3981357514858246,0.9018463492393494,0.5063135027885437
0.40108373761177063,0.9242905974388123,0.5063122510910034
0.5010867714881897,0.9603846669197083,0.5063108801841736
0.43665072321891785,1.094769835472107,0.5063097476959229
0.3999776244163513,1.099331021308899,0.5063084363937378
0.45310455560684204,0.9112672209739685,0.5063073039054871
0.3873170018196106,0.8214306831359863,0.5063058137893677
0.42906463146209717,0.842516303062439,0.5063045024871826
0.5301410555839539,0.9203676581382751,0.5063031315803528
0.42144066095352173,0.830825686454773,0.5063018202781677
0.4520447552204132,1.0666018724441528,0.5063004493713379
0.4177629053592682,1.0899975299835205,0.5062991380691528
0.46459928154945374,0.9754457473754883,0.506297767162323
0.4272538423538208,0.9889602661132812,0.5062963962554932
0.4222883880138397,1.257265567779541,0.5062947869300842
0.4075949788093567,0.9199732542037964,0.5062934756278992
0.37974172830581665,0.8917593955993652,0.5062922239303589
0.4144715666770935,0.9651456475257874,0.5062907934188843
0.4409153163433075,0.8599525094032288,0.5062894821166992
0.40995803475379944,1.2589370012283325,0.5062882304191589
0.4798327386379242,1.0461822748184204,0.5062869191169739
0.43955400586128235,1.0547431707382202,0.5062854290008545
0.4019225537776947,0.8807326555252075,0.5062841176986694
0.47477415204048157,0.9544457197189331,0.5062826871871948
0.41072016954421997,0.9823806881904602,0.5062814354896545
0.4534478783607483,1.044020652770996,0.5062800049781799
0.4660201072692871,0.9521424770355225,0.5062787532806396
0.45450323820114136,0.9081242680549622,0.506277322769165
0.4170883893966675,0.8425576090812683,0.5062760710716248
0.40618589520454407,0.9385220408439636,0.5062747597694397
0.46394866704940796,1.30404794216156,0.5062734484672546
0.44934141635894775,1.183896780014038,0.5062720775604248
0.3874107301235199,0.971839427947998,0.5062709450721741
0.46757087111473083,1.0079318284988403,0.5062695741653442
0.46157145500183105,0.9873048663139343,0.5062682032585144
0.46373870968818665,0.9447264075279236,0.5062668919563293
0.44589415192604065,0.910892128944397,0.5062655210494995
0.3930934965610504,1.1906907558441162,0.5062642693519592
0.44888269901275635,0.976956307888031,0.5062628984451294
0.4236321449279785,0.8870388269424438,0.5062617063522339
0.4278362989425659,0.9237494468688965,0.5062605738639832
0.4326714277267456,0.8229691982269287,0.5062591433525085
0.4501354992389679,0.9312132000923157,0.5062576532363892
0.4368749260902405,0.9537805914878845,0.5062562823295593
0.461048424243927,1.0111254453659058,0.5062549114227295
0.42296722531318665,1.0251071453094482,0.5062533617019653
0.3959023952484131,0.8988494873046875,0.5062519311904907
0.4037477672100067,1.1596665382385254,0.5062505602836609
0.4690016806125641,0.9641229510307312,0.5062490105628967
0.4599645137786865,0.9307085871696472,0.5062476396560669
0.44694191217422485,1.1427651643753052,0.5062462687492371
0.46173086762428284,0.9455443024635315,0.506244957447052
0.4531463384628296,0.8160570859909058,0.5062435269355774
0.4207436144351959,1.0323923826217651,0.5062420964241028
0.4923499822616577,0.8413991928100586,0.506240725517273
0.5085138082504272,1.0065594911575317,0.5062393546104431
0.46740931272506714,0.8674846887588501,0.5062379837036133
0.449544757604599,0.7512614130973816,0.5062366127967834
0.4468885064125061,0.8402851223945618,0.5062353014945984
0.45671945810317993,1.0501567125320435,0.506233811378479
0.425809770822525,1.0554022789001465,0.506232500076294
0.4842151999473572,0.8334699869155884,0.5062311887741089
0.4110027551651001,0.7413476705551147,0.506229817867279
0.42501577734947205,0.8691406846046448,0.5062284469604492
0.4362036883831024,1.129003643989563,0.5062271356582642
0.4716024696826935,0.794429361820221,0.5062258243560791
0.4685932397842407,0.7720277309417725,0.506224513053894
0.43132925033569336,0.8313829898834229,0.5062230825424194
0.43994101881980896,0.7909570932388306,0.5062216520309448
0.4220554232597351,1.0935622453689575,0.5062203407287598
0.4643741250038147,0.7488975524902344,0.5062189102172852
0.43046095967292786,0.868202805519104,0.5062175989151001
0.4602911174297333,0.8705443143844604,0.506216287612915
0.43321698904037476,0.9871758222579956,0.5062149167060852
0.3461105525493622,0.919916570186615,0.5062134861946106
0.46355220675468445,1.1620718240737915,0.506212055683136
0.4182615578174591,0.9897019863128662,0.5062107443809509
0.40240514278411865,0.9267958998680115,0.5062094330787659
0.4441315829753876,0.9882650971412659,0.5062079429626465
0.4582456946372986,1.035774827003479,0.5062066912651062
0.48898521065711975,1.032818078994751,0.5062052011489868
0.44784751534461975,1.1139270067214966,0.506203830242157
0.48882564902305603,1.0783360004425049,0.5062023401260376
0.3984266519546509,0.9056682586669922,0.5062011480331421
0.41296762228012085,0.8095841407775879,0.5061998963356018
0.43671444058418274,1.0445672273635864,0.506198525428772
0.433739572763443,0.9414281845092773,0.5061972737312317
0.38128381967544556,0.8399629592895508,0.5061959624290466
0.4533415138721466,0.8323366641998291,0.5061947703361511
0.4086088538169861,0.9738655686378479,0.5061933398246765
0.5024561285972595,0.9448966383934021,0.5061920285224915
0.40677687525749207,0.9451419115066528,0.5061905980110168
0.4430583119392395,0.9968597888946533,0.506189227104187
0.4795985221862793,0.9029077887535095,0.5061878561973572
0.4471431374549866,1.098738670349121,0.5061864256858826
0.41135671734809875,0.6998960375785828,0.5061850547790527
0.5329574942588806,1.094491720199585,0.5061837434768677
0.45631682872772217,1.0261527299880981,0.5061824321746826
0.454254686832428,0.993960976600647,0.506181001663208
0.46292510628700256,1.1690353155136108,0.506179690361023
0.46061620116233826,0.9227080941200256,0.5061783194541931
0.43349945545196533,0.8524754047393799,0.5061768889427185
0.4315982758998871,0.9250609278678894,0.5061753988265991
0.43224823474884033,1.0735633373260498,0.5061741471290588
0.48409566283226013,0.8108639121055603,0.506172776222229
0.43746793270111084,0.9241837859153748,0.506171464920044
0.37474581599235535,0.99680095911026,0.5061700344085693
0.4024673104286194,0.8387292623519897,0.506168782711029
0.46984797716140747,0.9906737804412842,0.506167471408844
0.43393629789352417,0.7474008202552795,0.5061660408973694
0.3966604471206665,1.0526857376098633,0.5061646103858948
0.4353673756122589,0.9528977870941162,0.5061632394790649
0.40127822756767273,1.07964289188385,0.5061618089675903
0.43529579043388367,0.8498356342315674,0.5061601996421814
0.5163637399673462,0.8243057131767273,0.5061587691307068
0.4749206006526947,0.9671450853347778,0.506157398223877
0.4552243649959564,0.8470175862312317,0.5061559081077576
0.44756799936294556,0.8525250554084778,0.5061546564102173
0.4446530044078827,0.9465195536613464,0.5061532855033875
0.42540863156318665,1.0860743522644043,0.5061519145965576
0.4674767255783081,1.0554139614105225,0.5061505436897278
0.4877373278141022,1.0599664449691772,0.506149172782898
0.5105657577514648,1.038519024848938,0.5061478614807129
0.35859039425849915,1.0895859003067017,0.5061463713645935
0.45358729362487793,0.8977620601654053,0.5061449408531189
0.39929908514022827,1.2480560541152954,0.5061435699462891
0.46046149730682373,0.8654546141624451,0.5061423778533936
0.4353697896003723,1.1354533433914185,0.5061411261558533
0.46363914012908936,1.0882259607315063,0.506139874458313
0.42265382409095764,0.7580191493034363,0.5061385631561279
0.4798750877380371,0.8921825885772705,0.5061374306678772
0.38326337933540344,0.9669350981712341,0.5061361789703369
0.460514634847641,0.7682145833969116,0.5061348676681519
0.43711552023887634,1.0070338249206543,0.5061334371566772
0.3874812126159668,0.8955836296081543,0.506132185459137
0.45104971528053284,0.7437498569488525,0.5061308741569519
0.4648338258266449,0.9114450812339783,0.5061296224594116
0.45944398641586304,0.7077748775482178,0.5061282515525818
0.4067140519618988,0.8273321390151978,0.5061267018318176
0.4131550192832947,1.1004804372787476,0.5061254501342773
0.47091010212898254,0.9047389030456543,0.5061240196228027
0.4360118806362152,0.928888738155365,0.5061227083206177
0.456380158662796,0.9636894464492798,0.5061212778091431
0.3999897539615631,0.8672617077827454,0.5061199069023132
0.456510454416275,1.0935451984405518,0.5061185359954834
0.44572708010673523,0.8681367039680481,0.5061171650886536
0.40740981698036194,0.7847438454627991,0.5061159133911133
0.5159364938735962,0.9920569658279419,0.5061144232749939
0.4107249975204468,1.0045217275619507,0.5061131715774536
0.512426495552063,0.7937843203544617,0.5061119198799133
0.453233927488327,0.8799830079078674,0.5061106085777283
0.34067100286483765,0.9079318642616272,0.5061092972755432
0.4106096625328064,1.1083368062973022,0.5061081051826477
0.47701558470726013,0.7837110757827759,0.5061066746711731
0.45234215259552,0.8686786890029907,0.5061054229736328
0.3563588261604309,0.9446532726287842,0.5061041116714478
0.45288145542144775,0.9659685492515564,0.5061028003692627
0.4291071593761444,0.9097220301628113,0.5061014294624329
0.49037623405456543,0.9688529968261719,0.5061002373695374
0.3906303942203522,0.9508774280548096,0.5060989260673523
0.36135607957839966,0.8481103777885437,0.5060976147651672
0.4314945936203003,0.8624557256698608,0.5060961842536926
0.4417547583580017,0.960452139377594,0.5060948133468628
0.4112895131111145,0.9422721266746521,0.506093442440033
0.45662474632263184,1.0321404933929443,0.5060921311378479
0.36714887619018555,0.9517501592636108,0.5060908198356628
0.4169287085533142,1.2286475896835327,0.5060895681381226
0.4354052245616913,0.8072075843811035,0.5060882568359375
0.42398443818092346,0.8828641772270203,0.5060868859291077
0.43518954515457153,1.0828803777694702,0.5060855746269226
0.48244765400886536,0.9005134105682373,0.506084144115448
0.48638805747032166,0.7479858994483948,0.5060828924179077
0.48292776942253113,1.1060998439788818,0.5060814619064331
0.4268619418144226,0.8858728408813477,0.506080150604248
0.4610532522201538,1.0051939487457275,0.506078839302063
0.4727359712123871,0.8517435789108276,0.5060775279998779
0.45079195499420166,0.9661989808082581,0.5060761570930481
0.4710286557674408,0.8169414401054382,0.5060746073722839
0.48024260997772217,1.070643424987793,0.5060732960700989
0.4272722005844116,1.098189353942871,0.5060718655586243
0.37789031863212585,0.8866363167762756,0.5060704946517944
0.40617552399635315,0.9272131323814392,0.5060691237449646
0.44579464197158813,0.8703088760375977,0.5060677528381348
0.4431339204311371,1.0078132152557373,0.5060663819313049
0.453887015581131,1.0230783224105835,0.5060649514198303
0.43487676978111267,0.8164056539535522,0.5060635805130005
0.400464802980423,0.8558976054191589,0.5060622096061707
0.4157111346721649,0.7561686038970947,0.5060608983039856
0.4263039827346802,1.0258711576461792,0.5060595273971558
0.4566168189048767,0.7495625019073486,0.5060582160949707
0.3942677974700928,0.8541266322135925,0.5060567855834961
0.37031859159469604,0.9207237362861633,0.5060553550720215
0.4315933585166931,0.9755100011825562,0.5060539245605469
0.4665457010269165,0.8364397883415222,0.5060526728630066
0.4544658660888672,0.7699432373046875,0.5060511231422424
0.40620285272598267,0.9103131890296936,0.5060498714447021
0.4647871255874634,0.8290961980819702,0.506048321723938
0.3462405204772949,0.9328885078430176,0.5060470104217529
0.44223707914352417,0.9219342470169067,0.5060454607009888
0.4459260404109955,0.9307768940925598,0.5060440897941589
0.44519150257110596,1.0838713645935059,0.5060427188873291
0.45675596594810486,0.9614136815071106,0.506041407585144
0.393976628780365,0.916827917098999,0.5060397982597351
0.37215495109558105,1.221937656402588,0.5060383677482605
0.39444440603256226,0.9439861178398132,0.5060370564460754
0.3886599540710449,0.8501985669136047,0.506035566329956
0.4559963047504425,0.86823970079422,0.5060341954231262
0.449371337890625,0.8579316735267639,0.5060328841209412
0.4292120933532715,1.085349440574646,0.5060315728187561
0.44936007261276245,0.9590039253234863,0.5060303211212158
0.41808444261550903,1.2205045223236084,0.506028950214386
0.42547842860221863,0.7966047525405884,0.5060275197029114
0.4338151514530182,0.9326843619346619,0.5060263872146606
0.4376794993877411,0.8426106572151184,0.5060248970985413
0.4404401183128357,1.0886989831924438,0.5060235261917114
0.41804906725883484,0.9186926484107971,0.5060220956802368
0.45424750447273254,0.9977907538414001,0.506020724773407
0.39414703845977783,0.7578431367874146,0.5060194730758667
0.4650343954563141,1.073651909828186,0.5060181617736816
0.422750324010849,0.8446627259254456,0.5060170292854309
0.48565545678138733,0.6586595177650452,0.5060155987739563
0.4112107753753662,1.075587511062622,0.5060142874717712
0.48858168721199036,1.0401084423065186,0.5060129165649414
0.4004482626914978,1.0984991788864136,0.5060116052627563
0.41851893067359924,1.0450165271759033,0.5060102343559265
0.44003263115882874,0.9689886569976807,0.506009042263031
0.4683835506439209,1.0477476119995117,0.506007730960846
0.42547887563705444,0.8971300721168518,0.5060063600540161
0.4778923988342285,1.0527081489562988,0.506005048751831
0.404599130153656,0.8099152445793152,0.506003737449646
0.47410136461257935,0.8800418376922607,0.5060023665428162
0.4016772508621216,1.0241373777389526,0.5060010552406311
0.499905526638031,0.9114759564399719,0.5059996843338013
0.4917173683643341,0.8591365218162537,0.5059982538223267
0.4566712975502014,0.8422368764877319,0.5059970021247864
0.43921715021133423,0.9505554437637329,0.5059956312179565
0.4032388925552368,0.9250143766403198,0.5059942603111267
0.4009036123752594,1.1436914205551147,0.5059928894042969
0.46531492471694946,0.9610582590103149,0.5059914588928223
0.48194289207458496,1.0109208822250366,0.5059900283813477
0.45113760232925415,1.0247154235839844,0.505988597869873
0.4666590094566345,0.864564061164856,0.5059873461723328
0.4448159635066986,1.0317027568817139,0.5059860348701477
0.4096795618534088,1.1340407133102417,0.5059847831726074
0.4029075503349304,0.806800127029419,0.5059835314750671
0.4789223372936249,0.8431847095489502,0.5059821009635925
0.42561495304107666,0.6140084266662598,0.5059808492660522
0.5003244876861572,0.8831440210342407,0.5059794187545776
0.3919632136821747,0.9567837715148926,0.5059781074523926
0.4333564043045044,0.8869677186012268,0.5059768557548523
0.46531036496162415,1.0971705913543701,0.505975604057312
0.42596080899238586,1.0679420232772827,0.5059742331504822
0.44247275590896606,0.8914891481399536,0.5059728026390076
0.43899375200271606,1.1239556074142456,0.5059713125228882
0.476175457239151,1.1543139219284058,0.5059699416160583
0.4395713210105896,1.0773590803146362,0.5059686303138733
0.4701635539531708,0.9332647919654846,0.5059671998023987
0.531127393245697,0.8639339804649353,0.5059660077095032
0.4454175531864166,0.9193902015686035,0.5059646964073181
0.40622028708457947,0.9085521697998047,0.5059635043144226
0.4470841884613037,1.0371323823928833,0.5059620141983032
0.45989903807640076,1.06464421749115,0.5059607028961182
0.4485025405883789,0.7973141074180603,0.5059592127799988
0.4062407612800598,0.9196065664291382,0.5059579610824585
0.4676657021045685,1.303389549255371,0.5059565305709839
0.3960000276565552,0.993503212928772,0.5059552192687988
0.4276506006717682,1.2731531858444214,0.5059537291526794
0.4511096179485321,1.0622748136520386,0.5059524178504944
0.4675474464893341,1.0265625715255737,0.5059511065483093
0.452156662940979,1.0357768535614014,0.5059497952461243
0.42755159735679626,1.0951210260391235,0.505948543548584
0.41974809765815735,0.8324754238128662,0.5059470534324646
0.4273524284362793,1.253260612487793,0.5059457421302795
0.44910919666290283,0.7774036526679993,0.5059443712234497
0.39853620529174805,0.7837564945220947,0.5059430599212646
0.3927379250526428,1.0245550870895386,0.5059416890144348
0.4377845525741577,0.9117984771728516,0.505940318107605
0.43224120140075684,0.9796596765518188,0.5059390068054199
0.42056456208229065,0.9737018346786499,0.5059376358985901
0.4202965497970581,0.888857901096344,0.505936324596405
0.3923901915550232,0.9795553088188171,0.5059349536895752
0.40092605352401733,0.9586887955665588,0.5059336423873901
0.5175734758377075,1.037529468536377,0.5059323906898499
0.4180528223514557,0.9717831015586853,0.50593101978302
0.45144379138946533,0.7648278474807739,0.5059296488761902
0.3845476806163788,0.9913089275360107,0.5059283971786499
0.4851006269454956,0.7883010506629944,0.5059271454811096
0.4457377791404724,0.9121779203414917,0.5059259533882141
0.4796862006187439,0.8502094745635986,0.5059245228767395
0.36402836441993713,0.8135226368904114,0.5059230923652649
0.44183337688446045,1.1563751697540283,0.5059218406677246
0.47210994362831116,1.0028581619262695,0.5059205293655396
0.4404100775718689,0.8828490376472473,0.5059192776679993
0.521958589553833,0.9245206117630005,0.505918025970459
0.41810622811317444,0.79305100440979,0.5059167146682739
0.4244060516357422,1.0556849241256714,0.5059154033660889
0.4149133265018463,0.8617821335792542,0.5059140920639038
0.4410550594329834,1.0625519752502441,0.505912721157074
0.43164581060409546,0.9262065887451172,0.5059114694595337
0.4940583407878876,0.929585337638855,0.5059101581573486
0.4446166753768921,0.6951444149017334,0.5059088468551636
0.3646377623081207,0.9787771105766296,0.5059074759483337
0.41279464960098267,1.095577359199524,0.5059061646461487
0.4344760775566101,0.7183470726013184,0.5059047937393188
0.3998197913169861,0.8878074288368225,0.5059036016464233
0.44129589200019836,0.9627447128295898,0.5059023499488831
0.49183112382888794,0.980183482170105,0.5059008002281189
0.4701767861843109,0.8983579874038696,0.5058994293212891
0.4607270061969757,1.0181128978729248,0.505898118019104
0.4000907838344574,0.8026663064956665,0.505896806716919
0.4393389821052551,0.9764916300773621,0.5058954358100891
0.4504924714565277,1.1928352117538452,0.505894124507904
0.4421427845954895,0.9638885259628296,0.505892813205719
0.3711623251438141,0.9344677925109863,0.5058913826942444
0.41996991634368896,0.867304801940918,0.5058900713920593
0.44443461298942566,1.0932830572128296,0.505888819694519
0.44574838876724243,0.7284967303276062,0.505887508392334
0.5076308846473694,0.8519233465194702,0.5058861374855042
0.40948396921157837,1.0118634700775146,0.5058848857879639
0.41241133213043213,0.7533490657806396,0.5058835744857788
0.46572402119636536,0.7310697436332703,0.5058822631835938
0.41568484902381897,0.7515386939048767,0.5058808922767639
0.46677297353744507,0.8110162615776062,0.5058795809745789
0.46587398648262024,1.0210256576538086,0.5058782696723938
0.40616050362586975,0.7965672016143799,0.5058769583702087
0.4258638322353363,0.9132227301597595,0.5058757066726685
0.44194915890693665,0.9259056448936462,0.5058743953704834
0.49857965111732483,1.0980403423309326,0.5058730840682983
0.5579777359962463,0.9929326176643372,0.5058717131614685
0.41260045766830444,0.9690088033676147,0.5058704018592834
0.4475971460342407,0.9705582857131958,0.5058692097663879
0.4798605144023895,1.1626917123794556,0.5058679580688477
0.45200762152671814,0.8324598670005798,0.5058667659759521
0.438616544008255,1.1183804273605347,0.5058655142784119
0.41485244035720825,1.0297207832336426,0.5058642625808716
0.44468364119529724,0.9341797232627869,0.505862832069397
0.5011018514633179,0.8915551900863647,0.5058614611625671
0.4039003551006317,1.059660792350769,0.5058601498603821
0.40947383642196655,0.9972243309020996,0.5058587789535522
0.45418745279312134,0.7984751462936401,0.5058573484420776
0.4261574447154999,1.0902220010757446,0.5058558583259583
0.3797130584716797,0.947217583656311,0.5058546662330627
0.3870767056941986,0.8742989897727966,0.5058532953262329
0.40502187609672546,0.7798118591308594,0.5058518648147583
0.48536646366119385,0.8206515312194824,0.5058504939079285
0.4082692563533783,0.7588800191879272,0.5058490633964539
0.5014368891716003,0.8037721514701843,0.5058477520942688
0.4573710560798645,1.0031009912490845,0.505846381187439
0.464556485414505,0.9799163341522217,0.5058450102806091
0.37762439250946045,0.7601702809333801,0.5058437585830688
0.4121061861515045,0.8262426257133484,0.505842387676239
0.43972280621528625,0.8865306973457336,0.5058410167694092
0.5092365741729736,1.061632752418518,0.5058397054672241
0.4720001220703125,0.9675702452659607,0.5058382153511047
0.45913875102996826,0.7441693544387817,0.5058369040489197
0.3874528408050537,0.8392303586006165,0.5058355927467346
0.4480491876602173,0.8685433268547058,0.5058342218399048
0.38854625821113586,1.088460922241211,0.5058329105377197
0.46449530124664307,1.0194698572158813,0.5058315992355347
0.37577056884765625,1.014961838722229,0.5058302879333496
0.3583677113056183,0.9403886795043945,0.5058289170265198
0.4642867147922516,0.9877740740776062,0.5058275461196899
0.4820374846458435,0.9445146918296814,0.5058261752128601
0.36250039935112,1.0067192316055298,0.5058248043060303
0.42723795771598816,0.9190714955329895,0.50582355260849
0.43538230657577515,0.9123677611351013,0.5058221817016602
0.4864839017391205,0.8588705062866211,0.5058209300041199
0.3913836181163788,0.9991582632064819,0.5058196187019348
0.47900131344795227,1.0133100748062134,0.5058183670043945
0.44663581252098083,0.9437875151634216,0.5058168172836304
0.4157620966434479,0.9024952054023743,0.5058155655860901
0.43257611989974976,0.8849064707756042,0.5058141350746155
0.40798261761665344,0.9663030505180359,0.50581294298172
0.4153174161911011,1.0362930297851562,0.5058114528656006
0.4317686855792999,0.8704248070716858,0.5058102011680603
0.4434487819671631,1.0043721199035645,0.5058088898658752
0.4606797993183136,0.8030516505241394,0.505807638168335
0.40196752548217773,0.8057783246040344,0.5058062076568604
0.5378472208976746,0.7823582887649536,0.5058047771453857
0.4317586421966553,1.2360090017318726,0.5058034062385559
0.4274390935897827,0.8153015375137329,0.5058021545410156
0.4052458107471466,0.8391144275665283,0.5058009028434753
0.48051920533180237,1.1544991731643677,0.5057995319366455
0.3551977574825287,0.9783911108970642,0.5057981610298157
0.4245153069496155,0.9599401950836182,0.5057967305183411
0.42575734853744507,0.7901259660720825,0.5057953596115112
0.4265773594379425,1.0338101387023926,0.5057940483093262
0.47646889090538025,0.8513416051864624,0.5057927966117859
0.47909849882125854,1.2832258939743042,0.5057914853096008
0.42594367265701294,0.8829764723777771,0.5057902336120605
0.40459251403808594,1.013848066329956,0.5057888627052307
0.49177274107933044,0.9953349232673645,0.5057874917984009
0.3649311363697052,0.6955900192260742,0.5057860612869263
0.4318508803844452,0.98525071144104,0.5057847499847412
0.523746907711029,0.8833731412887573,0.5057834386825562
0.4195302724838257,0.7499607801437378,0.5057821273803711
0.5169090628623962,1.057276725769043,0.5057809948921204
0.41694778203964233,1.0015095472335815,0.5057796835899353
0.41514143347740173,0.7972976565361023,0.5057783722877502
0.4511905610561371,0.9015347957611084,0.5057770609855652
0.4510526955127716,0.8119050860404968,0.5057756900787354
0.4709336757659912,1.0194226503372192,0.5057744383811951
0.42328527569770813,0.8815455436706543,0.5057730078697205
0.4056055247783661,0.8736103177070618,0.5057717561721802
0.38900840282440186,1.1462721824645996,0.5057704448699951
0.44931691884994507,0.9506298899650574,0.5057693123817444
0.4633353650569916,0.8034594058990479,0.5057680606842041
0.42983153462409973,0.8540119528770447,0.5057666897773743
0.45610395073890686,1.293531894683838,0.5057653784751892
0.44191253185272217,0.7436589598655701,0.5057641267776489
0.45876142382621765,0.9392698407173157,0.5057628750801086
0.4123491942882538,0.8239731192588806,0.505761444568634
0.4457610249519348,0.9613580703735352,0.5057599544525146
0.3988807499408722,1.1323093175888062,0.5057587027549744
0.3769543766975403,0.9656818509101868,0.5057573914527893
0.4325791895389557,0.9202641248703003,0.5057559609413147
0.43434345722198486,0.90607750415802,0.5057545900344849
0.4214652180671692,0.7416685223579407,0.5057532787322998
0.5050275325775146,0.8464625477790833,0.5057519674301147
0.39820629358291626,0.8726845979690552,0.5057505965232849
0.46477675437927246,0.8251990675926208,0.5057492256164551
0.4096257984638214,0.8834811449050903,0.5057478547096252
0.5006412863731384,1.2038120031356812,0.5057464241981506
0.42040854692459106,1.0657432079315186,0.5057451128959656
0.4371759593486786,0.9466806054115295,0.505743682384491
0.43194156885147095,1.0075867176055908,0.5057423114776611
0.42179712653160095,0.8893005847930908,0.5057409405708313
0.4561343789100647,1.0535227060317993,0.5057395696640015
0.4496501386165619,0.7675605416297913,0.5057381391525269
0.44582682847976685,1.0274739265441895,0.5057365894317627
0.43546873331069946,0.9744076132774353,0.5057352781295776
0.44282522797584534,0.8297417759895325,0.5057339072227478
0.35134825110435486,1.0240137577056885,0.5057325959205627
0.39690080285072327,1.0759371519088745,0.5057312846183777
0.44068676233291626,0.913141667842865,0.5057299137115479
0.4386732280254364,0.9584845304489136,0.5057286024093628
0.44194495677948,0.8324060440063477,0.5057271122932434
0.4378852844238281,0.747937798500061,0.5057258605957031
0.4543420970439911,0.8246207237243652,0.5057246088981628
0.4516957104206085,0.7904234528541565,0.5057233572006226
0.5260729789733887,0.9172495007514954,0.5057221055030823
0.44387495517730713,0.7403668761253357,0.5057207942008972
0.478027880191803,1.0174835920333862,0.5057195425033569
0.46794164180755615,0.9300657510757446,0.5057180523872375
0.42473724484443665,0.8120588660240173,0.5057167410850525
0.4333428144454956,0.918543815612793,0.5057153701782227
0.4167059361934662,0.9720558524131775,0.5057138204574585
0.44264349341392517,0.957806408405304,0.5057125687599182
0.4362120032310486,0.9908729791641235,0.5057112574577332
0.4620595872402191,0.8028687834739685,0.5057099461555481
0.48087209463119507,0.7800611257553101,0.505708634853363
0.4130997359752655,1.0860449075698853,0.5057072639465332
0.44202467799186707,0.9204890727996826,0.5057060122489929
0.44335153698921204,0.8793584704399109,0.5057046413421631
0.4092738926410675,0.9101570248603821,0.5057032704353333
0.489319384098053,1.0089175701141357,0.5057019591331482
0.4287239611148834,0.8952791094779968,0.5057006478309631
0.4145536720752716,0.8519636988639832,0.5056993365287781
0.43382105231285095,0.9257981777191162,0.5056980848312378
0.45075955986976624,0.7914057970046997,0.505696713924408
0.4109800159931183,0.7816606163978577,0.5056955814361572
0.44756636023521423,1.1528160572052002,0.5056942105293274
0.4579111337661743,0.8924368023872375,0.5056928992271423
0.4739566743373871,0.8162044882774353,0.505691647529602
0.4050506353378296,1.0845788717269897,0.5056903958320618
0.4896871745586395,0.8215159177780151,0.5056890845298767
0.4182380437850952,0.8973475098609924,0.5056877136230469
0.4829902648925781,0.9679871201515198,0.5056864619255066
0.36301735043525696,0.7744068503379822,0.5056851506233215
0.42562955617904663,0.9393901228904724,0.5056837797164917
0.42415741086006165,0.9905643463134766,0.5056825280189514
0.4385320246219635,1.002026915550232,0.5056812763214111
0.4494135081768036,0.9314486384391785,0.5056799054145813
0.4410307705402374,0.7796049118041992,0.5056785941123962
0.4452185034751892,1.0379101037979126,0.5056772232055664
0.44241011142730713,0.7793344259262085,0.5056759119033813
0.43675780296325684,0.884340763092041,0.5056743621826172
0.4523807466030121,1.0170035362243652,0.5056731104850769
0.4286018908023834,0.8545014262199402,0.5056716799736023
0.416837215423584,0.9122280478477478,0.5056703090667725
0.42558470368385315,0.8708495497703552,0.5056689381599426
0.3927258849143982,0.8415316939353943,0.5056675672531128
0.3834322988986969,0.9304556250572205,0.5056663155555725
0.40673476457595825,0.8499060869216919,0.5056649446487427
0.4259296655654907,1.0618411302566528,0.5056635141372681
0.4350849688053131,0.808365523815155,0.5056621432304382
0.4577183425426483,0.8758744597434998,0.505660891532898
0.3889140188694,0.8846443295478821,0.5056594610214233
0.48375627398490906,1.056002140045166,0.5056581497192383
0.4773694574832916,1.1585443019866943,0.5056568384170532
0.4814983308315277,1.276721715927124,0.5056555867195129
0.4555768370628357,0.7954249978065491,0.5056541562080383
0.4860500693321228,0.7805128693580627,0.5056528449058533
0.36533743143081665,0.8342661261558533,0.505651593208313
0.4027479588985443,0.9046809077262878,0.5056503415107727
0.4457533657550812,0.9161542654037476,0.5056490302085876
0.39048880338668823,1.2700698375701904,0.5056476593017578
0.48177284002304077,0.8614517450332642,0.5056464672088623
0.4465268850326538,0.9278280138969421,0.505645215511322
0.4238561987876892,0.7718952298164368,0.505643904209137
0.42407575249671936,0.9960609078407288,0.5056427121162415
0.4331451654434204,0.8285866379737854,0.5056414604187012
0.4884144961833954,0.8483855724334717,0.5056402087211609
0.4807955026626587,1.2649292945861816,0.5056389570236206
0.38474130630493164,0.8240333795547485,0.5056377649307251
0.45387694239616394,0.9294235110282898,0.5056365728378296
0.4296112060546875,0.7584152817726135,0.5056352019309998
0.4314773380756378,1.043075442314148,0.5056339502334595
0.40397128462791443,0.9559920430183411,0.5056325793266296
0.3778938353061676,1.0786253213882446,0.5056313872337341
0.4276350438594818,0.7494670748710632,0.5056301355361938
0.4418385326862335,0.8228505849838257,0.5056289434432983
0.42104560136795044,1.0580629110336304,0.5056276917457581
0.43287694454193115,0.6905961632728577,0.5056262612342834
0.46226054430007935,0.9590948224067688,0.5056250095367432
0.39160338044166565,0.9320248961448669,0.5056235790252686
0.41265052556991577,0.8028160333633423,0.5056224465370178
0.45463186502456665,0.9266797304153442,0.5056210160255432
0.42495250701904297,0.8163984417915344,0.5056197047233582
0.47830015420913696,0.9413511157035828,0.5056183338165283
0.39384010434150696,0.8176493644714355,0.5056169629096985
0.4650578200817108,0.9711616039276123,0.5056156516075134
0.42381688952445984,0.8040070533752441,0.5056143999099731
0.38530856370925903,0.9816129803657532,0.5056129693984985
0.42693841457366943,0.8673529028892517,0.5056116580963135
0.4817858636379242,0.9714108109474182,0.5056102871894836
0.47217613458633423,0.9050153493881226,0.5056089162826538
0.4213000535964966,1.1512579917907715,0.5056076645851135
0.4334559440612793,0.8930702209472656,0.5056062936782837
0.38813576102256775,1.0501841306686401,0.5056049823760986
0.4201866388320923,0.9987199306488037,0.505603551864624
0.39962807297706604,0.8050908446311951,0.5056021809577942
0.503063440322876,0.7160830497741699,0.5056008100509644
0.4716624617576599,0.8106175065040588,0.5055994391441345
0.4899708926677704,0.8778744339942932,0.505598247051239
0.4010940194129944,1.0350395441055298,0.5055968165397644
0.4690568149089813,0.7876698970794678,0.5055956244468689
0.42436912655830383,0.7408553957939148,0.5055943131446838
0.45253387093544006,0.7628442049026489,0.5055930018424988
0.37990400195121765,1.0022997856140137,0.505591630935669
0.39989158511161804,1.2366012334823608,0.5055903196334839
0.49548983573913574,0.9485625624656677,0.505588948726654
0.4602278172969818,1.1776058673858643,0.5055875778198242
0.44765207171440125,1.129852294921875,0.5055862665176392
0.4396788775920868,1.0652347803115845,0.5055850148200989
0.46131187677383423,0.8350657224655151,0.5055838227272034
0.4356250762939453,0.9590703248977661,0.5055826306343079
0.47135788202285767,0.9282128810882568,0.5055811405181885
0.419952929019928,0.9457253813743591,0.5055798292160034
0.43512850999832153,1.0475319623947144,0.5055785775184631
0.4506637454032898,0.900154709815979,0.5055773854255676
0.412190318107605,0.7969149947166443,0.5055760741233826
0.4414655268192291,0.8875108957290649,0.5055748224258423
0.4292309582233429,0.8018192052841187,0.5055735111236572
0.49443235993385315,0.9850814342498779,0.5055721402168274
0.4690433442592621,1.1014448404312134,0.5055708885192871
0.41875144839286804,0.7635194659233093,0.505569577217102
0.43332770466804504,0.700255811214447,0.5055683851242065
0.4915653169155121,0.9260271787643433,0.505567193031311
0.38704341650009155,0.9629034996032715,0.5055660605430603
0.45206907391548157,1.1196589469909668,0.50556480884552
0.4695606827735901,0.9378447532653809,0.505563497543335
0.40876829624176025,0.8211345076560974,0.5055620670318604
0.41593801975250244,0.7229413986206055,0.5055608153343201
0.41791197657585144,0.90824955701828,0.5055594444274902
0.45789384841918945,1.0065205097198486,0.5055582523345947
0.43688032031059265,0.8601817488670349,0.5055569410324097
0.44826483726501465,0.8056090474128723,0.5055556893348694
0.4438544511795044,0.8616806268692017,0.5055544972419739
0.4131529927253723,0.9067888259887695,0.5055530667304993
0.3725474774837494,1.0216059684753418,0.505551815032959
0.44334617257118225,1.0287693738937378,0.5055504441261292
0.41855284571647644,1.2416380643844604,0.5055490732192993
0.43051230907440186,0.826023519039154,0.5055475831031799
0.4435282051563263,1.1071473360061646,0.5055462121963501
0.40954169631004333,1.053287148475647,0.5055450201034546
0.3895812928676605,0.8531025648117065,0.50554358959198
0.43402016162872314,0.8982822895050049,0.5055423974990845
0.4861609637737274,0.9175392985343933,0.5055410265922546
0.46811729669570923,0.8274893760681152,0.5055397748947144
0.39484062790870667,0.9147592186927795,0.5055384635925293
0.44322001934051514,0.7467251420021057,0.5055371522903442
0.4411241412162781,1.135972499847412,0.505535900592804
0.41386184096336365,0.9298655986785889,0.5055346488952637
0.4695167541503906,0.8522040843963623,0.5055332779884338
0.4213402569293976,0.7887709140777588,0.5055318474769592
0.4146304130554199,0.9381565451622009,0.5055306553840637
0.446441650390625,0.9340294003486633,0.5055292248725891
0.38623830676078796,0.9618350267410278,0.5055280327796936
0.41255828738212585,0.8253586292266846,0.505526602268219
0.46733802556991577,0.8889808654785156,0.5055253505706787
0.5001813769340515,0.9683275818824768,0.5055240392684937
0.4290146827697754,0.9704751372337341,0.5055226683616638
0.4195902645587921,0.784600555896759,0.5055214762687683
0.3874366581439972,0.8182697296142578,0.5055201053619385
0.3849320411682129,0.926274836063385,0.505518913269043
0.42242860794067383,0.9940117001533508,0.5055176615715027
0.45588603615760803,0.9092658162117004,0.5055162310600281
0.5424801111221313,1.026690125465393,0.5055148601531982
0.4313781261444092,0.9173721671104431,0.5055134892463684
0.43072509765625,1.2091271877288818,0.5055122375488281
0.46548643708229065,1.0308482646942139,0.5055107474327087
0.465405136346817,0.992396354675293,0.505509614944458
0.42326778173446655,1.019521713256836,0.5055081844329834
0.4471397399902344,0.8335745334625244,0.5055069923400879
0.4129682183265686,0.7699651122093201,0.5055057406425476
0.4780864715576172,0.9823886156082153,0.5055043697357178
0.4800615608692169,0.8789851069450378,0.5055031776428223
0.3662795424461365,0.9645313024520874,0.5055018067359924
0.4961981177330017,0.7224974036216736,0.5055005550384521
0.44039589166641235,1.0205849409103394,0.5054993033409119
0.44796690344810486,0.7790566086769104,0.5054980516433716
0.4310546815395355,1.0078541040420532,0.5054967999458313
0.4646155536174774,1.030066728591919,0.5054954886436462
0.4030691385269165,0.869399905204773,0.505494236946106
0.42334556579589844,0.8229510188102722,0.5054928660392761
0.4281871020793915,0.8085945248603821,0.5054916739463806
0.459446519613266,1.020495891571045,0.5054903626441956
0.4116477072238922,1.0805871486663818,0.5054889917373657
0.45094940066337585,1.1139854192733765,0.5054877996444702
0.4766569435596466,0.9660832285881042,0.5054865479469299
0.4102669358253479,1.1217471361160278,0.5054852962493896
0.4825383722782135,0.8404179811477661,0.5054840445518494
0.43353888392448425,0.952303409576416,0.5054827928543091
0.4003966450691223,1.0918316841125488,0.5054813623428345
0.42104285955429077,0.828309178352356,0.5054800510406494
0.4519447088241577,0.8581434488296509,0.5054787993431091
0.42627716064453125,0.7270429134368896,0.5054773688316345
0.45390114188194275,0.9398506283760071,0.5054761171340942
0.4736955463886261,0.7541913390159607,0.505474865436554
0.38360390067100525,0.994434654712677,0.5054736137390137
0.4350505471229553,0.9611088633537292,0.5054724216461182
0.4188079237937927,0.6784669756889343,0.5054712295532227
0.4239230751991272,1.0261919498443604,0.5054699778556824
0.44212689995765686,0.7422928810119629,0.5054686069488525
0.4763607978820801,1.1813769340515137,0.5054672956466675
0.4245857000350952,0.953532338142395,0.5054659843444824
0.43862101435661316,0.985609769821167,0.5054649114608765
0.42730575799942017,0.9015634655952454,0.5054636597633362
0.4306381940841675,0.8741236925125122,0.5054623484611511
0.4097024202346802,0.8801382184028625,0.5054611563682556
0.48068931698799133,0.8415517807006836,0.5054597854614258
0.4519735276699066,0.7728935480117798,0.5054585337638855
0.45329147577285767,0.9472443461418152,0.5054572224617004
0.43139883875846863,0.7630819082260132,0.5054557919502258
0.4503934383392334,1.0805236101150513,0.5054545402526855
0.4135490357875824,0.9984933137893677,0.5054531693458557
0.43695777654647827,0.9396350979804993,0.5054519772529602
0.4238309860229492,0.7770426273345947,0.5054507255554199
0.4295147657394409,0.7878804206848145,0.5054492354393005
0.4225732982158661,1.0689183473587036,0.505448043346405
0.4679049551486969,0.846299946308136,0.50544673204422
0.4659954011440277,0.9031631350517273,0.5054454207420349
0.4378044903278351,0.8572057485580444,0.5054440498352051
0.44840696454048157,1.1206732988357544,0.5054426789283752
0.48262494802474976,1.0308705568313599,0.5054413080215454
0.4651450216770172,0.8309210538864136,0.5054401159286499
0.48195013403892517,0.8412102460861206,0.5054388642311096
0.4477011263370514,0.8029727935791016,0.5054373741149902
0.44180142879486084,1.0099800825119019,0.5054360628128052
0.46450933814048767,0.9541706442832947,0.5054348111152649
0.38763415813446045,0.8950764536857605,0.5054334998130798
0.38388311862945557,1.0462971925735474,0.5054323077201843
0.38716670870780945,0.8112103939056396,0.5054309368133545
0.40801024436950684,0.8321784734725952,0.5054296851158142
0.4466192126274109,0.8293200731277466,0.5054284334182739
0.4152999818325043,0.8754552602767944,0.5054270029067993
0.42871013283729553,0.8557877540588379,0.505425751209259
0.4352019429206848,0.779854953289032,0.505424439907074
0.5012896060943604,1.0634416341781616,0.5054231882095337
0.4580615758895874,0.8867006897926331,0.5054219365119934
0.47255033254623413,1.0180444717407227,0.5054205656051636
0.4217943549156189,0.9425180554389954,0.5054192543029785
0.41234010457992554,0.8818178176879883,0.5054178833961487
0.38081011176109314,1.1495362520217896,0.5054165124893188
0.44338369369506836,1.0953850746154785,0.5054152011871338
0.4167957305908203,0.8409588932991028,0.505413830280304
0.402118444442749,0.9477664828300476,0.5054124593734741
0.4089467227458954,0.953366219997406,0.5054111480712891
0.45031869411468506,1.1645888090133667,0.5054097175598145
0.407036155462265,1.0283478498458862,0.5054084658622742
0.42662084102630615,0.8791342377662659,0.5054072141647339
0.4820946753025055,0.8999613523483276,0.5054059028625488
0.4406321346759796,0.8207440376281738,0.505404531955719
0.4157092869281769,0.9657161831855774,0.5054030418395996
0.4704410135746002,0.8350248336791992,0.5054018497467041
0.41653189063072205,0.9039056301116943,0.5054004788398743
0.4913226068019867,0.8944894075393677,0.5053990483283997
0.4344489276409149,1.019917368888855,0.5053976774215698
0.4357054829597473,0.8341962099075317,0.5053962469100952
0.3952467143535614,0.8279448747634888,0.5053949952125549
0.452102392911911,1.0192586183547974,0.5053936243057251
0.4327635169029236,1.0312260389328003,0.5053923726081848
0.42580854892730713,0.7575719356536865,0.5053910613059998
0.4703400731086731,0.8421106338500977,0.5053898096084595
0.4824739396572113,0.7999908924102783,0.5053884387016296
0.4469229280948639,0.9568532705307007,0.5053871870040894
0.3704201281070709,0.858787477016449,0.5053858757019043
0.46916183829307556,0.9862241148948669,0.5053845643997192
0.4444665312767029,1.0825560092926025,0.5053832530975342
0.4091726541519165,0.8884177803993225,0.5053819417953491
0.409814715385437,0.8441901803016663,0.5053806900978088
0.48532989621162415,0.9137839078903198,0.5053793787956238
0.4454476833343506,1.0278255939483643,0.5053779482841492
0.46943679451942444,0.893370509147644,0.5053766369819641
0.3779362440109253,1.0870106220245361,0.5053754448890686
0.4331715404987335,1.0096927881240845,0.5053742527961731
0.46204444766044617,0.8244544267654419,0.5053730607032776
0.4262997806072235,0.786750316619873,0.5053718090057373
0.4602191150188446,1.157792568206787,0.5053706169128418
0.4273737370967865,1.0238319635391235,0.505369246006012
0.4581148326396942,0.8289846777915955,0.5053679943084717
0.42476463317871094,0.8963586091995239,0.5053666830062866
0.4572284519672394,0.7848262786865234,0.5053653717041016
0.4296278953552246,0.8915346264839172,0.505364179611206
0.37669432163238525,0.846998929977417,0.5053629875183105
0.5070847868919373,0.7486679553985596,0.5053616762161255
0.43739742040634155,0.8881142139434814,0.5053605437278748
0.44254153966903687,1.1851000785827637,0.5053592920303345
0.4113619029521942,0.9107528924942017,0.5053579807281494
0.4590902328491211,0.9315316081047058,0.5053566694259644
0.4375137984752655,0.9089310765266418,0.5053554773330688
0.45911121368408203,0.9257814884185791,0.5053542256355286
0.4042145311832428,0.920691192150116,0.5053530335426331
0.4374068081378937,0.8144165277481079,0.5053517818450928
0.4180666208267212,1.0178475379943848,0.5053504705429077
0.4315524101257324,0.8250335454940796,0.5053491592407227
0.39934226870536804,0.9611514210700989,0.5053479671478271
0.49213916063308716,0.8857439160346985,0.5053467750549316
0.42104238271713257,0.7818341851234436,0.5053455233573914
0.4088112413883209,0.9888185262680054,0.5053441524505615
0.43513014912605286,0.9378600716590881,0.505342960357666
0.44190624356269836,0.7795692682266235,0.5053415894508362
0.42309433221817017,1.2207893133163452,0.5053403973579407
0.41271117329597473,0.8732922077178955,0.5053390264511108
0.44386374950408936,1.0034228563308716,0.505337655544281
0.40878310799598694,0.7539187073707581,0.5053365230560303
0.37835532426834106,1.1941922903060913,0.5053353309631348
0.4490899443626404,1.0217504501342773,0.505334198474884
0.4507865309715271,0.806912362575531,0.5053328275680542
0.45849043130874634,0.9916237592697144,0.5053314566612244
0.4280591905117035,0.893031656742096,0.5053301453590393
0.43529799580574036,0.998379111289978,0.5053289532661438
0.406518816947937,0.9649696946144104,0.505327582359314
0.4370313286781311,0.8841701745986938,0.5053263902664185
0.5157465934753418,1.0535857677459717,0.5053251385688782
0.37187379598617554,0.9801025986671448,0.5053238868713379
0.4575199782848358,0.9420835375785828,0.5053225755691528
0.44943884015083313,0.8316507339477539,0.5053213834762573
0.4282846748828888,0.996488630771637,0.505320131778717
0.4429051876068115,0.8152126669883728,0.505318820476532
0.45168280601501465,1.0668684244155884,0.5053175687789917
0.48587432503700256,1.1442872285842896,0.5053162574768066
0.38374367356300354,0.9647467136383057,0.5053150057792664
0.4658936560153961,0.9067358374595642,0.5053137540817261
0.4530172646045685,1.0696330070495605,0.5053123235702515
0.40710386633872986,0.8742969632148743,0.5053110718727112
0.45563384890556335,0.9880895614624023,0.5053098201751709
0.40035179257392883,0.8311943411827087,0.5053085088729858
0.40641161799430847,1.0713677406311035,0.5053070783615112
0.4345387816429138,1.1210898160934448,0.5053057670593262
0.4535987675189972,0.7111581563949585,0.5053044557571411
0.39359694719314575,0.8876301050186157,0.5053030252456665
0.5013958811759949,1.202980875968933,0.5053016543388367
0.4365364611148834,0.6725581884384155,0.5053002834320068
0.3875660002231598,1.0368430614471436,0.505298912525177
0.41661056876182556,0.8544572591781616,0.5052976012229919
0.4574090540409088,0.9926145672798157,0.5052963495254517
0.45740804076194763,0.9158057570457458,0.505294919013977
0.43043872714042664,0.8652476668357849,0.5052937269210815
0.4713757336139679,1.1839373111724854,0.5052924752235413
0.4246704876422882,0.9306955337524414,0.5052911639213562
0.46680936217308044,0.7168610095977783,0.5052899122238159
0.3959554135799408,1.0486732721328735,0.5052885413169861
0.4329761266708374,0.924869954586029,0.5052873492240906
0.47664880752563477,0.9369877576828003,0.5052861571311951
0.44256532192230225,0.8882481455802917,0.5052849650382996
0.38310134410858154,1.0027168989181519,0.5052837133407593
0.463348388671875,0.9272944331169128,0.505282461643219
0.39322996139526367,1.0286262035369873,0.5052812099456787
0.42907148599624634,1.0767228603363037,0.5052798390388489
0.3789149820804596,0.8163419365882874,0.505278468132019
0.3990806043148041,0.9958021640777588,0.505277156829834
0.4279557764530182,1.254978060722351,0.5052759647369385
0.4750491678714752,1.1661641597747803,0.5052746534347534
0.4215870201587677,0.9432844519615173,0.5052734613418579
0.45244359970092773,0.8800938725471497,0.5052721500396729
0.4356176555156708,1.0346622467041016,0.5052708983421326
0.4836719334125519,1.025346279144287,0.5052696466445923
0.3979679048061371,0.9246606826782227,0.5052682161331177
0.5059240460395813,0.9700460433959961,0.5052669644355774
0.48451533913612366,0.871405303478241,0.5052656531333923
0.4542713165283203,1.0618418455123901,0.5052642226219177
0.5558447241783142,0.8745568990707397,0.5052630305290222
0.4096198081970215,0.9204378128051758,0.5052617192268372
0.41685721278190613,0.7932139039039612,0.5052602887153625
0.449379026889801,1.1592203378677368,0.5052590370178223
0.4396754503250122,0.9035143256187439,0.5052576065063477
0.47269853949546814,1.1759378910064697,0.5052563548088074
0.44655635952949524,0.9426947832107544,0.5052551627159119
0.4688073694705963,0.8814574480056763,0.5052538514137268
0.35990503430366516,0.8326243162155151,0.5052525401115417
0.43739578127861023,1.0186169147491455,0.5052512288093567
0.44021543860435486,1.3917522430419922,0.5052499771118164
0.41349509358406067,0.8469452261924744,0.5052486658096313
0.46934032440185547,1.0149672031402588,0.5052474141120911
0.43227264285087585,0.9276328682899475,0.5052459836006165
0.4220893383026123,0.6687700152397156,0.5052446722984314
0.37488189339637756,0.7639098763465881,0.5052435398101807
0.42629191279411316,0.9297604560852051,0.5052422881126404
0.44852495193481445,0.9010187387466431,0.5052410364151001
0.4115822911262512,1.177430510520935,0.5052397847175598
0.42117637395858765,0.9637190103530884,0.50523841381073
0.48962339758872986,0.8921107053756714,0.5052370429039001
0.36812758445739746,0.8846715092658997,0.5052356719970703
0.48497694730758667,0.852688729763031,0.50523442029953
0.5264732837677002,0.943978488445282,0.5052332282066345
0.37741225957870483,0.9947253465652466,0.5052318572998047
0.4627319872379303,1.033573865890503,0.5052306056022644
0.4147408902645111,0.8815060257911682,0.5052292943000793
0.3948402404785156,0.8451981544494629,0.5052280426025391
0.49699705839157104,1.0560961961746216,0.505226731300354
0.4211829900741577,0.991783618927002,0.5052254796028137
0.4416130781173706,0.8077236413955688,0.5052242875099182
0.42926710844039917,0.9520488977432251,0.5052230358123779
0.47668176889419556,1.0449752807617188,0.5052217841148376
0.4543555676937103,0.8733172416687012,0.5052204132080078
0.4585443139076233,0.9448681473731995,0.5052191615104675
0.45199713110923767,0.9459513425827026,0.5052176713943481
0.42613649368286133,1.0811101198196411,0.5052164793014526
0.4401741027832031,1.020589828491211,0.5052152276039124
0.44357526302337646,0.8759280443191528,0.5052140355110168
0.4235475957393646,0.7275098562240601,0.5052128434181213
0.42755773663520813,0.8718106746673584,0.5052114725112915
0.4652023911476135,0.9641432762145996,0.5052103400230408
0.39513587951660156,0.9006572365760803,0.5052090287208557
0.42335081100463867,0.9038993716239929,0.5052078366279602
0.4147101938724518,0.9376610517501831,0.5052065253257751
0.4464538097381592,0.9460367560386658,0.5052052736282349
0.45254576206207275,0.7478416562080383,0.505203902721405
0.41968482732772827,0.7624256610870361,0.50520259141922
0.41915738582611084,1.1262214183807373,0.5052013397216797
0.39798372983932495,0.7796280384063721,0.505200207233429
0.37213367223739624,0.6980919241905212,0.5051988959312439
0.4536605775356293,0.9492045640945435,0.5051978230476379
0.4454629123210907,0.9175490140914917,0.5051966309547424
0.420817106962204,0.9034094214439392,0.5051952600479126
0.4621885120868683,1.3275599479675293,0.5051941275596619
0.5225683450698853,0.7808129787445068,0.5051929354667664
0.4437088966369629,1.2302830219268799,0.5051916241645813
0.5215718746185303,0.9072378277778625,0.5051904320716858
0.5051471590995789,0.936523973941803,0.5051891207695007
0.4037713408470154,0.7491407990455627,0.5051877498626709
0.40691131353378296,0.8408536314964294,0.5051865577697754
0.3640485405921936,0.9780274033546448,0.5051853656768799
0.42637014389038086,0.9916501045227051,0.5051842331886292
0.46047431230545044,0.8696134090423584,0.5051831007003784
0.47752097249031067,0.6706607937812805,0.5051818490028381
0.3977597653865814,0.8595530986785889,0.5051805973052979
0.38214460015296936,1.0525403022766113,0.5051793456077576
0.41140955686569214,1.0616939067840576,0.5051781535148621
0.4288036525249481,1.182828426361084,0.5051767826080322
0.38331398367881775,0.8838235139846802,0.5051757097244263
0.45822927355766296,1.2809916734695435,0.505174458026886
0.4176468551158905,1.140425443649292,0.5051732659339905
0.45094379782676697,1.1025214195251465,0.505172073841095
0.43403932452201843,0.8787223696708679,0.5051708221435547
0.36804506182670593,0.9124970436096191,0.5051696300506592
0.44182249903678894,0.9674062728881836,0.5051684975624084
0.4135655164718628,1.3259340524673462,0.5051672458648682
0.41255199909210205,0.9407451152801514,0.5051659941673279
0.4229162633419037,1.0038800239562988,0.5051647424697876
0.43284690380096436,0.7654193043708801,0.5051633715629578
0.4391044080257416,0.9518232345581055,0.5051621794700623
0.4290015399456024,0.9917583465576172,0.5051609873771667
0.4158463180065155,0.7581929564476013,0.5051597356796265
0.4456482231616974,0.8449217677116394,0.505158543586731
0.4069540798664093,0.845410943031311,0.5051573514938354
0.37419524788856506,0.9085445404052734,0.5051561594009399
0.4514310657978058,1.1137726306915283,0.5051548480987549
0.4487983286380768,0.8920365571975708,0.5051537156105042
0.4234243333339691,0.9155745506286621,0.5051524639129639
0.46226435899734497,0.968579113483429,0.5051513314247131
0.42463454604148865,0.9584037661552429,0.5051500797271729
0.4739612936973572,0.8750239610671997,0.5051488280296326
0.46784502267837524,0.9914750456809998,0.5051475167274475
0.43279311060905457,1.0890076160430908,0.505146324634552
0.44348815083503723,0.8278623819351196,0.5051450729370117
0.463541716337204,0.9225252270698547,0.5051437020301819
0.4955768585205078,1.1298309564590454,0.5051425099372864
0.45721083879470825,0.9030620455741882,0.5051413178443909
0.46802079677581787,1.0736123323440552,0.5051400065422058
0.46418434381484985,0.981266438961029,0.5051388740539551
0.3903310298919678,0.863583505153656,0.5051376819610596
0.4168837368488312,1.0389387607574463,0.5051364302635193
0.4306567907333374,1.1735334396362305,0.505135178565979
0.34356042742729187,1.040130615234375,0.505133867263794
0.4515358507633209,0.7938750982284546,0.5051326155662537
0.44130808115005493,0.9601716995239258,0.5051313042640686
0.4525299370288849,0.7133193612098694,0.5051300525665283
0.43311965465545654,0.8047696352005005,0.5051288604736328
0.42242613434791565,0.9200546145439148,0.5051274299621582
0.45684725046157837,0.8581851720809937,0.5051261782646179
0.41784602403640747,0.8409414887428284,0.5051249861717224
0.5039133429527283,0.8382948040962219,0.505123496055603
0.48109084367752075,0.810084342956543,0.5051222443580627
0.40994793176651,0.8978679180145264,0.5051208734512329
0.4171278178691864,0.9790390729904175,0.5051196813583374
0.49497005343437195,0.8898025751113892,0.5051184296607971
0.4269979000091553,0.7643995881080627,0.5051169991493225
0.43877604603767395,0.8236278295516968,0.5051156878471375
0.4636572301387787,0.8734349608421326,0.5051144957542419
0.41199278831481934,0.9731827974319458,0.5051130652427673
0.4100356996059418,0.7273043990135193,0.5051118731498718
0.4264626204967499,0.8662052750587463,0.505110502243042
0.4245108962059021,0.9094058275222778,0.5051093101501465
0.4121537208557129,0.8532870411872864,0.5051078796386719
0.48994725942611694,1.3262488842010498,0.5051066875457764
0.5066948533058167,1.0500545501708984,0.5051054954528809
0.43249860405921936,0.8823815584182739,0.5051042437553406
0.42896896600723267,0.7467778921127319,0.5051029920578003
0.4509265720844269,0.8879058957099915,0.5051018595695496
0.3996138274669647,0.8595171570777893,0.505100667476654
0.45941653847694397,1.276671290397644,0.5050994157791138
0.4197627902030945,0.8958650231361389,0.5050980448722839
0.526930034160614,0.8650484085083008,0.5050967931747437
0.439806193113327,0.983383059501648,0.505095362663269
0.4328533113002777,0.7686457633972168,0.5050942897796631
0.3861748278141022,0.8595564365386963,0.5050929188728333
0.4398884177207947,0.7898213267326355,0.5050916075706482
0.377260684967041,0.8640169501304626,0.5050902962684631
0.4331829249858856,0.8705427646636963,0.5050889849662781
0.45649421215057373,0.9920956492424011,0.5050876140594482
0.4592081308364868,1.0576459169387817,0.505086362361908
0.41001570224761963,0.80088210105896,0.5050851106643677
0.4331628978252411,0.8908731937408447,0.5050838589668274
0.43397194147109985,0.8029599785804749,0.5050825476646423
0.517065703868866,0.9242254495620728,0.5050811767578125
0.3916558027267456,0.775909423828125,0.505079984664917
0.45906126499176025,0.9770011901855469,0.5050786733627319
0.40352126955986023,0.9457936882972717,0.5050774216651917
0.4243339002132416,0.8115164041519165,0.5050761699676514
0.4565888047218323,1.073958158493042,0.5050749778747559
0.43292689323425293,0.9407065510749817,0.5050736665725708
0.4034588932991028,0.8417989015579224,0.5050723552703857
0.40553927421569824,0.7375034093856812,0.5050711035728455
0.42047399282455444,0.8234379887580872,0.50506991147995
0.4283755123615265,0.9927052855491638,0.5050686001777649
0.40755409002304077,0.8610483407974243,0.5050674676895142
0.4280785620212555,0.8558584451675415,0.5050662755966187
0.4676118493080139,0.9571592211723328,0.5050649642944336
0.4796272814273834,0.9398587346076965,0.5050637125968933
0.42218536138534546,1.1715924739837646,0.505062460899353
0.46485045552253723,0.7575783133506775,0.5050612092018127
0.43531638383865356,0.8677597045898438,0.5050600171089172
0.453974187374115,0.933716893196106,0.5050587058067322
0.45634475350379944,0.9788612723350525,0.5050573945045471
0.4207758903503418,1.0040884017944336,0.5050561428070068
0.38840392231941223,0.8187968730926514,0.5050548911094666
0.40400245785713196,0.9330514669418335,0.505053699016571
0.43531715869903564,0.8658987283706665,0.5050524473190308
0.4109905958175659,0.8098320960998535,0.5050511956214905
0.40909919142723083,1.0119433403015137,0.5050500631332397
0.44214141368865967,0.9485288858413696,0.5050487518310547
0.42411941289901733,0.8029149770736694,0.5050474405288696
0.43934616446495056,1.1562873125076294,0.5050462484359741
0.4553055465221405,0.8799442052841187,0.5050448775291443
0.39580366015434265,0.882423996925354,0.505043625831604
0.4034290611743927,0.759437084197998,0.5050424337387085
0.42314836382865906,0.9331993460655212,0.505041241645813
0.3899266719818115,0.9657484889030457,0.5050401091575623
0.41723087430000305,0.8998803496360779,0.5050386786460876
0.4470175802707672,0.8341808319091797,0.5050374269485474
0.40710124373435974,0.9770100712776184,0.5050361752510071
0.39124107360839844,0.8003934025764465,0.505034863948822
0.3947295546531677,0.7838472723960876,0.5050336122512817
0.40744802355766296,0.8227797746658325,0.5050323009490967
0.37520307302474976,1.0654116868972778,0.5050310492515564
0.46248939633369446,0.8661925196647644,0.5050296783447266
0.420346736907959,0.8927874565124512,0.5050286054611206
0.4262717366218567,1.0975563526153564,0.5050272345542908
0.42879343032836914,1.0796293020248413,0.5050259232521057
0.4650076925754547,1.0212769508361816,0.5050246715545654
0.4059751331806183,0.8204643726348877,0.5050233006477356
0.37027785181999207,0.8745275139808655,0.5050219893455505
0.4184316098690033,1.097094178199768,0.5050206780433655
0.4009736180305481,0.7721854448318481,0.5050194263458252
0.4273446500301361,0.9550377726554871,0.5050181746482849
0.4617394208908081,0.8936383128166199,0.5050169229507446
0.44653022289276123,0.5780770182609558,0.5050157308578491
0.4371345043182373,0.7885853052139282,0.5050144791603088
0.42771583795547485,0.7370228171348572,0.5050132870674133
0.42542770504951477,0.9845306873321533,0.505012035369873
0.4504340887069702,0.8464466333389282,0.5050107836723328
0.4108751118183136,0.9086055755615234,0.5050095319747925
0.4081565737724304,0.8716925382614136,0.5050080418586731
0.42254504561424255,0.8420909643173218,0.5050068497657776
0.43679362535476685,1.1593854427337646,0.5050056576728821
0.42088648676872253,0.80877685546875,0.5050044059753418
0.4551410973072052,0.7475824356079102,0.5050031542778015
0.34774401783943176,0.9355998039245605,0.5050018429756165
0.4558752477169037,0.8364580869674683,0.5050005912780762
0.40932729840278625,1.068597435951233,0.5049993991851807
0.4143635332584381,0.8002890348434448,0.5049980282783508
0.39833128452301025,0.7215725183486938,0.5049965977668762
0.4223397374153137,0.8770582675933838,0.5049953460693359
0.46038538217544556,0.810806930065155,0.5049940943717957
0.40432387590408325,1.1020421981811523,0.5049927830696106
0.4295438230037689,1.0465631484985352,0.5049914717674255
0.43687841296195984,0.7004052996635437,0.5049901008605957
0.4497910737991333,1.1333997249603271,0.5049887895584106
0.44271475076675415,1.0019639730453491,0.5049875378608704
0.4230111837387085,0.9562056660652161,0.5049862861633301
0.49929285049438477,0.8829131722450256,0.504984974861145
0.4239189326763153,0.8275774121284485,0.5049837827682495
0.4688590168952942,0.8090847730636597,0.5049824714660645
0.413352370262146,0.8842449188232422,0.5049812197685242
0.43465155363082886,1.034205675125122,0.5049798488616943
0.4775741398334503,0.8285806775093079,0.5049786567687988
0.41957956552505493,0.920322060585022,0.5049774646759033
0.41312047839164734,0.8164538741111755,0.504976212978363
0.39665618538856506,1.2543896436691284,0.5049749612808228
0.3990008533000946,0.9286678433418274,0.5049735307693481
0.4110662639141083,1.2543106079101562,0.5049722790718079
0.4261334240436554,0.9509211182594299,0.5049710869789124
0.3954402804374695,0.8930710554122925,0.5049697756767273
0.3848787248134613,0.9671502113342285,0.5049686431884766
0.44195082783699036,0.8597135543823242,0.5049673914909363
0.4541248083114624,0.7513775825500488,0.5049662590026855
0.41588032245635986,0.9594466686248779,0.5049650073051453
0.4358515441417694,0.9371570348739624,0.5049638748168945
0.4207923710346222,0.9477543830871582,0.5049625039100647
0.4886254668235779,0.9398808479309082,0.5049611926078796
0.4602578580379486,0.933180034160614,0.5049599409103394
0.43344786763191223,1.0418564081192017,0.5049586892127991
0.4418725371360779,1.1023238897323608,0.5049574971199036
0.45106241106987,0.8552787899971008,0.504956066608429
0.499054491519928,0.909774124622345,0.5049547553062439
0.4581151604652405,1.0191686153411865,0.5049536228179932
0.47371745109558105,0.8026419878005981,0.5049524307250977
0.4151480793952942,1.0755462646484375,0.5049511790275574
0.41823333501815796,0.820486307144165,0.5049499273300171
0.4282020032405853,0.9860711693763733,0.504948616027832
0.4589172303676605,1.1945973634719849,0.5049472451210022
0.4830509424209595,0.8632987141609192,0.5049461126327515
0.4083901047706604,0.8081915974617004,0.5049448609352112
0.43845057487487793,0.943558394908905,0.5049435496330261
0.43695884943008423,0.9358866810798645,0.5049422979354858
0.42470675706863403,1.17066490650177,0.5049410462379456
0.4760982394218445,0.9578210115432739,0.5049399137496948
0.39714711904525757,0.8708011507987976,0.5049386024475098
0.4086112976074219,0.8821284770965576,0.5049374103546143
0.4108203649520874,0.8164244294166565,0.5049362182617188
0.4382292330265045,0.8618733286857605,0.5049347877502441
0.4328373372554779,0.9010332822799683,0.5049334168434143
0.37393081188201904,0.9369722604751587,0.5049322247505188
0.4261232614517212,0.7543980479240417,0.5049309730529785
0.3755722641944885,0.8644555807113647,0.5049297213554382
0.40637022256851196,0.9102139472961426,0.5049285292625427
0.43798407912254333,0.7913551926612854,0.5049272775650024
0.39616233110427856,0.7520012259483337,0.5049259662628174
0.428593248128891,0.8985725045204163,0.5049247145652771
0.45303523540496826,0.7699118852615356,0.5049231648445129
0.4660700857639313,0.8513993620872498,0.5049217343330383
0.45744895935058594,0.9361550211906433,0.5049204230308533
0.4341070353984833,0.9027416706085205,0.5049191117286682
0.4404016137123108,1.170297384262085,0.5049178600311279
0.3726608455181122,0.9144704341888428,0.5049166083335876
0.45755308866500854,0.9114091396331787,0.5049153566360474
0.4214949309825897,0.8679175972938538,0.5049140453338623
0.41956350207328796,0.9132496118545532,0.504912793636322
0.45098716020584106,1.0591107606887817,0.504911482334137
0.479675829410553,0.8077300190925598,0.5049102306365967
0.5014585852622986,1.085967779159546,0.5049089789390564
0.43504709005355835,0.8762384653091431,0.5049077272415161
0.4193613827228546,0.7754877805709839,0.5049064755439758
0.4180547595024109,0.8153679370880127,0.5049052238464355
0.41200006008148193,0.8997175097465515,0.5049039125442505
0.42393165826797485,0.8978827595710754,0.5049026608467102
0.4296947121620178,1.0486527681350708,0.5049014091491699
0.4127364158630371,1.0623650550842285,0.5049000978469849
0.41682592034339905,0.8497379422187805,0.504898726940155
0.4381040930747986,0.8980129361152649,0.5048974752426147
0.45087140798568726,1.0222498178482056,0.5048962831497192
0.42902594804763794,0.9471156597137451,0.504895031452179
0.4129500985145569,0.9961685538291931,0.5048938989639282
0.4575871229171753,0.6545483469963074,0.5048925876617432
0.46510398387908936,0.9306228160858154,0.5048912763595581
0.4865022301673889,0.7797532677650452,0.5048900246620178
0.403671532869339,0.920020580291748,0.5048887729644775
0.41191229224205017,0.9750447273254395,0.504887580871582
0.46340957283973694,0.8331489562988281,0.5048861503601074
0.42885375022888184,0.7833980321884155,0.5048847794532776
0.41535043716430664,1.0055097341537476,0.5048835873603821
0.388476699590683,0.8220213055610657,0.5048823952674866
0.4194411337375641,0.9660647511482239,0.5048810839653015
0.4521320164203644,0.8858261704444885,0.504879891872406
0.4460381269454956,0.8028994202613831,0.5048786401748657
0.43455687165260315,0.9924014210700989,0.5048773884773254
0.43109312653541565,0.9249661564826965,0.5048760771751404
0.4008258283138275,1.0555148124694824,0.5048746466636658
0.3804139494895935,0.8623298406600952,0.5048734545707703
0.434939444065094,0.9137335419654846,0.5048720836639404
0.4350614845752716,0.8632913827896118,0.5048708915710449
0.4838138818740845,1.0546512603759766,0.5048696398735046
0.3925805687904358,0.9980993866920471,0.5048684477806091
0.4104829430580139,0.7516136169433594,0.5048671960830688
0.4086628556251526,0.9414276480674744,0.5048658847808838
0.45528745651245117,0.9368870854377747,0.504864513874054
0.46075254678726196,0.7847690582275391,0.5048632621765137
0.4611416161060333,0.9041773676872253,0.5048620104789734
0.4313614070415497,0.8987717032432556,0.5048606395721436
0.4290272295475006,0.8763787150382996,0.504859447479248
0.46534714102745056,1.0619261264801025,0.5048581957817078
0.41292938590049744,0.7853478193283081,0.5048568248748779
0.4397779107093811,0.9683020114898682,0.5048556327819824
0.45856788754463196,0.9473792910575867,0.5048544406890869
0.43778398633003235,0.855707585811615,0.5048531293869019
0.42919135093688965,1.1102359294891357,0.5048518776893616
0.39952415227890015,1.020042896270752,0.5048506855964661
0.4118409752845764,0.9448002576828003,0.5048494935035706
0.4296763837337494,1.141695261001587,0.504848301410675
0.46342960000038147,0.7372932434082031,0.5048470497131348
0.37508466839790344,0.9231613874435425,0.5048459768295288
0.5368698835372925,0.9207366704940796,0.5048446655273438
0.4436599612236023,1.027745246887207,0.504843533039093
0.41442441940307617,0.8795731067657471,0.5048422813415527
0.4664287567138672,0.7799969911575317,0.5048410892486572
0.38688454031944275,1.124039888381958,0.5048398971557617
0.42445918917655945,0.978701651096344,0.5048385262489319
0.4401658773422241,0.8413005471229553,0.5048373341560364
0.4022735357284546,0.8081808090209961,0.5048362016677856
0.4130007028579712,0.9275047183036804,0.5048349499702454
0.3977154791355133,1.0378811359405518,0.5048336386680603
0.41564565896987915,0.8539924025535583,0.5048324465751648
0.4411095976829529,1.089035153388977,0.5048311948776245
0.4298253655433655,0.8064993023872375,0.5048299431800842
0.4395376145839691,0.9262129068374634,0.504828691482544
0.46965673565864563,0.9371290802955627,0.5048274993896484
0.36968520283699036,0.8229010105133057,0.5048264265060425
0.45880910754203796,1.0839260816574097,0.5048251152038574
0.42491522431373596,0.8286371231079102,0.5048239827156067
0.40119391679763794,0.9687405228614807,0.5048226714134216
0.4612944722175598,0.8752549886703491,0.5048213601112366
0.4144922196865082,0.8357716202735901,0.5048201680183411
0.45492950081825256,0.9265972971916199,0.504818856716156
0.4479139745235443,0.8017444610595703,0.50481778383255
0.47257909178733826,0.889127254486084,0.5048165917396545
0.36802026629447937,1.4052516222000122,0.5048154592514038
0.417160302400589,0.6193219423294067,0.5048143267631531
0.46426713466644287,1.0427076816558838,0.5048131346702576
0.4422459304332733,0.8831588625907898,0.5048118829727173
0.45492833852767944,0.9066455960273743,0.504810631275177
0.44906318187713623,0.6001881957054138,0.5048094391822815
0.4280114769935608,0.785477340221405,0.5048081278800964
0.4385465383529663,0.7736668586730957,0.5048069357872009
0.43275123834609985,1.1479498147964478,0.5048056840896606
0.41458600759506226,0.9144278764724731,0.5048044919967651
0.41337767243385315,0.9314233064651489,0.5048034191131592
0.4621730446815491,0.9241130352020264,0.5048021078109741
0.47362783551216125,0.9362883567810059,0.5048008561134338
0.38215941190719604,0.994968056678772,0.5047996640205383
0.4347382187843323,0.8059943914413452,0.504798412322998
0.42053934931755066,0.9218140840530396,0.5047970414161682
0.4757046401500702,0.979970395565033,0.5047958493232727
0.40577432513237,0.8581799268722534,0.5047946572303772
0.38029128313064575,1.0186328887939453,0.5047934055328369
0.4178835153579712,0.8917940855026245,0.5047920942306519
0.44437897205352783,1.1016093492507935,0.504790723323822
0.4167977571487427,0.8201836943626404,0.5047894716262817
0.4391380250453949,0.7911778688430786,0.5047881007194519
0.4430943727493286,0.7685385942459106,0.5047869086265564
0.441912978887558,0.9064735174179077,0.5047856569290161
0.3787989616394043,0.9308663606643677,0.5047842860221863
0.42270809412002563,0.8847234845161438,0.5047830939292908
0.46002477407455444,0.9154990315437317,0.5047817826271057
0.37482506036758423,0.9455148577690125,0.5047805905342102
0.5205955505371094,0.755874514579773,0.5047792196273804
0.4570174813270569,0.9690073132514954,0.5047780275344849
0.46009525656700134,0.7734739184379578,0.5047767758369446
0.43620163202285767,0.9002396464347839,0.5047754645347595
0.41170868277549744,0.9297348260879517,0.5047740340232849
0.453489750623703,0.9154091477394104,0.5047727227210999
0.44342267513275146,0.759905993938446,0.5047714710235596
0.44329458475112915,1.024617314338684,0.5047701597213745
0.5010938048362732,0.7750713229179382,0.5047688484191895
0.433726042509079,0.7028129696846008,0.5047675967216492
0.41470929980278015,0.9228919744491577,0.5047664642333984
0.4508712589740753,1.0731010437011719,0.5047651529312134
0.43294423818588257,0.7302281856536865,0.5047639608383179
0.49168527126312256,1.1451411247253418,0.5047627091407776
0.5055453181266785,0.7668265700340271,0.5047613382339478
0.4077758193016052,0.738337516784668,0.5047600269317627
0.4301120638847351,0.8931857347488403,0.5047588348388672
0.43816062808036804,0.8586581349372864,0.5047576427459717
0.38776183128356934,0.9188961386680603,0.5047563910484314
0.41253897547721863,0.8717829585075378,0.5047550201416016
0.4243636131286621,0.883516252040863,0.5047538876533508
0.38809823989868164,0.8697049021720886,0.5047526359558105
0.31961849331855774,0.9461718201637268,0.504751443862915
0.42100369930267334,0.8730884194374084,0.5047502517700195
0.47429659962654114,0.9379202723503113,0.5047490000724792
0.41580718755722046,0.7750089168548584,0.5047478079795837
0.4187451899051666,0.8667708039283752,0.5047465562820435
0.45728254318237305,0.7836100459098816,0.504745364189148
0.42380210757255554,0.8099551200866699,0.5047441720962524
0.46815225481987,1.131272792816162,0.5047429203987122
0.46966537833213806,0.7672682404518127,0.5047416090965271
0.4387216567993164,0.8758520483970642,0.5047402381896973
0.38008788228034973,0.884713351726532,0.5047391653060913
0.4286915361881256,0.8335446119308472,0.5047377347946167
0.437937468290329,0.8481552004814148,0.504736602306366
0.4681037664413452,0.8695379495620728,0.5047351717948914
0.41982829570770264,0.8589659929275513,0.5047338604927063
0.42823413014411926,0.9649710655212402,0.5047325491905212
0.47127851843833923,0.9937358498573303,0.5047313570976257
0.37392279505729675,0.9954432249069214,0.5047301650047302
0.4628574252128601,1.1127309799194336,0.5047288537025452
0.43316078186035156,0.9010235071182251,0.5047276020050049
0.4468162953853607,1.0499684810638428,0.504726231098175
0.3966883420944214,0.9816295504570007,0.5047249794006348
0.4293912649154663,0.9748228788375854,0.5047237873077393
0.43233007192611694,0.9866397976875305,0.5047225952148438
0.4397605061531067,0.8458506464958191,0.5047213435173035
0.48079681396484375,0.8321550488471985,0.5047200918197632
0.4789658188819885,0.9101068377494812,0.5047188401222229
0.44954538345336914,0.9994269013404846,0.5047175288200378
0.40813690423965454,0.9793201684951782,0.5047160983085632
0.47799184918403625,0.8509947657585144,0.5047149658203125
0.4159282147884369,0.8444180488586426,0.5047137141227722
0.4331824779510498,1.165126919746399,0.5047125816345215
0.4295348525047302,0.9209557771682739,0.5047112703323364
0.4548782706260681,0.864260733127594,0.5047100782394409
0.4404846727848053,0.9378137588500977,0.5047087669372559
0.4010486900806427,0.7973529100418091,0.504707396030426
0.4431440532207489,0.9167181849479675,0.5047061443328857
0.4681611657142639,0.7664777040481567,0.5047049522399902
0.38041114807128906,0.8087005019187927,0.5047035813331604
0.3816852569580078,0.86471027135849,0.5047023892402649
0.394328236579895,0.8406952619552612,0.5047008991241455
0.410776823759079,0.9008955359458923,0.5046996474266052
0.44452616572380066,0.7490171194076538,0.5046983361244202
0.430958092212677,0.7869688868522644,0.5046971440315247
0.39057159423828125,0.8783395886421204,0.5046957731246948
0.46331384778022766,0.7949649095535278,0.5046945810317993
0.4455488920211792,0.8122203350067139,0.5046932101249695
0.45765045285224915,0.9928987622261047,0.5046918988227844
0.4504629373550415,0.7733064889907837,0.5046906471252441
0.38706690073013306,1.128572940826416,0.5046895146369934
0.37605565786361694,0.9055224061012268,0.5046880841255188
0.4404587149620056,0.8321241140365601,0.5046867728233337
0.3434804379940033,1.04021418094635,0.5046855211257935
0.5060683488845825,0.8805345892906189,0.5046842694282532
0.4282805025577545,0.8886186480522156,0.5046829581260681
0.41505077481269836,0.9693675637245178,0.5046816468238831
0.4010723829269409,0.9981279969215393,0.5046803951263428
0.4557116627693176,0.8562934994697571,0.5046789646148682
0.46016889810562134,0.8394644260406494,0.5046777129173279
0.3826846480369568,0.7377570867538452,0.5046766400337219
0.38051512837409973,1.0288110971450806,0.5046753883361816
0.41445693373680115,0.7768892645835876,0.5046740174293518
0.4331515431404114,0.8533853888511658,0.5046727061271667
0.3771698772907257,0.8461084961891174,0.5046714544296265
0.5092634558677673,0.874920666217804,0.5046702027320862
0.45924654603004456,0.837805449962616,0.5046688914299011
0.4978078305721283,0.983866274356842,0.5046676397323608
0.4527115821838379,0.8480493426322937,0.5046663880348206
0.39960983395576477,0.9333491921424866,0.504665195941925
0.42536017298698425,0.7706236839294434,0.5046640038490295
0.46671926975250244,0.9045711755752563,0.5046627521514893
0.3578314483165741,0.8500370979309082,0.504661500453949
0.45663487911224365,1.0664362907409668,0.5046603083610535
0.4232451617717743,0.8643863797187805,0.5046591758728027
0.47513294219970703,1.0894711017608643,0.5046579241752625
0.4456327259540558,0.9425028562545776,0.5046567320823669
0.4196682572364807,0.8182088732719421,0.5046554803848267
0.4415398836135864,1.0122591257095337,0.5046541690826416
0.45344603061676025,0.9352442622184753,0.5046529173851013
0.44351059198379517,0.9513795375823975,0.504651665687561
0.4405043423175812,0.8405057191848755,0.504650354385376
0.5019712448120117,0.7597686648368835,0.5046490430831909
0.39975807070732117,0.6796644330024719,0.5046476721763611
0.4943338632583618,0.9204034805297852,0.5046465396881104
0.4410873353481293,0.9406655430793762,0.5046453475952148
0.3962269425392151,0.9733577370643616,0.5046441555023193
0.47128990292549133,0.843839168548584,0.504642903804779
0.49122199416160583,0.8470985889434814,0.504641592502594
0.38946959376335144,0.9107405543327332,0.5046404004096985
0.40824639797210693,0.9577177166938782,0.5046390891075134
0.40963125228881836,0.9980806708335876,0.5046378374099731
0.4541171193122864,0.7438516616821289,0.5046365857124329
0.4755541980266571,0.9181084632873535,0.5046352744102478
0.4221968352794647,0.8398162722587585,0.504633903503418
0.4121675491333008,0.8191094398498535,0.5046326518058777
0.40585750341415405,0.8194514513015747,0.5046314001083374
0.3658030331134796,0.9333474040031433,0.5046301484107971
0.4484839141368866,0.9590350985527039,0.5046290755271912
0.3918653130531311,0.736377477645874,0.5046278238296509
0.4115920960903168,1.1888601779937744,0.5046265721321106
0.4718426465988159,0.8737103343009949,0.504625141620636
0.40522658824920654,0.8498916625976562,0.5046237707138062
0.46258267760276794,0.8324750661849976,0.5046225190162659
0.443836510181427,0.8615907430648804,0.5046212673187256
0.4488292634487152,1.039892554283142,0.5046198964118958
0.42324960231781006,1.1057134866714478,0.5046186447143555
0.4648844301700592,0.8597591519355774,0.5046173334121704
0.38674551248550415,0.7498011589050293,0.5046160817146301
0.4713280498981476,0.8659605979919434,0.5046147704124451
0.40720370411872864,0.9912864565849304,0.5046135783195496
0.4258740246295929,0.9776937365531921,0.5046122074127197
0.46837860345840454,0.8463029861450195,0.5046108961105347
0.437744677066803,0.8716284036636353,0.5046095848083496
0.4638049304485321,0.8278292417526245,0.5046083927154541
0.48015516996383667,0.7635592818260193,0.5046072006225586
0.4279632568359375,1.0327975749969482,0.5046058893203735
0.4523167014122009,0.869024932384491,0.504604697227478
0.3954611122608185,0.8412390351295471,0.5046035051345825
0.4653434753417969,1.0656458139419556,0.5046020746231079
0.38944101333618164,0.7693130970001221,0.5046008229255676
0.47844794392585754,0.923536479473114,0.5045996904373169
0.4286394417285919,0.7505494952201843,0.5045984387397766
0.44657623767852783,0.9399425387382507,0.5045973062515259
0.40527960658073425,0.9318557381629944,0.504595935344696
0.41233906149864197,0.9137905836105347,0.5045946836471558
0.4381859600543976,0.8691897988319397,0.5045933723449707
0.458147794008255,0.924466609954834,0.5045920014381409
0.4078771770000458,0.8625863790512085,0.5045907497406006
0.4121682345867157,0.84059077501297,0.5045894980430603
0.4408683180809021,0.9821651577949524,0.50458824634552
0.37600502371788025,0.9674832224845886,0.5045870542526245
0.43482184410095215,0.836483895778656,0.504585862159729
0.3793383836746216,0.894323468208313,0.5045846700668335
0.41948744654655457,1.130679965019226,0.5045833587646484
0.4568520486354828,1.165952444076538,0.5045822262763977
0.46348056197166443,0.9074028134346008,0.5045809745788574
0.3968665301799774,0.8840734958648682,0.5045796036720276
0.42545032501220703,0.7419617772102356,0.5045782923698425
0.39745038747787476,0.9160259962081909,0.5045772194862366
0.42443495988845825,0.7988650798797607,0.5045758485794067
0.4082125723361969,0.8480220437049866,0.5045746564865112
0.3927706480026245,0.7122805714607239,0.5045734643936157
0.44344061613082886,0.9832401275634766,0.5045722723007202
0.4666210114955902,1.2029980421066284,0.5045710206031799
0.4132450520992279,1.0827488899230957,0.5045698285102844
0.41291379928588867,0.7961515188217163,0.5045685768127441
0.43643659353256226,1.0280563831329346,0.5045673251152039
0.44501471519470215,0.9131964445114136,0.5045660138130188
0.4852423667907715,1.130994200706482,0.5045647621154785
0.4653615951538086,0.8655862808227539,0.504563570022583
0.43095579743385315,0.8520232439041138,0.5045623779296875
0.48326605558395386,0.860508918762207,0.5045610070228577
0.40039321780204773,0.9938877820968628,0.5045598149299622
0.3827851116657257,0.8045739531517029,0.5045585036277771
0.44982582330703735,0.9302065968513489,0.5045572519302368
0.3888419568538666,0.8171293139457703,0.5045560002326965
0.4247867465019226,0.9087280631065369,0.504554808139801
0.4238297641277313,0.7889664769172668,0.504553496837616
0.40673232078552246,1.0056451559066772,0.5045521855354309
0.4294518828392029,0.8449146747589111,0.5045509338378906
0.365631103515625,0.8019363880157471,0.5045496225357056
0.4190986454486847,0.9046670198440552,0.5045485496520996
0.4053075313568115,0.8193498253822327,0.5045471787452698
0.45360761880874634,0.9128684997558594,0.5045459866523743
0.3809923529624939,1.0416953563690186,0.504544734954834
0.5229374766349792,0.877983033657074,0.5045434832572937
0.4079482853412628,1.0877902507781982,0.5045422315597534
0.4096161425113678,0.6471709609031677,0.5045409798622131
0.4495828151702881,1.0786796808242798,0.5045396685600281
0.4687400460243225,0.7795716524124146,0.5045384764671326
0.42750152945518494,0.9132112860679626,0.5045372247695923
0.4106873869895935,0.9115329384803772,0.504535973072052
0.4391756057739258,0.905368983745575,0.5045346021652222
0.4297093451023102,0.8293418884277344,0.5045332312583923
0.41859427094459534,0.9303857684135437,0.504531979560852
0.41433119773864746,1.0913362503051758,0.5045307278633118
0.4624541997909546,0.9431961178779602,0.5045294761657715
0.38832888007164,0.8121568560600281,0.5045281052589417
0.448702871799469,0.8932139873504639,0.5045267939567566
0.4461505115032196,0.8149968981742859,0.5045255422592163
0.43935325741767883,0.9359913468360901,0.5045242309570312
0.3943033218383789,0.7729578614234924,0.5045230388641357
0.38575124740600586,0.9692577719688416,0.5045217871665955
0.4475933313369751,0.925942599773407,0.5045204758644104
0.40022963285446167,0.8714743256568909,0.5045191645622253
0.42271703481674194,0.7472054362297058,0.5045177936553955
0.4350857436656952,0.9097755551338196,0.5045166015625
0.4606854021549225,0.9158173203468323,0.5045153498649597
0.4737815856933594,0.845611572265625,0.5045141577720642
0.42472994327545166,0.780096709728241,0.5045129656791687
0.4876919388771057,0.7561227083206177,0.5045117139816284
0.43251898884773254,1.0881532430648804,0.5045105218887329
0.4005003273487091,0.8780488967895508,0.5045092701911926
0.42797374725341797,1.063506841659546,0.5045082569122314
0.4383918046951294,1.009649395942688,0.5045068860054016
0.44731605052948,0.9456620812416077,0.5045058131217957
0.4349973201751709,1.0569690465927124,0.5045046210289001
0.4479130506515503,0.8813135623931885,0.5045034885406494
0.5108152031898499,1.022047519683838,0.5045022368431091
0.44463565945625305,0.9814339280128479,0.5045010447502136
0.4107588231563568,1.0060627460479736,0.5044998526573181
0.36682119965553284,1.0519987344741821,0.5044985413551331
0.4197320342063904,1.0341291427612305,0.5044974684715271
0.45454317331314087,0.7401115298271179,0.5044963359832764
0.477042555809021,0.9680612087249756,0.5044950246810913
0.4059307873249054,0.9526621699333191,0.5044938325881958
0.4823390543460846,0.7542213201522827,0.5044927000999451
0.45332202315330505,0.7964122891426086,0.5044914484024048
0.4806678593158722,0.8161740899085999,0.5044902563095093
0.39074787497520447,0.965022623538971,0.5044889450073242
0.4189700186252594,0.8417207598686218,0.5044878125190735
0.39523249864578247,0.9505451917648315,0.5044866800308228
0.42725881934165955,0.9286388754844666,0.5044852495193481
0.369669646024704,0.8672099113464355,0.5044838786125183
0.4479682743549347,0.8285946846008301,0.5044826865196228
0.4566861689090729,1.0004949569702148,0.5044814348220825
0.45576047897338867,0.9030066728591919,0.5044803619384766
0.4413627088069916,0.846976101398468,0.5044790506362915
0.42848294973373413,1.0092568397521973,0.5044779181480408
0.37222880125045776,0.9665970802307129,0.5044768452644348
0.3797871172428131,0.7881436944007874,0.5044755339622498
0.43274202942848206,0.8155820965766907,0.5044742822647095
0.46512481570243835,0.8332380056381226,0.5044731497764587
0.4241276979446411,0.9139735102653503,0.5044719576835632
0.41033661365509033,0.9066659212112427,0.5044706463813782
0.3614175319671631,0.9809550642967224,0.5044695138931274
0.4312046766281128,0.9200118780136108,0.5044683218002319
0.3956069052219391,0.8254433274269104,0.5044670104980469
0.3960230052471161,1.019210696220398,0.5044658184051514
0.42163321375846863,0.9037906527519226,0.5044646859169006
0.4402022063732147,0.8431189656257629,0.5044633746147156
0.45461714267730713,0.8245095610618591,0.5044622421264648
0.3888484835624695,0.714257538318634,0.5044609308242798
0.4223846197128296,0.7413079142570496,0.5044596195220947
0.44641929864883423,0.8102830052375793,0.5044584274291992
0.4273523688316345,1.1850768327713013,0.5044572353363037
0.4476158916950226,1.133840560913086,0.5044558644294739
0.4309919774532318,0.8202962875366211,0.5044546127319336
0.42666858434677124,1.0849320888519287,0.5044533610343933
0.42879730463027954,0.7727270722389221,0.5044522285461426
0.4527371823787689,0.9726091623306274,0.5044510364532471
0.45333975553512573,1.086116075515747,0.5044499635696411
0.4633728563785553,1.0599572658538818,0.5044487714767456
0.42889606952667236,0.976331889629364,0.5044476389884949
0.4966586232185364,0.7902112603187561,0.5044463872909546
0.39977186918258667,1.1263926029205322,0.5044451951980591
0.4751528799533844,0.9672386050224304,0.5044439435005188
0.40396034717559814,0.8065198659896851,0.5044427514076233
0.417026162147522,0.881007969379425,0.5044414401054382
0.4314146637916565,0.9400822520256042,0.504440188407898
0.3911048173904419,0.9395849108695984,0.5044389367103577
0.40876129269599915,0.9952149987220764,0.5044376850128174
0.4295814037322998,0.9234875440597534,0.5044364929199219
0.4100292921066284,1.1785801649093628,0.5044351816177368
0.3826577365398407,0.8237177729606628,0.504433810710907
0.5355685949325562,0.9518319964408875,0.5044324398040771
0.40810102224349976,0.8869701027870178,0.5044311881065369
0.43070733547210693,0.9452097415924072,0.5044298768043518
0.4369674623012543,0.9774248600006104,0.5044286251068115
0.4152708649635315,0.7843286991119385,0.504427433013916
0.39073410630226135,0.9394053220748901,0.5044261813163757
0.36959388852119446,1.0013066530227661,0.5044247508049011
0.4589554965496063,1.1129040718078613,0.5044234395027161
0.4456759989261627,0.8796545267105103,0.5044220685958862
0.40708014369010925,0.9050828218460083,0.5044206976890564
0.42699703574180603,0.7272989153862,0.5044194459915161
0.42240744829177856,0.7911655902862549,0.5044181942939758
0.4427664577960968,0.9295939207077026,0.5044169425964355
0.4672415852546692,0.9144366383552551,0.50441575050354
0.41366663575172424,1.0890997648239136,0.5044143795967102
0.4682585895061493,0.8304883241653442,0.5044130682945251
0.4741044044494629,0.790425181388855,0.5044116377830505
0.43984857201576233,0.803865909576416,0.504410445690155
0.48245900869369507,0.8993965983390808,0.5044090747833252
0.41897010803222656,0.8207871913909912,0.5044080018997192
0.4347217082977295,0.8012415170669556,0.504406750202179
0.41626161336898804,0.8360356092453003,0.5044054388999939
0.40572986006736755,0.7429061532020569,0.5044041872024536
0.4524384140968323,1.0118838548660278,0.5044028759002686
0.4377814531326294,0.7424308061599731,0.5044015645980835
0.42469632625579834,0.7335202097892761,0.5044002532958984
0.4624622166156769,1.1761891841888428,0.5043989419937134
0.48521292209625244,1.0633492469787598,0.5043977499008179
0.43074965476989746,1.1118807792663574,0.5043964982032776
0.4126901626586914,0.9895575642585754,0.5043952465057373
0.4767695367336273,0.8762315511703491,0.5043939352035522
0.4034156799316406,1.124374270439148,0.5043928027153015
0.43459632992744446,1.026920199394226,0.5043914318084717
0.45500311255455017,0.7957267761230469,0.5043900012969971
0.4630779027938843,0.9903848171234131,0.5043888688087463
0.41005149483680725,0.8765532970428467,0.504387617111206
0.4210793972015381,0.7861155867576599,0.5043863654136658
0.419023722410202,0.8468863368034363,0.504385232925415
0.4536079168319702,0.8892948627471924,0.5043838620185852
0.45405328273773193,1.012762427330017,0.5043826699256897
0.38590461015701294,0.8125501871109009,0.5043814778327942
0.44149473309516907,0.9515738487243652,0.5043800473213196
0.4940539002418518,0.9975699782371521,0.5043784976005554
0.39337000250816345,0.8257405757904053,0.5043773055076599
0.49665114283561707,0.852628767490387,0.504376232624054
0.4233439564704895,1.1355433464050293,0.5043748617172241
0.47178488969802856,0.9023724794387817,0.5043736696243286
0.45920905470848083,0.9037650227546692,0.5043724775314331
0.4507969617843628,0.7286097407341003,0.5043712854385376
0.4159817099571228,0.8949397206306458,0.5043700337409973
0.4783550798892975,1.0165209770202637,0.504368782043457
0.4124588668346405,0.7752211093902588,0.504367470741272
0.3996049761772156,0.7929797172546387,0.5043662190437317
0.3698951005935669,0.7721862196922302,0.5043650269508362
0.3983772099018097,0.8678569793701172,0.5043638348579407
0.40539121627807617,1.0500438213348389,0.5043625831604004
0.4014214873313904,0.8817617893218994,0.5043614506721497
0.4654270112514496,0.9993506669998169,0.5043601989746094
0.45659691095352173,0.99095219373703,0.5043589472770691
0.3873216211795807,1.029065489768982,0.5043577551841736
0.4155225157737732,0.8501681685447693,0.5043565630912781
0.4175194799900055,0.8351024389266968,0.5043553113937378
0.433298259973526,0.953533411026001,0.5043541193008423
0.4717507064342499,0.93681401014328,0.5043529868125916
0.428830623626709,0.9367395043373108,0.504351794719696
0.4476231336593628,0.7512652277946472,0.5043507218360901
0.4412974417209625,0.765298068523407,0.5043493509292603
0.3901160657405853,0.8361062407493591,0.5043481588363647
0.4067920446395874,1.0303773880004883,0.5043469071388245
0.4067440629005432,0.8247066736221313,0.5043456554412842
0.383036345243454,0.8270999193191528,0.5043445229530334
0.4505957067012787,0.8359068036079407,0.5043432712554932
0.4686708450317383,1.1564592123031616,0.5043420791625977
0.4159802496433258,0.768836498260498,0.5043407678604126
0.44893309473991394,0.9889551401138306,0.5043395757675171
0.4615676701068878,0.8548864126205444,0.5043384432792664
0.4790761470794678,0.999876081943512,0.5043370127677917
0.389821857213974,0.871746838092804,0.5043358206748962
0.4400370717048645,0.8602891564369202,0.504334568977356
0.4713677167892456,0.8732435703277588,0.5043333768844604
0.4388589859008789,0.7245141267776489,0.5043322443962097
0.4207153916358948,1.4329099655151367,0.5043310523033142
0.4762871563434601,1.127755880355835,0.5043299198150635
0.4488458037376404,1.2061103582382202,0.5043286681175232
0.38763755559921265,1.0731068849563599,0.5043275356292725
0.44852080941200256,1.0408999919891357,0.5043262243270874
0.38591820001602173,1.0218138694763184,0.5043249130249023
0.44193923473358154,0.7860445380210876,0.5043238401412964
0.46563276648521423,0.9334012866020203,0.5043226480484009
0.4465365409851074,0.9634401798248291,0.5043214559555054
0.4225222170352936,0.7955483198165894,0.5043202638626099
0.3842058479785919,0.9223610162734985,0.50431889295578
0.42748430371284485,1.0031441450119019,0.5043176412582397
0.3497013747692108,0.8570690155029297,0.5043164491653442
0.4651382267475128,0.7664791345596313,0.5043151378631592
0.4195714592933655,0.7695719003677368,0.5043137073516846
0.40640905499458313,1.1294664144515991,0.5043123364448547
0.42860814929008484,0.9116881489753723,0.504311203956604
0.4665285348892212,0.8983522653579712,0.5043100118637085
0.37773004174232483,0.8427870869636536,0.5043086409568787
0.40381109714508057,0.8151343464851379,0.5043075084686279
0.4757351279258728,0.8589003086090088,0.5043062567710876
0.4300740659236908,0.8731748461723328,0.5043050646781921
0.4823806583881378,0.9398735165596008,0.5043038129806519
0.42718154191970825,0.9093057513237,0.5043025016784668
0.4152967631816864,0.8996749520301819,0.5043013095855713
0.4124129116535187,0.9091492295265198,0.5043001770973206
0.400439590215683,0.8409468531608582,0.5042989253997803
0.42517390847206116,0.7527608275413513,0.5042976140975952
0.4724963903427124,0.750422477722168,0.5042963624000549
0.41678449511528015,0.9787206649780273,0.5042952299118042
0.44262397289276123,0.7850708365440369,0.5042939186096191
0.4458221197128296,0.9767516255378723,0.5042926669120789
0.4514444172382355,0.7631879448890686,0.5042914152145386
0.3908013701438904,0.9720079898834229,0.5042902231216431
0.4638323485851288,0.8115774393081665,0.5042890310287476
0.4915100336074829,0.845391035079956,0.5042877197265625
0.43492835760116577,0.7911868095397949,0.5042863488197327
0.4601181745529175,0.8476908206939697,0.5042852163314819
0.46455249190330505,1.1147568225860596,0.5042840838432312
0.43077462911605835,0.7792184948921204,0.5042828321456909
0.4171566963195801,0.8402893543243408,0.5042815804481506
0.44067221879959106,0.8857128024101257,0.5042803287506104
0.4220837354660034,0.8996968269348145,0.5042791366577148
0.448150634765625,0.8854034543037415,0.5042778253555298
0.4432987868785858,0.9117832779884338,0.5042765140533447
0.49884283542633057,0.8745348453521729,0.5042751431465149
0.4217178225517273,0.7417539954185486,0.5042740702629089
0.5061334371566772,0.822256326675415,0.5042726993560791
0.4496549069881439,1.0556118488311768,0.5042714476585388
0.42299506068229675,0.7289268970489502,0.5042701959609985
0.48094940185546875,1.1149579286575317,0.5042688250541687
0.4323640465736389,0.9774512648582458,0.5042675137519836
0.46758437156677246,0.8066555857658386,0.5042661428451538
0.41581857204437256,0.8266595602035522,0.5042649507522583
0.39188459515571594,0.9395231604576111,0.5042636394500732
0.42718827724456787,1.0550727844238281,0.5042623281478882
0.43804991245269775,0.9455245137214661,0.5042610168457031
0.46382251381874084,0.66765958070755,0.5042597055435181
0.4367682635784149,0.9374949932098389,0.504258394241333
0.4008089303970337,0.8736670017242432,0.5042572021484375
0.4172169268131256,0.9254975318908691,0.5042558908462524
0.46143317222595215,0.9854751229286194,0.5042545795440674
0.3839196264743805,0.7957373857498169,0.5042532682418823
0.4181289076805115,0.8718171119689941,0.5042520761489868
0.45404088497161865,0.7448953986167908,0.5042508244514465
0.4089392125606537,0.9405653476715088,0.504249632358551
0.4177655577659607,1.0700995922088623,0.5042484998703003
0.48151716589927673,1.0444098711013794,0.5042471885681152
0.5195184946060181,0.8259000182151794,0.504245936870575
0.4357309639453888,0.9554867148399353,0.5042447447776794
0.4306698441505432,1.0071580410003662,0.5042435526847839
0.41442394256591797,1.171079158782959,0.5042423605918884
0.434896320104599,0.8665122389793396,0.5042411684989929
0.4930135905742645,0.806902289390564,0.5042399168014526
0.3862691819667816,0.8552505373954773,0.5042389035224915
0.4210078716278076,0.7514147162437439,0.504237711429596
0.4202389121055603,0.817223310470581,0.5042363405227661
0.43872201442718506,0.9047572016716003,0.5042351484298706
0.4442363679409027,0.8571173548698425,0.5042338371276855
0.478889137506485,0.9445300698280334,0.50423264503479
0.4369766116142273,0.8940926194190979,0.504231333732605
0.4414363503456116,0.9431713819503784,0.5042300224304199
0.4119483232498169,0.9117771983146667,0.5042288899421692
0.45121076703071594,0.9219192266464233,0.5042273998260498
0.4218063950538635,1.0218905210494995,0.5042262077331543
0.4453158378601074,0.7183476090431213,0.504224956035614
0.4074948728084564,0.8831996321678162,0.5042237043380737
0.42161309719085693,1.0685818195343018,0.5042224526405334
0.46635517477989197,0.7562658190727234,0.5042212605476379
0.41752883791923523,0.9589655995368958,0.5042200684547424
0.40590766072273254,0.9867548942565918,0.5042188167572021
0.383433073759079,0.7127771377563477,0.5042175054550171
0.5174930691719055,0.8475589156150818,0.5042163729667664
0.39569801092147827,0.7370986342430115,0.5042150616645813
0.4506359398365021,0.8595540523529053,0.5042136311531067
0.4495474100112915,0.8297748565673828,0.5042124390602112
0.45564642548561096,0.7479803562164307,0.5042110681533813
0.5523291826248169,1.0326218605041504,0.5042098760604858
0.43159186840057373,0.8703022003173828,0.5042086243629456
0.4498426616191864,0.942720890045166,0.50420743227005
0.39011427760124207,0.6182274222373962,0.5042061805725098
0.4529135823249817,0.7413498759269714,0.5042049288749695
0.4393174648284912,1.1255522966384888,0.5042036175727844
0.4665943682193756,0.8576979041099548,0.5042024254798889
0.4704609513282776,0.9625375866889954,0.5042011141777039
0.4666168987751007,0.8778419494628906,0.5041998624801636
0.3983650803565979,0.9746688008308411,0.5041986703872681
0.4305621385574341,0.7949418425559998,0.504197359085083
0.429756760597229,0.9060757756233215,0.504196047782898
0.44400298595428467,0.9980927109718323,0.5041948556900024
0.4266737997531891,0.765191912651062,0.5041937232017517
0.46319088339805603,0.8754305839538574,0.5041924715042114
0.3851165175437927,0.8633283376693726,0.5041912198066711
0.4496276378631592,0.8023757934570312,0.5041899681091309
0.3951859176158905,0.9882013201713562,0.5041887760162354
0.42577049136161804,0.9878795146942139,0.5041874647140503
0.36723005771636963,0.8578702807426453,0.5041863322257996
0.43112173676490784,0.8669968843460083,0.504185140132904
0.39653280377388,0.8293868899345398,0.5041838884353638
0.44519102573394775,1.0011100769042969,0.5041826963424683
0.3936777412891388,0.9571682810783386,0.5041813850402832
0.3924050033092499,0.9289156794548035,0.5041801333427429
0.385434627532959,1.0101819038391113,0.5041789412498474
0.4571318030357361,0.9062204957008362,0.5041777491569519
0.4635986089706421,0.7880834937095642,0.5041766166687012
0.4095541536808014,1.077306866645813,0.5041753053665161
0.46666160225868225,1.0364046096801758,0.5041741132736206
0.4083074927330017,0.8410417437553406,0.5041729211807251
0.45664602518081665,0.6763837933540344,0.5041717886924744
0.48548924922943115,0.9687626361846924,0.5041704773902893
0.42303916811943054,0.7905393838882446,0.5041691064834595
0.4928477108478546,0.992193341255188,0.5041677355766296
0.45555585622787476,0.995969831943512,0.5041665434837341
0.47607171535491943,1.1963788270950317,0.5041654109954834
0.4268083870410919,0.7999752163887024,0.5041641592979431
0.4441750943660736,0.7569453120231628,0.5041629076004028
0.4580622613430023,0.8963252305984497,0.5041618347167969
0.4305212199687958,0.9158104658126831,0.5041606426239014
0.39612188935279846,0.9345710873603821,0.5041594505310059
0.41818034648895264,1.007370948791504,0.5041582584381104
0.42184603214263916,1.0184831619262695,0.5041570067405701
0.43627792596817017,0.8514890670776367,0.504155695438385
0.4348880648612976,0.8764045834541321,0.5041545033454895
0.4868257939815521,0.8822618722915649,0.5041533708572388
0.45592132210731506,0.9196892976760864,0.5041520595550537
0.4649542570114136,0.7705338001251221,0.504150927066803
0.4874173700809479,0.83440762758255,0.5041497349739075
0.39422473311424255,0.9236341714859009,0.5041486024856567
0.4290218651294708,0.673344612121582,0.5041474103927612
0.4397132098674774,0.7240086793899536,0.5041462182998657
0.4270831346511841,0.9472477436065674,0.5041449069976807
0.4061211943626404,1.0084044933319092,0.5041436553001404
0.41911375522613525,0.8397700190544128,0.5041425824165344
0.4097098410129547,1.043839931488037,0.5041413307189941
0.4319419860839844,1.0590704679489136,0.5041400194168091
0.4698960781097412,0.7312107682228088,0.5041388273239136
0.4390302300453186,0.7808484435081482,0.5041376948356628
0.42117294669151306,1.04824697971344,0.5041365027427673
0.4295338988304138,1.01191246509552,0.5041350722312927
0.40244367718696594,0.7615534067153931,0.5041338801383972
0.49079784750938416,0.980705738067627,0.5041326880455017
0.4793425500392914,0.9711414575576782,0.5041314959526062
0.4359685480594635,0.7663018107414246,0.5041303634643555
0.4704500734806061,0.9403293132781982,0.5041289925575256
0.4519656300544739,1.0274832248687744,0.5041278004646301
0.45848533511161804,0.8854798674583435,0.5041265487670898
0.49881479144096375,0.984518826007843,0.5041254162788391
0.38743332028388977,0.8485487103462219,0.5041242837905884
0.4474131166934967,1.0283405780792236,0.5041231513023376
0.4459720551967621,0.7258946299552917,0.5041219592094421
0.46375977993011475,0.7671593427658081,0.504120945930481
0.4242651164531708,0.8518412113189697,0.5041197538375854
0.42414340376853943,0.9068501591682434,0.5041185617446899
0.4525015950202942,0.7049691677093506,0.5041173100471497
0.4046800136566162,0.8533024787902832,0.5041161775588989
0.5125161409378052,1.0106298923492432,0.5041149258613586
0.46958622336387634,0.8821779489517212,0.5041136145591736
0.48276740312576294,0.9291592240333557,0.5041123628616333
0.44550392031669617,0.8014551401138306,0.5041112303733826
0.4664568305015564,0.8396166563034058,0.5041099786758423
0.44432783126831055,0.8023160696029663,0.504108726978302
0.4219468832015991,0.7463604211807251,0.5041075944900513
0.4154849946498871,0.8281305432319641,0.5041064023971558
0.4416698217391968,0.7899340987205505,0.504105269908905
0.43790724873542786,0.8620002269744873,0.5041038990020752
0.42249640822410583,0.8714950680732727,0.5041028261184692
0.4400152564048767,0.80288165807724,0.5041014552116394
0.4441238343715668,0.8606700301170349,0.5041002631187439
0.4171196520328522,0.8440256118774414,0.5040992498397827
0.4349387288093567,0.7793209552764893,0.5040979981422424
0.41605547070503235,0.7288532853126526,0.5040968060493469
0.42226603627204895,0.9055051207542419,0.5040954351425171
0.42858558893203735,0.9312854409217834,0.5040942430496216
0.41041475534439087,0.8175274133682251,0.5040931701660156
0.46820056438446045,0.8880852460861206,0.5040919780731201
0.39922797679901123,0.8327539563179016,0.5040907263755798
0.4473491311073303,0.8339594602584839,0.5040894150733948
0.409483939409256,0.8092634677886963,0.5040882229804993
0.38695383071899414,0.7770653963088989,0.5040870308876038
0.4307214915752411,0.925145149230957,0.5040857791900635
0.4534556567668915,0.8147576451301575,0.5040845274925232
0.4285425543785095,0.9038286805152893,0.5040833353996277
0.37125396728515625,0.9284792542457581,0.5040821433067322
0.43260324001312256,0.8280485272407532,0.5040809512138367
0.46514877676963806,0.8694833517074585,0.5040796995162964
0.4400789141654968,0.915962278842926,0.5040785670280457
0.468109130859375,0.8495586514472961,0.5040773749351501
0.42024385929107666,0.9314719438552856,0.5040761828422546
0.44219282269477844,0.909869372844696,0.5040749311447144
0.45483824610710144,1.0407066345214844,0.5040737390518188
0.4044536352157593,1.0315452814102173,0.5040724873542786
0.3622070252895355,0.7891576886177063,0.5040713548660278
0.4111708998680115,0.8012641668319702,0.5040701627731323
0.4553055167198181,0.7651784420013428,0.5040690302848816
0.4669399559497833,0.782928466796875,0.5040678381919861
0.4782411456108093,0.9106590747833252,0.504066526889801
0.4677180349826813,0.8831374049186707,0.5040653944015503
0.40815630555152893,1.1204626560211182,0.5040640830993652
0.4539111256599426,0.9698482155799866,0.5040627717971802
0.43485164642333984,0.8802937269210815,0.5040615200996399
0.42189985513687134,0.8524360060691833,0.5040603280067444
0.4235907793045044,0.8995881676673889,0.5040589570999146
0.4849003255367279,0.8713826537132263,0.5040578246116638
0.4080066680908203,0.751315712928772,0.5040566325187683
0.4717824459075928,0.9666869044303894,0.5040552020072937
0.39591705799102783,0.8762238621711731,0.5040540099143982
0.3908747732639313,1.1545759439468384,0.5040527582168579
0.45097532868385315,0.8277924656867981,0.5040513277053833
0.4781666398048401,0.731978178024292,0.504050076007843
0.4161728322505951,1.0471256971359253,0.5040488839149475
0.4029715657234192,1.009782075881958,0.5040475130081177
0.4802662432193756,0.9761379361152649,0.5040463805198669
0.3968135118484497,0.8147560358047485,0.5040450692176819
0.40976226329803467,0.7835589051246643,0.5040437579154968
0.3863948881626129,0.7783092856407166,0.5040425658226013
0.4628407955169678,0.7610045671463013,0.5040414333343506
0.433663934469223,0.7444376945495605,0.5040401816368103
0.41818785667419434,0.8828982710838318,0.50403892993927
0.46256208419799805,0.962573766708374,0.5040376782417297
0.40771231055259705,0.9862780570983887,0.5040363669395447
0.44555750489234924,0.9077863693237305,0.5040351152420044
0.44833648204803467,0.7775244116783142,0.5040337443351746
0.3872322738170624,0.9646388292312622,0.5040326714515686
0.39080360531806946,1.0852242708206177,0.5040314793586731
0.38303008675575256,0.9949557185173035,0.5040302872657776
0.4222167134284973,0.7828221321105957,0.5040290951728821
0.4302511215209961,0.800204336643219,0.5040278434753418
0.46178922057151794,0.8950304985046387,0.5040267109870911
0.5084481239318848,0.8672817945480347,0.5040254592895508
0.39264243841171265,1.0346060991287231,0.5040242671966553
0.4387392997741699,0.9659980535507202,0.5040230751037598
0.4685916006565094,0.8498956561088562,0.5040217638015747
0.4253641366958618,0.8533983826637268,0.5040203928947449
0.399660587310791,0.9103621244430542,0.5040192008018494
0.41413694620132446,0.7843189835548401,0.5040180087089539
0.4296989440917969,0.7792850136756897,0.5040167570114136
0.45674237608909607,1.0859003067016602,0.5040154457092285
0.40169790387153625,1.0224452018737793,0.5040141940116882
0.40594086050987244,0.9905223846435547,0.504012942314148
0.42194974422454834,0.7795708179473877,0.5040116906166077
0.41447386145591736,0.9893065690994263,0.5040103793144226
0.456450879573822,0.9083713293075562,0.5040090680122375
0.4276563823223114,1.033929467201233,0.5040076375007629
0.4480532109737396,0.9147769212722778,0.5040063858032227
0.47904035449028015,1.1089253425598145,0.5040051937103271
0.45041903853416443,0.7407240271568298,0.5040038228034973
0.4103234112262726,0.8475528359413147,0.5040026307106018
0.4802779257297516,1.1008130311965942,0.5040012001991272
0.4217063784599304,1.1046139001846313,0.5039998888969421
0.4321882128715515,0.9925700426101685,0.5039985179901123
0.437385231256485,0.8322261571884155,0.503997266292572
0.448841392993927,0.9783751368522644,0.5039958953857422
0.3962319791316986,1.0053244829177856,0.5039945840835571
0.432881236076355,0.9374679923057556,0.5039934515953064
0.4753779470920563,0.8601710796356201,0.5039921998977661
0.41151171922683716,0.9531068205833435,0.5039910674095154
0.44123923778533936,0.8455930948257446,0.5039896965026855
0.4073925316333771,0.7035397291183472,0.5039884448051453
0.39544519782066345,0.827329158782959,0.5039871335029602
0.4394693374633789,0.9074949622154236,0.5039858818054199
0.43528640270233154,0.8510294556617737,0.5039846301078796
0.44158071279525757,0.9705972075462341,0.5039833784103394
0.44882428646087646,1.0290156602859497,0.5039821863174438
0.4476107060909271,0.6416605710983276,0.5039811730384827
0.4170517325401306,0.8435025215148926,0.5039799809455872
0.44345709681510925,0.854271650314331,0.5039787888526917
0.46980226039886475,0.9263150691986084,0.5039775967597961
0.45636236667633057,0.8229758739471436,0.5039764046669006
0.39273256063461304,0.7254661321640015,0.503974974155426
0.4419506788253784,0.9553695321083069,0.5039739012718201
0.4385240375995636,0.9040533304214478,0.5039727687835693
0.46561652421951294,0.9399793744087219,0.503971517086029
0.43760618567466736,0.8967378735542297,0.5039702653884888
0.44366729259490967,0.8403977751731873,0.5039690732955933
0.46105214953422546,0.9025298953056335,0.5039678812026978
0.4318450689315796,0.935798168182373,0.5039666891098022
0.46649259328842163,0.8163438439369202,0.503965437412262
0.483855277299881,0.8455958962440491,0.5039642453193665
0.4108957052230835,0.9357753396034241,0.503963053226471
0.4772900342941284,0.7986581921577454,0.5039619207382202
0.44077086448669434,0.880355179309845,0.5039607286453247
0.4659995138645172,0.9260357022285461,0.5039596557617188
0.39428839087486267,0.9356979727745056,0.5039584636688232
0.3975679576396942,1.17782461643219,0.5039572715759277
0.4189484715461731,0.8281674385070801,0.503956139087677
0.4018113613128662,0.8798826336860657,0.5039549469947815
0.4126889705657959,0.9021850824356079,0.503953754901886
0.43136507272720337,0.9651191830635071,0.50395268201828
0.43528085947036743,1.1639145612716675,0.503951370716095
0.4778607189655304,0.8271905779838562,0.5039501786231995
0.3889005482196808,0.8186787366867065,0.5039490461349487
0.4200497269630432,1.0137825012207031,0.5039477944374084
0.3944038450717926,0.8658580780029297,0.5039466619491577
0.4124867022037506,1.097564935684204,0.503945529460907
0.49483099579811096,0.857993483543396,0.5039443373680115
0.4615109860897064,0.9127069115638733,0.5039429068565369
0.46331262588500977,0.8470172882080078,0.5039417147636414
0.46801993250846863,0.9957389831542969,0.5039405226707458
0.42586806416511536,1.027577519416809,0.5039392113685608
0.3875463008880615,0.8405617475509644,0.5039380788803101
0.4574417471885681,0.8814722299575806,0.5039368867874146
0.4276098906993866,0.8896675705909729,0.5039358139038086
0.4129471182823181,0.9308887124061584,0.5039345026016235
0.44362711906433105,0.901816189289093,0.503933310508728
0.44944658875465393,0.74197918176651,0.5039320588111877
0.49240195751190186,0.9113467931747437,0.5039308667182922
0.4190230965614319,0.8667166829109192,0.5039297342300415
0.41455739736557007,0.7592368125915527,0.5039286613464355
0.4355781376361847,0.9412907958030701,0.5039274096488953
0.5186917185783386,0.9472025632858276,0.5039262175559998
0.49250510334968567,0.8729406595230103,0.503925085067749
0.5133820176124573,0.8871493935585022,0.5039239525794983
0.4373241364955902,0.7945285439491272,0.5039225816726685
0.4384610652923584,0.8921930193901062,0.503921389579773
0.43105950951576233,0.842831015586853,0.5039201974868774
0.3844028413295746,0.9556272029876709,0.5039189457893372
0.42831191420555115,0.9105546474456787,0.5039177536964417
0.3681218922138214,0.7793015837669373,0.5039165616035461
0.42718642950057983,0.9148569107055664,0.5039153695106506
0.45255300402641296,0.7757355570793152,0.5039141178131104
0.3975798785686493,0.9055125713348389,0.5039129257202148
0.4652276039123535,0.877692461013794,0.5039117336273193
0.4411582946777344,0.7934035658836365,0.5039103627204895
0.34320777654647827,0.8979788422584534,0.5039091110229492
0.44255927205085754,0.8807084560394287,0.5039079189300537
0.46625417470932007,0.8611804842948914,0.5039067268371582
0.44736751914024353,0.8850494623184204,0.5039054751396179
0.3549991846084595,0.7659452557563782,0.5039041638374329
0.4365711212158203,1.081554651260376,0.5039029121398926
0.47468316555023193,0.8427378535270691,0.5039016008377075
0.4466394782066345,0.7275757789611816,0.5039002895355225
0.43808066844940186,0.84792160987854,0.503899097442627
0.4523472189903259,0.9985755085945129,0.5038977861404419
0.4427475333213806,0.876643717288971,0.5038966536521912
0.39852455258369446,0.975898265838623,0.5038952827453613
0.4433789849281311,0.8184980154037476,0.5038940906524658
0.42540428042411804,0.8862343430519104,0.5038927793502808
0.38024985790252686,1.0010281801223755,0.5038914680480957
0.4134325385093689,0.8274819254875183,0.5038902759552002
0.48177629709243774,0.8557120561599731,0.5038890838623047
0.45743995904922485,0.8848474025726318,0.5038878321647644
0.3970056474208832,0.9497195482254028,0.5038865208625793
0.407779723405838,0.8256165981292725,0.5038852691650391
0.4334571063518524,0.8606638312339783,0.5038840770721436
0.4284133017063141,0.8387920260429382,0.503882884979248
0.39028486609458923,1.0731818675994873,0.5038816332817078
0.40515807271003723,1.0111417770385742,0.5038806200027466
0.4242788255214691,0.7063540816307068,0.5038793087005615
0.40331175923347473,0.7162233591079712,0.5038779973983765
0.4101392924785614,0.8555519580841064,0.503876805305481
0.3991503119468689,1.0000417232513428,0.5038756132125854
0.4429965019226074,0.9678531289100647,0.5038743615150452
0.3830433487892151,0.7284817695617676,0.5038731694221497
0.36348363757133484,0.7670408487319946,0.5038719773292542
0.44097018241882324,0.9139893054962158,0.5038707256317139
0.39899080991744995,0.7660112380981445,0.5038694143295288
0.4173407554626465,0.8823412656784058,0.5038682222366333
0.46062445640563965,0.8693352937698364,0.5038670897483826
0.37983742356300354,0.9367793798446655,0.5038658380508423
0.42602628469467163,0.9239863157272339,0.5038645267486572
0.4336290657520294,0.896052360534668,0.5038633346557617
0.41897323727607727,0.9927258491516113,0.5038621425628662
0.4841722249984741,0.8419829607009888,0.5038608908653259
0.43206748366355896,0.8519583940505981,0.5038596987724304
0.4609416127204895,0.8931213021278381,0.5038585066795349
0.4233032464981079,0.8758820295333862,0.5038572549819946
0.4421645998954773,1.0628105401992798,0.5038560628890991
0.39486733078956604,0.839272141456604,0.5038547515869141
0.48892226815223694,1.1536834239959717,0.5038534998893738
0.4307299256324768,0.8188164830207825,0.5038521885871887
0.45281416177749634,0.7860793471336365,0.503851056098938
0.44622695446014404,0.9840980172157288,0.5038498044013977
0.4159303903579712,0.8871897459030151,0.5038484930992126
0.44639861583709717,0.790396511554718,0.5038473010063171
0.4569911062717438,0.8678138256072998,0.5038462281227112
0.40356412529945374,0.8489004969596863,0.5038450360298157
0.4195980727672577,0.7640461325645447,0.5038437843322754
0.4174220860004425,0.9964597821235657,0.5038425922393799
0.42750120162963867,1.1812547445297241,0.5038412809371948
0.4383838474750519,1.0748193264007568,0.5038401484489441
0.43341803550720215,0.8541408777236938,0.503838837146759
0.4746016561985016,0.7028080224990845,0.5038376450538635
0.3531700372695923,0.7963700890541077,0.5038363933563232
0.35976794362068176,0.79814213514328,0.5038352012634277
0.4456275701522827,0.9464791417121887,0.5038340091705322
0.4355297386646271,0.8511537313461304,0.503832995891571
0.44576317071914673,0.8424444198608398,0.5038317441940308
0.4581966698169708,0.7850311398506165,0.5038305521011353
0.4363488554954529,0.8384386897087097,0.5038293600082397
0.420606791973114,0.930942714214325,0.5038282871246338
0.45242273807525635,0.7645218372344971,0.5038271546363831
0.44178885221481323,0.8826271891593933,0.5038259625434875
0.4037659466266632,0.9792546033859253,0.5038246512413025
0.4447632133960724,0.8262491822242737,0.5038235783576965
0.47476255893707275,0.9056123495101929,0.5038224458694458
0.41871002316474915,0.7685749530792236,0.5038211941719055
0.4489816129207611,0.9324022531509399,0.5038201212882996
0.40613922476768494,0.8777216076850891,0.5038189888000488
0.3850301206111908,0.6794750690460205,0.5038179755210876
0.4590494930744171,0.8751089572906494,0.5038167238235474
0.40761226415634155,0.9032593965530396,0.5038154721260071
0.4203207194805145,0.8424639105796814,0.5038142800331116
0.3881131708621979,0.8195268511772156,0.5038130283355713
0.4316263198852539,0.8645622730255127,0.5038118362426758
0.4167765974998474,0.7627984285354614,0.5038106441497803
0.48618391156196594,0.804127037525177,0.5038093328475952
0.44385698437690735,0.9157560467720032,0.5038082003593445
0.4764299690723419,0.8495837450027466,0.503807008266449
0.44434043765068054,1.0167731046676636,0.5038058161735535
0.4327455759048462,0.884060263633728,0.5038045644760132
0.4685117304325104,0.8981761932373047,0.5038033723831177
0.4333151876926422,0.8320546746253967,0.5038021802902222
0.40933161973953247,1.1486010551452637,0.5038009285926819
0.4115180969238281,0.8842363953590393,0.5037996768951416
0.4543008804321289,0.9200683832168579,0.5037985444068909
0.4832848906517029,0.853665828704834,0.5037972927093506
0.5147179961204529,0.7739453911781311,0.5037959814071655
0.46310263872146606,0.932832658290863,0.5037947297096252
0.4515053331851959,0.9998249411582947,0.5037933588027954
0.4709469974040985,1.0501230955123901,0.5037922859191895
0.47868338227272034,0.8572198748588562,0.503791093826294
0.44849005341529846,0.6802636384963989,0.5037899017333984
0.4413120150566101,0.7653341293334961,0.5037886500358582
0.3361642062664032,1.1188122034072876,0.5037874579429626
0.40274155139923096,0.8712174892425537,0.5037862658500671
0.4532322883605957,0.908511221408844,0.5037850737571716
0.48670127987861633,0.817648708820343,0.5037838816642761
0.45322737097740173,1.1052441596984863,0.5037828087806702
0.43707743287086487,0.9082667827606201,0.5037815570831299
0.4132234752178192,0.8546557426452637,0.5037803053855896
0.4618191421031952,1.0128206014633179,0.5037789940834045
0.4502364993095398,0.8682365417480469,0.5037778615951538
0.4314579665660858,0.8024200201034546,0.5037767291069031
0.41822341084480286,0.6965035200119019,0.5037755966186523
0.3776543438434601,0.9966019988059998,0.5037742853164673
0.4072634279727936,1.0636967420578003,0.5037729144096375
0.4536955654621124,0.9504241943359375,0.5037717223167419
0.4274314045906067,0.9594724178314209,0.5037705898284912
0.42201223969459534,0.8434597849845886,0.5037695169448853
0.4506519138813019,1.0339672565460205,0.5037683844566345
0.47535187005996704,1.019832730293274,0.5037671327590942
0.3708369731903076,1.300600528717041,0.5037659406661987
0.4900725483894348,0.8930601477622986,0.5037645697593689
0.3893881142139435,1.035499095916748,0.5037633776664734
0.44263017177581787,0.841255247592926,0.5037621259689331
0.42216354608535767,1.0153037309646606,0.5037609338760376
0.39222654700279236,1.1971251964569092,0.5037595629692078
0.45278945565223694,0.8810884952545166,0.5037583708763123
0.44752657413482666,0.894072949886322,0.5037572979927063
0.4654345214366913,0.9079477190971375,0.5037561655044556
0.4592224657535553,0.9738513231277466,0.5037549138069153
0.48236143589019775,0.9692285656929016,0.5037537217140198
0.4632766544818878,0.8405446410179138,0.5037524700164795
0.4378780126571655,0.7031606435775757,0.5037510395050049
0.45511969923973083,0.9173427224159241,0.5037498474121094
0.39042630791664124,1.0055853128433228,0.5037487149238586
0.4248702824115753,0.8586151003837585,0.5037474632263184
0.4818492531776428,0.8545918464660645,0.5037463307380676
0.4691414535045624,0.7824767231941223,0.5037452578544617
0.38805338740348816,1.0003973245620728,0.5037440657615662
0.4545693099498749,0.86042320728302,0.5037428736686707
0.3707183301448822,0.9809350371360779,0.5037416219711304
0.459604948759079,0.9905993938446045,0.5037403106689453
0.4465276896953583,0.788646936416626,0.5037391185760498
0.43922170996665955,0.8435931205749512,0.50373774766922
0.4540728032588959,1.0354664325714111,0.5037365555763245
0.4394378662109375,0.7258713841438293,0.503735363483429
0.4161553978919983,0.7940986156463623,0.5037341713905334
0.46994107961654663,0.8560068011283875,0.5037329792976379
0.4254935383796692,0.827212929725647,0.5037317872047424
0.4468410313129425,0.7422640323638916,0.5037305951118469
0.4368380606174469,0.8316628932952881,0.5037293434143066
0.36421045660972595,1.0936001539230347,0.5037281513214111
0.4514412581920624,0.9231186509132385,0.5037269592285156
0.3830359876155853,0.8992092609405518,0.5037257671356201
0.4372399151325226,0.8092100024223328,0.5037245154380798
0.4192482531070709,0.9499765634536743,0.5037232041358948
0.4229937195777893,0.9832403063774109,0.5037220120429993
0.45069995522499084,1.0651861429214478,0.503720760345459
0.4590095281600952,0.8838878273963928,0.5037195682525635
0.4561496675014496,0.8144000768661499,0.503718376159668
0.46915504336357117,0.8576253056526184,0.5037171244621277
0.5133686661720276,0.9200393557548523,0.5037158727645874
0.4092959463596344,1.0560986995697021,0.5037146210670471
0.5052680969238281,0.8505098819732666,0.5037134289741516
0.45006635785102844,0.8451125025749207,0.5037121772766113
0.4467353820800781,0.8756378889083862,0.503710925579071
