0.6608374118804932,6.2973527908325195,0.6914665102958679
0.6469916105270386,4.380755424499512,0.6914657354354858
0.6331308484077454,4.604694843292236,0.6914651989936829
0.63759446144104,4.474672794342041,0.6914640665054321
0.6153231859207153,4.743375778198242,0.6914633512496948
0.6477444171905518,3.9854910373687744,0.6914626359939575
0.6123305559158325,3.5445568561553955,0.6914616823196411
0.6185279488563538,3.967287063598633,0.6914606690406799
0.6148470044136047,3.194340229034424,0.6914596557617188
0.6146338582038879,3.4563913345336914,0.6914586424827576
0.601024866104126,3.418734312057495,0.6914574503898621
0.5872465372085571,4.248138427734375,0.6914563775062561
0.5944162607192993,2.815814256668091,0.6914552450180054
0.5585216283798218,3.5758795738220215,0.6914541721343994
0.5595961809158325,2.7745354175567627,0.6914530396461487
0.6032233834266663,2.682286262512207,0.6914519667625427
0.5516573190689087,2.6958253383636475,0.691450834274292
0.5719084143638611,2.5994274616241455,0.6914497017860413
0.5717485547065735,1.951117992401123,0.691448450088501
0.5303307175636292,2.6090481281280518,0.6914470195770264
0.5809563994407654,2.3077433109283447,0.6914459466934204
0.4935266673564911,1.945167064666748,0.6914445757865906
0.5412614941596985,2.7288317680358887,0.6914432644844055
0.5287190079689026,1.777079463005066,0.6914420127868652
0.5346090793609619,1.5458903312683105,0.6914408206939697
0.5211954116821289,1.4638214111328125,0.6914394497871399
0.5052481889724731,1.5910000801086426,0.6914383172988892
0.4791961908340454,1.6873929500579834,0.6914370059967041
0.5099929571151733,1.2000830173492432,0.6914357542991638
0.507390022277832,1.7831069231033325,0.6914346218109131
0.4913029670715332,1.5259605646133423,0.691433310508728
0.4816689193248749,1.6154260635375977,0.6914321184158325
0.4673013687133789,1.5911333560943604,0.6914306879043579
0.5007963180541992,1.4706891775131226,0.6914294958114624
0.4839320182800293,1.4220672845840454,0.691428005695343
0.42270681262016296,1.6094720363616943,0.6914268136024475
0.478969931602478,1.355461597442627,0.6914253234863281
0.45801910758018494,1.223027229309082,0.6914238333702087
0.5030240416526794,1.364769458770752,0.6914222240447998
0.46696195006370544,1.194008231163025,0.69142085313797
0.4822487533092499,1.60677969455719,0.6914191842079163
0.4674818217754364,1.6490668058395386,0.6914177536964417
0.4109351634979248,1.4169723987579346,0.6914162635803223
0.45227575302124023,1.515505075454712,0.6914145946502686
0.5812181830406189,1.9288748502731323,0.6914132833480835
0.4652809798717499,1.428429365158081,0.6914117336273193
0.4325926899909973,1.1433732509613037,0.6914101839065552
0.4904053509235382,1.2586288452148438,0.6914089322090149
0.46880999207496643,1.1489920616149902,0.6914073824882507
0.39664557576179504,0.9979883432388306,0.6914058923721313
0.49303191900253296,1.5219887495040894,0.6914044618606567
0.5018975734710693,1.4951469898223877,0.6914026737213135
0.5224311947822571,1.6235342025756836,0.6914010047912598
0.4405139088630676,1.254886507987976,0.6913996338844299
0.47676169872283936,1.4149051904678345,0.6913978457450867
0.49893859028816223,1.3715311288833618,0.6913961172103882
0.4962693750858307,1.2597029209136963,0.6913944482803345
0.5088725686073303,1.445071816444397,0.6913928985595703
0.4428582191467285,1.4068374633789062,0.6913914680480957
0.48913466930389404,1.4526394605636597,0.6913900971412659
0.4707849323749542,1.46702241897583,0.6913885474205017
0.4744325280189514,1.102256178855896,0.6913870573043823
0.49747201800346375,1.3544279336929321,0.6913853883743286
0.39801326394081116,1.5454767942428589,0.6913838386535645
0.46865901350975037,1.5091626644134521,0.6913821697235107
0.5028872489929199,1.3757332563400269,0.6913803219795227
0.46372130513191223,1.2332665920257568,0.691378653049469
0.4982515871524811,1.2598179578781128,0.6913771033287048
0.4697575569152832,1.7212448120117188,0.6913754940032959
0.48083028197288513,1.3348404169082642,0.691373884677887
0.5080296397209167,1.1732611656188965,0.6913723349571228
0.5477981567382812,1.3527897596359253,0.6913708448410034
0.48394355177879333,1.2974376678466797,0.6913689374923706
0.3638867437839508,1.2006292343139648,0.6913675665855408
0.5537628531455994,1.5318841934204102,0.6913657784461975
0.5229722261428833,1.0908361673355103,0.691364049911499
0.4388549029827118,1.0381009578704834,0.6913624405860901
0.4248424470424652,1.3038338422775269,0.6913606524467468
0.48060643672943115,1.3337740898132324,0.6913591623306274
0.5172381401062012,1.213369607925415,0.6913573741912842
0.44247207045555115,1.1103202104568481,0.6913557648658752
0.5047398805618286,1.355517864227295,0.6913537979125977
0.5057896971702576,1.2373226881027222,0.6913520693778992
0.5253403782844543,1.3791338205337524,0.6913503408432007
0.4967826306819916,1.2555822134017944,0.6913484334945679
0.5425286293029785,1.118703842163086,0.6913467049598694
0.432691752910614,1.2549498081207275,0.6913449764251709
0.4704943001270294,1.2612733840942383,0.6913431882858276
0.5183820128440857,1.2716213464736938,0.6913414001464844
0.43485110998153687,0.9781787395477295,0.6913396716117859
0.5072731375694275,1.0824000835418701,0.6913378238677979
0.5304261445999146,1.180294156074524,0.6913360953330994
0.446420818567276,1.2289998531341553,0.6913341283798218
0.46657857298851013,1.4141998291015625,0.6913323402404785
0.5240247249603271,1.4241645336151123,0.69133061170578
0.45940473675727844,1.4086841344833374,0.691328763961792
0.4644089341163635,1.2625977993011475,0.691326916217804
0.3822498321533203,1.1682058572769165,0.6913250684738159
0.4589613378047943,1.4639652967453003,0.6913232207298279
0.45184263586997986,1.2475935220718384,0.6913211941719055
0.5364105105400085,1.2016034126281738,0.6913192868232727
0.5406481027603149,1.1770731210708618,0.6913174390792847
0.43066704273223877,1.2163646221160889,0.6913155913352966
0.4643213450908661,1.052543044090271,0.6913138031959534
0.4493345618247986,1.3986661434173584,0.6913118362426758
0.4458680748939514,1.4884841442108154,0.6913100481033325
0.45199957489967346,1.3706166744232178,0.6913081407546997
0.4840657711029053,1.2916799783706665,0.6913061738014221
0.4789503514766693,1.3054534196853638,0.6913042068481445
0.48239579796791077,1.2559616565704346,0.6913021802902222
0.5636916756629944,1.3291723728179932,0.6913002133369446
0.42148154973983765,0.8944847583770752,0.6912984251976013
0.5224967002868652,1.3232271671295166,0.6912968158721924
0.509319007396698,1.3610445261001587,0.6912949681282043
0.4968556761741638,1.4897420406341553,0.6912932395935059
0.5731057524681091,1.6809591054916382,0.6912913918495178
0.4377269744873047,1.0951611995697021,0.6912893056869507
0.44691869616508484,1.1013522148132324,0.6912872195243835
0.5516559481620789,1.531578540802002,0.6912851929664612
0.5105686783790588,1.0125617980957031,0.6912832260131836
0.3976450264453888,1.4340263605117798,0.691281259059906
0.47610586881637573,1.1054644584655762,0.6912793517112732
0.48130038380622864,1.3092830181121826,0.6912773847579956
0.5012491345405579,1.0857138633728027,0.6912757754325867
0.5008037686347961,1.0625919103622437,0.6912739276885986
0.5040597915649414,0.8399780988693237,0.6912720203399658
0.42063871026039124,1.3121819496154785,0.691270112991333
0.46583276987075806,1.3218978643417358,0.691268265247345
0.4582453668117523,1.2240606546401978,0.6912660598754883
0.4779612720012665,1.1244032382965088,0.6912638545036316
0.5096011161804199,1.1999640464782715,0.6912616491317749
0.5462068915367126,1.4425302743911743,0.6912599205970764
0.49411746859550476,0.9647887945175171,0.691257894039154
0.4732056260108948,1.4081400632858276,0.691256046295166
0.44273170828819275,1.1630537509918213,0.6912543177604675
0.44954007863998413,1.3958712816238403,0.6912523508071899
0.42651450634002686,1.2515336275100708,0.6912503838539124
0.5141400098800659,1.1912087202072144,0.6912484765052795
0.48707517981529236,1.1202712059020996,0.6912463307380676
0.46984460949897766,1.131895661354065,0.69124436378479
0.41992345452308655,1.2616159915924072,0.6912422776222229
0.46138614416122437,1.4841376543045044,0.6912402510643005
0.4565785825252533,1.0915242433547974,0.6912381052970886
0.45850828289985657,1.3571032285690308,0.6912360191345215
0.49306952953338623,1.339477300643921,0.6912339329719543
0.4664248824119568,1.276427149772644,0.6912320852279663
0.44834572076797485,1.4453036785125732,0.6912301778793335
0.5210646986961365,1.2429524660110474,0.6912282705307007
0.534181535243988,0.9817413687705994,0.6912263035774231
0.5007911324501038,0.8836659789085388,0.6912244558334351
0.49649786949157715,0.9951059222221375,0.6912222504615784
0.4879235327243805,0.9004156589508057,0.6912200450897217
0.4638834297657013,1.0850268602371216,0.6912180781364441
0.4571415185928345,1.1690514087677002,0.6912159323692322
0.4471912980079651,1.0467580556869507,0.6912139654159546
0.49781379103660583,0.9401916861534119,0.6912120580673218
0.4613271653652191,1.2548935413360596,0.6912100315093994
0.47076696157455444,1.315556287765503,0.6912082433700562
0.4833618104457855,1.2339789867401123,0.691206157207489
0.47415465116500854,1.0808759927749634,0.6912039518356323
0.4551200270652771,1.0178298950195312,0.6912017464637756
0.41953244805336,1.0862139463424683,0.6911996006965637
0.47918689250946045,1.4678899049758911,0.6911975741386414
0.5079153776168823,1.1163825988769531,0.6911954283714294
0.42584162950515747,1.0335304737091064,0.6911933422088623
0.46174007654190063,1.3085213899612427,0.6911912560462952
0.47679799795150757,1.469408392906189,0.691189169883728
0.4039055407047272,1.2591549158096313,0.6911870837211609
0.5156271457672119,1.2843161821365356,0.6911853551864624
0.44016748666763306,1.3437641859054565,0.6911833882331848
0.39902839064598083,1.2344906330108643,0.6911813616752625
0.46379774808883667,0.962702751159668,0.6911792755126953
0.449155330657959,1.0295541286468506,0.6911771297454834
0.45271316170692444,1.0949567556381226,0.6911749243736267
0.4717564284801483,1.3022195100784302,0.6911725997924805
0.48290491104125977,1.0811749696731567,0.6911703944206238
0.44390174746513367,1.1843228340148926,0.6911684274673462
0.43970489501953125,1.356836199760437,0.691166341304779
0.44426971673965454,1.1333284378051758,0.6911643743515015
0.4172971546649933,1.2471065521240234,0.6911623477935791
0.4860323965549469,0.929436206817627,0.691160261631012
0.4496961236000061,1.110058069229126,0.6911582946777344
0.48706117272377014,1.262641429901123,0.6911562085151672
0.42312392592430115,1.4298893213272095,0.6911541223526001
0.4699028432369232,1.1271389722824097,0.6911517381668091
0.5379457473754883,1.151998519897461,0.6911496520042419
0.38406985998153687,1.039058804512024,0.69114750623703
0.45760565996170044,1.2112011909484863,0.6911454200744629
0.5194846391677856,1.2108877897262573,0.6911435127258301
0.43241721391677856,1.3445196151733398,0.6911416053771973
0.4896343946456909,1.7074477672576904,0.691139817237854
0.4126950800418854,1.08892822265625,0.6911377906799316
0.4087107479572296,0.9998484253883362,0.691135585308075
0.4623362720012665,1.2312239408493042,0.6911332607269287
0.40783804655075073,1.0746930837631226,0.6911312937736511
0.5182336568832397,1.0317227840423584,0.6911290287971497
0.44510185718536377,0.8679761290550232,0.691126823425293
0.49632173776626587,1.3672415018081665,0.6911249160766602
0.4563010334968567,1.3134233951568604,0.691122829914093
0.46938613057136536,1.198972463607788,0.6911208629608154
0.4341842532157898,1.3607221841812134,0.6911187767982483
0.455322265625,1.0222978591918945,0.6911167502403259
0.464701384305954,1.4885709285736084,0.6911145448684692
0.4372474253177643,1.0791425704956055,0.6911122798919678
0.4765610098838806,1.0580520629882812,0.6911100149154663
0.522042453289032,0.9729952216148376,0.6911080479621887
0.47834205627441406,0.9073590636253357,0.691105842590332
0.416128009557724,1.0511810779571533,0.6911037564277649
0.485595166683197,1.3193774223327637,0.6911019086837769
0.40497124195098877,1.1753774881362915,0.6910999417304993
0.4686649739742279,1.4283511638641357,0.6910979747772217
0.42752721905708313,1.0512439012527466,0.6910958290100098
0.4268856644630432,1.0747350454330444,0.6910935640335083
0.43317386507987976,1.4374693632125854,0.6910913586616516
0.4555074870586395,1.151031732559204,0.6910890340805054
0.40790900588035583,1.2229441404342651,0.6910870671272278
0.49961531162261963,1.063377022743225,0.691085159778595
0.4315952956676483,1.0535279512405396,0.6910830736160278
0.4450690448284149,1.201593279838562,0.6910811066627502
0.5071580410003662,1.056180715560913,0.6910792589187622
0.4360591769218445,1.1521235704421997,0.6910771727561951
0.44592371582984924,1.0698750019073486,0.6910750865936279
0.4803260564804077,1.07747220993042,0.691072940826416
0.4207431674003601,1.2542176246643066,0.6910707950592041
0.437580943107605,0.9726040959358215,0.6910684704780579
0.4581315815448761,0.8480237722396851,0.6910662055015564
0.4748494625091553,1.5447806119918823,0.6910639405250549
0.4263322353363037,1.23301362991333,0.6910620927810669
0.4655250310897827,1.3173543214797974,0.6910601258277893
0.4557994604110718,1.1548500061035156,0.6910579800605774
0.40627849102020264,1.0967986583709717,0.6910558938980103
0.45665594935417175,0.7517297863960266,0.6910540461540222
0.4362025260925293,0.9886698126792908,0.6910519599914551
0.5147721171379089,0.8907938003540039,0.6910499334335327
0.475095272064209,1.3036320209503174,0.6910475492477417
0.4541701078414917,1.0810267925262451,0.691045343875885
0.44059187173843384,1.1419264078140259,0.6910431385040283
0.4339061677455902,1.2715904712677002,0.6910410523414612
0.4449843466281891,1.1625516414642334,0.6910391449928284
0.4177146852016449,0.8755415678024292,0.6910372376441956
0.4489479660987854,1.2235621213912964,0.6910353302955627
0.49146217107772827,1.1574839353561401,0.6910333037376404
0.44621962308883667,1.4976112842559814,0.691031277179718
0.481358140707016,1.0166634321212769,0.6910290122032166
0.41389986872673035,1.1299421787261963,0.6910269260406494
0.5201730728149414,1.1927149295806885,0.691024661064148
0.4557785987854004,0.8391442894935608,0.6910225749015808
0.44567692279815674,1.1268173456192017,0.691020667552948
0.46173155307769775,1.023924708366394,0.6910185813903809
0.4248036742210388,1.443452000617981,0.691016674041748
0.39580556750297546,1.2237625122070312,0.6910145878791809
0.46537867188453674,1.5448979139328003,0.6910122036933899
0.41138824820518494,1.1121314764022827,0.6910098791122437
0.40189680457115173,0.901183545589447,0.6910077333450317
0.5240627527236938,1.3495073318481445,0.6910057067871094
0.5047681927680969,1.1686630249023438,0.691003680229187
0.49205902218818665,1.1322640180587769,0.691001832485199
0.4368143081665039,1.2429040670394897,0.6909999251365662
0.4727705419063568,1.028671383857727,0.6909981369972229
0.48354408144950867,0.7675099968910217,0.690995991230011
0.4619767963886261,1.0310310125350952,0.6909940838813782
0.49967658519744873,1.0792114734649658,0.6909918785095215
0.4656120836734772,0.9566793441772461,0.6909895539283752
0.46245262026786804,1.160306453704834,0.6909873485565186
0.42795705795288086,0.999823808670044,0.6909850239753723
0.48096343874931335,1.0905863046646118,0.6909829378128052
0.46199750900268555,1.0866583585739136,0.6909807920455933
0.4643077850341797,0.957280158996582,0.6909787654876709
0.42131307721138,1.0289746522903442,0.6909768581390381
0.4168063998222351,1.0234719514846802,0.6909748315811157
0.4372659921646118,0.8794938921928406,0.6909725666046143
0.4038310945034027,0.9467535614967346,0.6909704804420471
0.4812391698360443,0.9691089391708374,0.6909684538841248
0.4921156167984009,1.025528073310852,0.690966010093689
0.5017242431640625,1.122066617012024,0.6909638047218323
0.4836501479148865,1.2568840980529785,0.6909615397453308
0.48881980776786804,1.2547045946121216,0.6909592151641846
0.49120473861694336,1.4618629217147827,0.6909571290016174
0.4707753360271454,0.9064908027648926,0.6909550428390503
0.4775088429450989,0.8883275985717773,0.6909528970718384
0.4156181514263153,1.2360128164291382,0.6909509301185608
0.4320816397666931,0.9778014421463013,0.6909488439559937
0.47094374895095825,1.253357172012329,0.6909468173980713
0.5251633524894714,0.9253601431846619,0.6909446120262146
0.39542829990386963,0.9711567163467407,0.6909423470497131
0.38170287013053894,1.1433557271957397,0.6909402012825012
0.49559175968170166,0.9151625633239746,0.6909380555152893
0.4189204275608063,1.267474889755249,0.6909358501434326
0.44651588797569275,0.9521694779396057,0.6909337639808655
0.49382415413856506,1.0570244789123535,0.690931499004364
0.524217426776886,1.2011215686798096,0.6909294724464417
0.42304328083992004,1.227414846420288,0.6909273266792297
0.4437253773212433,1.4537609815597534,0.6909251809120178
0.47686269879341125,1.0852720737457275,0.6909231543540955
0.4811817705631256,0.8862008452415466,0.6909209489822388
0.4755108654499054,1.0940172672271729,0.6909187436103821
0.49049848318099976,0.9480145573616028,0.6909165382385254
0.5157988667488098,0.9276183843612671,0.690914511680603
0.4514986276626587,1.1708160638809204,0.6909123063087463
0.41973748803138733,1.2558273077011108,0.6909102201461792
0.5036457777023315,1.1780762672424316,0.6909080147743225
0.5482928156852722,1.0689293146133423,0.6909058094024658
0.4905487596988678,1.2308802604675293,0.6909034252166748
0.4272603988647461,1.1162678003311157,0.6909012794494629
0.4082354009151459,1.4129348993301392,0.6908990740776062
0.4701065421104431,1.0632613897323608,0.6908969283103943
0.44646331667900085,1.3043354749679565,0.6908944845199585
0.44326117634773254,1.028402328491211,0.6908922791481018
0.45966824889183044,0.8780248165130615,0.6908903121948242
0.4705134928226471,0.8197721242904663,0.6908881664276123
0.49774762988090515,1.161427617073059,0.6908860206604004
0.3940911889076233,0.9537084102630615,0.690883994102478
0.4204646944999695,0.9899677634239197,0.6908816695213318
0.4494698941707611,1.3240625858306885,0.6908794045448303
0.5576805472373962,1.1361043453216553,0.6908769607543945
0.3961029648780823,1.1415404081344604,0.6908747553825378
0.45872747898101807,1.0919036865234375,0.6908725500106812
0.4606500267982483,0.9514005184173584,0.6908702254295349
0.4942915141582489,1.1087082624435425,0.6908683180809021
0.42541396617889404,1.0399179458618164,0.690866231918335
0.4791378676891327,1.1512651443481445,0.6908640265464783
0.44746869802474976,1.1292996406555176,0.6908618211746216
0.46850067377090454,1.3067255020141602,0.690859317779541
0.4141596853733063,1.1369402408599854,0.69085693359375
0.5104073286056519,1.119651198387146,0.690854549407959
0.45344993472099304,0.9654698967933655,0.6908522844314575
0.488972544670105,1.3560491800308228,0.6908503770828247
0.4542635977268219,1.2622681856155396,0.690848171710968
0.3984294831752777,0.9748482704162598,0.6908462643623352
0.4854089617729187,1.220951795578003,0.6908442974090576
0.4163883626461029,1.0472816228866577,0.6908422708511353
0.41703760623931885,0.9903982877731323,0.6908400654792786
0.4575199782848358,1.0591728687286377,0.6908378005027771
0.43413177132606506,0.9156873226165771,0.6908353567123413
0.5041429996490479,1.1339375972747803,0.6908329129219055
0.4860948920249939,1.1523529291152954,0.6908307075500488
0.4252052903175354,0.8856228590011597,0.6908286809921265
0.42897355556488037,0.9879255890846252,0.6908265948295593
0.5297368764877319,1.2417683601379395,0.6908248066902161
0.5021466016769409,1.0175691843032837,0.690822958946228
0.4697159230709076,0.7901280522346497,0.6908208727836609
0.41959112882614136,1.2721192836761475,0.6908186674118042
0.47569772601127625,1.3406221866607666,0.6908164024353027
0.37873420119285583,0.8904816508293152,0.6908142566680908
0.44356006383895874,1.0246648788452148,0.6908121109008789
0.4757588803768158,1.2639861106872559,0.6908100247383118
0.4667394459247589,0.9797133207321167,0.6908078193664551
0.48100125789642334,1.0057917833328247,0.6908057332038879
0.5271669030189514,1.4597833156585693,0.6908038854598999
0.4859248995780945,1.4484868049621582,0.6908017992973328
0.4534998834133148,0.9944252967834473,0.6907998323440552
0.46194693446159363,0.816240668296814,0.690797746181488
0.4812505543231964,1.5732606649398804,0.6907956600189209
0.4683554470539093,1.0212550163269043,0.690793514251709
0.4930744171142578,1.1070560216903687,0.6907908916473389
0.45363008975982666,1.0949060916900635,0.6907885670661926
0.44159454107284546,1.0471938848495483,0.6907861828804016
0.4399026334285736,1.4298814535140991,0.690784215927124
0.39186128973960876,1.0458860397338867,0.6907820701599121
0.44755491614341736,1.1541472673416138,0.6907804012298584
0.49774131178855896,0.8766847848892212,0.6907784938812256
0.4342486560344696,1.2423912286758423,0.6907765865325928
0.41707998514175415,1.0680209398269653,0.6907744407653809
0.4177635908126831,0.9319287538528442,0.6907722353935242
0.4562680721282959,1.0089725255966187,0.6907698512077332
0.4280134439468384,1.158035159111023,0.6907676458358765
0.44128715991973877,1.257992148399353,0.6907653212547302
0.45271146297454834,1.2041816711425781,0.6907631754875183
0.47414088249206543,1.064810872077942,0.6907612681388855
0.41786932945251465,0.9298985600471497,0.6907595992088318
0.45894190669059753,0.907179057598114,0.6907575726509094
0.44026342034339905,1.182641625404358,0.6907557249069214
0.43153291940689087,1.0263524055480957,0.6907535195350647
0.47134217619895935,0.9296585917472839,0.6907513737678528
0.43711572885513306,0.8966662883758545,0.6907491683959961
0.4235593378543854,0.9118509888648987,0.6907469034194946
0.4325726330280304,1.1318225860595703,0.6907446384429932
0.450802743434906,1.0286046266555786,0.6907426118850708
0.4878879487514496,1.0278970003128052,0.6907404661178589
0.4632211923599243,0.9544761180877686,0.6907385587692261
0.44037967920303345,0.9781293272972107,0.6907366514205933
0.423348069190979,1.2904132604599,0.690734326839447
0.4729355573654175,1.4520528316497803,0.690732479095459
0.4189808964729309,1.1027776002883911,0.6907302737236023
0.4688741862773895,0.932634711265564,0.6907278895378113
0.40536510944366455,0.8916234374046326,0.690725564956665
0.42689165472984314,1.2892662286758423,0.6907235383987427
0.5129744410514832,0.8322257399559021,0.6907216310501099
0.4299757778644562,1.0505568981170654,0.690719723701477
0.4152613878250122,0.9827287197113037,0.6907177567481995
0.46517807245254517,0.7787575125694275,0.6907157897949219
0.43422043323516846,0.9779133200645447,0.69071364402771
0.4624294936656952,1.3672724962234497,0.6907112002372742
0.4774089455604553,1.0048439502716064,0.6907089352607727
0.4870968759059906,1.125258207321167,0.6907066106796265
0.4817236661911011,1.0242830514907837,0.690704345703125
0.43467482924461365,1.1145893335342407,0.6907023191452026
0.48979902267456055,0.8526887893676758,0.690700352191925
0.4049839675426483,1.4528241157531738,0.6906986832618713
0.48104339838027954,1.0568857192993164,0.6906968355178833
0.48221078515052795,1.1051558256149292,0.6906947493553162
0.4025775194168091,0.9465618133544922,0.690692663192749
0.4505282938480377,0.9283641576766968,0.6906904578208923
0.4874228537082672,0.8742226958274841,0.6906881332397461
0.4816603362560272,1.2589216232299805,0.6906859278678894
0.435665488243103,0.9782268404960632,0.6906836032867432
0.49274420738220215,1.1443541049957275,0.690681517124176
0.471554160118103,1.1413180828094482,0.6906793713569641
0.4396224021911621,1.3762842416763306,0.6906775832176208
0.44735732674598694,1.1316075325012207,0.6906757950782776
0.41707462072372437,1.2953075170516968,0.6906739473342896
0.4542752802371979,0.9766579866409302,0.6906719207763672
0.45935553312301636,1.0051593780517578,0.6906698346138
0.4733853042125702,1.0790743827819824,0.6906675100326538
0.4767158329486847,0.8377445340156555,0.6906651854515076
0.45737579464912415,1.0726591348648071,0.69066321849823
0.47076505422592163,0.933963418006897,0.6906611919403076
0.44933679699897766,1.1261411905288696,0.6906591653823853
0.4055830240249634,0.9630335569381714,0.6906573176383972
0.46937742829322815,1.0424708127975464,0.6906553506851196
0.41990941762924194,0.9959063529968262,0.690653383731842
0.462361216545105,0.8932045698165894,0.6906513571739197
0.464592307806015,1.0706450939178467,0.6906492114067078
0.4162132143974304,0.9953781962394714,0.6906468272209167
0.44791969656944275,1.2434355020523071,0.6906449198722839
0.4470326006412506,1.095183253288269,0.690642774105072
0.44327476620674133,1.185526728630066,0.6906406879425049
0.48448964953422546,1.2991777658462524,0.690638542175293
0.4117520749568939,1.134536862373352,0.6906363368034363
0.4704945683479309,0.8627188205718994,0.6906343698501587
0.4619216024875641,1.072698712348938,0.6906325221061707
0.4084758758544922,1.2287675142288208,0.6906306743621826
0.46601420640945435,1.0890861749649048,0.6906285285949707
0.45444074273109436,1.122814655303955,0.6906264424324036
0.45907583832740784,1.0598286390304565,0.6906241774559021
0.45234182476997375,1.019450068473816,0.6906218528747559
0.490023136138916,1.0545156002044678,0.6906196475028992
0.4315981864929199,1.0915775299072266,0.6906177401542664
0.4588058292865753,0.8495696187019348,0.6906156539916992
0.4413248300552368,1.0783069133758545,0.6906136274337769
0.3863740563392639,1.0650683641433716,0.6906116008758545
0.4295450448989868,0.9805553555488586,0.6906096339225769
0.42535606026649475,0.9112883806228638,0.6906076073646545
0.4577656388282776,1.1377489566802979,0.6906053423881531
0.4023801386356354,0.9592400789260864,0.6906028985977173
0.5360351800918579,1.029836654663086,0.6906007528305054
0.4112939238548279,0.8345310688018799,0.6905986666679382
0.4460124969482422,1.04324209690094,0.6905966401100159
0.39796435832977295,1.1172285079956055,0.6905946135520935
0.4446115791797638,0.8706008791923523,0.6905924081802368
0.4869033396244049,0.9117709994316101,0.6905902624130249
0.4162617325782776,1.0442426204681396,0.6905880570411682
0.43193525075912476,1.1229685544967651,0.6905860304832458
0.457925409078598,1.0368595123291016,0.6905838847160339
0.5386679172515869,0.9728763103485107,0.6905816197395325
0.4285498857498169,1.031970500946045,0.6905795335769653
0.43161505460739136,0.9930251836776733,0.6905772089958191
0.42534053325653076,1.2155113220214844,0.6905750632286072
0.48396697640419006,1.3394337892532349,0.6905730366706848
0.49455931782722473,0.9245293736457825,0.6905708909034729
0.4987914562225342,0.8395535945892334,0.6905686855316162
0.47526809573173523,1.2169057130813599,0.6905667185783386
0.38248857855796814,0.8912060260772705,0.6905646920204163
0.471159428358078,1.1172226667404175,0.69056236743927
0.4725942015647888,0.8833665251731873,0.6905603408813477
0.4517757296562195,0.889505922794342,0.6905580759048462
0.4567233920097351,0.9978082180023193,0.6905558705329895
0.4504132866859436,1.0987402200698853,0.6905537843704224
0.4504733681678772,1.2537156343460083,0.6905516982078552
0.46697670221328735,1.253408432006836,0.6905496716499329
0.4612286686897278,1.0362799167633057,0.6905474662780762
0.46031519770622253,1.2045488357543945,0.6905453205108643
0.4286711812019348,0.9795020222663879,0.6905433535575867
0.4731502830982208,1.0027064085006714,0.6905412077903748
0.468292236328125,1.1246745586395264,0.6905390620231628
0.45558714866638184,0.9180789589881897,0.6905369162559509
0.3971410393714905,1.4644010066986084,0.690534770488739
0.40087831020355225,1.1079963445663452,0.6905326247215271
0.4192925989627838,1.1437863111495972,0.6905303597450256
0.45171210169792175,1.008073329925537,0.6905282735824585
0.3994773030281067,0.8715725541114807,0.6905260682106018
0.42126891016960144,1.1376343965530396,0.6905240416526794
0.38804924488067627,0.9830448627471924,0.6905219554901123
0.5154500603675842,0.9761462211608887,0.6905199885368347
0.45740145444869995,1.1071776151657104,0.6905180811882019
0.44098663330078125,1.1659832000732422,0.6905158758163452
0.40407928824424744,0.9389015436172485,0.6905138492584229
0.4406806230545044,1.1814731359481812,0.6905114650726318
0.42386165261268616,1.101665735244751,0.6905092000961304
0.4635173976421356,1.1500663757324219,0.690506637096405
0.41203826665878296,1.2159286737442017,0.6905043721199036
0.4759884178638458,1.0596479177474976,0.6905024647712708
0.4016553461551666,0.9287897348403931,0.6905004382133484
0.4814925789833069,0.9069200158119202,0.6904982924461365
0.47000354528427124,0.8326619267463684,0.6904961466789246
0.49096807837486267,1.0387746095657349,0.6904940605163574
0.449762761592865,0.8323531746864319,0.6904920339584351
0.45388343930244446,1.3463807106018066,0.6904898881912231
0.463579922914505,1.0319064855575562,0.6904876232147217
0.4372725188732147,1.285304069519043,0.6904853582382202
0.45426204800605774,0.9542805552482605,0.6904832124710083
0.46746841073036194,1.1003696918487549,0.6904810070991516
0.4895687699317932,1.0213810205459595,0.6904787421226501
0.4388662576675415,1.1416581869125366,0.690476655960083
0.43614906072616577,0.8372454047203064,0.6904745101928711
0.39817020297050476,0.9733101725578308,0.6904723644256592
0.45421648025512695,1.0046088695526123,0.6904702186584473
0.47057655453681946,1.0451629161834717,0.6904682517051697
0.42951640486717224,1.056466817855835,0.690466046333313
0.3795281946659088,0.7549682855606079,0.6904637813568115
0.45189619064331055,0.9126541614532471,0.6904616951942444
0.4447917938232422,0.9939286112785339,0.6904594302177429
0.43697452545166016,0.9451133608818054,0.690457284450531
0.44807204604148865,1.0957289934158325,0.6904550194740295
0.41535478830337524,0.936424195766449,0.6904528141021729
0.4885140061378479,1.0723503828048706,0.6904508471488953
0.3972414433956146,1.14780592918396,0.6904487609863281
0.4383852183818817,1.2067897319793701,0.6904466152191162
0.433907151222229,0.9285880923271179,0.6904444098472595
0.5075176954269409,0.9492135643959045,0.6904421448707581
0.42694318294525146,0.7779822945594788,0.6904398798942566
0.4466021656990051,1.0650932788848877,0.6904378533363342
0.4172995686531067,1.1537165641784668,0.6904356479644775
0.4206746816635132,0.842332661151886,0.6904335618019104
0.46383047103881836,0.994424045085907,0.6904312968254089
0.4950435161590576,0.9845496416091919,0.6904290318489075
0.43115314841270447,0.9800223708152771,0.690426766872406
0.5255278944969177,1.3749091625213623,0.6904246211051941
0.45361030101776123,0.839942455291748,0.6904224157333374
0.4546419382095337,0.8699024319648743,0.6904204487800598
0.47675028443336487,1.1447744369506836,0.6904184818267822
0.462593138217926,1.1759960651397705,0.6904165744781494
0.4458595812320709,1.0398597717285156,0.6904144287109375
0.43748313188552856,1.046823501586914,0.6904120445251465
0.4212356507778168,1.0944461822509766,0.6904098391532898
0.3908143639564514,0.9068411588668823,0.6904076933860779
0.47921285033226013,0.8767927885055542,0.6904053092002869
0.4746086299419403,1.0870461463928223,0.6904032826423645
0.43849676847457886,0.8607860207557678,0.6904010772705078
0.47512075304985046,1.2152647972106934,0.6903991103172302
0.43449515104293823,0.8739904165267944,0.6903972625732422
0.5140011310577393,1.0401214361190796,0.6903950572013855
0.4486062526702881,1.0331391096115112,0.6903928518295288
0.490010142326355,1.173449993133545,0.6903905272483826
0.44708845019340515,1.0349838733673096,0.6903882622718811
0.47592198848724365,1.1283832788467407,0.6903859376907349
0.4058735966682434,0.9708686470985413,0.6903836131095886
0.44555068016052246,1.1069285869598389,0.6903815269470215
0.39996758103370667,0.6515069603919983,0.6903795599937439
0.42904630303382874,1.1437913179397583,0.690377414226532
0.4342838525772095,0.9857890605926514,0.6903752684593201
0.4121720790863037,1.134790062904358,0.6903731226921082
0.37700292468070984,1.0541833639144897,0.6903709769248962
0.42104971408843994,1.1620194911956787,0.69036865234375
0.42204657196998596,0.8545352220535278,0.6903664469718933
0.47155624628067017,1.2088844776153564,0.690364420413971
0.4690077006816864,1.0806572437286377,0.6903624534606934
0.4573591947555542,0.9014923572540283,0.6903601884841919
0.481452077627182,0.8346949815750122,0.6903581023216248
0.46725860238075256,1.194966435432434,0.6903559565544128
0.40624338388442993,1.1491104364395142,0.6903537511825562
0.43897682428359985,1.1463885307312012,0.690351665019989
0.4284628927707672,1.0482616424560547,0.6903494596481323
0.42574217915534973,0.8075443506240845,0.6903473138809204
0.42994585633277893,0.9386340379714966,0.6903451681137085
0.4405870735645294,1.0590494871139526,0.6903430223464966
0.39495712518692017,1.1159528493881226,0.6903409957885742
0.4033252000808716,0.9550814628601074,0.6903388500213623
0.44338247179985046,0.9211635589599609,0.6903365850448608
0.457273930311203,1.0483475923538208,0.6903343796730042
0.48080599308013916,1.3407055139541626,0.6903321743011475
0.44879060983657837,1.0381693840026855,0.6903301477432251
0.4637890160083771,1.032460331916809,0.6903278827667236
0.48408830165863037,1.1308114528656006,0.6903256177902222
0.4639410674571991,1.1704788208007812,0.6903236508369446
0.45547494292259216,0.9875655770301819,0.6903212666511536
0.4593016803264618,1.086530089378357,0.6903191804885864
0.42165300250053406,1.005365014076233,0.690316915512085
0.4381362497806549,0.8869619369506836,0.6903148293495178
0.46388113498687744,0.9165285229682922,0.6903126835823059
0.48898500204086304,0.9236304759979248,0.6903104186058044
0.4610101878643036,0.8209376931190491,0.6903080344200134
0.4675082266330719,0.9939443469047546,0.6903057098388672
0.4798610210418701,1.2771458625793457,0.6903035640716553
0.4806506335735321,1.4349688291549683,0.6903014183044434
0.4579027593135834,1.030879259109497,0.6902989149093628
0.43047019839286804,1.1421092748641968,0.6902967691421509
0.4606408178806305,1.2741475105285645,0.6902946829795837
0.49009376764297485,0.7813529372215271,0.6902925372123718
0.3935962915420532,0.9619386792182922,0.6902905106544495
0.44699540734291077,1.0807770490646362,0.6902884244918823
0.45109823346138,1.0381146669387817,0.6902860999107361
0.4137938320636749,1.1801820993423462,0.6902838945388794
0.4034051299095154,1.1989505290985107,0.6902815699577332
0.3998775780200958,0.9091153740882874,0.6902791857719421
0.440600723028183,1.1734338998794556,0.6902769804000854
0.4907439351081848,1.061445713043213,0.6902748346328735
0.38313403725624084,1.131912350654602,0.6902726888656616
0.4590013027191162,1.0441278219223022,0.6902706623077393
0.39745864272117615,1.0935062170028687,0.6902683973312378
0.4738525152206421,0.8393047451972961,0.6902663111686707
0.4315820336341858,0.9163331389427185,0.6902640461921692
0.4428960382938385,0.8926519155502319,0.6902618408203125
0.4071308672428131,0.9754799604415894,0.6902594566345215
0.4437415301799774,0.9604562520980835,0.6902572512626648
0.47224220633506775,0.9650941491127014,0.6902549266815186
0.41559818387031555,1.0407074689865112,0.6902526021003723
0.436624139547348,1.043077826499939,0.6902503967285156
0.4945359230041504,0.8634347915649414,0.6902483105659485
0.4358982443809509,1.2196300029754639,0.6902461647987366
0.44162696599960327,0.8958127498626709,0.6902441382408142
0.43337318301200867,1.0143297910690308,0.6902419328689575
0.4485739469528198,0.977500319480896,0.6902397274971008
0.47176429629325867,1.0514651536941528,0.6902374625205994
0.45473209023475647,0.9297487139701843,0.6902349591255188
0.5032675862312317,1.1119098663330078,0.6902326345443726
0.47622838616371155,0.8472281098365784,0.6902302503585815
0.4147284924983978,1.4912022352218628,0.6902280449867249
0.46644869446754456,1.1695599555969238,0.6902258396148682
0.4585050940513611,1.1365106105804443,0.6902235746383667
0.4595368206501007,1.1185102462768555,0.6902215480804443
0.4424307942390442,0.9021651744842529,0.6902194619178772
0.45426443219184875,0.9750886559486389,0.6902173161506653
0.5046495795249939,0.9567564129829407,0.6902149319648743
0.4779779016971588,0.9249613285064697,0.690212607383728
0.4291335940361023,1.0350205898284912,0.690210223197937
0.447081983089447,0.943440318107605,0.6902078986167908
0.42042186856269836,1.4513723850250244,0.6902057528495789
0.46347060799598694,1.177767276763916,0.6902035474777222
0.4306376874446869,0.9594050049781799,0.6902012825012207
0.4091265797615051,0.99454665184021,0.6901990175247192
0.396656334400177,0.8804782032966614,0.6901969313621521
0.42766073346138,0.8445287346839905,0.6901949048042297
0.5092347860336304,1.2831231355667114,0.6901928186416626
0.4595146179199219,1.0234349966049194,0.6901904344558716
0.4367449879646301,1.137771725654602,0.6901881098747253
0.4226763844490051,0.8569725155830383,0.6901856064796448
0.43680334091186523,1.085038423538208,0.6901833415031433
0.4546295702457428,1.4448254108428955,0.6901810765266418
0.5023062229156494,0.7786310315132141,0.690179169178009
0.44742223620414734,0.8157601952552795,0.6901772618293762
0.4459179639816284,0.9838063716888428,0.6901750564575195
0.41095930337905884,0.9307339787483215,0.6901729702949524
0.4266745150089264,1.0355843305587769,0.6901708841323853
0.4193553030490875,0.866062343120575,0.690168559551239
0.45393165946006775,1.0173355340957642,0.6901663541793823
0.4438486397266388,1.1399919986724854,0.6901640295982361
0.4500858187675476,0.9628403186798096,0.690161943435669
0.4036298990249634,1.0780001878738403,0.6901597380638123
0.43693092465400696,0.769561231136322,0.6901575326919556
0.41229385137557983,1.000419020652771,0.6901553869247437
0.47136062383651733,1.1505409479141235,0.690153181552887
0.49060875177383423,1.0899478197097778,0.6901509761810303
0.45104002952575684,0.8006259799003601,0.6901488304138184
0.39522719383239746,1.0752644538879395,0.6901465654373169
0.4097619652748108,0.8611979484558105,0.6901443004608154
0.47343191504478455,1.0158607959747314,0.6901419162750244
0.44158104062080383,0.8646451234817505,0.6901398301124573
0.4249517321586609,1.0724561214447021,0.6901377439498901
0.42754867672920227,1.1518293619155884,0.690135657787323
0.38975149393081665,0.8663707971572876,0.6901335120201111
0.4114132523536682,0.9489573836326599,0.6901313662528992
0.4169017970561981,0.9555811882019043,0.6901292204856873
0.49803438782691956,1.0081852674484253,0.6901269555091858
0.4405825436115265,0.9542627334594727,0.6901247501373291
0.4592009484767914,0.777263343334198,0.6901226043701172
0.3984765410423279,1.036832571029663,0.6901201605796814
0.46590477228164673,0.8799051642417908,0.6901179552078247
0.49169135093688965,1.3321000337600708,0.6901155710220337
0.4093987047672272,0.9094688892364502,0.690113365650177
0.466068834066391,1.032804250717163,0.6901113390922546
0.4577549397945404,1.203876256942749,0.6901091933250427
0.5177370309829712,1.0254030227661133,0.6901069283485413
0.4700254201889038,1.0699578523635864,0.6901046633720398
0.46242767572402954,0.9575850963592529,0.6901024580001831
0.38770702481269836,1.2021845579147339,0.6901003122329712
0.46323880553245544,0.886864960193634,0.6900981068611145
0.44742351770401,1.0091161727905273,0.6900957822799683
0.5048760771751404,0.9917087554931641,0.6900935769081116
0.42267951369285583,1.1652964353561401,0.6900914311408997
0.49717235565185547,1.2145591974258423,0.6900894045829773
0.43531790375709534,1.0908609628677368,0.690087080001831
0.43604108691215515,1.0876063108444214,0.6900848746299744
0.451161652803421,1.0173859596252441,0.6900825500488281
0.3554336726665497,1.088653564453125,0.6900800466537476
0.450143426656723,0.9292187690734863,0.6900780200958252
0.4229588508605957,1.0434253215789795,0.6900758147239685
0.4396139681339264,1.262356162071228,0.6900736689567566
0.45946669578552246,1.3572627305984497,0.6900712251663208
0.44627687335014343,1.0998890399932861,0.6900689601898193
0.42328864336013794,0.9553290009498596,0.6900668144226074
0.45068100094795227,0.9366258978843689,0.6900646686553955
0.42510297894477844,0.861180305480957,0.6900626420974731
0.4796600937843323,0.9618238210678101,0.6900602579116821
0.43378496170043945,0.891516923904419,0.690058171749115
0.40344810485839844,0.7360857725143433,0.6900559067726135
0.4476902186870575,0.9872473478317261,0.6900536417961121
0.5104113817214966,1.1589750051498413,0.6900514960289001
0.4251834750175476,0.9521661996841431,0.6900492906570435
0.45489829778671265,0.9088259935379028,0.690047025680542
0.427123099565506,1.1133677959442139,0.6900448799133301
0.48463839292526245,1.1787008047103882,0.6900425553321838
0.42852386832237244,0.9335096478462219,0.6900404095649719
0.40805190801620483,0.8566431999206543,0.6900380253791809
0.40518155694007874,1.0845065116882324,0.690035879611969
0.46088889241218567,1.1344822645187378,0.6900334358215332
0.4870145618915558,0.9932435154914856,0.6900311708450317
0.4674772620201111,0.9377585649490356,0.6900292634963989
0.45690444111824036,1.1173710823059082,0.6900272369384766
0.516547679901123,0.9822773337364197,0.6900249123573303
0.4339276850223541,1.2115775346755981,0.6900225877761841
0.48762258887290955,1.0493741035461426,0.6900197863578796
0.42835167050361633,1.244422197341919,0.6900174617767334
0.4441351890563965,1.2848089933395386,0.6900153160095215
0.46015602350234985,1.0416532754898071,0.6900132894515991
0.3993060886859894,1.01045560836792,0.6900113821029663
0.4969598948955536,1.1384834051132202,0.690009593963623
0.41816267371177673,1.4811241626739502,0.6900073289871216
0.45934560894966125,1.029087781906128,0.6900051236152649
0.4651777148246765,1.0577682256698608,0.6900028586387634
0.43477320671081543,1.0792738199234009,0.6900003552436829
0.4006693661212921,1.0599716901779175,0.6899980902671814
0.4610310196876526,0.8483238816261292,0.6899961233139038
0.44446998834609985,1.0329155921936035,0.6899940371513367
0.4932492673397064,0.9172091484069824,0.6899920701980591
0.4403080344200134,1.0187660455703735,0.6899899244308472
0.4466682970523834,1.16529381275177,0.6899879574775696
0.4825759828090668,1.0342230796813965,0.6899856925010681
0.43329909443855286,0.7596126794815063,0.6899835467338562
0.45246899127960205,0.9630136489868164,0.6899811625480652
0.4305165410041809,1.0745065212249756,0.6899788975715637
0.4428596794605255,1.2794609069824219,0.6899766325950623
0.4418606460094452,1.0615922212600708,0.6899744868278503
0.46113672852516174,0.943148136138916,0.6899725794792175
0.44166186451911926,1.0884865522384644,0.6899703741073608
0.451806902885437,0.9802751541137695,0.6899683475494385
0.41087082028388977,0.958752453327179,0.6899662613868713
0.47383803129196167,1.0449693202972412,0.6899641156196594
0.4127329885959625,1.0888495445251465,0.6899616122245789
0.43875038623809814,1.3796024322509766,0.6899593472480774
0.4808114469051361,0.961456298828125,0.6899569630622864
0.45855745673179626,1.0537203550338745,0.6899548768997192
0.43930763006210327,1.1428766250610352,0.6899527907371521
0.5124322175979614,1.101082682609558,0.6899506449699402
0.42480435967445374,0.961227536201477,0.6899486780166626
0.44075289368629456,0.9216911792755127,0.6899465322494507
0.43612411618232727,1.0681543350219727,0.6899443864822388
0.4454970061779022,1.122796893119812,0.6899421811103821
0.5061604380607605,1.1311581134796143,0.6899400353431702
0.4453437626361847,1.233916997909546,0.6899377107620239
0.4336931109428406,1.231708288192749,0.6899355053901672
0.4519975185394287,0.8661299347877502,0.6899332404136658
0.4363580346107483,0.9790931344032288,0.6899312138557434
0.4313647449016571,0.872425377368927,0.6899289488792419
0.4026520848274231,1.0153491497039795,0.6899270415306091
0.4644659757614136,1.0703482627868652,0.6899250149726868
0.4335450232028961,1.5852923393249512,0.6899226307868958
0.45607054233551025,0.9962460398674011,0.6899204254150391
0.43040406703948975,0.9791117310523987,0.689918041229248
0.43146994709968567,0.9837881326675415,0.689915657043457
0.44570037722587585,0.9259016513824463,0.6899134516716003
0.48044782876968384,1.1858588457107544,0.6899113059043884
0.43120887875556946,0.8780678510665894,0.6899092197418213
0.48506003618240356,0.9931475520133972,0.6899071931838989
0.3960646688938141,0.9748708009719849,0.6899049282073975
0.43183815479278564,0.9652406573295593,0.6899029016494751
0.3943183720111847,0.898553192615509,0.6899005770683289
0.49426406621932983,0.879798412322998,0.6898983716964722
0.4293375313282013,0.8404517769813538,0.6898960471153259
0.4921213388442993,1.0202831029891968,0.6898939609527588
0.3926424980163574,0.7842385172843933,0.6898918747901917
0.46777528524398804,0.9395387768745422,0.6898897886276245
0.4303237497806549,0.9354032278060913,0.6898875832557678
0.4402865469455719,1.1377744674682617,0.6898855566978455
0.477487176656723,0.9400073289871216,0.6898831129074097
0.4367022216320038,1.0318247079849243,0.6898809671401978
0.44723188877105713,0.9352413415908813,0.6898786425590515
0.47189339995384216,1.034529685974121,0.6898765563964844
0.4960009753704071,0.9345778822898865,0.6898744702339172
0.4443668723106384,1.0544672012329102,0.689872145652771
0.4189729690551758,0.9890561699867249,0.689870297908783
0.49182572960853577,1.2267825603485107,0.6898683309555054
0.4832025170326233,1.0459542274475098,0.6898662447929382
0.46888408064842224,0.8659425973892212,0.6898640394210815
0.4566012918949127,1.1504247188568115,0.6898619532585144
0.4452933073043823,0.8817031383514404,0.6898596286773682
0.46852239966392517,0.6997331976890564,0.6898573637008667
0.4621027410030365,1.0965547561645508,0.6898552179336548
0.5018070340156555,0.931035041809082,0.6898530125617981
0.4806428551673889,0.8778676986694336,0.689850926399231
0.42777881026268005,0.9065117239952087,0.6898488998413086
0.40686243772506714,0.9640334248542786,0.6898466944694519
0.4853511452674866,1.1258227825164795,0.6898444890975952
0.39972856640815735,0.980841338634491,0.6898424029350281
0.537719190120697,0.9246623516082764,0.6898400187492371
0.45692896842956543,0.8405564427375793,0.6898376941680908
0.43183189630508423,1.0511322021484375,0.6898353695869446
0.4275764226913452,0.8965462446212769,0.6898332834243774
0.42674463987350464,0.9882641434669495,0.6898309588432312
0.42075666785240173,0.8585649132728577,0.6898289918899536
0.43654945492744446,0.8437985777854919,0.6898269653320312
0.41280996799468994,0.9899399280548096,0.6898248195648193
0.44740623235702515,0.9609014391899109,0.6898223757743835
0.4460639953613281,0.9408500790596008,0.6898199915885925
0.46637091040611267,1.0182421207427979,0.6898175477981567
0.45424288511276245,0.9776535630226135,0.6898154020309448
0.44599780440330505,1.0400007963180542,0.6898132562637329
0.44745853543281555,0.8960302472114563,0.6898112893104553
0.4455706775188446,0.986954927444458,0.6898094415664673
0.4511485993862152,1.1172749996185303,0.6898074746131897
0.43928954005241394,0.9036329984664917,0.6898051500320435
0.46177682280540466,0.7866289615631104,0.6898028254508972
0.504247784614563,0.929356575012207,0.6898006200790405
0.414635568857193,0.9228461384773254,0.6897983551025391
0.4827578663825989,0.9054951071739197,0.6897961497306824
0.5323529839515686,1.252069354057312,0.6897940039634705
0.44394153356552124,0.9088823199272156,0.6897916197776794
0.43978309631347656,0.8982372879981995,0.6897895336151123
0.45437338948249817,1.1465129852294922,0.6897875070571899
0.4312552511692047,1.0094432830810547,0.6897851824760437
0.39285773038864136,1.1233484745025635,0.6897830367088318
0.3798959255218506,1.1615478992462158,0.6897808313369751
0.45013296604156494,0.9038294553756714,0.6897786855697632
0.4927324652671814,0.9289547204971313,0.6897764801979065
0.5453077554702759,1.0905834436416626,0.6897743940353394
0.4235750436782837,1.1549233198165894,0.689772367477417
0.48495611548423767,0.973227322101593,0.6897704005241394
0.40451255440711975,1.1249258518218994,0.6897682547569275
0.38768044114112854,0.8281342387199402,0.6897658705711365
0.45399343967437744,0.9457946419715881,0.6897637248039246
0.448905885219574,1.1667166948318481,0.6897615194320679
0.4436822831630707,1.0470361709594727,0.6897592544555664
0.44764068722724915,1.0160504579544067,0.6897569894790649
0.4418424963951111,0.84067302942276,0.6897549629211426
0.4307432174682617,1.0078984498977661,0.6897527575492859
0.45179447531700134,0.9025419354438782,0.6897507905960083
0.42939165234565735,1.2382357120513916,0.6897485852241516
0.43616783618927,1.0356241464614868,0.6897464990615845
0.42329832911491394,0.9011584520339966,0.6897439956665039
0.4372771978378296,0.9262447953224182,0.6897417306900024
0.47238364815711975,0.9923302531242371,0.6897394061088562
0.4472893476486206,1.046255350112915,0.6897373199462891
0.4034995138645172,0.8167842030525208,0.6897351145744324
0.40615183115005493,0.9464708566665649,0.6897332072257996
0.32949531078338623,1.2244324684143066,0.6897311806678772
0.41400712728500366,0.8289670944213867,0.6897290945053101
0.4280054271221161,0.9142338037490845,0.6897270083427429
0.49434107542037964,0.9955862760543823,0.6897248029708862
0.43123435974121094,0.9676907062530518,0.6897222995758057
0.39991119503974915,0.9619022607803345,0.6897198557853699
0.447630375623703,1.0590494871139526,0.6897176504135132
0.4344361126422882,1.1055752038955688,0.6897155046463013
0.3836933672428131,1.0384161472320557,0.6897132396697998
0.4860767126083374,1.1951839923858643,0.6897114515304565
0.4520479142665863,1.146167516708374,0.6897093653678894
0.547901451587677,0.9311281442642212,0.689707338809967
0.48401784896850586,0.9537815451622009,0.6897051930427551
0.456607848405838,1.0621082782745361,0.6897029876708984
0.4611458480358124,1.0337859392166138,0.689700722694397
0.42819514870643616,0.8845673203468323,0.6896982789039612
0.4092898368835449,1.0442137718200684,0.6896958351135254
0.4652526080608368,1.0786322355270386,0.6896935105323792
0.4372662603855133,0.9279370903968811,0.6896915435791016
0.45774635672569275,1.0772085189819336,0.6896898150444031
0.4824904203414917,1.2614936828613281,0.6896877884864807
0.41057008504867554,1.1075935363769531,0.6896857619285583
0.4305208623409271,1.0566778182983398,0.6896834969520569
0.40488699078559875,1.077570915222168,0.6896810531616211
0.4636029005050659,1.0529167652130127,0.6896787285804749
0.4942081868648529,0.9797530770301819,0.6896764636039734
0.4543919563293457,1.0096123218536377,0.6896741986274719
0.44179588556289673,0.9167817234992981,0.6896721124649048
0.45608800649642944,1.006070852279663,0.689670205116272
0.45845064520835876,1.0999584197998047,0.6896684169769287
0.4071447551250458,0.8756574988365173,0.689666211605072
0.48092520236968994,1.0045723915100098,0.689663827419281
0.4648996591567993,1.5122649669647217,0.6896616816520691
0.4170793890953064,1.0832456350326538,0.6896592974662781
0.47874942421913147,0.8652217984199524,0.6896570920944214
0.48145750164985657,0.9777679443359375,0.6896548271179199
0.38529959321022034,0.8884443640708923,0.6896527409553528
0.4344170391559601,1.0257648229599,0.6896507143974304
0.47222700715065,1.2647120952606201,0.6896486878395081
0.41883620619773865,0.7596463561058044,0.6896467208862305
0.4551628828048706,1.0397778749465942,0.6896446347236633
0.3960881233215332,0.8817456364631653,0.6896424889564514
0.40871474146842957,0.8086665868759155,0.6896405816078186
0.4849115014076233,0.9881755709648132,0.6896384358406067
0.4525505304336548,0.9666131138801575,0.6896361708641052
0.47505125403404236,1.0036139488220215,0.689633846282959
0.4343024492263794,1.1277951002120972,0.6896315813064575
0.42411988973617554,1.0306570529937744,0.6896293759346008
0.4238744378089905,1.0568370819091797,0.6896272897720337
0.4157520830631256,0.8389238119125366,0.6896253228187561
0.4354149103164673,0.9488106966018677,0.6896234750747681
0.4284888505935669,1.4586299657821655,0.6896213889122009
0.40882137417793274,1.0414958000183105,0.6896194219589233
0.4575243592262268,0.873863935470581,0.6896169185638428
0.4537912607192993,1.1457191705703735,0.6896145343780518
0.48707354068756104,1.190631628036499,0.6896122694015503
0.3916374444961548,1.0770208835601807,0.6896103024482727
0.43709686398506165,1.0226045846939087,0.6896082758903503
0.3976553976535797,0.837006151676178,0.6896064877510071
0.41164636611938477,1.008113980293274,0.6896044611930847
0.45787596702575684,1.044811487197876,0.6896024942398071
0.5209305286407471,0.9111528396606445,0.6896002888679504
0.45774558186531067,1.0030101537704468,0.6895980834960938
0.426259309053421,1.0113098621368408,0.6895958185195923
0.3939628601074219,1.0514739751815796,0.6895936131477356
0.4886886179447174,0.9042705297470093,0.6895913481712341
0.4351906478404999,1.0180550813674927,0.6895893216133118
0.47303298115730286,0.9401217103004456,0.6895872354507446
0.402300089597702,0.9037203192710876,0.689585268497467
0.4348231554031372,0.9972869157791138,0.6895832419395447
0.4137832224369049,1.027815818786621,0.689581036567688
0.4248918890953064,0.776110827922821,0.6895790100097656
0.4398624002933502,1.0553816556930542,0.6895768642425537
0.4337121248245239,1.0083823204040527,0.6895747184753418
0.4584604501724243,0.7761780023574829,0.689572274684906
0.4596019983291626,1.0440945625305176,0.6895701289176941
0.36410999298095703,1.1481733322143555,0.6895681023597717
0.40828514099121094,1.048490285873413,0.6895658373832703
0.48934638500213623,1.097801685333252,0.6895638704299927
0.4443945288658142,1.0285372734069824,0.6895618438720703
0.40716567635536194,1.0091302394866943,0.689559817314148
0.43680793046951294,1.0473495721817017,0.6895577311515808
0.46425315737724304,0.9961026906967163,0.6895554661750793
0.4677529036998749,1.0007025003433228,0.6895531415939331
0.45303672552108765,0.7791919112205505,0.6895509362220764
0.38885223865509033,1.0660040378570557,0.689548909664154
0.46459683775901794,1.0736808776855469,0.6895469427108765
0.47071540355682373,1.061983346939087,0.6895448565483093
0.3891941010951996,1.0375313758850098,0.689542829990387
0.5166869759559631,0.965129554271698,0.6895408034324646
0.4756501615047455,0.9442400336265564,0.6895387172698975
0.46426695585250854,0.9408193826675415,0.689536452293396
0.48089346289634705,0.9601488709449768,0.6895341277122498
0.44894808530807495,1.0193943977355957,0.6895320415496826
0.4356791079044342,0.8149449229240417,0.6895298957824707
0.4747873544692993,1.2718472480773926,0.6895278692245483
0.4532357454299927,0.9556326270103455,0.6895256638526917
0.4738007187843323,1.0627880096435547,0.6895236372947693
0.4880547523498535,0.9211813807487488,0.6895216703414917
0.431890606880188,0.9038723111152649,0.6895195245742798
0.5156021118164062,0.8706491589546204,0.6895174384117126
0.4404883086681366,1.0431861877441406,0.6895151734352112
0.45754703879356384,0.9713292717933655,0.6895129084587097
0.4337159991264343,0.8569938540458679,0.689510703086853
0.5516425371170044,1.0318503379821777,0.6895084977149963
0.4715273082256317,0.9121366143226624,0.6895064115524292
0.43689417839050293,0.791153073310852,0.6895043253898621
0.38176479935646057,0.6254730820655823,0.6895021796226501
0.46204766631126404,1.1536598205566406,0.6895000338554382
0.4615110754966736,0.944416344165802,0.6894979476928711
0.42095014452934265,0.8585136532783508,0.6894956231117249
0.47444283962249756,1.0979599952697754,0.6894935369491577
0.4641980528831482,1.1109777688980103,0.689491331577301
0.5146048069000244,1.1030434370040894,0.6894890069961548
0.4614022374153137,0.8265236616134644,0.6894868612289429
0.40733563899993896,1.0019203424453735,0.6894845366477966
0.42169925570487976,0.9867695569992065,0.6894823908805847
0.4785941541194916,1.0333820581436157,0.6894803643226624
0.5105708837509155,0.8853150606155396,0.68947833776474
0.4571411907672882,0.7519457936286926,0.6894763112068176
0.41318464279174805,0.8988967537879944,0.6894741058349609
0.44906309247016907,0.995967447757721,0.6894719004631042
0.4346412122249603,0.8295111656188965,0.6894696950912476
0.4083782136440277,0.8789750337600708,0.6894674301147461
0.41307249665260315,1.0430234670639038,0.6894651055335999
0.42221832275390625,1.1081904172897339,0.6894629001617432
0.437057226896286,0.9672257900238037,0.6894609332084656
0.48814529180526733,1.27892005443573,0.6894587874412537
0.4103417992591858,0.9678776264190674,0.6894564032554626
0.43388456106185913,0.950187623500824,0.6894543170928955
0.44500651955604553,0.9760391116142273,0.6894523501396179
0.465636670589447,1.1561894416809082,0.6894503235816956
0.40040701627731323,1.266621470451355,0.6894482374191284
0.4702256917953491,0.9131947159767151,0.6894460916519165
0.4934753179550171,1.1156288385391235,0.6894440650939941
0.4340464770793915,0.8131352066993713,0.6894420385360718
0.4737076163291931,0.956197202205658,0.6894398927688599
0.4472298324108124,0.8561719059944153,0.6894375085830688
0.42453277111053467,1.0228197574615479,0.6894354224205017
0.4237653911113739,0.8946641087532043,0.6894333362579346
0.42269787192344666,0.9416793584823608,0.6894311904907227
0.5168523788452148,1.113774299621582,0.6894291639328003
0.4711889624595642,0.8182509541511536,0.6894271373748779
0.47365331649780273,1.1544883251190186,0.6894251704216003
0.4331035614013672,1.0242116451263428,0.6894230842590332
0.4559863209724426,1.0461679697036743,0.6894207000732422
0.42930155992507935,1.0385525226593018,0.6894184947013855
0.44635915756225586,0.934944748878479,0.689416229724884
0.45299941301345825,0.8111153244972229,0.6894142031669617
0.4522784352302551,1.2151446342468262,0.689411997795105
0.4087826907634735,0.8877957463264465,0.6894100904464722
0.4711865186691284,1.165366291999817,0.6894079446792603
0.47488874197006226,1.0209126472473145,0.6894057989120483
0.44584646821022034,0.9283115863800049,0.6894037127494812
0.4322865605354309,0.8960348963737488,0.6894013285636902
0.4253113567829132,0.8435940146446228,0.6893991231918335
0.42677900195121765,1.1725733280181885,0.6893969774246216
0.4079498052597046,0.9593528509140015,0.6893945932388306
0.42384132742881775,0.910106897354126,0.6893925666809082
0.45682665705680847,1.2004624605178833,0.6893904805183411
0.44749176502227783,0.9412224888801575,0.6893885731697083
0.42200082540512085,0.8712666034698486,0.6893863677978516
0.44639772176742554,0.9144700765609741,0.6893842816352844
0.4025110602378845,1.0961012840270996,0.6893821954727173
0.42841261625289917,0.9731046557426453,0.6893802285194397
0.4024847447872162,0.8585650324821472,0.689378023147583
0.41058149933815,1.1335678100585938,0.6893758773803711
0.4461847245693207,0.971450686454773,0.6893737316131592
0.46514737606048584,0.7470495700836182,0.689371645450592
0.48121628165245056,1.0340962409973145,0.6893693208694458
0.39973005652427673,0.9492467641830444,0.6893672347068787
0.4253017008304596,0.9077982902526855,0.6893651485443115
0.47044461965560913,1.0995739698410034,0.6893631815910339
0.4568135738372803,1.0681564807891846,0.689361035823822
0.406582772731781,0.9992293119430542,0.6893590092658997
0.38809671998023987,0.9579891562461853,0.6893569827079773
0.4010426104068756,1.169121503829956,0.6893547773361206
0.48322081565856934,1.0419222116470337,0.68935227394104
0.3876223564147949,0.8851186633110046,0.6893499493598938
0.4078516364097595,0.9470058679580688,0.6893478631973267
0.4070703387260437,1.2792506217956543,0.6893458366394043
0.4274478852748871,1.1163023710250854,0.6893437504768372
0.39780566096305847,0.9313371181488037,0.6893417239189148
0.41332727670669556,1.2894628047943115,0.689339816570282
0.5323026776313782,1.1199771165847778,0.6893377900123596
0.4440675377845764,1.1761397123336792,0.6893357038497925
0.4257345497608185,1.1074477434158325,0.6893334984779358
0.4508281648159027,1.1714837551116943,0.6893311142921448
0.40362370014190674,0.923086941242218,0.6893287897109985
0.44109365344047546,0.8897615075111389,0.6893264055252075
0.44437435269355774,0.9032716751098633,0.6893242597579956
0.4246884882450104,0.8117650151252747,0.6893220543861389
0.4536725580692291,0.9842833280563354,0.6893200874328613
0.4033222794532776,1.0197352170944214,0.6893181204795837
0.45612356066703796,0.8956336975097656,0.6893160343170166
0.4956388473510742,0.8400729894638062,0.6893138885498047
0.42871832847595215,1.0589805841445923,0.6893117427825928
0.42522647976875305,0.8813009858131409,0.6893094182014465
0.5046149492263794,1.1886646747589111,0.6893070936203003
0.44044890999794006,0.7807233929634094,0.6893049478530884
0.46494606137275696,0.8951706886291504,0.6893029808998108
0.41255563497543335,1.0013339519500732,0.6893008947372437
0.49715057015419006,1.0092271566390991,0.6892987489700317
0.41536933183670044,0.955797016620636,0.689296543598175
0.4103640019893646,0.7790635228157043,0.6892942786216736
0.4152350425720215,0.8528016209602356,0.6892919540405273
0.46608883142471313,0.8817417025566101,0.6892898678779602
0.46703940629959106,1.0851795673370361,0.6892877817153931
0.4620526134967804,1.0644694566726685,0.6892856955528259
0.4813443124294281,0.7538031339645386,0.6892836093902588
0.44455817341804504,1.1568549871444702,0.6892815232276917
0.36699554324150085,1.0063213109970093,0.6892791986465454
0.4602617919445038,0.8621308207511902,0.6892770528793335
0.49100756645202637,0.8647575378417969,0.6892749071121216
0.4354006350040436,1.1171010732650757,0.6892728209495544
0.4486345648765564,0.9944136738777161,0.6892703771591187
0.44907346367836,0.89604651927948,0.689268171787262
0.4706449806690216,0.7538889050483704,0.6892659068107605
0.45065557956695557,1.0241045951843262,0.6892637610435486
0.4889754354953766,1.0505809783935547,0.6892614960670471
0.39662209153175354,1.0602328777313232,0.68925940990448
0.455174058675766,1.1023826599121094,0.6892573237419128
0.42088499665260315,0.8784582614898682,0.6892551779747009
0.4516724944114685,1.1215500831604004,0.6892530918121338
0.4340003728866577,1.046006441116333,0.6892508864402771
0.41023534536361694,1.0785512924194336,0.6892485618591309
0.4210298955440521,0.9015901684761047,0.6892463564872742
0.410507470369339,0.7816322445869446,0.6892442107200623
0.477688193321228,0.9640750288963318,0.6892419457435608
0.4339110851287842,0.8380563855171204,0.6892396807670593
0.44901975989341736,0.9583911895751953,0.6892374753952026
0.4957258403301239,0.8072327375411987,0.6892354488372803
0.43879932165145874,1.0527423620224,0.6892333030700684
0.44836875796318054,0.9435485601425171,0.689231276512146
0.40940970182418823,1.126499056816101,0.6892291903495789
0.46663162112236023,1.0008896589279175,0.6892268061637878
0.43207985162734985,1.0919195413589478,0.6892244219779968
0.49737247824668884,1.0169410705566406,0.6892220377922058
0.454180508852005,0.9335890412330627,0.6892198920249939
0.4272281229496002,0.8293724656105042,0.6892176866531372
0.39478689432144165,0.8651232123374939,0.6892156600952148
0.4509468376636505,1.3102041482925415,0.6892136335372925
0.4566255509853363,1.002212643623352,0.6892114281654358
0.3833847641944885,1.1553384065628052,0.6892091035842896
0.456307977437973,0.7406200766563416,0.6892069578170776
0.4435034394264221,0.933345377445221,0.689204752445221
0.43931853771209717,1.2660366296768188,0.6892025470733643
0.4066805839538574,1.0722190141677856,0.6892002820968628
0.39848196506500244,0.908371090888977,0.6891981363296509
0.41082900762557983,0.8601658344268799,0.689195990562439
0.4344503581523895,1.1440742015838623,0.6891940236091614
0.4695213735103607,0.873447597026825,0.6891918182373047
0.43013155460357666,0.7113344669342041,0.6891897916793823
0.440336674451828,0.8029699325561523,0.6891876459121704
0.42005786299705505,0.7679654359817505,0.6891855597496033
0.48886457085609436,0.7979552745819092,0.6891833543777466
0.43557989597320557,0.9612891674041748,0.6891810894012451
0.40227949619293213,1.2194632291793823,0.6891788244247437
0.4801943898200989,0.9811608195304871,0.6891762614250183
0.4146063029766083,1.038069725036621,0.6891740560531616
0.47950494289398193,1.0129435062408447,0.6891719698905945
0.4331754148006439,1.0224944353103638,0.6891699433326721
0.43852975964546204,1.0039081573486328,0.689167857170105
0.4116267263889313,1.181800127029419,0.6891657710075378
0.47793346643447876,0.9711693525314331,0.6891635656356812
0.4106447398662567,0.9124870896339417,0.6891615390777588
0.4525439441204071,1.0744528770446777,0.6891595125198364
0.5137985944747925,0.7629075646400452,0.6891571879386902
0.4563504755496979,0.9985595345497131,0.6891549825668335
0.4006229639053345,1.0220510959625244,0.6891528367996216
0.42792949080467224,0.9529284834861755,0.6891507506370544
0.4474835991859436,1.0584594011306763,0.6891487836837769
0.49247947335243225,1.0896986722946167,0.6891466379165649
0.447799414396286,0.9727643132209778,0.6891445517539978
0.5175771713256836,1.2051162719726562,0.6891423463821411
0.415169894695282,1.0454343557357788,0.6891399621963501
0.5265769362449646,0.9658991098403931,0.6891375780105591
0.399723082780838,1.2201447486877441,0.6891353130340576
0.3725094795227051,1.26297128200531,0.6891331672668457
0.43625497817993164,0.8285529613494873,0.6891310811042786
0.44667109847068787,1.1523587703704834,0.6891290545463562
0.45038095116615295,0.8571330904960632,0.68912672996521
0.38869643211364746,0.6427321434020996,0.6891246438026428
0.4680587947368622,1.2548935413360596,0.6891224980354309
0.4664757549762726,1.1773409843444824,0.6891202926635742
0.4346858263015747,0.822454571723938,0.6891180276870728
0.4402095079421997,0.8629059195518494,0.689115583896637
0.43183067440986633,0.8493980169296265,0.689113438129425
0.3981129229068756,0.9720643758773804,0.6891112327575684
0.43229910731315613,1.1355609893798828,0.6891092658042908
0.42536821961402893,0.8448002338409424,0.6891071796417236
0.41082513332366943,1.0371545553207397,0.6891051530838013
0.47838422656059265,1.2894748449325562,0.6891027688980103
0.4326658546924591,0.9118508696556091,0.689100444316864
0.4495171308517456,1.1093347072601318,0.6890981793403625
0.4294095039367676,0.9126237630844116,0.6890959739685059
0.47399336099624634,0.7908518314361572,0.6890939474105835
0.4267560541629791,1.0026074647903442,0.6890919804573059
0.4441649615764618,0.8467149138450623,0.6890899538993835
0.41618168354034424,0.9421222805976868,0.6890879273414612
0.397855281829834,1.058963418006897,0.6890857219696045
0.4659591317176819,1.1297518014907837,0.689083456993103
0.36710333824157715,0.8338940143585205,0.6890811324119568
0.4209096431732178,1.0575201511383057,0.6890786290168762
0.4709758758544922,0.9466869831085205,0.6890764832496643
0.43191295862197876,0.8854228258132935,0.6890742778778076
0.3956042528152466,1.0957118272781372,0.6890720725059509
0.4687598645687103,0.7693647742271423,0.6890703439712524
0.5007815361022949,0.9700139164924622,0.6890684366226196
0.4522709250450134,1.4407274723052979,0.689066469669342
0.4530441164970398,1.2360687255859375,0.6890643239021301
0.4995438754558563,0.8487892150878906,0.6890619993209839
0.4743984043598175,0.9709600806236267,0.6890594959259033
0.45103728771209717,1.0538259744644165,0.6890572905540466
0.4825797975063324,1.147563099861145,0.6890547871589661
0.422089159488678,1.0007665157318115,0.6890527606010437
0.43280941247940063,1.0687153339385986,0.689050555229187
0.43525129556655884,1.0887023210525513,0.6890489459037781
0.4446754455566406,0.8827634453773499,0.68904709815979
0.4210052490234375,1.015580654144287,0.689045250415802
0.49558576941490173,1.326401710510254,0.6890431046485901
0.4821096658706665,1.0891247987747192,0.6890408396720886
0.41685935854911804,0.8450907468795776,0.6890383362770081
0.46580713987350464,0.8343901038169861,0.6890360116958618
0.3869490325450897,1.049216389656067,0.6890338063240051
0.4111422002315521,1.1827188730239868,0.6890316605567932
0.46383142471313477,1.1091033220291138,0.6890297532081604
0.425589919090271,0.9542081952095032,0.689027726650238
0.44606268405914307,1.038233757019043,0.6890257000923157
0.43569251894950867,0.79234778881073,0.6890236735343933
0.4694066643714905,0.8168653249740601,0.6890215277671814
0.38517671823501587,0.8717357516288757,0.6890194416046143
0.4591742157936096,0.7607434988021851,0.6890172362327576
0.4391326308250427,0.9015589952468872,0.6890150308609009
0.4606552720069885,0.7822467088699341,0.6890125870704651
0.44358840584754944,0.9183436632156372,0.6890104413032532
0.41629743576049805,1.1630017757415771,0.689008355140686
0.44781389832496643,1.1461565494537354,0.6890063881874084
0.45817771553993225,0.806831419467926,0.6890044808387756
0.4706898629665375,0.8667301535606384,0.6890023946762085
0.4507627785205841,1.1393237113952637,0.6890004277229309
0.46194371581077576,1.0621750354766846,0.6889981627464294
0.42390644550323486,0.8270458579063416,0.6889957785606384
0.39237144589424133,1.1070773601531982,0.6889934539794922
0.45355966687202454,0.9832333922386169,0.6889913082122803
0.4564145505428314,1.0245170593261719,0.6889891624450684
0.444987416267395,0.9984126091003418,0.6889872550964355
0.4441435933113098,1.0786291360855103,0.6889854073524475
0.41909947991371155,0.9078595042228699,0.6889834403991699
0.5115087628364563,0.7963641881942749,0.6889814734458923
0.5089029669761658,0.8374035954475403,0.6889792680740356
0.3930905759334564,0.9830207228660583,0.6889772415161133
0.5278089642524719,0.8731844425201416,0.6889750361442566
0.4678867757320404,0.8217941522598267,0.6889728307723999
0.44210493564605713,0.8684768676757812,0.6889705061912537
0.4209008812904358,0.9138688445091248,0.6889683604240417
0.4624710977077484,0.9649363160133362,0.6889662742614746
0.45984846353530884,0.7983067035675049,0.6889644265174866
0.5200624465942383,1.1245037317276,0.6889625787734985
0.4537906050682068,0.8826532959938049,0.6889604926109314
0.4424639940261841,0.9767990112304688,0.6889584064483643
0.43957504630088806,0.8625480532646179,0.6889563202857971
0.4411624073982239,0.8343557119369507,0.68895423412323
0.4745349884033203,1.1898088455200195,0.6889520883560181
0.43007713556289673,1.0415774583816528,0.6889498233795166
0.45589345693588257,1.2112390995025635,0.6889475584030151
0.41834768652915955,1.0135679244995117,0.6889454126358032
0.46653592586517334,0.9501693248748779,0.6889434456825256
0.43608707189559937,0.9740156531333923,0.688941478729248
0.43778371810913086,0.9187891483306885,0.6889395713806152
0.4297015964984894,0.9778614044189453,0.6889376044273376
0.4663854241371155,1.1652415990829468,0.6889354586601257
0.4649256467819214,1.0762298107147217,0.6889333128929138
0.4305530786514282,0.8788052201271057,0.6889311075210571
0.4970260560512543,1.1912928819656372,0.6889288425445557
0.404141902923584,0.8896653652191162,0.688926637172699
0.4213067591190338,0.811210036277771,0.6889246702194214
0.44621923565864563,0.9407555460929871,0.6889224648475647
0.44151148200035095,1.1063529253005981,0.6889205574989319
0.44205230474472046,0.9314349889755249,0.6889185905456543
0.45872920751571655,0.7997866868972778,0.6889164447784424
0.3962918519973755,0.9583604335784912,0.6889143586158752
0.378245085477829,0.893952488899231,0.6889122724533081
0.4368167817592621,0.7409554123878479,0.6889100670814514
0.38572782278060913,1.012800693511963,0.6889079809188843
0.4152473211288452,1.103214979171753,0.688905656337738
0.4456652104854584,0.8847614526748657,0.6889035701751709
0.3863619267940521,1.0307306051254272,0.6889014840126038
0.4140290319919586,0.890689492225647,0.6888993978500366
0.430613249540329,0.8269078731536865,0.6888976097106934
0.4740704894065857,1.2470080852508545,0.688895583152771
0.39617717266082764,0.9382036328315735,0.6888933777809143
0.49336332082748413,0.8232643604278564,0.6888911724090576
0.47915512323379517,1.0703315734863281,0.6888888478279114
0.4467233419418335,0.8917126059532166,0.6888866424560547
0.47908005118370056,0.9171287417411804,0.6888846755027771
0.48189470171928406,0.9191951155662537,0.6888827681541443
0.4382910132408142,1.1850804090499878,0.6888808608055115
0.45539480447769165,0.7872975468635559,0.6888788342475891
0.42976275086402893,1.0945771932601929,0.688876748085022
0.44142141938209534,1.1538538932800293,0.6888747215270996
0.3498392701148987,1.0847182273864746,0.6888724565505981
0.4364696741104126,0.8852587938308716,0.6888700723648071
0.45088645815849304,1.1106616258621216,0.6888677477836609
0.4551122188568115,0.8286428451538086,0.6888654828071594
0.45305487513542175,1.007699728012085,0.6888635158538818
0.43181392550468445,0.9523431658744812,0.6888613700866699
0.41783127188682556,0.9561049342155457,0.688859224319458
0.4420267343521118,1.0350614786148071,0.6888573169708252
0.4302009344100952,1.0862771272659302,0.6888552904129028
0.413296639919281,1.032076120376587,0.6888531446456909
0.4289568364620209,0.7736150026321411,0.6888507604598999
0.4409564137458801,0.762596070766449,0.6888486742973328
0.4659321904182434,0.8915507793426514,0.6888463497161865
0.5057912468910217,0.8547424077987671,0.6888443231582642
0.4514521658420563,1.0781761407852173,0.6888421773910522
0.4513653516769409,1.1193877458572388,0.6888400316238403
0.4672359228134155,0.9522184133529663,0.688838005065918
0.4364165663719177,1.0342434644699097,0.6888361573219299
0.4565378725528717,0.9552862644195557,0.6888341307640076
0.41640791296958923,0.857323944568634,0.6888320446014404
0.47502830624580383,1.0459682941436768,0.6888300776481628
0.35861316323280334,0.9793124198913574,0.6888279318809509
0.4639313519001007,0.7253597378730774,0.6888257265090942
0.4532453715801239,0.9455276727676392,0.6888233423233032
0.44069811701774597,0.9671552777290344,0.6888214349746704
0.4119724929332733,0.9502583146095276,0.688819408416748
0.4405072033405304,1.101883053779602,0.6888173818588257
0.4534693658351898,0.7056450843811035,0.6888152360916138
0.4398437440395355,0.951873242855072,0.6888130307197571
0.4298478662967682,0.8764171600341797,0.6888108253479004
0.4505634605884552,1.0763341188430786,0.688808798789978
0.43502140045166016,0.8237906694412231,0.6888067722320557
0.4837467074394226,0.9384393692016602,0.6888047456741333
0.46131518483161926,0.9575129151344299,0.6888027191162109
0.4553620517253876,1.1973342895507812,0.6888008713722229
0.48441991209983826,1.2581366300582886,0.6887986660003662
0.46253126859664917,0.9013803005218506,0.6887964606285095
0.4553575813770294,0.8315971493721008,0.6887942552566528
0.39080938696861267,0.883362352848053,0.6887921094894409
0.39740270376205444,0.8287767767906189,0.6887898445129395
0.5340237617492676,1.0046294927597046,0.6887877583503723
0.4738146960735321,0.8374686241149902,0.68878573179245
0.41127249598503113,0.9435632824897766,0.6887837648391724
0.4177374541759491,1.034854769706726,0.6887816190719604
0.5143190026283264,0.9280149340629578,0.6887794137001038
0.3822247087955475,0.8088898062705994,0.6887772679328918
0.38730910420417786,0.8485786318778992,0.6887748837471008
0.39578890800476074,0.8795061707496643,0.6887728571891785
0.4854229688644409,0.881004810333252,0.6887705326080322
0.3868558406829834,1.0374118089675903,0.6887684464454651
0.4352663457393646,0.8799212574958801,0.688766360282898
0.4141387939453125,1.1581753492355347,0.688764214515686
0.3853573501110077,1.0611886978149414,0.6887622475624084
0.4318668246269226,1.0014410018920898,0.6887601017951965
0.4710327684879303,0.8975260853767395,0.6887579560279846
0.43438243865966797,0.9278165102005005,0.6887558698654175
0.47541937232017517,0.9459400177001953,0.688753604888916
0.3154485821723938,0.9164291024208069,0.6887513995170593
0.4613058269023895,0.8461271524429321,0.6887491941452026
0.47857722640037537,0.7317668199539185,0.688747227191925
0.4007098972797394,0.836850106716156,0.6887451410293579
0.4413192570209503,0.9884780645370483,0.688742995262146
0.4389752745628357,0.7644346952438354,0.6887408494949341
0.40381723642349243,0.9536051750183105,0.6887386441230774
0.4353286623954773,0.9542426466941833,0.6887364387512207
0.4514121115207672,0.853096604347229,0.6887341737747192
0.4070144593715668,1.0526342391967773,0.6887321472167969
0.4419853091239929,0.887114942073822,0.6887301206588745
0.4821825623512268,1.139384388923645,0.6887279748916626
0.4144454896450043,1.0612843036651611,0.688726007938385
0.43094733357429504,0.8302475214004517,0.6887238621711731
0.3888532817363739,0.9429413080215454,0.6887215971946716
0.38755401968955994,0.8101964592933655,0.6887193322181702
0.44522300362586975,0.7978537082672119,0.688717246055603
0.40638425946235657,1.1795730590820312,0.6887151598930359
0.3822813332080841,0.9805604815483093,0.688713014125824
0.4185117185115814,1.0687212944030762,0.6887106895446777
0.4468819200992584,1.0669374465942383,0.6887087225914001
0.38355180621147156,0.8658183813095093,0.6887065172195435
0.44611847400665283,0.844791054725647,0.6887044310569763
0.48279517889022827,0.9065406322479248,0.6887023448944092
0.4707004427909851,0.9973177313804626,0.6887000799179077
0.4437078833580017,0.9129655361175537,0.6886979341506958
0.4206479489803314,1.1174076795578003,0.6886959075927734
0.48338064551353455,1.0688778162002563,0.6886937022209167
0.43549245595932007,0.9828790426254272,0.6886914372444153
0.39091265201568604,0.9348253607749939,0.6886891722679138
0.43605339527130127,0.8524088263511658,0.6886869072914124
0.4440174698829651,1.0276732444763184,0.6886847615242004
0.4944230616092682,1.1246447563171387,0.6886827349662781
0.43193191289901733,0.8543696999549866,0.6886805891990662
0.4513818323612213,1.0831879377365112,0.6886785626411438
0.4270162880420685,0.9864602088928223,0.6886764764785767
0.4402984380722046,0.9731401801109314,0.6886743903160095
0.4376983642578125,0.8678971529006958,0.6886723041534424
0.46964746713638306,0.8383894562721252,0.6886700987815857
0.444660484790802,1.0097134113311768,0.6886679530143738
0.4430001676082611,0.81092768907547,0.6886658668518066
0.3894354999065399,1.013205885887146,0.6886637210845947
0.4140014946460724,1.015710711479187,0.688661515712738
0.4276409149169922,1.0564500093460083,0.6886593699455261
0.4366544187068939,0.9739630818367004,0.6886569261550903
0.42529842257499695,1.091640591621399,0.6886550188064575
0.41059261560440063,0.8478742837905884,0.688652753829956
0.4953475892543793,0.9223276972770691,0.6886506080627441
0.48311179876327515,0.912291407585144,0.6886484622955322
0.45036739110946655,0.9908378720283508,0.6886464953422546
0.39037013053894043,0.7598860263824463,0.6886442303657532
0.45127058029174805,1.1005504131317139,0.6886420249938965
0.47601279616355896,1.1234924793243408,0.6886399388313293
0.4549817144870758,0.9568700194358826,0.6886376142501831
0.3846883177757263,0.8694210648536682,0.6886355876922607
0.43024465441703796,0.9444228410720825,0.6886335015296936
0.4329952001571655,0.8401891589164734,0.6886313557624817
0.42901611328125,0.8578810691833496,0.6886292695999146
0.47117549180984497,0.8995952606201172,0.6886271834373474
0.43306100368499756,0.7660230398178101,0.688625156879425
0.4547290802001953,1.0008496046066284,0.6886230111122131
0.4378456771373749,0.8566012382507324,0.6886207461357117
0.4726988971233368,0.8621483445167542,0.6886184215545654
0.4676834046840668,1.1903061866760254,0.6886163353919983
0.4635254144668579,0.8996812701225281,0.6886141896247864
0.43017837405204773,0.9513136148452759,0.6886121034622192
0.44935470819473267,0.7540010213851929,0.6886100172996521
0.4516350030899048,0.7246834635734558,0.6886078119277954
0.43800193071365356,0.8911719918251038,0.6886056065559387
0.41727614402770996,1.0360753536224365,0.6886033415794373
0.494353324174881,1.0535075664520264,0.6886010766029358
0.4635820686817169,1.0555944442749023,0.6885988712310791
0.458527147769928,1.0748878717422485,0.6885966658592224
0.43026959896087646,0.9325647950172424,0.6885946393013
0.4454640746116638,0.9040539860725403,0.6885926723480225
0.3726118505001068,0.8478070497512817,0.6885905861854553
0.45514196157455444,0.8675805330276489,0.6885885000228882
0.4503850042819977,1.0034663677215576,0.6885862946510315
0.45925864577293396,1.0969493389129639,0.68858402967453
0.4266640841960907,0.9371364116668701,0.6885818839073181
0.442056268453598,0.7672538161277771,0.6885797381401062
0.4215705096721649,0.9642799496650696,0.6885775923728943
0.3936859369277954,0.8619272708892822,0.6885756254196167
0.4836479723453522,1.1245908737182617,0.6885737180709839
0.40322619676589966,0.7932131290435791,0.6885715126991272
0.37420347332954407,1.0647752285003662,0.6885694265365601
0.38815391063690186,0.7780352234840393,0.6885673403739929
0.43868589401245117,0.9533286690711975,0.688565194606781
0.45028793811798096,0.8968106508255005,0.6885629892349243
0.47300148010253906,0.8770312666893005,0.6885609030723572
0.44274792075157166,0.879025936126709,0.6885586977005005
0.44552040100097656,0.8857773542404175,0.6885563731193542
0.3913012742996216,1.0133672952651978,0.6885544061660767
0.4553632140159607,1.0016616582870483,0.6885520815849304
0.40365612506866455,0.8495986461639404,0.6885501146316528
0.4343177080154419,0.9022796154022217,0.6885480284690857
0.43949589133262634,0.976286768913269,0.6885459423065186
0.4273413121700287,1.0923545360565186,0.6885437369346619
0.4378087818622589,0.9065248370170593,0.6885414719581604
0.46982818841934204,1.031308889389038,0.6885395050048828
0.45378249883651733,0.920128583908081,0.6885374188423157
0.43154942989349365,0.8441733121871948,0.6885350942611694
0.43996402621269226,0.9031258821487427,0.6885327696800232
0.4443678855895996,1.1194705963134766,0.6885305643081665
0.44006696343421936,1.1209123134613037,0.6885283589363098
0.5053075551986694,0.9735097289085388,0.6885262727737427
0.41910842061042786,0.8756096959114075,0.6885241270065308
0.4100084900856018,1.0045169591903687,0.6885219812393188
0.4312697649002075,0.8498114943504333,0.6885198950767517
0.40083152055740356,0.9063753485679626,0.688517689704895
0.43521058559417725,1.1712276935577393,0.6885155439376831
0.4142179787158966,0.8684796094894409,0.6885133385658264
0.44302642345428467,0.9236946105957031,0.6885111331939697
0.4166322350502014,0.7915921807289124,0.6885090470314026
0.4604170620441437,0.9983391761779785,0.6885067224502563
0.411283403635025,0.8377934098243713,0.6885044574737549
0.45949652791023254,0.8416845202445984,0.6885022521018982
0.48457396030426025,0.8348492383956909,0.6885002255439758
0.43307816982269287,0.8577443957328796,0.6884982585906982
0.4317512810230255,0.9005155563354492,0.688495934009552
0.39546796679496765,0.9090529084205627,0.6884937882423401
0.4030725061893463,0.9647338390350342,0.6884915828704834
0.4633598327636719,0.8517975211143494,0.6884894371032715
0.39312744140625,0.8220235109329224,0.6884872317314148
0.46369847655296326,1.0482712984085083,0.6884850859642029
0.464551717042923,1.02192223072052,0.6884829998016357
0.457800954580307,0.8021083474159241,0.688480794429779
0.36716827750205994,0.9937348365783691,0.6884787678718567
0.41357189416885376,0.9455150961875916,0.6884766221046448
0.39904579520225525,1.0307722091674805,0.6884744167327881
0.46258780360221863,0.7824022769927979,0.6884722113609314
0.40569213032722473,0.8253822326660156,0.6884702444076538
0.47385644912719727,0.9490543603897095,0.6884680390357971
0.42182716727256775,0.8617804646492004,0.6884658336639404
0.45926183462142944,0.9563828110694885,0.6884636282920837
0.48932719230651855,1.0469759702682495,0.6884616017341614
0.4306545853614807,0.734717071056366,0.6884594559669495
0.4013397991657257,1.033012866973877,0.688457190990448
0.4261217415332794,1.0012850761413574,0.6884549260139465
0.44734591245651245,0.7857068777084351,0.6884526014328003
0.4616566598415375,0.8495386838912964,0.6884503364562988
0.4322614073753357,0.8827348351478577,0.6884481906890869
0.4493584632873535,0.8888702392578125,0.688446044921875
0.4614041745662689,0.7581520676612854,0.6884438395500183
0.5259886980056763,1.0862553119659424,0.6884418725967407
0.4148181676864624,0.8178513646125793,0.6884397864341736
0.4901755154132843,0.8976738452911377,0.6884376406669617
0.40154770016670227,1.0304864645004272,0.6884355545043945
0.42108356952667236,0.8517452478408813,0.6884332299232483
0.46908000111579895,0.9270220994949341,0.6884310841560364
0.4270380437374115,0.8663362860679626,0.6884288787841797
0.46941351890563965,0.805939793586731,0.6884265542030334
0.4091886878013611,1.0523988008499146,0.6884245872497559
0.41194459795951843,0.7658979892730713,0.688422441482544
0.49744102358818054,1.0953094959259033,0.6884203553199768
0.44005176424980164,1.04808509349823,0.6884182691574097
0.41603338718414307,1.1827996969223022,0.6884161829948425
0.41299453377723694,1.148732304573059,0.6884139180183411
0.44168058037757874,0.973970890045166,0.6884116530418396
0.4468396008014679,0.804362952709198,0.6884095668792725
0.47232818603515625,0.8884971737861633,0.6884074211120605
0.4212242066860199,1.0625197887420654,0.6884053945541382
0.4438806176185608,1.156346082687378,0.6884034276008606
0.4191746711730957,1.0646809339523315,0.6884012818336487
0.476874440908432,0.95200115442276,0.6883991956710815
0.4689525365829468,0.9191078543663025,0.6883968710899353
0.5058217644691467,0.8396283984184265,0.6883944869041443
0.39715179800987244,0.8538984656333923,0.6883923411369324
0.42066848278045654,0.8729135394096375,0.6883902549743652
0.47609227895736694,0.8111166954040527,0.688388466835022
0.45106902718544006,0.9106290936470032,0.6883863210678101
0.39887362718582153,1.0518709421157837,0.6883842945098877
0.4400155544281006,0.9186655879020691,0.6883822679519653
0.45449191331863403,1.0427166223526,0.6883801221847534
0.4750116765499115,0.7767937183380127,0.6883779168128967
0.48630934953689575,0.9085431098937988,0.6883757710456848
0.4381207823753357,1.0502947568893433,0.6883736848831177
0.4010072946548462,0.9314255118370056,0.6883714199066162
0.4674430787563324,0.8753532767295837,0.6883693933486938
0.48967108130455017,0.8834728002548218,0.6883672475814819
0.39781203866004944,0.7611156702041626,0.6883649230003357
0.453712522983551,1.038383960723877,0.6883625984191895
0.46375301480293274,1.1173421144485474,0.6883604526519775
0.5062055587768555,0.79245525598526,0.6883582472801208
0.49688246846199036,1.0389233827590942,0.6883559823036194
0.4479599595069885,0.8837617039680481,0.6883540153503418
0.4523332118988037,0.9400943517684937,0.6883519291877747
0.43346893787384033,0.7418830990791321,0.6883498430252075
0.45452314615249634,1.167579174041748,0.6883477568626404
0.40254661440849304,0.7428410053253174,0.6883454918861389
0.449200838804245,0.8845323920249939,0.6883432865142822
0.4340839385986328,0.8465161323547363,0.6883410811424255
0.47609078884124756,1.0139998197555542,0.6883390545845032
0.4278956651687622,0.9212132692337036,0.6883363723754883
0.40361487865448,1.0660908222198486,0.6883342266082764
0.3969566524028778,0.9253856539726257,0.6883319616317749
0.41073089838027954,0.8244107961654663,0.6883296966552734
0.48369234800338745,0.7966704368591309,0.6883277893066406
0.48677051067352295,0.9422798156738281,0.6883257031440735
0.42873236536979675,0.6627861261367798,0.6883234977722168
0.45995810627937317,0.950719952583313,0.6883212327957153
0.4161476790904999,1.047873854637146,0.6883190274238586
0.4698741137981415,0.8236237168312073,0.6883167028427124
0.4274616241455078,1.0347528457641602,0.6883144974708557
0.4575907289981842,0.8499438166618347,0.6883122324943542
0.42719194293022156,0.9518699049949646,0.6883103847503662
0.4908943772315979,0.8853736519813538,0.6883084774017334
0.4339480400085449,0.9646589756011963,0.6883065104484558
0.43646231293678284,0.8531744480133057,0.6883044838905334
0.46256667375564575,1.123189926147461,0.6883022785186768
0.46150487661361694,0.8440757393836975,0.6883000731468201
0.36792904138565063,0.6708897352218628,0.6882979869842529
0.5552777051925659,0.9975557327270508,0.6882959008216858
0.4266137480735779,1.0803743600845337,0.6882936954498291
0.43527379631996155,0.9615540504455566,0.6882917284965515
0.4220694601535797,0.8475345373153687,0.6882895827293396
0.4444355368614197,1.0068837404251099,0.6882873177528381
0.4240453541278839,0.8244825601577759,0.6882851719856262
0.4540276527404785,0.8740932941436768,0.6882829666137695
0.4426466226577759,0.8370135426521301,0.6882807016372681
0.48344701528549194,0.9442532062530518,0.6882786750793457
0.4040946960449219,0.8577452301979065,0.6882764101028442
0.4343530535697937,1.0865727663040161,0.6882744431495667
0.40565788745880127,0.7955031394958496,0.68827223777771
0.4152625501155853,0.8036788702011108,0.688269853591919
0.4696316421031952,0.9891677498817444,0.6882675290107727
0.46654292941093445,0.9661692976951599,0.688265323638916
0.42149558663368225,1.0396052598953247,0.6882631182670593
0.4391070604324341,1.048840880393982,0.6882610321044922
0.45558446645736694,0.9376418590545654,0.6882591843605042
0.4656631350517273,0.8728638887405396,0.6882572174072266
0.42999008297920227,0.7730744481086731,0.6882549524307251
0.4196716547012329,0.7907626628875732,0.6882529854774475
0.4834027886390686,0.8652703166007996,0.6882507801055908
0.4318905472755432,0.8043010234832764,0.6882486939430237
0.505031168460846,1.0558793544769287,0.6882464289665222
0.3626643419265747,0.9067779183387756,0.6882442831993103
0.370963990688324,0.8186129927635193,0.6882420182228088
0.3800082206726074,0.7617315649986267,0.6882400512695312
0.4291552007198334,0.8428934812545776,0.6882381439208984
0.4630596339702606,0.9590024352073669,0.6882361173629761
0.41330596804618835,0.866371214389801,0.6882340908050537
0.40927931666374207,1.2308486700057983,0.688231885433197
0.42361000180244446,0.7938605546951294,0.6882296204566956
0.44661247730255127,1.0720489025115967,0.6882272362709045
0.43888717889785767,0.8039511442184448,0.6882250308990479
0.41418859362602234,1.0189707279205322,0.6882225275039673
0.41988134384155273,0.7854561805725098,0.6882206201553345
0.5062962174415588,0.9969104528427124,0.6882185339927673
0.4807472229003906,0.8011519908905029,0.6882166862487793
0.44688963890075684,0.87822026014328,0.6882147192955017
0.4028906524181366,1.126806378364563,0.6882127523422241
0.44729700684547424,0.838672935962677,0.6882103681564331
0.41011449694633484,0.9055832624435425,0.6882081627845764
0.40905454754829407,0.8507921695709229,0.6882059574127197
0.47973325848579407,0.888751745223999,0.6882036924362183
0.4507130980491638,0.7951934337615967,0.6882014870643616
0.4217468798160553,1.020595669746399,0.6881993412971497
0.42178988456726074,0.8386595249176025,0.6881973743438721
0.41357266902923584,1.031307578086853,0.6881954073905945
0.40024131536483765,1.002504587173462,0.6881933212280273
0.4049738347530365,0.8029471039772034,0.688191294670105
0.4492780268192291,0.8937102556228638,0.6881890296936035
0.5277219414710999,0.9016990065574646,0.6881868243217468
0.4306195080280304,1.0262287855148315,0.6881848573684692
0.4021753668785095,0.8922888040542603,0.688182532787323
0.4400334060192108,0.9846517443656921,0.6881802082061768
0.4251479208469391,0.9300137162208557,0.6881784796714783
0.39869117736816406,0.95000159740448,0.6881765127182007
0.4494948387145996,0.7114762663841248,0.6881743669509888
0.4400539696216583,1.0146076679229736,0.6881722807884216
0.4620645046234131,0.9603427052497864,0.6881698966026306
0.43235453963279724,0.8913617730140686,0.6881676316261292
0.40722620487213135,0.8426281809806824,0.6881652474403381
0.4340311586856842,0.8982091546058655,0.6881631016731262
0.38495948910713196,0.8566226363182068,0.6881609559059143
0.4077514410018921,0.831250786781311,0.6881587505340576
0.4798435866832733,0.8751266598701477,0.6881566047668457
0.390933096408844,1.1225874423980713,0.6881545186042786
0.3846680223941803,0.8535574674606323,0.6881522536277771
0.44010260701179504,0.7668154239654541,0.6881502270698547
0.48106563091278076,0.9301966428756714,0.688148021697998
0.3904815912246704,0.8189109563827515,0.6881460547447205
0.41053348779678345,0.9975152015686035,0.6881440281867981
0.4499775469303131,0.8710100650787354,0.6881418228149414
0.4000913202762604,0.8076191544532776,0.688139796257019
0.4246272146701813,0.7329395413398743,0.6881374716758728
0.47015368938446045,0.9225219488143921,0.6881352663040161
0.4352502226829529,0.9508263468742371,0.6881332397460938
0.43192291259765625,0.8101639747619629,0.6881312131881714
0.44340166449546814,1.0161921977996826,0.6881291270256042
0.45115941762924194,0.8322464823722839,0.6881271600723267
0.4306734502315521,0.8853540420532227,0.6881252527236938
0.4892767369747162,0.8118951916694641,0.6881230473518372
0.4521038830280304,0.9357840418815613,0.68812096118927
0.4341139793395996,1.1407560110092163,0.6881186366081238
0.44992324709892273,0.9311913251876831,0.6881164312362671
0.4463135302066803,0.9822043180465698,0.6881142258644104
0.39953863620758057,0.8838504552841187,0.6881120204925537
0.43548113107681274,1.174483060836792,0.6881100535392761
0.40324103832244873,0.9244146943092346,0.6881080269813538
0.42567914724349976,0.8762959241867065,0.6881060600280762
0.41442617774009705,1.1020402908325195,0.6881038546562195
0.4923301637172699,0.9058378338813782,0.6881016492843628
0.4038426876068115,0.7679253816604614,0.6880994439125061
0.44590750336647034,1.0054677724838257,0.6880972981452942
0.45716342329978943,0.9086933732032776,0.6880950927734375
0.4224991500377655,0.8109236359596252,0.6880929470062256
0.4528231620788574,0.8615046739578247,0.6880906820297241
0.4526868462562561,0.9477331042289734,0.688088595867157
0.4069514870643616,0.8974032998085022,0.6880866289138794
0.456156462430954,0.8237296342849731,0.6880846619606018
0.49222835898399353,1.091456413269043,0.6880825757980347
0.4926261305809021,0.8670380711555481,0.6880805492401123
0.43360280990600586,0.8923231363296509,0.6880783438682556
0.4736063778400421,0.7903603315353394,0.6880762577056885
0.4417877197265625,0.9220519661903381,0.6880739331245422
0.4893305003643036,0.8565852642059326,0.6880717873573303
0.4456583559513092,0.9487448334693909,0.688069760799408
0.45773056149482727,0.8997529149055481,0.688067615032196
0.42757323384284973,0.9015405178070068,0.6880654692649841
0.44418710470199585,0.9513688683509827,0.6880633234977722
0.44916290044784546,0.9383249282836914,0.6880611777305603
0.4589417278766632,0.9526817202568054,0.6880589723587036
0.4391249716281891,0.8781923651695251,0.6880568265914917
0.4867278039455414,1.0689417123794556,0.6880545616149902
0.44817304611206055,0.9444308280944824,0.6880524158477783
0.472910612821579,1.0259928703308105,0.6880501508712769
0.4407423734664917,1.187739610671997,0.6880479454994202
0.41911041736602783,0.9690386652946472,0.6880459189414978
0.4970703721046448,0.9228690266609192,0.6880438923835754
0.4173031151294708,0.9069584608078003,0.6880418658256531
0.46672677993774414,0.9326981902122498,0.6880397200584412
0.40791961550712585,0.9088005423545837,0.688037633895874
0.45647069811820984,0.941105306148529,0.6880355477333069
0.43104323744773865,0.9595396518707275,0.6880334615707397
0.42276784777641296,0.8185714483261108,0.6880313158035278
0.4174076318740845,0.897121787071228,0.6880292296409607
0.44912412762641907,1.0453710556030273,0.6880271434783936
0.41890770196914673,0.9800136089324951,0.688025176525116
0.49506086111068726,0.8948042988777161,0.6880230903625488
0.460934579372406,0.9845490455627441,0.6880212426185608
0.4255928695201874,0.8701830506324768,0.6880190968513489
0.398210734128952,0.9696922898292542,0.688016951084137
0.43401652574539185,0.790674090385437,0.688014566898346
0.5429346561431885,0.936971127986908,0.6880120635032654
0.46835944056510925,1.1293694972991943,0.688010036945343
0.4322492480278015,1.0746761560440063,0.6880082488059998
0.46180349588394165,0.8420042991638184,0.6880062818527222
0.41117531061172485,0.8390269875526428,0.6880040168762207
0.4406541585922241,0.8307924270629883,0.6880020499229431
0.48828914761543274,1.1079120635986328,0.6880000829696655
0.4874362051486969,1.0732430219650269,0.6879979372024536
0.4245365858078003,0.8541638851165771,0.6879959106445312
0.449684739112854,1.2924336194992065,0.6879937648773193
0.45060622692108154,0.7541890144348145,0.687991738319397
0.4428960978984833,1.175206184387207,0.6879897713661194
0.42596521973609924,0.7446559071540833,0.6879875659942627
0.4347594976425171,0.6624429821968079,0.6879855394363403
0.4573139548301697,0.9413428902626038,0.6879836320877075
0.4251801073551178,0.7164798378944397,0.6879813075065613
0.4233155846595764,0.8214942216873169,0.6879792213439941
0.41779381036758423,0.8855822682380676,0.6879770755767822
0.427976131439209,0.7304118275642395,0.6879748702049255
0.4144124388694763,0.8797610402107239,0.6879726052284241
0.478971391916275,1.0185130834579468,0.6879703402519226
0.4043428599834442,0.9636825919151306,0.6879681944847107
0.37464767694473267,1.1803938150405884,0.6879661083221436
0.39104148745536804,0.948957085609436,0.6879640817642212
0.36221763491630554,0.9736234545707703,0.6879620552062988
0.3943103849887848,1.073423147201538,0.6879599690437317
0.44391676783561707,0.9594824314117432,0.6879580020904541
0.430956095457077,0.8458014726638794,0.6879557967185974
0.44047436118125916,0.7145892977714539,0.687953770160675
0.43039923906326294,1.0123307704925537,0.6879516839981079
0.4136679470539093,0.9064557552337646,0.687949538230896
0.44924452900886536,0.8131078481674194,0.6879474520683289
0.4478042423725128,0.9963007569313049,0.6879451870918274
0.4297691881656647,1.0356719493865967,0.6879430413246155
0.4435745179653168,0.8818777203559875,0.6879408955574036
0.396493524312973,0.8584161996841431,0.6879388093948364
0.44783127307891846,0.84249347448349,0.6879366040229797
0.48919427394866943,0.9711081385612488,0.6879344582557678
0.5036681890487671,0.9422891736030579,0.6879324316978455
0.3817349076271057,1.025558352470398,0.6879302859306335
0.4709109365940094,0.8191044330596924,0.687928318977356
0.47961997985839844,0.7212254405021667,0.6879261136054993
0.40178659558296204,0.8458521366119385,0.6879240274429321
0.4563228487968445,1.0725797414779663,0.6879217028617859
0.4723450243473053,0.9622145295143127,0.6879194974899292
0.39701002836227417,0.7956571578979492,0.6879172325134277
0.4021143913269043,0.8907071352005005,0.6879152059555054
0.475649356842041,0.8251825571060181,0.6879130601882935
0.4579007923603058,1.1209352016448975,0.6879112124443054
0.4380989074707031,0.824442982673645,0.6879093050956726
0.4463905990123749,0.8066369891166687,0.6879070997238159
0.43267303705215454,0.9418487548828125,0.6879050135612488
0.4559902846813202,1.0293349027633667,0.6879027485847473
0.4658389091491699,0.8515734672546387,0.6879004836082458
0.45991721749305725,1.054363489151001,0.6878982186317444
0.3933791220188141,0.884819746017456,0.6878962516784668
0.43177810311317444,0.9765928983688354,0.687894344329834
0.45769792795181274,0.8315053582191467,0.6878925561904907
0.4502027928829193,1.0645290613174438,0.6878908276557922
0.37667328119277954,1.0344648361206055,0.6878888607025146
0.45779910683631897,0.9179512858390808,0.6878865957260132
0.41407760977745056,0.9981768727302551,0.6878840923309326
0.39930158853530884,0.9958246350288391,0.6878817677497864
0.44569122791290283,1.068800687789917,0.6878796219825745
0.399267315864563,1.0487329959869385,0.6878775954246521
0.44058793783187866,1.0909379720687866,0.6878758668899536
0.44249430298805237,0.784645676612854,0.6878741383552551
0.40930625796318054,0.9044382572174072,0.6878723502159119
0.4290911853313446,0.9758641123771667,0.6878702044487
0.3865579068660736,0.9617778658866882,0.687868058681488
0.41668716073036194,0.8285530805587769,0.6878659725189209
0.41637781262397766,0.893187940120697,0.6878636479377747
0.4765186607837677,1.0716239213943481,0.6878615021705627
0.44924286007881165,0.850669264793396,0.6878595352172852
0.4695625901222229,0.9260402321815491,0.6878577470779419
0.4332597255706787,0.8503196239471436,0.6878560185432434
0.46967512369155884,0.7976372838020325,0.6878540515899658
0.3643525540828705,0.8342419266700745,0.6878522038459778
0.415928453207016,0.8883454203605652,0.6878501772880554
0.38963520526885986,1.0212055444717407,0.6878480315208435
0.4696449637413025,0.7935632467269897,0.687845766544342
0.4564656615257263,0.8882900476455688,0.6878437399864197
0.4366481602191925,0.8912208080291748,0.6878418326377869
0.3991052210330963,0.9299435615539551,0.6878399848937988
0.4305010437965393,0.7808880805969238,0.6878377795219421
0.3986128866672516,1.0659215450286865,0.6878356337547302
0.4636300802230835,1.0566177368164062,0.6878337264060974
0.4393920302391052,1.163084626197815,0.6878318786621094
0.4939890205860138,1.1229535341262817,0.6878297924995422
0.4308301508426666,0.7384961247444153,0.6878276467323303
0.4255028963088989,0.8440645933151245,0.6878255605697632
0.46166113018989563,0.815824568271637,0.6878234148025513
0.43955346941947937,0.9992865920066833,0.6878213882446289
0.5001226663589478,0.8556374907493591,0.6878193616867065
0.4332878291606903,0.9459573030471802,0.6878176331520081
0.4066489040851593,1.1731791496276855,0.6878156661987305
0.3717641234397888,0.8853999376296997,0.6878135800361633
0.42874595522880554,0.98333740234375,0.6878114938735962
0.42508959770202637,1.0606591701507568,0.6878091096878052
0.46077150106430054,1.0825334787368774,0.6878069639205933
0.47624441981315613,1.031075119972229,0.6878050565719604
0.43781137466430664,0.9742874503135681,0.6878033876419067
0.43671688437461853,0.7526934146881104,0.6878016591072083
0.4274536073207855,1.0225534439086914,0.6877997517585754
0.47659972310066223,0.9244654178619385,0.6877976655960083
0.415436327457428,0.9052936434745789,0.6877952814102173
0.4324347674846649,1.1032049655914307,0.6877930164337158
0.45623883605003357,0.9565069079399109,0.6877909898757935
0.45928987860679626,0.8738446235656738,0.6877889633178711
0.40129324793815613,0.8368825912475586,0.6877872347831726
0.41864925622940063,0.933199942111969,0.6877853870391846
0.456370085477829,0.975290060043335,0.6877835988998413
0.43154090642929077,1.1499770879745483,0.687781572341919
0.4421330690383911,0.9115068912506104,0.6877793669700623
0.44999369978904724,0.7747367024421692,0.6877773404121399
0.4173916280269623,1.0390392541885376,0.6877749562263489
0.43408599495887756,0.9170166254043579,0.6877729296684265
0.4539888799190521,1.0681326389312744,0.6877708435058594
0.4194079041481018,0.9742372035980225,0.6877689361572266
0.4954407513141632,0.9924763441085815,0.6877671480178833
0.4387872517108917,1.036757230758667,0.68776535987854
0.48554858565330505,1.0796642303466797,0.687763512134552
0.46761274337768555,1.4501826763153076,0.6877617239952087
0.5130153894424438,0.9139729142189026,0.6877594590187073
0.41502469778060913,1.2010892629623413,0.6877572536468506
0.40281233191490173,0.9560776948928833,0.6877552270889282
0.42874452471733093,0.978280782699585,0.6877529621124268
0.4038700759410858,0.7956166863441467,0.6877511143684387
0.5250192880630493,0.8710688948631287,0.6877492666244507
0.410948246717453,0.8629924654960632,0.6877475380897522
0.4178994596004486,0.9965444803237915,0.6877458691596985
0.4516632854938507,1.1660116910934448,0.6877437233924866
0.42832717299461365,0.7723333239555359,0.687741756439209
0.3645744323730469,0.9545852541923523,0.6877396106719971
0.49373289942741394,0.9944049119949341,0.6877375245094299
0.3895691931247711,0.8682112097740173,0.6877354979515076
0.4202123284339905,0.9740354418754578,0.6877334117889404
0.4758795201778412,0.9415964484214783,0.6877313852310181
0.41141456365585327,0.9217661619186401,0.68772953748703
0.4531281292438507,0.8432613611221313,0.6877275109291077
0.4621010422706604,1.023364543914795,0.6877254843711853
0.4563802182674408,0.6939045190811157,0.6877234578132629
0.37302079796791077,0.8581436276435852,0.6877213716506958
0.3814440071582794,0.9758464694023132,0.6877193450927734
0.4275149405002594,0.6859093308448792,0.6877172589302063
0.4351741671562195,1.022890567779541,0.6877152323722839
0.42631423473358154,0.9141196012496948,0.6877133846282959
0.4718805253505707,0.7640951871871948,0.6877112984657288
0.42231565713882446,0.9610479474067688,0.6877091526985168
0.40296241641044617,0.9088789224624634,0.6877071857452393
0.3567734360694885,0.8628038763999939,0.6877051591873169
0.49036723375320435,1.003522276878357,0.6877031922340393
0.3997768461704254,0.6588385701179504,0.6877014636993408
0.4063494801521301,1.0633001327514648,0.6876996159553528
0.440813809633255,0.9936650395393372,0.68769770860672
0.4343726933002472,0.9680035710334778,0.6876957416534424
0.4173382520675659,0.8758677840232849,0.6876935362815857
0.4623754322528839,0.8865298628807068,0.6876913905143738
0.4929424226284027,0.8796385526657104,0.6876892447471619
0.4619767665863037,0.9950262904167175,0.6876875162124634
0.4725496470928192,0.7476357817649841,0.6876856088638306
0.4542160630226135,0.8356951475143433,0.6876835823059082
0.47386646270751953,0.8320692181587219,0.6876816153526306
0.47332388162612915,1.0642772912979126,0.6876797676086426
0.45662054419517517,1.1468703746795654,0.6876775026321411
0.44252508878707886,0.8281944394111633,0.6876755356788635
0.400309294462204,0.720951497554779,0.6876734495162964
0.46533307433128357,0.7972760200500488,0.6876715421676636
0.5124589204788208,1.1452038288116455,0.6876696348190308
0.4292809069156647,0.7617573738098145,0.6876676678657532
0.5048274397850037,0.9935135841369629,0.6876657605171204
0.4493521749973297,1.028272271156311,0.6876637935638428
0.41688764095306396,0.8799539804458618,0.6876617074012756
0.4234350621700287,0.9365853071212769,0.687659740447998
0.43936729431152344,1.0431106090545654,0.6876577734947205
0.48447883129119873,0.8845742344856262,0.6876555681228638
0.43254852294921875,0.8381229043006897,0.687653660774231
0.3774891197681427,1.0468699932098389,0.687651515007019
0.4506518542766571,0.6642491817474365,0.6876494288444519
0.43200355768203735,0.919808030128479,0.68764728307724
0.4423206150531769,0.9516456127166748,0.6876453161239624
0.38465675711631775,0.9936600923538208,0.6876434087753296
0.4418548345565796,1.1760776042938232,0.6876415610313416
0.45679861307144165,0.6894342303276062,0.6876394152641296
0.45509326457977295,0.9479676485061646,0.687637448310852
0.4212716519832611,0.7060442566871643,0.6876354217529297
0.4235023260116577,0.871516764163971,0.6876331567764282
0.4127516746520996,1.1171058416366577,0.6876310110092163
0.4179289937019348,0.9460006952285767,0.6876288652420044
0.4215340316295624,0.8398840427398682,0.6876268982887268
0.45147478580474854,1.12213933467865,0.687624990940094
0.4135217070579529,0.9061792492866516,0.6876230835914612
0.4459427297115326,0.8533456921577454,0.6876211166381836
0.4439961016178131,0.7925664186477661,0.6876190900802612
0.40115416049957275,0.7678302526473999,0.6876171231269836
0.4273099899291992,0.6593343019485474,0.6876150369644165
0.47432470321655273,0.9160323739051819,0.6876130700111389
0.4090033769607544,0.7245082855224609,0.6876110434532166
0.485200971364975,1.0490632057189941,0.6876087188720703
0.457580029964447,0.9722917079925537,0.6876065731048584
0.4282091557979584,0.8384892344474792,0.6876048445701599
0.43782004714012146,0.7504607439041138,0.6876030564308167
0.4186755418777466,0.8545389175415039,0.6876010298728943
0.46850258111953735,0.9024842381477356,0.6875988841056824
0.41992515325546265,0.8747958540916443,0.6875970363616943
0.4792521595954895,0.7871582508087158,0.687595009803772
0.47822126746177673,0.8022497296333313,0.6875926852226257
0.4493139684200287,0.8099631071090698,0.6875906586647034
0.4293430745601654,1.0451757907867432,0.6875885725021362
0.38982149958610535,0.6410742998123169,0.687586784362793
0.41556212306022644,0.8056420087814331,0.6875847578048706
0.4589589536190033,0.7642381191253662,0.6875830292701721
0.43395742774009705,1.066188097000122,0.6875810623168945
0.43573302030563354,0.7806832790374756,0.6875790357589722
0.3866342008113861,0.7343783974647522,0.6875767707824707
0.44133704900741577,0.842308521270752,0.6875748038291931
0.4234646260738373,0.8842859864234924,0.6875728368759155
0.39481061697006226,1.0271960496902466,0.6875706315040588
0.4396377503871918,0.8747951984405518,0.687568724155426
0.4755629301071167,0.9086022973060608,0.6875667572021484
0.39668259024620056,1.0309021472930908,0.6875646710395813
0.4699830412864685,0.9975026249885559,0.6875627636909485
0.4365665316581726,0.8354304432868958,0.6875606775283813
0.41236114501953125,0.8890178203582764,0.6875587701797485
0.4604332745075226,0.9762846231460571,0.6875566840171814
0.5076241493225098,0.8640744686126709,0.6875547170639038
0.42132627964019775,0.833111047744751,0.6875525712966919
0.4376485049724579,0.9308950901031494,0.68755042552948
0.3722037374973297,1.0670942068099976,0.6875485181808472
0.4485005736351013,0.8037277460098267,0.68754643201828
0.4327022433280945,0.9076361060142517,0.6875444054603577
0.4382338225841522,0.708911120891571,0.6875424385070801
0.4587041735649109,0.9351621270179749,0.6875404119491577
0.48856738209724426,0.8958349227905273,0.6875383257865906
0.3908291459083557,0.7544432878494263,0.687536358833313
0.4336301386356354,1.0148980617523193,0.6875342726707458
0.38341566920280457,0.7120907306671143,0.6875323057174683
0.4537758231163025,0.9164326190948486,0.6875301599502563
0.48569169640541077,0.9681103825569153,0.6875278353691101
0.45056819915771484,0.8135271668434143,0.6875258684158325
0.4708215892314911,0.9854987859725952,0.6875239014625549
0.41333380341529846,0.8113234639167786,0.6875219345092773
0.4469677209854126,0.8292991518974304,0.6875198483467102
0.4029766023159027,1.1628918647766113,0.6875178813934326
0.43967506289482117,1.0158770084381104,0.6875158548355103
0.45047658681869507,0.8863127827644348,0.6875138282775879
0.47215673327445984,0.7970631718635559,0.6875119209289551
0.4754190742969513,0.7496252059936523,0.6875100135803223
0.41086238622665405,0.8505108952522278,0.6875079274177551
0.41327574849128723,0.7046307325363159,0.6875060796737671
0.43356889486312866,0.8692925572395325,0.6875040531158447
0.4568121135234833,0.9094651341438293,0.6875017881393433
0.4878392815589905,1.1387470960617065,0.6874995231628418
0.3904232978820801,0.6704349517822266,0.6874974966049194
0.3870871365070343,0.9579276442527771,0.6874954104423523
0.43963104486465454,0.8066288828849792,0.6874935030937195
0.4342767000198364,0.7846009731292725,0.6874916553497314
0.4378224015235901,1.1034224033355713,0.6874896883964539
0.4574946165084839,1.0038478374481201,0.6874875426292419
0.419094443321228,1.024603009223938,0.68748539686203
0.435429185628891,0.8547407388687134,0.6874830722808838
0.4353533983230591,0.9391592741012573,0.6874809861183167
0.4586522877216339,1.1264408826828003,0.6874790787696838
0.4535778760910034,1.0070620775222778,0.687477171421051
0.423962265253067,0.9650999903678894,0.6874753832817078
0.3601732552051544,1.0813829898834229,0.6874734163284302
0.3961414694786072,1.2653906345367432,0.6874714493751526
0.37963831424713135,0.8574603796005249,0.687469482421875
0.4155159592628479,1.0262237787246704,0.6874672770500183
0.41400256752967834,1.102571964263916,0.6874653100967407
0.47450095415115356,0.8815851807594299,0.6874632835388184
0.49310943484306335,0.9518259763717651,0.6874611377716064
0.395317018032074,1.2104169130325317,0.6874593496322632
0.4442438781261444,1.0580108165740967,0.6874573230743408
0.4617373049259186,0.98773592710495,0.6874556541442871
0.47514140605926514,0.7471893429756165,0.68745356798172
0.40128177404403687,0.692619264125824,0.6874514818191528
0.41633176803588867,0.9191056489944458,0.6874494552612305
0.47311076521873474,0.9714759588241577,0.6874473094940186
0.4359290301799774,0.8716813325881958,0.6874452233314514
0.42875075340270996,1.016542911529541,0.6874430179595947
0.42492327094078064,1.0733380317687988,0.6874411702156067
0.4264533817768097,0.808249294757843,0.6874392628669739
0.4594856798648834,0.88053959608078,0.6874372959136963
0.5088932514190674,1.1692752838134766,0.687435507774353
0.46531248092651367,0.9118672609329224,0.6874331831932068
0.4467223584651947,0.7146191596984863,0.687431275844574
0.39786794781684875,0.916044294834137,0.6874290704727173
0.42694327235221863,0.7594354152679443,0.6874269843101501
0.4494922161102295,1.1066489219665527,0.6874247789382935
0.4795941710472107,0.9095578789710999,0.6874228715896606
0.3832032382488251,0.810577392578125,0.6874208450317383
0.4120155870914459,0.8140245676040649,0.6874188184738159
0.4469079077243805,0.848954975605011,0.6874167323112488
0.4424460828304291,0.9540745615959167,0.6874148845672607
0.4566746652126312,0.9120233058929443,0.6874128580093384
0.4503079056739807,0.7480919361114502,0.6874107718467712
0.4444771409034729,0.9992414712905884,0.6874085664749146
0.40655890107154846,0.973716676235199,0.6874064803123474
0.38405051827430725,0.9329954981803894,0.6874045133590698
0.3751308023929596,1.0047578811645508,0.6874024868011475
0.44163063168525696,0.9184474349021912,0.6874005198478699
0.4111805260181427,0.720940113067627,0.6873986124992371
0.5338334441184998,1.0186136960983276,0.6873967051506042
0.4984399378299713,1.1746939420700073,0.6873947381973267
0.42498779296875,0.7999143600463867,0.6873928308486938
0.43374624848365784,1.133528232574463,0.6873905658721924
0.39464274048805237,0.7791504263877869,0.6873884797096252
0.45560240745544434,0.753165066242218,0.6873864531517029
0.4193860590457916,0.7318634986877441,0.6873843669891357
0.4407478868961334,0.9460749626159668,0.6873824596405029
0.4661635160446167,0.8955405354499817,0.6873806715011597
0.3958532512187958,0.9258789420127869,0.6873785853385925
0.42774516344070435,0.7970583438873291,0.6873765587806702
0.4706800878047943,0.7679060101509094,0.6873745322227478
0.36888018250465393,0.9739062190055847,0.6873724460601807
0.39031925797462463,0.9917091131210327,0.6873703598976135
0.4007793366909027,0.8814135789871216,0.6873682737350464
0.39505988359451294,0.856453537940979,0.6873661279678345
0.43125617504119873,0.8702115416526794,0.6873642206192017
0.48554933071136475,0.9537111520767212,0.6873623728752136
0.42085790634155273,0.7319154739379883,0.687360405921936
0.5123176574707031,0.8580254912376404,0.6873586177825928
0.401834636926651,0.9765533208847046,0.6873565912246704
0.4228017330169678,0.6633642911911011,0.6873545050621033
0.4255128502845764,0.8147975206375122,0.6873523592948914
0.42822501063346863,0.90575110912323,0.687350332736969
0.4622924029827118,0.7797836065292358,0.6873483061790466
0.4258442521095276,1.0220527648925781,0.6873461604118347
0.4395044147968292,0.9532594084739685,0.6873441934585571
0.4639391303062439,0.9213228225708008,0.6873424053192139
0.4199284613132477,0.8222537636756897,0.6873401403427124
0.4553889334201813,0.9214640855789185,0.68733811378479
0.4833758473396301,0.9676473736763,0.6873359680175781
0.45983824133872986,0.8584423661231995,0.687333881855011
0.4117087423801422,0.8733291625976562,0.6873318552970886
0.410663902759552,0.5778557658195496,0.6873297095298767
0.40831732749938965,0.574505090713501,0.6873276829719543
0.43493255972862244,0.7762011885643005,0.6873257160186768
0.42600253224372864,0.8815144300460815,0.6873237490653992
0.41615957021713257,0.8393141627311707,0.6873216032981873
0.4248921573162079,0.8613358736038208,0.6873193979263306
0.41697654128074646,0.9107035398483276,0.6873172521591187
0.42139965295791626,0.8333190083503723,0.6873153448104858
0.42468684911727905,0.8865922689437866,0.6873135566711426
0.4210107624530792,0.8223258852958679,0.6873117089271545
0.4577696919441223,0.8871346116065979,0.6873098015785217
0.4569154977798462,1.0430059432983398,0.6873077750205994
0.43202677369117737,0.84710693359375,0.6873056292533875
0.4259834289550781,0.814918041229248,0.6873036026954651
0.42253080010414124,0.8675888180732727,0.687301516532898
0.3798642158508301,0.9174556136131287,0.6872993111610413
0.4228834807872772,0.8652586936950684,0.6872971653938293
0.4420311748981476,0.8667495250701904,0.687295138835907
0.48861220479011536,0.908484160900116,0.6872931122779846
0.4933640658855438,0.8784576654434204,0.687291145324707
0.43204206228256226,1.279083490371704,0.6872890591621399
0.46674907207489014,0.865681529045105,0.6872870922088623
0.3795541226863861,0.8511742353439331,0.6872849464416504
0.45640406012535095,0.9337013363838196,0.6872828006744385
0.39037200808525085,0.7301875352859497,0.6872806549072266
0.3907225430011749,0.7305094599723816,0.6872783303260803
0.4071887731552124,1.0813748836517334,0.687276303768158
0.3758867084980011,1.1271522045135498,0.687274158000946
0.47239363193511963,0.8657165765762329,0.6872720122337341
0.4891171157360077,1.0484588146209717,0.687269926071167
0.43720993399620056,0.9306928515434265,0.6872681379318237
0.4265393316745758,0.767230212688446,0.6872662901878357
0.4732862114906311,1.0742461681365967,0.6872643232345581
0.456745982170105,0.9025643467903137,0.6872623562812805
0.48487451672554016,0.853966236114502,0.6872603297233582
0.44723814725875854,0.9549813866615295,0.6872580647468567
0.46710753440856934,0.996216356754303,0.6872559189796448
0.477202832698822,1.1016606092453003,0.6872538924217224
0.46004584431648254,0.9072162508964539,0.6872518062591553
0.45934364199638367,0.8974047899246216,0.6872497200965881
0.4467100501060486,0.819585919380188,0.6872478127479553
0.44386157393455505,1.0178782939910889,0.687245786190033
0.38049808144569397,0.9082595109939575,0.6872437596321106
0.42897891998291016,0.9528071284294128,0.6872416138648987
0.4098227918148041,0.8329820036888123,0.6872393488883972
0.3855821192264557,1.050803542137146,0.687237024307251
0.4288909137248993,1.0318713188171387,0.6872348785400391
0.4723901152610779,0.8284022212028503,0.6872327923774719
0.4939554035663605,1.1299066543579102,0.6872307658195496
0.465088427066803,0.8783696293830872,0.6872290372848511
0.41567087173461914,0.9514676928520203,0.6872271299362183
0.3689363896846771,0.9561296105384827,0.6872251629829407
0.44373226165771484,0.7570582032203674,0.6872230768203735
0.4036446809768677,0.8982062339782715,0.6872208714485168
0.4767485558986664,0.8479152917861938,0.6872188448905945
0.4466836750507355,0.9928005933761597,0.6872168779373169
0.395710825920105,0.9618787169456482,0.6872149109840393
0.4648752808570862,0.8396351337432861,0.6872128844261169
0.44248297810554504,0.7074688076972961,0.6872109174728394
0.36603087186813354,0.6759299039840698,0.687208890914917
0.4559732675552368,1.155068039894104,0.6872071027755737
0.43416717648506165,1.0346832275390625,0.6872050762176514
0.41373687982559204,0.7434317469596863,0.6872028708457947
0.48401859402656555,0.824994683265686,0.6872007846832275
0.4137836992740631,1.0773983001708984,0.6871989369392395
0.42571645975112915,1.1356600522994995,0.6871967315673828
0.42883777618408203,0.9561903476715088,0.6871946454048157
0.4308188557624817,0.9896097183227539,0.6871927976608276
0.4212540090084076,0.9227322340011597,0.6871907114982605
0.45366495847702026,0.9826663136482239,0.6871886849403381
0.45387908816337585,1.0254614353179932,0.6871867775917053
0.4583231508731842,0.7191144227981567,0.687184751033783
0.41384613513946533,1.051964282989502,0.6871829032897949
0.41202980279922485,1.1348241567611694,0.6871808171272278
0.4843958914279938,1.0079858303070068,0.6871787309646606
0.41904008388519287,0.8916094303131104,0.6871768236160278
0.46286290884017944,0.8526591658592224,0.6871746778488159
0.43283358216285706,0.8552356362342834,0.687172532081604
0.4567912817001343,0.9325044751167297,0.6871706247329712
0.4438309371471405,0.8354665637016296,0.6871684789657593
0.47857579588890076,0.867465615272522,0.687166154384613
0.4829738140106201,0.9791736602783203,0.6871640086174011
0.4106765389442444,0.7540926933288574,0.6871619820594788
0.3841087222099304,0.8265841007232666,0.687160074710846
0.41848012804985046,0.8006221055984497,0.6871581077575684
0.3955842852592468,0.9527096152305603,0.6871562600135803
0.44711458683013916,0.9812007546424866,0.6871545314788818
0.3846583068370819,0.7541985511779785,0.6871523857116699
0.439567893743515,0.6798171997070312,0.687150239944458
0.4241510033607483,0.9578992128372192,0.6871481537818909
0.40381014347076416,0.9050253033638,0.6871461272239685
0.40886640548706055,0.8699097633361816,0.6871440410614014
0.4014800488948822,0.9390684962272644,0.6871421933174133
0.424743115901947,0.8969346880912781,0.687140166759491
0.37200576066970825,1.0743850469589233,0.6871381998062134
0.4732826054096222,0.9651950001716614,0.6871360540390015
0.39994674921035767,1.009271502494812,0.6871339082717896
0.45461568236351013,0.8915148973464966,0.6871318221092224
0.444202721118927,0.9619522094726562,0.6871299147605896
0.4045550525188446,0.8523976802825928,0.6871278882026672
0.43118080496788025,0.7869927287101746,0.6871261596679688
0.42639246582984924,0.8605874180793762,0.6871242523193359
0.4889717102050781,0.8666632771492004,0.6871222853660583
0.4111682176589966,1.0404553413391113,0.6871201992034912
0.4340273141860962,1.0038678646087646,0.6871180534362793
0.467109739780426,0.9200531244277954,0.6871159672737122
0.48373183608055115,0.8620270490646362,0.6871139407157898
0.4040764570236206,0.8742966651916504,0.6871119141578674
0.4764077663421631,0.7467658519744873,0.6871100664138794
0.4410419464111328,0.8336385488510132,0.6871080994606018
0.4150032699108124,0.9962931275367737,0.6871062517166138
0.4789513945579529,0.7441606521606445,0.6871042251586914
0.48783841729164124,0.9019103646278381,0.6871020197868347
0.44287383556365967,1.0464940071105957,0.687099814414978
0.43480607867240906,0.8461507558822632,0.6870977282524109
0.3933022916316986,0.8639143109321594,0.6870957016944885
0.41587767004966736,1.0063282251358032,0.6870937943458557
0.40566176176071167,0.8536632657051086,0.6870919466018677
0.42190900444984436,0.8764887452125549,0.6870901584625244
0.4593946635723114,0.9342222809791565,0.6870883107185364
0.4356817603111267,1.0066362619400024,0.6870863437652588
0.41559919714927673,0.7495371103286743,0.6870844960212708
0.40738651156425476,0.7712084054946899,0.6870822310447693
0.5173486471176147,0.8971259593963623,0.687079906463623
0.4480951726436615,0.8661032319068909,0.6870778203010559
0.4721357524394989,1.0870935916900635,0.6870759129524231
0.43830057978630066,0.8164225816726685,0.6870740056037903
0.42025333642959595,0.7544952630996704,0.6870721578598022
0.43222537636756897,0.9021236300468445,0.6870701313018799
0.4686249792575836,0.7706379890441895,0.6870681643486023
0.42908531427383423,0.7872862815856934,0.6870662569999695
0.39415091276168823,0.8266711235046387,0.6870639324188232
0.39960893988609314,0.8912898302078247,0.6870618462562561
0.41887617111206055,0.9920920133590698,0.687059760093689
0.4416623115539551,0.9068560004234314,0.687057614326477
0.403508722782135,0.9150125980377197,0.687055766582489
0.4129733443260193,0.7892545461654663,0.6870540380477905
0.42346176505088806,0.8616244196891785,0.6870518922805786
0.4184357225894928,0.9014423489570618,0.6870501637458801
0.49988141655921936,0.9049672484397888,0.6870483756065369
0.45968908071517944,0.82819664478302,0.6870461106300354
0.43355894088745117,0.7792624831199646,0.687044084072113
0.4281296133995056,0.7837901711463928,0.6870421171188354
0.4503752291202545,1.0374624729156494,0.6870399117469788
0.4407760798931122,0.78271484375,0.6870378851890564
0.4266625940799713,0.9721064567565918,0.6870360970497131
0.42029136419296265,1.0305018424987793,0.6870342493057251
0.4397309720516205,0.8757351040840149,0.6870322227478027
0.49209150671958923,1.0541572570800781,0.6870301961898804
0.49863800406455994,0.8620153665542603,0.6870282292366028
0.44545409083366394,0.9266509413719177,0.68702632188797
0.42308688163757324,0.7058348059654236,0.6870241165161133
0.4110262989997864,0.7348632216453552,0.6870219707489014
0.41416919231414795,0.8240829110145569,0.6870198249816895
0.46907928586006165,0.9805206656455994,0.6870177388191223
0.4357481300830841,0.8862888216972351,0.6870155930519104
0.4405190050601959,0.7706677913665771,0.687013566493988
0.42814838886260986,0.7669392228126526,0.6870115995407104
0.4183919429779053,0.901256263256073,0.6870094537734985
0.37619441747665405,0.8138900399208069,0.6870073676109314
0.486662894487381,0.9478042125701904,0.6870054006576538
0.41540977358818054,0.999914824962616,0.6870033144950867
0.47684791684150696,0.9779878854751587,0.6870010495185852
0.4399265944957733,0.8121037483215332,0.6869990825653076
0.4089161455631256,0.7815624475479126,0.68699711561203
0.5087618231773376,0.9041085243225098,0.6869949102401733
0.40431007742881775,0.8648248314857483,0.6869930028915405
0.44315779209136963,0.855974018573761,0.6869909167289734
0.4154471457004547,0.9664523005485535,0.6869887709617615
0.4763396382331848,1.0149264335632324,0.6869869232177734
0.407424658536911,0.7782709002494812,0.6869848370552063
0.4346540868282318,0.8157165050506592,0.6869827508926392
0.42089125514030457,0.9882415533065796,0.6869807243347168
0.46055346727371216,0.843253493309021,0.686978816986084
0.41588324308395386,1.0750819444656372,0.6869766712188721
0.39192357659339905,0.8929702043533325,0.6869744658470154
0.461459219455719,1.1036800146102905,0.6869723200798035
0.48042356967926025,1.0229580402374268,0.6869702935218811
0.45064184069633484,1.1094645261764526,0.6869683265686035
0.4745616912841797,0.8400311470031738,0.6869665384292603
0.46802765130996704,0.9195530414581299,0.6869644522666931
0.41726064682006836,0.5999550819396973,0.6869621872901917
0.4502386748790741,1.0628752708435059,0.6869602203369141
0.5129535794258118,1.006016731262207,0.6869581937789917
0.47896742820739746,0.9900252223014832,0.6869561076164246
0.43211829662323,0.9874140024185181,0.6869539618492126
0.43424487113952637,0.9604843854904175,0.6869518756866455
0.3926112949848175,0.9529576897621155,0.6869499087333679
0.3874897360801697,0.8742924928665161,0.6869480013847351
0.4034130871295929,0.9770854115486145,0.6869461536407471
0.4376453161239624,0.7854645848274231,0.6869443655014038
0.3824678659439087,0.8929041624069214,0.6869422197341919
0.46161651611328125,0.7103888988494873,0.6869401931762695
0.42371389269828796,0.9890769124031067,0.6869380474090576
0.4318402409553528,1.0733193159103394,0.6869359016418457
0.37067022919654846,0.604261040687561,0.6869339942932129
0.48701322078704834,0.7656472325325012,0.6869319677352905
0.4015693664550781,0.887674868106842,0.6869299411773682
0.4347415864467621,0.723796010017395,0.6869280338287354
0.394768625497818,0.893494725227356,0.686926007270813
0.5036171078681946,0.8882473111152649,0.6869240999221802
0.4423236846923828,0.965735137462616,0.686922013759613
0.44072043895721436,0.6653203964233398,0.6869199872016907
0.3974561095237732,0.9455591440200806,0.6869179010391235
0.5368809103965759,1.0057822465896606,0.6869158744812012
0.3950711786746979,0.8904597163200378,0.6869139075279236
0.39939939975738525,0.8138853907585144,0.6869118213653564
0.4441108703613281,0.9403112530708313,0.6869097352027893
0.42787787318229675,0.9905676245689392,0.686907947063446
0.38213419914245605,0.7313968539237976,0.6869061589241028
0.460254967212677,0.9217669367790222,0.6869040727615356
0.4502320885658264,1.189524531364441,0.6869019269943237
0.384641170501709,0.7479845881462097,0.6868997812271118
0.4100640118122101,0.9330748319625854,0.6868975758552551
0.3940393626689911,1.039750337600708,0.6868955492973328
0.46656134724617004,0.870028555393219,0.6868934631347656
0.46809911727905273,1.0735456943511963,0.6868912577629089
0.4638717472553253,0.7923337817192078,0.6868892312049866
0.413796991109848,0.9797853231430054,0.6868871450424194
0.4616508483886719,0.98732590675354,0.6868851184844971
0.4119820296764374,0.8356533050537109,0.686883270740509
0.4228295385837555,0.8034195303916931,0.6868813633918762
0.4055901765823364,0.8803761601448059,0.6868792176246643
0.43836212158203125,1.1884897947311401,0.6868771910667419
0.42124029994010925,0.7676751017570496,0.68687504529953
0.46637412905693054,1.0483635663986206,0.6868730783462524
0.5414823889732361,0.8724326491355896,0.6868712306022644
0.4126828610897064,0.8894527554512024,0.6868694424629211
0.41391119360923767,0.9515357613563538,0.6868675351142883
0.4786650836467743,1.0616803169250488,0.6868653893470764
0.4014049172401428,0.9212021231651306,0.6868634223937988
0.4291289448738098,0.815224289894104,0.6868612766265869
0.40124744176864624,0.9848843216896057,0.6868590712547302
0.43421050906181335,0.8903616070747375,0.6868571639060974
0.4461664855480194,0.8617286682128906,0.6868550777435303
0.4095919728279114,0.7583997249603271,0.686853289604187
0.44523102045059204,0.903458833694458,0.6868515610694885
0.4022643268108368,0.758614182472229,0.6868496537208557
0.4399830102920532,0.9667683243751526,0.6868477463722229
0.4049004912376404,0.866284191608429,0.6868454217910767
0.4619172513484955,0.7579004168510437,0.6868433952331543
0.41474759578704834,1.1226789951324463,0.6868411898612976
0.4359169006347656,0.8472799062728882,0.6868391036987305
0.40497010946273804,0.9795986413955688,0.6868371963500977
0.3999764621257782,1.1283231973648071,0.6868352890014648
0.4313676059246063,0.8165872693061829,0.686833381652832
0.3793254792690277,0.8721261024475098,0.6868314743041992
0.5045387148857117,0.7031963467597961,0.6868297457695007
0.42699313163757324,0.6706029772758484,0.6868276596069336
0.4160992205142975,1.0194203853607178,0.686825692653656
0.4167018532752991,1.005543828010559,0.6868234276771545
0.47460439801216125,0.8464925289154053,0.6868211627006531
0.4433310329914093,1.0351604223251343,0.6868190765380859
0.4336440861225128,0.8572994470596313,0.6868171095848083
0.4336388409137726,0.8755544424057007,0.6868149638175964
0.4565466344356537,0.8020297288894653,0.6868131756782532
0.4542160630226135,1.1186926364898682,0.6868112087249756
0.4895855486392975,1.0021722316741943,0.6868091821670532
0.4431897699832916,0.8833258748054504,0.6868070363998413
0.41401076316833496,0.8011296987533569,0.686805009841919
0.48943254351615906,0.8693757057189941,0.686802864074707
0.4552793502807617,0.7423879504203796,0.6868006587028503
0.44444677233695984,0.8998830914497375,0.6867986917495728
0.4360902011394501,1.04412043094635,0.6867967247962952
0.4228890836238861,0.7477150559425354,0.6867946982383728
0.4722839593887329,0.8915255069732666,0.6867926120758057
0.385934054851532,1.076751947402954,0.686790406703949
0.48494386672973633,0.9842236638069153,0.6867883205413818
0.451986163854599,0.987528383731842,0.6867864727973938
0.4148247539997101,0.9584280848503113,0.6867843866348267
0.46781763434410095,1.1468342542648315,0.6867824792861938
0.4742071330547333,0.8965243697166443,0.6867803931236267
0.46503615379333496,1.027776837348938,0.6867783069610596
0.4302509129047394,1.097240924835205,0.6867760419845581
0.4095728099346161,0.8190552592277527,0.6867740154266357
0.4513758718967438,0.7587270140647888,0.6867720484733582
0.42331668734550476,0.863314688205719,0.6867702007293701
0.48026710748672485,1.0355554819107056,0.6867681741714478
0.40899044275283813,1.0945099592208862,0.6867661476135254
0.4061437249183655,1.0852125883102417,0.6867639422416687
0.44516950845718384,0.9063665270805359,0.6867616772651672
0.4119127690792084,0.8251680731773376,0.6867596507072449
0.45072272419929504,0.8199418187141418,0.6867576241493225
0.444773405790329,0.8566000461578369,0.6867555379867554
0.4415038228034973,1.0147567987442017,0.6867536306381226
0.41162216663360596,0.963451087474823,0.6867517232894897
0.42619001865386963,0.7982604503631592,0.6867496967315674
0.49925002455711365,0.947759747505188,0.686747670173645
0.46239104866981506,0.9560709595680237,0.6867454051971436
0.4917456805706024,0.946139931678772,0.686743438243866
0.4375264644622803,0.8020318746566772,0.6867417097091675
0.42683255672454834,1.0180470943450928,0.6867397427558899
0.43198221921920776,0.7755361795425415,0.686737596988678
0.3787592649459839,0.7818613052368164,0.6867355704307556
0.4645915925502777,1.1737961769104004,0.6867332458496094
0.41012534499168396,1.0272494554519653,0.6867310404777527
0.4292970895767212,0.7708421349525452,0.6867290139198303
0.43843236565589905,0.9478622078895569,0.6867271065711975
0.4371098279953003,0.8813238739967346,0.6867247819900513
0.4603819251060486,1.0370292663574219,0.686722993850708
0.4191882908344269,1.053745150566101,0.6867209076881409
0.39047813415527344,0.918267011642456,0.6867190599441528
0.3950876295566559,0.8646144866943359,0.68671715259552
0.4479033946990967,1.0463672876358032,0.686715304851532
0.4903636872768402,0.7904762625694275,0.6867130994796753
0.4934638440608978,0.7327829599380493,0.6867110729217529
0.49509772658348083,0.8421748280525208,0.6867088675498962
0.44639602303504944,1.073406457901001,0.6867069602012634
0.41439005732536316,0.9256075620651245,0.6867049336433411
0.4151422083377838,0.938129186630249,0.6867030262947083
0.3949447274208069,0.7536331415176392,0.6867010593414307
0.46660116314888,0.7027840614318848,0.6866990327835083
0.4465641677379608,0.6933516263961792,0.6866970658302307
0.4396156072616577,0.8630300164222717,0.686694860458374
0.41914457082748413,1.0348210334777832,0.6866928935050964
0.4613795280456543,0.8755792379379272,0.6866908073425293
0.4436871111392975,0.9928102493286133,0.6866886615753174
0.4302275776863098,0.925069272518158,0.6866867542266846
0.43697497248649597,1.004898190498352,0.686684787273407
0.4822833240032196,1.1965444087982178,0.6866828799247742
0.39041784405708313,0.8415695428848267,0.6866810321807861
0.4072587490081787,0.8677034378051758,0.6866790056228638
0.4603225588798523,0.9444890022277832,0.6866767406463623
0.48350653052330017,1.069931983947754,0.6866748332977295
0.38626304268836975,0.7951461672782898,0.6866729855537415
0.45258796215057373,0.943208634853363,0.68667072057724
0.4116193354129791,0.6948292851448059,0.686668872833252
0.3833388090133667,0.8343130946159363,0.6866670250892639
0.41372373700141907,1.227755069732666,0.6866649389266968
0.43425169587135315,0.8843922019004822,0.6866628527641296
0.47181859612464905,0.9008910059928894,0.6866609454154968
0.4531835913658142,1.0203145742416382,0.6866589188575745
0.38221442699432373,0.7167869210243225,0.6866567730903625
0.45379164814949036,1.041174292564392,0.6866546869277954
0.5152794122695923,0.7463374137878418,0.686652660369873
0.3861774802207947,0.9798368215560913,0.6866505742073059
0.4216406047344208,1.0477962493896484,0.6866485476493835
0.44479095935821533,0.7099497318267822,0.6866463422775269
0.3810422718524933,0.8132376670837402,0.6866443753242493
0.4637392461299896,0.9802730679512024,0.6866424083709717
0.4146552085876465,1.0205943584442139,0.6866403818130493
0.41531309485435486,0.9091724753379822,0.6866382360458374
0.4431166648864746,0.7841789722442627,0.6866360902786255
0.43481361865997314,0.9106866121292114,0.6866340637207031
0.4122077524662018,0.8483693599700928,0.6866320967674255
0.4312908351421356,0.7516658306121826,0.6866300106048584
0.42536741495132446,0.9243810176849365,0.6866278648376465
0.366760790348053,0.9279861450195312,0.6866258382797241
0.4107736349105835,0.9003947377204895,0.6866238713264465
0.41716474294662476,0.9305214881896973,0.6866217255592346
0.4174739122390747,0.8131710290908813,0.6866195797920227
0.3906349837779999,0.8732274770736694,0.6866176128387451
0.41018080711364746,0.7704215049743652,0.6866157054901123
0.44004032015800476,0.7666075825691223,0.6866137981414795
0.49110350012779236,0.8020420670509338,0.6866120100021362
0.4001235365867615,0.822607159614563,0.6866100430488586
0.4726560115814209,0.9807003140449524,0.6866078972816467
0.4177771806716919,0.785304069519043,0.6866060495376587
0.43853190541267395,0.7508358955383301,0.6866039037704468
0.42373523116111755,0.8066720962524414,0.6866017580032349
0.41348060965538025,0.6343750953674316,0.6865996718406677
0.4237388074398041,0.7631728053092957,0.6865977048873901
0.4489240050315857,0.8489698767662048,0.6865957975387573
0.4445757269859314,0.9589056968688965,0.6865936517715454
0.40105921030044556,0.9554538130760193,0.6865915060043335
0.44541072845458984,0.70237797498703,0.6865893006324768
0.4383569359779358,0.7628908157348633,0.6865873336791992
0.43564310669898987,0.6821061372756958,0.6865853667259216
0.45234906673431396,0.8570826649665833,0.6865835189819336
0.40719470381736755,0.7428414821624756,0.6865814924240112
0.46758589148521423,0.8500189185142517,0.686579704284668
0.4514498710632324,0.8494386076927185,0.686577558517456
0.44302162528038025,0.9236858487129211,0.686575710773468
0.41654396057128906,0.9680759310722351,0.6865736246109009
0.40377455949783325,0.8992766737937927,0.6865716576576233
0.4464176893234253,0.7525354623794556,0.6865694522857666
0.4436781108379364,0.7387939095497131,0.6865677237510681
0.5036980509757996,1.0094270706176758,0.6865658164024353
0.3854881823062897,1.0600380897521973,0.6865639090538025
0.4808562994003296,0.886044979095459,0.6865615248680115
0.44792357087135315,0.9276577830314636,0.6865593194961548
0.4253131151199341,0.892238974571228,0.6865571737289429
0.43008580803871155,0.8422147631645203,0.6865552067756653
0.39695167541503906,0.7601978182792664,0.6865532994270325
0.4632856249809265,0.9658184051513672,0.6865514516830444
0.3954216539859772,0.884373664855957,0.6865496039390564
0.4097551703453064,0.7271592617034912,0.686547577381134
0.4394892156124115,0.9353025555610657,0.6865454316139221
0.42134010791778564,0.7280632853507996,0.6865432858467102
0.4751911461353302,0.8976573944091797,0.6865410208702087
0.41814082860946655,1.0081450939178467,0.6865389347076416
0.3666984736919403,0.8902952075004578,0.6865369081497192
0.38106590509414673,0.7507604956626892,0.6865350008010864
0.41350501775741577,1.3495419025421143,0.6865332126617432
0.4581197500228882,0.7080290913581848,0.6865312457084656
0.44339868426322937,0.6973445415496826,0.686529278755188
0.4791911840438843,0.8881943225860596,0.6865271329879761
0.45576712489128113,0.9213637113571167,0.6865250468254089
0.38855108618736267,0.9468937516212463,0.6865230202674866
0.44109565019607544,0.7637408375740051,0.686521053314209
0.4615321755409241,0.9468894600868225,0.6865190267562866
0.362613320350647,0.9266794323921204,0.6865170001983643
0.42685267329216003,0.8675868511199951,0.6865150928497314
0.4202972650527954,1.1077699661254883,0.6865129470825195
0.3985392153263092,0.9630202054977417,0.6865110397338867
0.4204949736595154,1.0256080627441406,0.68650883436203
0.4535363018512726,0.9099039435386658,0.6865066289901733
0.4796365201473236,0.8658576011657715,0.6865044236183167
0.4032851457595825,0.9568028450012207,0.6865025162696838
0.38617271184921265,1.0435197353363037,0.6865003705024719
0.43042609095573425,0.7785190343856812,0.6864985823631287
0.48715391755104065,0.9569811224937439,0.6864967346191406
0.47850704193115234,1.0874511003494263,0.686494767665863
0.40035179257392883,0.9244291186332703,0.6864927411079407
0.37418970465660095,0.8751382827758789,0.686490535736084
0.4294056296348572,0.7671745419502258,0.6864883899688721
0.47710487246513367,0.856166660785675,0.6864863634109497
0.3793806731700897,1.1209033727645874,0.6864843368530273
0.4650631546974182,0.641248345375061,0.6864823698997498
0.4432295262813568,0.9839680790901184,0.6864802837371826
0.486406534910202,0.7943944931030273,0.686478316783905
0.4651716649532318,1.0361319780349731,0.6864761114120483
0.4552636742591858,0.9449130892753601,0.686474084854126
0.46780070662498474,1.0836933851242065,0.6864719986915588
0.46526801586151123,0.9026495218276978,0.6864699721336365
0.4514630436897278,0.7218661904335022,0.686468243598938
0.474292516708374,0.7700947523117065,0.68646639585495
0.3820677399635315,0.8843404054641724,0.6864644885063171
0.40925711393356323,0.9114072918891907,0.68646240234375
0.42595207691192627,0.8792790174484253,0.6864602565765381
0.4911852777004242,0.7531736493110657,0.6864582300186157
0.4427158534526825,0.963354229927063,0.6864562630653381
0.4735155403614044,0.9936734437942505,0.6864542365074158
0.4654887318611145,1.1445263624191284,0.6864525675773621
0.4719770848751068,0.7491169571876526,0.6864506006240845
0.5013834834098816,0.8436037302017212,0.6864485740661621
0.5345052480697632,1.0148502588272095,0.6864463090896606
0.4409862458705902,0.856260359287262,0.6864443421363831
0.4410569667816162,0.9114962220191956,0.6864421963691711
0.39993488788604736,1.046583890914917,0.6864402890205383
0.4051462709903717,0.9544793367385864,0.686438262462616
0.42891624569892883,0.9091094732284546,0.686436116695404
0.4153483211994171,0.95188969373703,0.6864341497421265
0.4438036382198334,0.8533856272697449,0.6864323019981384
0.4083125591278076,0.9391158819198608,0.6864305138587952
0.4583977460861206,0.8403005599975586,0.6864283680915833
0.48565351963043213,0.9730951189994812,0.6864262223243713
0.3785615861415863,0.8950416445732117,0.6864240169525146
0.4303129017353058,0.8559152483940125,0.686421811580658
0.47928163409233093,0.6916138529777527,0.6864197254180908
0.4212213158607483,0.9450963735580444,0.6864178776741028
0.4253951907157898,0.9690675735473633,0.6864160299301147
0.3919111490249634,1.0120205879211426,0.6864140033721924
0.42546945810317993,1.0246832370758057,0.68641197681427
0.3932660222053528,0.8566982746124268,0.6864100098609924
0.4397299885749817,0.8092186450958252,0.6864078640937805
0.40370863676071167,0.8247792720794678,0.6864058375358582
0.4291905164718628,0.8411252498626709,0.6864038109779358
0.41755539178848267,0.826572597026825,0.6864017844200134
0.4065067172050476,1.159666895866394,0.6863999366760254
0.4536527991294861,0.8821299076080322,0.6863980889320374
0.42611777782440186,0.9166078567504883,0.6863961815834045
0.38416698575019836,1.0020086765289307,0.6863941550254822
0.40051352977752686,0.875636637210846,0.6863921880722046
0.44800376892089844,0.995759904384613,0.686390221118927
0.43491023778915405,0.7186474800109863,0.6863881945610046
0.4161624014377594,0.7286770939826965,0.686386227607727
0.44967833161354065,0.7686231732368469,0.6863842606544495
0.4172026813030243,0.7148512601852417,0.6863822340965271
0.45855650305747986,0.8488081097602844,0.6863802671432495
0.4850044846534729,1.0633928775787354,0.6863783001899719
0.37466251850128174,0.8369999527931213,0.6863763332366943
0.3981468975543976,1.0158084630966187,0.6863743662834167
0.4478370249271393,0.9004672765731812,0.6863725781440735
0.43724605441093445,0.8155882954597473,0.6863706111907959
0.4325811266899109,0.9291042685508728,0.6863687634468079
0.37986692786216736,0.743168830871582,0.6863665580749512
0.4686385691165924,0.9531499147415161,0.686364471912384
0.458636611700058,0.966994047164917,0.6863622665405273
0.37978416681289673,0.9366039037704468,0.686360239982605
0.4141564965248108,0.8263734579086304,0.6863583326339722
0.45545026659965515,0.9298619627952576,0.6863566040992737
0.40973180532455444,1.0499367713928223,0.6863547563552856
0.4468499422073364,0.789633572101593,0.6863529086112976
0.4708784520626068,0.9119365811347961,0.68635094165802
0.41682302951812744,1.0417557954788208,0.6863490343093872
0.42207884788513184,0.7977065443992615,0.6863470077514648
0.41552841663360596,0.9706974029541016,0.6863449811935425
0.4430292844772339,0.9514161944389343,0.6863431334495544
0.34807899594306946,0.7752363681793213,0.6863412857055664
0.44456514716148376,0.8497734069824219,0.686339259147644
0.4066000282764435,0.9431005716323853,0.6863375306129456
0.4392077624797821,1.1815800666809082,0.6863356232643127
0.4558205008506775,0.7900208830833435,0.686333417892456
0.43720346689224243,0.974429190158844,0.6863313317298889
0.45509466528892517,0.6702148914337158,0.6863293647766113
0.3807624876499176,0.8588841557502747,0.6863273978233337
0.5219272971153259,0.6978724002838135,0.6863254904747009
0.48195213079452515,1.0169895887374878,0.6863234043121338
0.44322293996810913,1.0194486379623413,0.6863213777542114
0.42645907402038574,0.9120938777923584,0.6863192319869995
0.48410919308662415,0.8032227754592896,0.6863172054290771
0.4003891944885254,0.6845658421516418,0.6863151788711548
0.3777301013469696,0.9379688501358032,0.6863130331039429
0.4796995520591736,0.8202623724937439,0.686310887336731
0.3961646854877472,0.8694201707839966,0.6863088011741638
0.4319910407066345,0.7486858367919922,0.686306893825531
0.38887205719947815,0.8049748539924622,0.6863051652908325
0.456180602312088,0.781940758228302,0.6863033771514893
0.37968534231185913,0.7202183604240417,0.6863014698028564
0.4056745171546936,0.7918576002120972,0.6862994432449341
0.42583945393562317,0.7206650972366333,0.6862974166870117
0.42346176505088806,0.8793511390686035,0.686295211315155
0.4407941997051239,0.7418294548988342,0.6862931847572327
0.39298883080482483,1.0597503185272217,0.6862913966178894
0.46583351492881775,0.9932725429534912,0.6862896680831909
0.44854027032852173,0.8287555575370789,0.6862874031066895
0.49390819668769836,0.8746379017829895,0.6862853765487671
0.3909546136856079,0.6655723452568054,0.6862833499908447
0.44959476590156555,1.020066499710083,0.6862813234329224
0.4250170886516571,0.7162075042724609,0.686279296875
0.4428980052471161,0.7725637555122375,0.6862773299217224
0.41065528988838196,0.7853184938430786,0.6862752437591553
0.48213863372802734,0.863483190536499,0.6862732768058777
0.44303062558174133,0.8731170296669006,0.6862714290618896
0.4254559874534607,1.1083351373672485,0.6862695813179016
0.4295238256454468,0.8833127021789551,0.6862675547599792
0.39851340651512146,1.0538954734802246,0.6862656474113464
0.43451055884361267,0.7331600785255432,0.6862636804580688
0.3927120268344879,0.8884353637695312,0.6862613558769226
0.44417598843574524,0.8007789850234985,0.6862593293190002
0.36510854959487915,0.8718945384025574,0.686257541179657
0.4816632866859436,0.8194824457168579,0.686255693435669
0.388201504945755,0.6884563565254211,0.6862537264823914
0.4579704701900482,0.7567824721336365,0.6862517595291138
0.4583081305027008,0.9354605078697205,0.6862497925758362
0.4532824754714966,0.8638134002685547,0.686247706413269
0.4153445065021515,0.78502357006073,0.6862457394599915
0.4980744421482086,0.8071296811103821,0.6862438321113586
0.4230496883392334,0.8449152112007141,0.6862417459487915
0.4081209599971771,0.7396243214607239,0.6862398386001587
0.45322683453559875,1.0546331405639648,0.6862378120422363
0.46752268075942993,0.834818422794342,0.6862355470657349
0.3818800151348114,0.9359685778617859,0.6862335801124573
0.37916553020477295,0.7970288991928101,0.6862314939498901
0.43029722571372986,1.0727390050888062,0.6862296462059021
0.5194006562232971,0.9367332458496094,0.686227560043335
0.42930275201797485,0.9240429401397705,0.6862253546714783
0.4597688317298889,1.4501296281814575,0.6862235069274902
0.4224737584590912,0.8622571229934692,0.6862214803695679
0.45372650027275085,0.8458542823791504,0.6862193942070007
0.45041292905807495,0.7667365670204163,0.6862174868583679
0.45342549681663513,0.7405574917793274,0.6862155795097351
0.47030484676361084,0.7137184143066406,0.6862136721611023
0.4639533460140228,0.7537997961044312,0.6862116456031799
0.4541476368904114,0.8544355034828186,0.6862097382545471
0.4468802511692047,0.8391267657279968,0.6862075328826904
0.4438069760799408,0.9454583525657654,0.6862056255340576
0.42221537232398987,0.8449628353118896,0.6862037777900696
0.43437308073043823,0.77524733543396,0.6862017512321472
0.4298337399959564,0.8387340307235718,0.6861997246742249
0.5075611472129822,0.7758428454399109,0.6861977577209473
0.367683082818985,1.221599817276001,0.6861957907676697
0.3792087733745575,0.9197700023651123,0.6861934065818787
0.4576387405395508,0.8641395568847656,0.6861914396286011
0.46720293164253235,0.911361813545227,0.6861893534660339
0.43987783789634705,1.031764030456543,0.686187207698822
0.44172415137290955,0.9537544846534729,0.6861850619316101
0.5144041776657104,0.8588383197784424,0.6861832141876221
0.4281500279903412,0.9001129269599915,0.6861813068389893
0.45290878415107727,1.1248462200164795,0.6861792802810669
0.4820084273815155,0.7465534806251526,0.6861773133277893
0.4372032880783081,0.6806008219718933,0.6861754059791565
0.44097158312797546,0.8172467350959778,0.6861734390258789
0.43894416093826294,0.742383599281311,0.6861714720726013
0.41070520877838135,0.6849067807197571,0.6861696839332581
0.4032991826534271,0.8077746629714966,0.6861677765846252
0.41450345516204834,0.8470669984817505,0.6861658096313477
0.4324989318847656,1.1489819288253784,0.6861638426780701
0.41481196880340576,0.7991614937782288,0.6861617565155029
0.4613388776779175,0.823432445526123,0.686159610748291
0.43586423993110657,0.8650942444801331,0.6861575245857239
0.3897506296634674,0.8367393612861633,0.6861556172370911
0.41870296001434326,1.170375943183899,0.6861536502838135
0.3922135829925537,0.9332290291786194,0.6861516237258911
0.43397748470306396,0.8140165209770203,0.6861495971679688
0.4088355600833893,0.8900129199028015,0.6861475706100464
0.41490450501441956,1.0771180391311646,0.686145544052124
0.4016365706920624,1.0024679899215698,0.6861434578895569
0.4053073525428772,0.9876745343208313,0.6861414313316345
0.38944169878959656,0.8239418268203735,0.6861394643783569
0.42454248666763306,0.8003122806549072,0.6861377358436584
0.4226308763027191,0.7628409266471863,0.6861358880996704
0.44739043712615967,0.912142276763916,0.6861340403556824
0.4446774125099182,0.9161297082901001,0.6861321926116943
0.47019606828689575,0.6955103874206543,0.6861303448677063
0.3999117910861969,0.8028136491775513,0.6861282587051392
0.4587496817111969,0.792625904083252,0.6861261129379272
0.39726632833480835,0.7455686926841736,0.6861240863800049
0.41776472330093384,0.7861376404762268,0.6861221790313721
0.42814022302627563,1.1582019329071045,0.6861202716827393
0.41192489862442017,1.0387232303619385,0.6861183643341064
0.470995157957077,0.8426764011383057,0.6861165165901184
0.41563186049461365,0.743223249912262,0.6861143112182617
0.4303257167339325,0.8818271160125732,0.6861123442649841
0.4524492621421814,0.7202872037887573,0.6861100792884827
0.42579230666160583,0.7851637601852417,0.6861080527305603
0.40485450625419617,0.8674853444099426,0.6861060857772827
0.4106644093990326,0.7040900588035583,0.6861042976379395
0.4295578598976135,0.8369815945625305,0.6861023306846619
0.4273271858692169,0.9467631578445435,0.6861006021499634
0.40069082379341125,0.8626981377601624,0.6860988140106201
0.4380549490451813,0.9770647883415222,0.6860969662666321
0.43007415533065796,1.0253429412841797,0.6860950589179993
0.4639270603656769,0.8768005967140198,0.6860927939414978
0.4283231198787689,1.058897614479065,0.6860906481742859
0.4398614466190338,1.153005599975586,0.6860887408256531
0.4543614089488983,0.7676394581794739,0.6860867142677307
0.4505349397659302,0.8149722814559937,0.6860848665237427
0.42218780517578125,0.6526212096214294,0.6860833168029785
0.39084506034851074,0.7969532608985901,0.6860814094543457
0.49174466729164124,0.823347270488739,0.6860790252685547
0.4418504238128662,0.8697540760040283,0.6860767006874084
0.379364550113678,0.8584533929824829,0.6860746145248413
0.42861518263816833,0.9291420578956604,0.686072587966919
0.4140526354312897,1.2051254510879517,0.6860706210136414
0.4511891007423401,0.7432632446289062,0.6860688924789429
0.3939916789531708,1.180360198020935,0.6860671639442444
0.4905761480331421,1.097505807876587,0.6860651969909668
0.45606347918510437,0.8012445569038391,0.6860631108283997
0.4697192907333374,0.8343095183372498,0.6860609650611877
0.45789963006973267,0.9555110335350037,0.6860586404800415
0.5186796188354492,0.8661606311798096,0.6860567331314087
0.4451897442340851,0.9214372038841248,0.6860548853874207
0.44531843066215515,0.8132920265197754,0.6860531568527222
0.4783613085746765,1.1333940029144287,0.6860511898994446
0.4324033260345459,0.8820720314979553,0.6860490441322327
0.4638977646827698,0.7032241225242615,0.6860470175743103
0.43977874517440796,0.8237456679344177,0.6860451102256775
0.41918066143989563,0.7168752551078796,0.6860432624816895
0.5099830627441406,0.9137661457061768,0.6860412955284119
0.4404067099094391,0.751471221446991,0.6860391497612
0.3955651819705963,0.8369623422622681,0.6860374808311462
0.3804965615272522,0.7913147211074829,0.6860352754592896
0.4697703719139099,0.689059317111969,0.6860331296920776
0.4400959610939026,0.977367103099823,0.6860311031341553
0.3710552155971527,0.9037294983863831,0.6860291361808777
0.44979140162467957,1.0063892602920532,0.6860271692276001
0.43703025579452515,0.8310236930847168,0.6860253214836121
0.39040032029151917,0.8500218987464905,0.686023473739624
0.45896393060684204,0.9850586652755737,0.6860213875770569
0.3867079019546509,0.8373465538024902,0.6860193610191345
0.4635492265224457,0.7606027126312256,0.6860173344612122
0.44177013635635376,0.773289680480957,0.6860154867172241
0.39576804637908936,1.0298380851745605,0.6860135793685913
0.45019733905792236,0.6996936798095703,0.6860114932060242
0.47631290555000305,0.8319350481033325,0.6860095262527466
0.4326423406600952,0.9312006831169128,0.6860076189041138
0.4299188256263733,0.8842737078666687,0.686005711555481
0.46800851821899414,0.8623746633529663,0.6860038042068481
0.4418144226074219,0.894464373588562,0.6860018372535706
0.4686673879623413,0.8753278255462646,0.6859999895095825
0.4259636104106903,0.9824696779251099,0.6859980821609497
0.4375084638595581,0.9658229351043701,0.6859960556030273
0.4797535538673401,0.7926231026649475,0.6859941482543945
0.39424508810043335,0.6829771399497986,0.6859923005104065
0.3829144239425659,0.8664552569389343,0.6859903931617737
0.469664067029953,0.9151694178581238,0.6859884858131409
0.41025519371032715,0.9742310643196106,0.6859863996505737
0.388883501291275,0.8353368043899536,0.685984194278717
0.4320424497127533,0.7754845023155212,0.6859822869300842
0.4314737617969513,1.0404644012451172,0.6859801411628723
0.4826693534851074,0.8980938196182251,0.685978353023529
0.46835318207740784,0.9265629053115845,0.6859763860702515
0.34567517042160034,0.9647518396377563,0.6859742999076843
0.4142879247665405,1.0157768726348877,0.6859721541404724
0.4340752363204956,0.8224284052848816,0.6859702467918396
0.44799143075942993,0.824404239654541,0.6859683394432068
0.4138479232788086,0.8420694470405579,0.6859663724899292
0.4467821419239044,0.7177160978317261,0.6859645247459412
0.46132856607437134,0.9463000893592834,0.6859624981880188
0.34169986844062805,1.1518019437789917,0.6859605312347412
0.41740596294403076,0.8233657479286194,0.6859585642814636
0.4014362096786499,0.7669709324836731,0.6859566569328308
0.4069174826145172,1.1147559881210327,0.6859544515609741
0.4127342998981476,0.7493157386779785,0.6859524250030518
0.4937370717525482,0.8417837619781494,0.6859505772590637
0.4180159568786621,0.7742292881011963,0.6859487891197205
0.4046161472797394,0.772377610206604,0.685947060585022
0.43318209052085876,0.7199450135231018,0.6859452724456787
0.4335037171840668,0.7854281067848206,0.6859433650970459
0.4212398827075958,1.0630217790603638,0.6859413981437683
0.3773095905780792,0.7228717803955078,0.6859393119812012
0.4159384071826935,0.9100953340530396,0.6859371662139893
0.5291260480880737,1.0285508632659912,0.6859351396560669
0.426089882850647,0.8537282347679138,0.6859333515167236
0.3846641182899475,0.7723218202590942,0.6859313249588013
0.44092267751693726,0.7734696865081787,0.6859291791915894
0.3636975884437561,0.7633627653121948,0.6859270930290222
0.4636886417865753,1.0879325866699219,0.685925304889679
0.44967982172966003,0.9805066585540771,0.6859232187271118
0.42863067984580994,0.8026391863822937,0.6859212517738342
0.411507248878479,0.732761025428772,0.6859193444252014
0.44006264209747314,0.9119347333908081,0.685917317867279
0.4176148772239685,0.8778704404830933,0.6859155297279358
0.4453323185443878,0.8100353479385376,0.6859135031700134
0.3988879323005676,0.7597822546958923,0.6859114170074463
0.4621378183364868,0.7230482697486877,0.6859093904495239
0.41253870725631714,0.7456544041633606,0.6859074831008911
0.40997421741485596,0.9252110123634338,0.6859055161476135
0.4679422974586487,0.8255472779273987,0.6859034895896912
0.4488976299762726,0.7174364924430847,0.6859013438224792
0.420878529548645,0.8945972323417664,0.6858993768692017
0.46401867270469666,1.0639705657958984,0.6858974099159241
0.4444674253463745,0.8201926946640015,0.6858954429626465
0.4062967598438263,1.0698517560958862,0.6858933568000793
0.43730613589286804,0.7836862206459045,0.685891330242157
0.5155227780342102,0.8811878561973572,0.6858893036842346
0.44933685660362244,1.0411574840545654,0.6858872771263123
0.39888590574264526,0.7915786504745483,0.685885488986969
0.414510577917099,0.8402072191238403,0.6858837008476257
0.45084571838378906,0.9390960335731506,0.6858817338943481
0.48295965790748596,0.6946753859519958,0.685879647731781
0.3679538667201996,0.7900300025939941,0.6858775615692139
0.4031214118003845,1.1001960039138794,0.685875415802002
0.4457785189151764,0.8553074598312378,0.6858735084533691
0.44851768016815186,0.7893048524856567,0.6858716607093811
0.4724797308444977,0.8339279890060425,0.6858698725700378
0.4505375623703003,0.8591497540473938,0.6858680844306946
0.4474733769893646,0.8649399280548096,0.6858661770820618
0.451404869556427,1.074966549873352,0.6858645081520081
0.48233404755592346,0.7220226526260376,0.6858624815940857
0.38963043689727783,0.9975341558456421,0.6858603358268738
0.4471174478530884,0.7199627757072449,0.6858581900596619
0.43314817547798157,0.8928163051605225,0.68585604429245
0.4347308576107025,0.7508217096328735,0.6858540177345276
0.4482361376285553,0.721195638179779,0.6858522295951843
0.4547106921672821,0.8854228258132935,0.6858502626419067
0.42148566246032715,1.0775175094604492,0.6858485341072083
0.43601953983306885,0.953148603439331,0.6858465075492859
0.3803248405456543,0.8347163200378418,0.6858445405960083
0.4472208023071289,1.0908368825912476,0.6858423352241516
0.4405972957611084,0.843497097492218,0.6858401894569397
0.45426735281944275,0.8486543893814087,0.6858381628990173
0.43943271040916443,0.9209739565849304,0.6858362555503845
0.44132959842681885,0.7594813704490662,0.6858346462249756
0.42360082268714905,0.8581533432006836,0.6858330368995667
0.4201505482196808,0.7780612707138062,0.6858311295509338
0.4599921405315399,0.7975137829780579,0.6858290433883667
0.42571279406547546,0.6003488898277283,0.6858270764350891
0.42916953563690186,0.7199330925941467,0.6858251094818115
0.40705224871635437,0.8871582746505737,0.6858232617378235
0.4125286638736725,0.8436675071716309,0.6858213543891907
0.40911155939102173,1.1062501668930054,0.6858194470405579
0.4242934286594391,0.7829665541648865,0.6858176589012146
0.4812319576740265,1.1334704160690308,0.6858157515525818
0.4715539813041687,0.6879343390464783,0.6858139634132385
0.40728092193603516,1.2048237323760986,0.6858121156692505
0.46912825107574463,0.7997839450836182,0.6858102083206177
0.42139655351638794,0.6226332187652588,0.6858083605766296
0.41420722007751465,0.7959750890731812,0.685806393623352
0.469643235206604,0.8575068712234497,0.6858046650886536
0.4125009775161743,0.859874963760376,0.6858026385307312
0.4130110740661621,0.9815268516540527,0.6858006715774536
0.44684547185897827,0.9031479358673096,0.6857988238334656
0.44804656505584717,0.8595508933067322,0.6857969164848328
0.4473011791706085,0.9883873462677002,0.685795247554779
0.42695432901382446,0.9160909056663513,0.6857934594154358
0.4866202175617218,0.8445749878883362,0.685791552066803
0.43677809834480286,1.0076093673706055,0.6857892870903015
0.38100603222846985,0.9245434403419495,0.6857873201370239
0.3853169083595276,0.9183628559112549,0.6857852339744568
0.44497576355934143,1.1031622886657715,0.685783326625824
0.446757048368454,0.7917782068252563,0.6857814788818359
0.48384130001068115,0.9263378381729126,0.6857796907424927
0.435554563999176,0.8496800065040588,0.6857779026031494
0.45873695611953735,0.8366780877113342,0.6857760548591614
0.42327675223350525,0.9877815842628479,0.6857742071151733
0.41438955068588257,0.7806797027587891,0.6857722997665405
0.44226378202438354,0.9650369882583618,0.6857700943946838
0.4854956567287445,0.8581658005714417,0.6857682466506958
0.4484235644340515,0.7742846608161926,0.6857664585113525
0.4320990741252899,0.8693755865097046,0.6857645511627197
0.4334522485733032,0.7883676886558533,0.6857624650001526
0.42790487408638,0.8519004583358765,0.6857603788375854
0.43013545870780945,0.9042220115661621,0.6857583522796631
0.46971240639686584,0.8318838477134705,0.6857564449310303
0.4133704900741577,0.8691685199737549,0.6857544779777527
0.4514628052711487,1.0267728567123413,0.6857525110244751
0.4231588542461395,0.9516035914421082,0.6857507824897766
0.3920692801475525,1.0322306156158447,0.6857489347457886
0.45745065808296204,0.5828655958175659,0.6857469081878662
0.41897842288017273,0.9960501790046692,0.6857447028160095
0.4327661693096161,0.7540265321731567,0.6857427358627319
0.43786197900772095,0.9825439453125,0.6857407093048096
0.41307494044303894,0.8229847550392151,0.6857389807701111
0.4218587875366211,0.8402938842773438,0.685737133026123
0.45317137241363525,0.8883641958236694,0.6857351660728455
0.4366443455219269,0.8642467856407166,0.6857331395149231
0.46241408586502075,0.7080363631248474,0.6857313513755798
0.3784022331237793,0.937188446521759,0.6857293248176575
0.44874534010887146,0.6389988660812378,0.6857273578643799
0.392648845911026,0.9111056923866272,0.6857255101203918
0.42465850710868835,0.9702229499816895,0.6857234239578247
0.44552528858184814,0.9080851674079895,0.6857215166091919
0.45750731229782104,0.9526031613349915,0.68571937084198
0.446093887090683,0.891144871711731,0.6857174038887024
0.3873285949230194,0.683378279209137,0.68571537733078
0.444732129573822,0.7778910398483276,0.6857133507728577
0.40224525332450867,0.9820862412452698,0.6857114434242249
0.4214446544647217,0.9555088877677917,0.6857093572616577
0.4242372512817383,0.8157899975776672,0.6857072114944458
0.3821025788784027,0.9196376204490662,0.6857051253318787
0.4644078016281128,0.7273113131523132,0.6857031583786011
0.4061444103717804,0.8874671459197998,0.6857014298439026
0.42115145921707153,0.8821655511856079,0.6856995224952698
0.48175665736198425,0.8536297678947449,0.6856976747512817
0.45545583963394165,0.7840420007705688,0.6856956481933594
0.43218931555747986,0.6434731483459473,0.6856937408447266
0.3954056203365326,0.7389376163482666,0.6856917142868042
0.356411874294281,0.7004029750823975,0.6856897473335266
0.390441358089447,0.8828962445259094,0.685687780380249
0.4451908767223358,0.9510623216629028,0.6856858730316162
0.4928636848926544,0.9330446720123291,0.6856839060783386
0.42439043521881104,0.8171969652175903,0.6856818795204163
0.4736206829547882,0.6537391543388367,0.6856798529624939
0.45010361075401306,0.7342672348022461,0.6856780648231506
0.4387533366680145,0.8902304768562317,0.6856760382652283
0.4407050907611847,1.058401346206665,0.6856739521026611
0.4961186349391937,0.7565869092941284,0.6856719851493835
0.43883275985717773,1.0016576051712036,0.6856699585914612
0.4886533319950104,0.9339008927345276,0.6856678128242493
0.4559217691421509,0.7750985026359558,0.6856657266616821
0.51310133934021,0.9404093027114868,0.6856637597084045
0.46336454153060913,0.8100791573524475,0.6856615543365479
0.4498065114021301,0.7701252102851868,0.6856595277786255
0.4898679256439209,0.8466020822525024,0.6856574416160583
0.4271925389766693,0.8133662939071655,0.6856553554534912
0.4545995891094208,0.8331087827682495,0.6856533288955688
0.4318554699420929,0.9572777152061462,0.6856513023376465
0.38002291321754456,0.7309431433677673,0.6856493949890137
0.44727760553359985,0.8997781276702881,0.6856473088264465
0.3942602574825287,0.8859987258911133,0.6856452822685242
0.43047305941581726,0.8364391922950745,0.6856433749198914
0.40616437792778015,0.880750298500061,0.6856415867805481
0.4130801558494568,0.927787721157074,0.6856395602226257
0.44732892513275146,0.9923298358917236,0.6856377124786377
0.4598322808742523,0.785818874835968,0.6856358051300049
0.4484436810016632,0.8809953331947327,0.6856338977813721
0.4004543721675873,0.8428720831871033,0.6856319904327393
0.4437483251094818,0.832275927066803,0.6856300234794617
0.4596242308616638,0.8198956847190857,0.6856279969215393
0.425923228263855,0.6930736303329468,0.685626208782196
0.38391363620758057,0.7585591673851013,0.6856242418289185
0.4311966598033905,0.833699107170105,0.6856222748756409
0.43665122985839844,0.8800885677337646,0.6856203675270081
0.46324393153190613,0.9073835015296936,0.6856181621551514
0.43298056721687317,0.8692424297332764,0.685616135597229
0.4909350574016571,1.070208191871643,0.6856142282485962
0.41555774211883545,0.9026473164558411,0.6856123208999634
0.46284595131874084,0.7996370196342468,0.6856103539466858
0.44833213090896606,0.9176710844039917,0.6856083869934082
0.4163428544998169,0.7129029035568237,0.6856065988540649
0.4514627754688263,0.7984326481819153,0.6856045722961426
0.41859206557273865,0.8043023943901062,0.6856025457382202
0.44394180178642273,0.6194303035736084,0.6856003403663635
0.4424434304237366,1.007846713066101,0.6855984330177307
0.42399895191192627,0.9058396816253662,0.6855964064598083
0.3976707458496094,0.8925827145576477,0.6855943202972412
0.4115621745586395,0.8579353094100952,0.6855923533439636
0.4003297984600067,0.9139530062675476,0.6855905652046204
0.43777090311050415,0.8745204210281372,0.685588538646698
0.4286757707595825,0.9145689606666565,0.6855865716934204
0.4643130302429199,0.995222806930542,0.6855846643447876
0.4012269973754883,0.8278711438179016,0.6855825185775757
0.44496020674705505,0.9332608580589294,0.6855806708335876
0.40935707092285156,0.7917720675468445,0.6855789422988892
0.4498964548110962,0.8965786695480347,0.6855770349502563
0.37978363037109375,0.7485263347625732,0.6855749487876892
0.4538845717906952,1.031476378440857,0.6855729222297668
0.4655589163303375,0.8349654078483582,0.6855709552764893
0.4832242429256439,0.8363425135612488,0.6855691075325012
0.4081502854824066,0.786884069442749,0.6855671405792236
0.42794692516326904,0.8356287479400635,0.6855654120445251
0.4346681535243988,0.8023277521133423,0.6855635046958923
0.40486517548561096,0.7516762614250183,0.6855616569519043
0.41024336218833923,0.8425304293632507,0.6855595111846924
0.46311965584754944,0.7919172048568726,0.68555748462677
0.45510873198509216,0.8195497989654541,0.6855554580688477
0.491017609834671,0.9517873525619507,0.6855536103248596
0.409020334482193,0.9278836250305176,0.6855517029762268
0.3500472903251648,0.77647864818573,0.6855496168136597
0.45953455567359924,0.6970868110656738,0.6855477690696716
0.3764181435108185,0.9635030031204224,0.6855458617210388
0.44986915588378906,0.8814578056335449,0.6855437755584717
0.4125764071941376,0.9332384467124939,0.6855416297912598
0.460459440946579,0.8738824129104614,0.6855399012565613
0.4064699709415436,0.7842759490013123,0.6855379343032837
0.41951248049736023,0.7416308522224426,0.6855359673500061
0.45579496026039124,0.7955388426780701,0.685533881187439
0.4657127261161804,0.9883487820625305,0.6855318546295166
0.4380605220794678,0.9722469449043274,0.6855295300483704
0.42289626598358154,0.8334380388259888,0.685527503490448
0.43845516443252563,0.8736090064048767,0.6855255961418152
0.40436750650405884,0.7716816067695618,0.6855236291885376
0.4541453421115875,0.7822567224502563,0.6855218410491943
0.43942034244537354,0.9442118406295776,0.6855198740959167
0.44657233357429504,0.7984008193016052,0.6855180859565735
0.38239729404449463,0.9182502031326294,0.6855161786079407
0.4266718924045563,0.7008618116378784,0.6855140924453735
0.4259217083454132,0.9226428866386414,0.6855122447013855
0.45400673151016235,0.7981334924697876,0.685509979724884
0.4577409327030182,0.7114845514297485,0.6855080723762512
0.45157766342163086,0.7116013765335083,0.6855062246322632
0.42715051770210266,0.8184533715248108,0.6855044960975647
0.4147087633609772,0.8553964495658875,0.685502290725708
0.4731881320476532,0.8032217025756836,0.6854999661445618
0.4642850458621979,1.089502215385437,0.6854979991912842
0.4235778748989105,0.7469304800033569,0.685495913028717
0.4092445373535156,0.7486456036567688,0.6854938864707947
0.46741703152656555,0.9146458506584167,0.6854918599128723
0.4159965515136719,0.9575449824333191,0.6854899525642395
0.41785287857055664,0.7469820976257324,0.6854878067970276
0.40780192613601685,0.8915114402770996,0.6854858994483948
0.4339463412761688,0.8740851283073425,0.6854838132858276
0.4324168264865875,1.1446062326431274,0.6854817271232605
0.4047643542289734,0.8084531426429749,0.6854797005653381
0.41219690442085266,0.7663553953170776,0.6854777336120605
0.4185692071914673,0.8828593492507935,0.6854758858680725
0.4096237123012543,0.6582707166671753,0.6854738593101501
0.3771859407424927,0.7527933716773987,0.6854719519615173
0.39319148659706116,0.957425594329834,0.685469925403595
0.44610685110092163,0.8571332097053528,0.6854681372642517
0.4198320209980011,0.7897226214408875,0.6854661703109741
0.430744469165802,0.7640260457992554,0.6854642629623413
0.46596449613571167,0.9934421181678772,0.6854623556137085
0.362614244222641,0.7390992045402527,0.6854603290557861
0.4225151240825653,0.9851524233818054,0.6854584217071533
0.36819854378700256,0.8242940902709961,0.6854562759399414
0.37850290536880493,0.811002790927887,0.6854540705680847
0.47709712386131287,0.7830164432525635,0.6854519248008728
0.3936326503753662,1.0102989673614502,0.6854498386383057
0.43537813425064087,0.7219181060791016,0.685448169708252
0.3921515643596649,0.8752108812332153,0.6854462027549744
0.48345068097114563,0.7693035006523132,0.6854443550109863
0.46814292669296265,0.9343248009681702,0.685442328453064
0.45262303948402405,1.1197975873947144,0.6854401230812073
0.42030978202819824,0.8965774178504944,0.6854381561279297
0.43786683678627014,0.8753312826156616,0.6854361295700073
0.4120015501976013,0.8452982902526855,0.6854342222213745
0.48882392048835754,0.8880582451820374,0.6854323744773865
0.48940953612327576,0.9405219554901123,0.6854304075241089
0.4290519654750824,0.8191627860069275,0.6854285597801208
0.4541141390800476,1.0377968549728394,0.685426652431488
0.47030889987945557,1.234367847442627,0.6854245066642761
0.43097108602523804,0.842732846736908,0.6854225397109985
0.44628608226776123,0.7482955455780029,0.6854206323623657
0.40211066603660583,0.9292993545532227,0.6854187250137329
0.3682069182395935,0.8319443464279175,0.6854168772697449
0.47140398621559143,0.9571002721786499,0.6854150891304016
0.4313037693500519,0.9503424167633057,0.6854133009910583
0.5003052353858948,0.7617653608322144,0.6854113340377808
0.4542894959449768,0.8396924138069153,0.6854095458984375
0.4200496971607208,0.8612546920776367,0.6854074597358704
0.45101916790008545,0.9672614932060242,0.685405433177948
0.4027928411960602,0.8842364549636841,0.6854034662246704
0.4122456908226013,0.8988034129142761,0.6854017376899719
0.4388865828514099,1.0403443574905396,0.6853997707366943
0.4184655249118805,0.8475306034088135,0.6853979825973511
0.4441159963607788,1.0753470659255981,0.6853961944580078
0.4223194718360901,0.7739675641059875,0.6853941679000854
0.41653352975845337,0.853845477104187,0.6853919625282288
0.4349241256713867,0.9405164122581482,0.6853898167610168
0.43662935495376587,0.8412011861801147,0.6853877902030945
0.41282355785369873,0.8066847920417786,0.6853858828544617
0.4470677375793457,0.9333152770996094,0.6853840947151184
0.39071714878082275,1.169203519821167,0.6853823065757751
0.4254148304462433,0.9219110012054443,0.6853805184364319
0.43221208453178406,0.9435634016990662,0.6853784918785095
0.4422808885574341,0.7304930090904236,0.6853764653205872
0.4553351402282715,0.8725029230117798,0.6853744983673096
0.4376820921897888,0.7843031883239746,0.6853726506233215
0.3702949583530426,0.9813533425331116,0.6853708624839783
0.47936704754829407,0.5853608846664429,0.6853689551353455
0.40779373049736023,0.7657670974731445,0.6853670477867126
0.46049800515174866,0.8560894727706909,0.6853650212287903
0.45667383074760437,1.0453089475631714,0.6853630542755127
0.42138057947158813,1.054235816001892,0.6853610873222351
0.4422934651374817,0.7238292694091797,0.6853592991828918
0.38661110401153564,0.9142534732818604,0.6853572130203247
0.44447410106658936,0.9156820774078369,0.6853551864624023
0.4650815427303314,0.8066810369491577,0.6853532791137695
0.425388902425766,0.7211591005325317,0.6853512525558472
0.4591872990131378,0.843178391456604,0.6853492856025696
0.408909410238266,0.9109983444213867,0.6853472590446472
0.39499562978744507,0.8518420457839966,0.6853450536727905
0.4518565237522125,0.827599823474884,0.6853431463241577
0.42052125930786133,0.8000083565711975,0.6853411793708801
0.38174349069595337,0.908030092716217,0.6853392720222473
0.4503219425678253,0.8976864218711853,0.6853373050689697
0.43799740076065063,0.9645190834999084,0.6853354573249817
0.4022669494152069,0.8515648245811462,0.6853334307670593
0.3863673210144043,0.9054499864578247,0.6853315234184265
0.43788444995880127,1.0084776878356934,0.6853294372558594
0.4083082973957062,0.9577854871749878,0.6853274703025818
0.49850961565971375,0.7678886651992798,0.6853255033493042
0.48151853680610657,0.8733277916908264,0.6853236556053162
0.41119834780693054,0.8032130002975464,0.6853217482566833
0.41788673400878906,0.8080631494522095,0.6853197813034058
0.434661865234375,0.896538257598877,0.6853179335594177
0.4377930462360382,0.925165057182312,0.6853159666061401
0.44967275857925415,0.89521324634552,0.685313880443573
0.4486147165298462,0.7071399688720703,0.6853117942810059
0.4211896061897278,0.9333727359771729,0.6853098273277283
0.43309152126312256,0.8403684496879578,0.6853078007698059
0.40551573038101196,0.872623085975647,0.6853057146072388
0.39282920956611633,0.6946256160736084,0.6853039264678955
0.4511972665786743,0.8384032845497131,0.6853020191192627
0.4251316487789154,0.8590234518051147,0.6852999329566956
0.4383476972579956,0.8764283061027527,0.6852979063987732
0.40136438608169556,0.734064519405365,0.685295820236206
0.46693137288093567,0.7592990398406982,0.6852938532829285
0.4513043761253357,0.9442448019981384,0.6852918267250061
0.44120535254478455,0.8549134135246277,0.6852899193763733
0.44315025210380554,0.8436266779899597,0.6852880120277405
0.4164777994155884,0.8859621286392212,0.6852859854698181
0.38991791009902954,0.9900062084197998,0.6852841973304749
0.44509539008140564,0.8195133209228516,0.6852821707725525
0.438748836517334,0.7356380820274353,0.6852802634239197
0.4386279881000519,0.9443685412406921,0.6852782964706421
0.4173468351364136,1.0362263917922974,0.6852762699127197
0.4277385473251343,0.7834449410438538,0.6852741241455078
0.4376448690891266,1.030566692352295,0.6852720379829407
0.40019163489341736,0.7328913807868958,0.6852700114250183
0.4847266376018524,0.8047373294830322,0.685268223285675
0.4301872253417969,0.9555070400238037,0.6852661967277527
0.4237768352031708,0.8807827234268188,0.685263991355896
0.4301137328147888,0.7307844161987305,0.6852619051933289
0.38008543848991394,1.031947374343872,0.6852601766586304
0.40645232796669006,0.8100360035896301,0.6852585077285767
0.41548025608062744,0.6953489184379578,0.6852565407752991
0.45244061946868896,0.8080459833145142,0.6852547526359558
0.4294514060020447,0.8187534213066101,0.685252845287323
0.398193895816803,0.8778281807899475,0.6852507591247559
0.4271746873855591,0.8519705533981323,0.6852485537528992
0.44282811880111694,0.7547382712364197,0.685246467590332
0.44381240010261536,1.145483136177063,0.6852446794509888
0.37434127926826477,0.9443551301956177,0.6852429509162903
0.44833695888519287,0.8789965510368347,0.6852409839630127
0.3877709209918976,0.8511963486671448,0.6852390766143799
0.48608073592185974,0.7263749241828918,0.6852372288703918
0.38472217321395874,0.8917937874794006,0.6852352619171143
0.4607420265674591,0.9266442656517029,0.6852332353591919
0.4394652545452118,0.8420236110687256,0.68523108959198
0.42918136715888977,0.9037330746650696,0.6852290034294128
0.44313016533851624,0.8754311203956604,0.68522709608078
0.3850347697734833,0.8746238946914673,0.6852250695228577
0.37616705894470215,0.6941232085227966,0.6852233409881592
0.40183109045028687,0.9127551913261414,0.6852213740348816
0.4202233850955963,0.7846742868423462,0.685219407081604
0.38103801012039185,0.7341364622116089,0.685217559337616
0.4558103382587433,0.786068320274353,0.6852157115936279
0.4196811318397522,0.7159795761108398,0.6852138638496399
0.40657317638397217,0.8371850252151489,0.6852121353149414
0.40232986211776733,0.8590665459632874,0.6852102279663086
0.43268316984176636,0.9392491579055786,0.685208261013031
0.3945077359676361,0.8070498704910278,0.6852062344551086
0.49202296137809753,0.966892659664154,0.6852039098739624
0.4274033010005951,0.8349257707595825,0.6852018237113953
0.3865600526332855,0.8744688630104065,0.6852001547813416
0.3953172266483307,0.7313997745513916,0.6851984858512878
0.4632066488265991,1.06234610080719,0.685196578502655
0.46309560537338257,1.127712607383728,0.6851946711540222
0.4157503843307495,0.7996517419815063,0.6851925849914551
0.4288303256034851,0.7899194359779358,0.6851905584335327
0.4181140661239624,0.8271945714950562,0.6851885318756104
0.48992297053337097,0.9235454797744751,0.6851866841316223
0.37678083777427673,0.9638389348983765,0.6851847171783447
0.3932071924209595,1.047601580619812,0.685183048248291
0.4182344377040863,0.7833639979362488,0.6851810216903687
0.4317028224468231,0.88348388671875,0.6851789355278015
0.4156409800052643,0.7892028093338013,0.6851769685745239
0.37838393449783325,0.8277994990348816,0.685174822807312
0.40851637721061707,0.7398208379745483,0.6851730346679688
0.39188429713249207,0.6539037227630615,0.6851710677146912
0.5053277611732483,0.9158149361610413,0.6851692795753479
0.43611446022987366,0.7378336191177368,0.6851672530174255
0.4394318163394928,0.7447182536125183,0.685165524482727
0.3870261311531067,0.8594650626182556,0.6851637363433838
0.4455631673336029,0.8731685876846313,0.6851617693901062
0.44247859716415405,0.9759174585342407,0.6851597428321838
0.49597418308258057,0.8168413639068604,0.685157835483551
0.43979719281196594,0.7238558530807495,0.6851557493209839
0.4136735498905182,1.0053610801696777,0.6851536631584167
0.4795176088809967,0.8488395810127258,0.6851516366004944
0.45884940028190613,0.7937909364700317,0.6851495504379272
0.4031752049922943,0.9991359114646912,0.6851475834846497
0.44911837577819824,0.8309637308120728,0.6851454973220825
0.5125203728675842,0.9551514387130737,0.6851434111595154
0.4125782549381256,0.9429060816764832,0.6851414442062378
0.40099868178367615,0.8329538106918335,0.6851394772529602
0.42834770679473877,0.8602074980735779,0.6851375102996826
0.4296160042285919,0.7388790249824524,0.6851356625556946
0.44963571429252625,0.9458313584327698,0.685133695602417
0.4358891248703003,0.830946683883667,0.6851317286491394
0.456368625164032,0.9213623404502869,0.6851298213005066
0.4212661683559418,0.9441792964935303,0.6851277947425842
0.45258909463882446,0.9417275786399841,0.6851258873939514
0.535042405128479,0.8573404550552368,0.6851239204406738
0.3810986876487732,0.8417863249778748,0.6851218938827515
0.43867963552474976,0.8502752184867859,0.6851199865341187
0.4422740936279297,0.8593112230300903,0.6851180195808411
0.4675459861755371,0.9289164543151855,0.685116171836853
0.46744978427886963,0.8661514520645142,0.6851142048835754
0.4582262635231018,0.8996107578277588,0.6851121187210083
0.4637340009212494,0.73454350233078,0.6851100325584412
0.4213365912437439,0.7007911801338196,0.6851078867912292
0.3964258134365082,0.8060153722763062,0.6851059794425964
0.4749491512775421,0.9688049554824829,0.6851038932800293
0.473822683095932,0.9609977602958679,0.6851018667221069
0.43070411682128906,0.7982597351074219,0.6850997805595398
0.46900466084480286,0.7840529084205627,0.6850975155830383
0.455147922039032,0.9276860952377319,0.6850953698158264
0.4333992600440979,1.0684291124343872,0.685093343257904
0.3569329082965851,0.793708086013794,0.6850912570953369
0.3932912349700928,0.9028310775756836,0.6850891709327698
0.3986046612262726,0.6845859885215759,0.6850872039794922
0.4345777928829193,1.0174720287322998,0.6850852370262146
0.4538807272911072,0.8911216259002686,0.6850833296775818
0.45249783992767334,0.7405580878257751,0.685081422328949
0.42419731616973877,0.972129762172699,0.6850793957710266
0.4802933633327484,0.7562088966369629,0.6850776076316833
0.4145180284976959,0.7744848132133484,0.6850757598876953
0.456169068813324,0.8072056174278259,0.6850737929344177
0.47877630591392517,0.7943689227104187,0.6850719451904297
0.4529103636741638,0.9441891312599182,0.6850703358650208
0.47774261236190796,0.8563041090965271,0.6850684285163879
0.4598660171031952,0.8628493547439575,0.6850665807723999
0.4548843204975128,0.6776041388511658,0.6850647926330566
0.4615790545940399,0.7911393046379089,0.685062825679779
0.4226958453655243,0.8171263933181763,0.6850608587265015
0.46464744210243225,0.8703372478485107,0.6850588321685791
0.42971643805503845,0.66457200050354,0.685056746006012
0.4609276056289673,0.9533979892730713,0.6850548982620239
0.4131639003753662,1.0273927450180054,0.6850531101226807
0.4142991602420807,1.103107213973999,0.6850510239601135
0.43932396173477173,0.7473759651184082,0.6850489974021912
0.40598517656326294,0.7987359166145325,0.685046911239624
0.45747634768486023,0.7609098553657532,0.6850451827049255
0.39416441321372986,1.03426194190979,0.6850430965423584
0.4501946270465851,0.7653226852416992,0.6850413084030151
0.42737868428230286,0.8406112790107727,0.6850394606590271
0.4183708727359772,0.8446134328842163,0.6850374937057495
0.4127478003501892,0.8444064855575562,0.6850355863571167
0.4587167203426361,1.0649384260177612,0.6850335001945496
0.44694945216178894,0.9834098815917969,0.6850314736366272
0.4729557931423187,1.015547752380371,0.6850294470787048
0.3842751085758209,0.8906852602958679,0.6850275993347168
0.4204421639442444,0.7587795257568359,0.685025691986084
0.42269232869148254,0.7182843089103699,0.685023844242096
0.4139258563518524,0.8126937747001648,0.6850218772888184
0.47975829243659973,1.0136537551879883,0.685019850730896
0.4108031392097473,0.9024578332901001,0.6850175857543945
0.3767971098423004,0.9048546552658081,0.6850153207778931
0.45875802636146545,0.8376327753067017,0.6850132942199707
0.4163791537284851,0.9286213517189026,0.6850113868713379
0.4540952146053314,0.9495090246200562,0.6850096583366394
0.4078117609024048,0.7159259915351868,0.6850078105926514
0.419951468706131,0.8941999673843384,0.6850060820579529
0.39336299896240234,1.0078150033950806,0.6850042343139648
0.42363402247428894,0.6626240015029907,0.6850022673606873
0.4522283375263214,1.031086802482605,0.6850002408027649
0.40924564003944397,0.815096914768219,0.684998095035553
0.4121338427066803,0.797410249710083,0.6849961280822754
0.4965607225894928,0.9687619209289551,0.6849944591522217
0.44647344946861267,1.0304031372070312,0.6849923133850098
0.3823367953300476,0.8346973657608032,0.6849902272224426
0.4155065417289734,0.6805577874183655,0.6849884390830994
0.38258087635040283,0.8417803049087524,0.6849865317344666
0.4586346447467804,0.7484451532363892,0.6849844455718994
0.44962576031684875,0.8861771821975708,0.684982419013977
0.4509008228778839,0.9928250908851624,0.6849801540374756
0.4142259955406189,0.7152522802352905,0.6849780678749084
0.4368741512298584,0.7868072986602783,0.6849759817123413
0.476413756608963,0.7372947931289673,0.6849737763404846
0.39244508743286133,0.9192193150520325,0.6849716305732727
0.42152372002601624,0.9176164865493774,0.6849694848060608
0.4105628728866577,0.7602240443229675,0.6849676966667175
0.46685513854026794,0.918525755405426,0.684965968132019
0.43261098861694336,0.6820110082626343,0.6849642395973206
0.426400363445282,1.0875601768493652,0.6849620938301086
0.39944106340408325,0.8242664337158203,0.6849602460861206
0.4529535472393036,0.9265300035476685,0.6849583983421326
0.3990982472896576,0.7825164794921875,0.6849562525749207
0.4305132329463959,0.8584846258163452,0.684954047203064
0.46384212374687195,0.911986231803894,0.6849521398544312
0.4280281662940979,0.767250657081604,0.6849502921104431
0.43835365772247314,0.9440284967422485,0.6849485039710999
0.41246527433395386,0.882232129573822,0.6849464774131775
0.38765737414360046,0.924491822719574,0.6849445104598999
0.4404839873313904,0.975863516330719,0.6849425435066223
0.42756080627441406,0.7585363388061523,0.6849403977394104
0.4507068991661072,0.8736132383346558,0.6849384307861328
0.3857288360595703,0.7678279280662537,0.6849368214607239
0.42302000522613525,0.8450827598571777,0.6849348545074463
0.4360707402229309,0.899917721748352,0.6849329471588135
0.41571706533432007,0.7711381316184998,0.6849310994148254
0.4606674015522003,0.8871709704399109,0.6849290728569031
0.4063263535499573,1.233438491821289,0.6849271059036255
0.4221024215221405,0.8671950101852417,0.6849251389503479
0.40582454204559326,0.7603327631950378,0.6849231719970703
0.43470290303230286,0.8304478526115417,0.6849212050437927
0.42508384585380554,0.8765600323677063,0.6849193572998047
0.4889034628868103,1.166844129562378,0.6849174499511719
0.41002845764160156,0.7473239302635193,0.6849156618118286
0.388925701379776,0.9459195733070374,0.6849138140678406
0.4314371347427368,0.7552257776260376,0.6849117875099182
0.41987180709838867,0.8855027556419373,0.684909999370575
0.4325985610485077,0.7463998794555664,0.684907853603363
0.44675561785697937,0.8559409976005554,0.6849056482315063
0.4656929671764374,0.7543734312057495,0.6849037408828735
0.4787059724330902,0.7945802807807922,0.6849020719528198
0.41579797863960266,0.9353601932525635,0.6849002242088318
0.43152785301208496,0.9186326861381531,0.6848981380462646
0.4028255343437195,0.8318744897842407,0.6848959922790527
0.4189106523990631,0.7897906303405762,0.6848940253257751
0.44587475061416626,1.0967921018600464,0.6848918795585632
0.4321421682834625,0.8926898837089539,0.6848899126052856
0.371437132358551,0.735620379447937,0.6848881840705872
0.42514532804489136,0.9094991683959961,0.6848863959312439
0.44982782006263733,0.8180848956108093,0.6848844289779663
0.4453558921813965,0.6755391955375671,0.6848825216293335
0.47842085361480713,0.7370761036872864,0.6848803758621216
0.4764614701271057,0.7920732498168945,0.684878408908844
0.3991532027721405,0.7424840331077576,0.6848766207695007
0.42589205503463745,0.7957888245582581,0.6848747730255127
0.4031723737716675,0.7903975248336792,0.6848728656768799
0.441283643245697,1.0267869234085083,0.6848708987236023
0.4151500463485718,0.9112411141395569,0.6848689913749695
0.3997008502483368,1.0739895105361938,0.6848670840263367
0.424252450466156,0.8849536180496216,0.6848650574684143
0.41220054030418396,0.802213191986084,0.6848631501197815
0.4037032127380371,0.7423931360244751,0.6848610639572144
0.38079169392585754,0.8266900181770325,0.6848588585853577
0.43363243341445923,0.7814105749130249,0.6848569512367249
0.4229114353656769,0.6607233285903931,0.684855043888092
0.4393433928489685,0.7031005024909973,0.6848529577255249
0.4040692150592804,0.9777557849884033,0.6848507523536682
0.41401228308677673,0.8611594438552856,0.6848487257957458
0.40812745690345764,1.178253412246704,0.6848467588424683
0.4627980589866638,0.8979904055595398,0.6848449110984802
0.4559352695941925,0.748714804649353,0.6848430633544922
0.52006995677948,0.7298445105552673,0.6848414540290833
0.45641231536865234,0.7579376697540283,0.6848397254943848
0.4380141496658325,0.7797890305519104,0.6848375797271729
0.40301764011383057,0.9817311763763428,0.6848355531692505
0.452115535736084,0.7727335095405579,0.6848334074020386
0.3993466794490814,0.8588342070579529,0.6848312616348267
0.4395616948604584,0.9543729424476624,0.6848294138908386
0.42196062207221985,0.8026692271232605,0.6848276853561401
0.3978424668312073,0.6175404787063599,0.6848256587982178
0.3555638790130615,1.1265262365341187,0.684823751449585
0.43775475025177,0.8162775635719299,0.6848217844963074
0.38518789410591125,0.8456257581710815,0.684819757938385
0.4015911817550659,0.9576008915901184,0.6848176717758179
0.37525108456611633,0.7501014471054077,0.6848157048225403
0.420318603515625,0.9548003673553467,0.6848138570785522
0.408803254365921,0.7072575688362122,0.684812068939209
0.4113260507583618,0.8313583135604858,0.6848101615905762
0.45046210289001465,1.0104289054870605,0.684808075428009
0.4135774075984955,0.8574593663215637,0.6848060488700867
0.4470217823982239,0.7509821653366089,0.6848042607307434
0.42937541007995605,0.7239553928375244,0.6848023533821106
0.4478345513343811,0.7165629863739014,0.6848006248474121
0.4338347613811493,0.8359642028808594,0.6847988367080688
0.3996734917163849,0.6974043846130371,0.6847969889640808
0.41891950368881226,0.85996413230896,0.6847950220108032
0.4401432275772095,1.0756887197494507,0.6847931146621704
0.5709949135780334,0.970713198184967,0.6847910284996033
0.44129547476768494,0.7463304400444031,0.6847891211509705
0.43584150075912476,0.8061210513114929,0.6847870349884033
0.48379600048065186,0.7909817099571228,0.6847849488258362
0.42406997084617615,0.865934431552887,0.6847831010818481
0.4150581955909729,1.1119027137756348,0.6847814917564392
0.45774325728416443,0.998131513595581,0.6847796440124512
0.43603286147117615,1.2044259309768677,0.6847778558731079
0.45470163226127625,0.7184659838676453,0.6847758889198303
0.41606661677360535,1.0195199251174927,0.684773862361908
0.4007042646408081,0.7914901375770569,0.6847720146179199
0.4264155626296997,0.7564815878868103,0.6847702860832214
0.4847659170627594,0.796449601650238,0.6847684383392334
0.46842363476753235,0.7364518046379089,0.6847665905952454
0.392158180475235,1.0212043523788452,0.6847646236419678
0.42443159222602844,1.055577278137207,0.6847626566886902
0.429431676864624,0.797463059425354,0.6847606301307678
0.4922052025794983,0.8061270713806152,0.6847586631774902
0.4198865294456482,0.8770464062690735,0.6847567558288574
0.4006188213825226,0.9412968754768372,0.6847548484802246
0.4141041338443756,0.713275134563446,0.6847530007362366
0.4546341300010681,0.9608139991760254,0.6847512125968933
0.4593733847141266,0.9478744268417358,0.6847493648529053
0.44485190510749817,0.740084171295166,0.6847474575042725
0.42639267444610596,0.9377133846282959,0.6847454905509949
0.48740461468696594,0.9205429553985596,0.6847435832023621
0.4189479649066925,0.8567821979522705,0.6847414970397949
0.4190257787704468,0.7889190316200256,0.6847396492958069
0.4606598913669586,0.8090322613716125,0.6847378015518188
0.37582170963287354,0.9219345450401306,0.6847358345985413
0.42254897952079773,0.8556084632873535,0.684734046459198
0.44227781891822815,0.6828957796096802,0.6847320795059204
0.38676688075065613,0.7905637621879578,0.6847301721572876
0.41592705249786377,0.9886779189109802,0.68472820520401
0.3932526409626007,0.9138242602348328,0.6847258806228638
0.42784950137138367,0.9629657864570618,0.6847237348556519
0.5012241005897522,0.8994940519332886,0.6847217679023743
0.4494560658931732,0.6714094281196594,0.6847200393676758
0.43102994561195374,1.0094006061553955,0.684718132019043
0.4291006326675415,0.7473946809768677,0.6847163438796997
0.4330717623233795,0.8837538957595825,0.6847147345542908
0.4506698250770569,0.8509211540222168,0.6847127676010132
0.4057250916957855,0.7052884101867676,0.6847109794616699
0.41110166907310486,0.8252972364425659,0.6847088932991028
0.4710855782032013,0.9516353011131287,0.6847071051597595
0.40348929166793823,1.055901050567627,0.6847051382064819
0.4059906005859375,0.6900126338005066,0.6847031116485596
0.47891584038734436,0.7330701351165771,0.684701144695282
0.42100366950035095,0.7579224109649658,0.6846994161605835
0.39428672194480896,1.0422401428222656,0.6846972703933716
0.4233206808567047,0.9341203570365906,0.6846950054168701
0.3698526620864868,0.7303314805030823,0.6846929788589478
0.3976972997188568,0.9405484795570374,0.6846907734870911
0.4077655076980591,1.0399253368377686,0.6846888661384583
0.41642332077026367,0.9086855053901672,0.684687077999115
0.37210145592689514,0.8734847903251648,0.684685230255127
0.4664095938205719,1.0903089046478271,0.6846833825111389
0.4174972176551819,0.8500474691390991,0.6846814751625061
0.4313775897026062,0.862145721912384,0.6846795082092285
0.39780086278915405,0.8567377328872681,0.6846775412559509
0.454894095659256,0.7269864678382874,0.6846756339073181
0.46471649408340454,0.9606162905693054,0.6846737265586853
0.4481506943702698,0.7767387628555298,0.6846720576286316
0.411161333322525,0.8145638108253479,0.6846703886985779
0.46160030364990234,1.0158748626708984,0.6846686005592346
0.47209224104881287,0.8484379649162292,0.684666633605957
0.4086613357067108,0.8442560434341431,0.6846646070480347
0.41963475942611694,0.7787551283836365,0.6846626400947571
0.43682166934013367,0.7891024947166443,0.6846607327461243
0.4339214861392975,0.8289416432380676,0.6846585869789124
0.4343360662460327,0.8260234594345093,0.6846566200256348
0.4666827917098999,0.9098840951919556,0.6846546530723572
0.41341784596443176,0.9994104504585266,0.6846527457237244
0.39614829421043396,0.8125653266906738,0.6846507787704468
0.4672132134437561,0.9510585069656372,0.6846487522125244
0.4433573782444,1.0315288305282593,0.684646725654602
0.43021726608276367,0.973780632019043,0.6846447587013245
0.41129881143569946,0.800861120223999,0.684643030166626
0.38139578700065613,0.796308159828186,0.6846413016319275
0.4400312602519989,0.882638156414032,0.6846397519111633
0.3978038728237152,0.8687865734100342,0.6846379637718201
0.4485474228858948,0.9709070920944214,0.6846361756324768
0.425256609916687,0.9166403412818909,0.684634268283844
0.4735787808895111,1.0008336305618286,0.6846323609352112
0.43364378809928894,0.738433837890625,0.6846306920051575
0.4499431550502777,0.7476388216018677,0.6846287846565247
0.4646143317222595,0.8333272337913513,0.6846269965171814
0.42504122853279114,1.0793458223342896,0.6846250891685486
0.4134092628955841,0.9433487057685852,0.684623122215271
0.47574523091316223,0.7301151156425476,0.6846208572387695
0.48828616738319397,0.7320173978805542,0.6846189498901367
0.3920302391052246,0.9164732098579407,0.6846171617507935
0.4357638359069824,0.824435830116272,0.684615433216095
0.4342013895511627,0.7359887957572937,0.6846136450767517
0.4220123887062073,1.070074439048767,0.6846117973327637
0.39996176958084106,0.8843943476676941,0.6846097111701965
0.473701536655426,0.7918296456336975,0.684607744216919
0.3855963945388794,0.8889479041099548,0.6846058964729309
0.4285428524017334,0.5889436602592468,0.684604287147522
0.41204142570495605,0.6767852306365967,0.6846024990081787
0.47082212567329407,0.8090531826019287,0.684600830078125
0.4181508421897888,0.8755028247833252,0.6845988035202026
0.44496452808380127,1.0297170877456665,0.6845971345901489
0.43180984258651733,1.0181198120117188,0.6845951676368713
0.4257509112358093,0.7156208753585815,0.6845933794975281
0.44528624415397644,0.7984839081764221,0.6845914721488953
0.513287365436554,0.7848707437515259,0.6845895648002625
0.4389411509037018,0.7313007116317749,0.684587836265564
0.3601617217063904,0.966231644153595,0.6845858097076416
0.43605273962020874,1.0533099174499512,0.6845836639404297
0.44933226704597473,0.7394320368766785,0.6845815777778625
0.4052680432796478,0.7295535206794739,0.6845795512199402
0.4368899166584015,0.8322561979293823,0.6845777630805969
0.40681135654449463,0.8428671956062317,0.6845756769180298
0.46199968457221985,0.6575873494148254,0.6845739483833313
0.4202588200569153,0.9425150156021118,0.6845720410346985
0.39015135169029236,0.9550014734268188,0.6845699548721313
0.4163617491722107,0.8239404559135437,0.6845681071281433
0.38416486978530884,0.9304791688919067,0.6845662593841553
0.41845622658729553,0.8191599249839783,0.6845641136169434
0.4242183268070221,0.8376880288124084,0.6845623850822449
0.4316962957382202,0.9392514228820801,0.6845605373382568
0.42247435450553894,0.8356778025627136,0.684558629989624
0.40753209590911865,0.814907431602478,0.6845570802688599
0.3947402238845825,0.858141303062439,0.6845552325248718
0.42387083172798157,0.802681028842926,0.684553325176239
0.4355272948741913,0.7959700226783752,0.6845513582229614
0.41424429416656494,0.7544984817504883,0.6845492720603943
0.45994916558265686,1.0389559268951416,0.6845473647117615
0.44189316034317017,0.9266880750656128,0.6845455765724182
0.4299590289592743,0.7944820523262024,0.684543788433075
0.433856338262558,1.035225510597229,0.6845420598983765
0.456968754529953,0.9178711175918579,0.6845400929450989
0.44148939847946167,0.7205948233604431,0.6845380663871765
0.4071296453475952,0.7937729358673096,0.6845361590385437
0.4418080151081085,0.7885644435882568,0.6845341920852661
0.39319220185279846,0.8796160817146301,0.6845323443412781
0.4269143342971802,0.7223548889160156,0.6845306158065796
0.3982529044151306,0.6588631868362427,0.684528648853302
0.4369615316390991,0.7844138741493225,0.6845268607139587
0.4206773638725281,0.7553708553314209,0.6845250129699707
0.43756401538848877,0.9222667217254639,0.6845231652259827
0.42999178171157837,0.6059081554412842,0.6845211386680603
0.4255760908126831,0.8535891771316528,0.6845191717147827
0.3814186751842499,0.7573497295379639,0.6845173239707947
0.3689853549003601,0.7161433696746826,0.6845153570175171
0.4391540288925171,0.7474797368049622,0.6845136284828186
0.45255133509635925,0.8031747937202454,0.6845118999481201
0.4040682911872864,1.0361884832382202,0.6845101118087769
0.4410269856452942,1.177564024925232,0.6845080256462097
0.4382440149784088,0.9121947288513184,0.6845062375068665
0.34593290090560913,0.7616831064224243,0.6845043897628784
0.4617314338684082,1.0192524194717407,0.6845025420188904
0.43296241760253906,0.8437222242355347,0.6845007538795471
0.39464423060417175,0.8773022890090942,0.684499204158783
0.48588433861732483,0.9709458351135254,0.6844973564147949
0.41646522283554077,0.9883903861045837,0.6844956874847412
0.42270427942276,0.8671943545341492,0.6844937801361084
0.41200241446495056,0.9530814290046692,0.6844914555549622
0.4505804777145386,0.8730313181877136,0.6844894289970398
0.44569700956344604,0.8174452185630798,0.6844875812530518
0.4897109866142273,0.8399724364280701,0.6844858527183533
0.3707471787929535,0.8641039729118347,0.68448406457901
0.3838943541049957,0.9036895036697388,0.684482216835022
0.42288145422935486,0.9617942571640015,0.6844802498817444
0.4420551061630249,0.9058975577354431,0.6844784021377563
0.3873511850833893,0.7751748561859131,0.6844765543937683
0.4130956828594208,0.9697655439376831,0.684474527835846
0.4283447861671448,0.7068569660186768,0.6844727396965027
0.38901281356811523,0.7252960205078125,0.6844708919525146
0.4725430905818939,1.0515550374984741,0.6844691038131714
0.3803689479827881,0.8603495359420776,0.6844673156738281
0.44960910081863403,0.6730148196220398,0.684465229511261
0.41636502742767334,1.0118682384490967,0.6844632029533386
0.4154147207736969,0.9207123517990112,0.6844611763954163
0.456726610660553,0.8844327926635742,0.6844591498374939
0.4717293381690979,0.7561640739440918,0.6844573616981506
0.4109087586402893,0.8128128051757812,0.6844555735588074
0.38581016659736633,0.7177376747131348,0.684453547000885
0.4339746832847595,0.9180554151535034,0.6844516396522522
0.41448429226875305,0.8160575032234192,0.6844495534896851
0.4019297659397125,0.7879889607429504,0.6844475269317627
0.38333389163017273,0.7054213285446167,0.6844454407691956
0.4269556999206543,1.1401960849761963,0.6844434142112732
0.3665865361690521,0.7810953855514526,0.6844415664672852
0.41495704650878906,0.800060510635376,0.6844397187232971
0.4562373161315918,0.8790212869644165,0.6844379901885986
0.4104978144168854,0.9266785383224487,0.6844361424446106
0.4546324908733368,1.0882598161697388,0.6844344139099121
0.4115348756313324,0.695296585559845,0.6844325661659241
0.4010995030403137,0.9308398962020874,0.6844305396080017
0.4248715043067932,0.9859092831611633,0.6844287514686584
0.410674512386322,0.6958285570144653,0.6844270825386047
0.4845896065235138,1.1500059366226196,0.6844251751899719
0.44769108295440674,0.848828911781311,0.6844235062599182
0.40319305658340454,0.7182191014289856,0.6844216585159302
0.4562413692474365,0.933990478515625,0.6844199299812317
0.42203643918037415,0.7996889352798462,0.6844180226325989
0.42682597041130066,0.7196186780929565,0.6844161748886108
0.40586379170417786,0.8535630702972412,0.684414267539978
0.36517319083213806,0.834850549697876,0.6844122409820557
0.3915065824985504,0.8369957208633423,0.6844102740287781
0.3764568865299225,1.0033496618270874,0.6844083666801453
0.3973504304885864,0.7205657958984375,0.6844061613082886
0.36047255992889404,1.0561186075210571,0.6844043135643005
0.3727754056453705,0.9718058109283447,0.6844025254249573
0.4539097547531128,0.9600591659545898,0.6844006180763245
0.4537811875343323,0.8633657693862915,0.6843988299369812
0.3680662512779236,0.7330787777900696,0.6843971610069275
0.3890198767185211,1.213045597076416,0.6843953132629395
0.4707046151161194,0.8660870790481567,0.6843934059143066
0.4524080455303192,0.870782196521759,0.684391438961029
0.4203536808490753,0.8729822635650635,0.6843896508216858
0.44649994373321533,0.8650507926940918,0.6843879222869873
0.43282508850097656,0.8598694801330566,0.6843862533569336
0.3944336473941803,1.2274837493896484,0.6843845248222351
0.4360645115375519,0.7652459740638733,0.6843827962875366
0.4148441553115845,0.7252667546272278,0.6843809485435486
0.4637419879436493,0.8587523102760315,0.6843788027763367
0.3828023374080658,0.8846895098686218,0.6843768954277039
0.41230759024620056,0.6680604219436646,0.6843748092651367
0.4765329658985138,0.7815072536468506,0.6843729019165039
0.3671088218688965,0.7291422486305237,0.6843711137771606
0.4018312692642212,0.6908619999885559,0.6843691468238831
0.3932025730609894,1.0050411224365234,0.6843671798706055
0.4469424784183502,0.8751961588859558,0.6843650937080383
0.4135296642780304,1.0141346454620361,0.6843631863594055
0.3862324357032776,0.7810331583023071,0.6843612194061279
0.4585721492767334,0.8649757504463196,0.6843591332435608
0.46618032455444336,0.8959066867828369,0.6843571662902832
0.4739523231983185,1.0081063508987427,0.6843553185462952
0.3621019721031189,0.6548877954483032,0.6843534111976624
0.4419739544391632,1.1621758937835693,0.6843514442443848
0.39875131845474243,0.7776206135749817,0.6843492984771729
0.4307650029659271,0.7116053700447083,0.68434739112854
0.47333037853240967,1.1856094598770142,0.6843454241752625
0.43010854721069336,0.8581528663635254,0.6843434572219849
0.45270150899887085,0.7451871037483215,0.6843417286872864
0.4152059555053711,0.7391526699066162,0.6843398809432983
0.44588831067085266,1.0084540843963623,0.6843381524085999
0.4414203464984894,0.9746321439743042,0.6843360662460327
0.45469850301742554,0.6944688558578491,0.6843340396881104
0.4117431640625,1.0839719772338867,0.6843323111534119
0.4432673454284668,0.732763946056366,0.6843302845954895
0.4603632688522339,0.9367846846580505,0.6843281984329224
0.4370688498020172,0.9616630673408508,0.6843264698982239
0.4073203206062317,0.7231119871139526,0.6843246817588806
0.4360264539718628,0.8606794476509094,0.6843229532241821
0.4458068609237671,0.8009968996047974,0.6843209862709045
0.44670015573501587,0.7614779472351074,0.684319019317627
0.4766421318054199,1.0821315050125122,0.6843171715736389
0.4411185085773468,0.8329105973243713,0.6843152046203613
0.4845283329486847,0.8254944682121277,0.6843132376670837
0.3918258249759674,0.6087613105773926,0.6843112111091614
0.3915926218032837,0.6695572137832642,0.6843095421791077
0.42895716428756714,0.8996850848197937,0.6843077540397644
0.4451502561569214,0.6985795497894287,0.6843059062957764
0.39483705163002014,0.827474057674408,0.6843041181564331
0.474598228931427,0.920147180557251,0.684302031993866
0.44070374965667725,0.8848987817764282,0.6843000650405884
0.4450926184654236,0.8628780841827393,0.6842981576919556
0.4381262958049774,0.9009526968002319,0.6842966079711914
0.3905581533908844,1.048970103263855,0.6842948794364929
0.42461341619491577,0.8196229934692383,0.6842932105064392
0.3782338500022888,0.790990948677063,0.684291422367096
0.4281312823295593,0.8000574111938477,0.6842893958091736
0.46974992752075195,0.8446906208992004,0.6842876076698303
0.4174624979496002,0.7156572937965393,0.6842855215072632
0.4201261103153229,0.8426513671875,0.6842837333679199
0.46175554394721985,0.9520031213760376,0.6842818856239319
0.42652106285095215,0.7983997464179993,0.6842797994613647
0.4324861168861389,0.6997048854827881,0.6842778921127319
0.4160287380218506,0.805074155330658,0.6842760443687439
0.41562217473983765,0.774425745010376,0.6842741370201111
0.40890756249427795,1.054686427116394,0.6842721104621887
0.4474436044692993,0.7276627421379089,0.6842703223228455
0.40850409865379333,0.8895127177238464,0.6842685341835022
0.44476863741874695,0.825027346611023,0.6842667460441589
0.43424269556999207,0.7979300618171692,0.6842648386955261
0.4650251567363739,0.7512081861495972,0.6842629313468933
0.4437033236026764,0.9039889574050903,0.68426114320755
0.3974210321903229,0.9714124798774719,0.6842593550682068
0.4307973384857178,1.0268844366073608,0.6842573285102844
0.4317888021469116,0.9772884845733643,0.6842551231384277
0.4278101325035095,0.7860644459724426,0.6842530965805054
0.4503124952316284,0.8909444212913513,0.6842511892318726
0.4174867868423462,0.704940676689148,0.6842493414878845
0.4457211196422577,0.9320585131645203,0.6842474341392517
0.4818308651447296,0.8292654752731323,0.6842455863952637
0.40420374274253845,0.8260466456413269,0.6842436194419861
0.4840424358844757,0.7924199104309082,0.6842416524887085
0.3745754063129425,0.8668891191482544,0.6842394471168518
0.3548019230365753,0.8629009127616882,0.6842374205589294
0.44881683588027954,0.8196880221366882,0.6842356324195862
0.48131483793258667,0.7845145463943481,0.6842339634895325
0.43542230129241943,0.7368056774139404,0.684232234954834
0.4511365294456482,0.8578015565872192,0.6842305064201355
0.4053788185119629,0.8210626840591431,0.6842287182807922
0.426786869764328,0.7627161741256714,0.6842267513275146
0.42790621519088745,0.843663215637207,0.6842248439788818
0.5057277083396912,1.0303305387496948,0.6842229962348938
0.4360244572162628,0.7372369170188904,0.6842210292816162
0.4063659608364105,0.926315426826477,0.6842189431190491
0.4869447946548462,0.7862861752510071,0.684217095375061
0.4266152083873749,0.9733557105064392,0.6842151880264282
0.46280235052108765,0.7059817910194397,0.6842132806777954
0.4165431559085846,0.7645660638809204,0.6842110753059387
0.42039725184440613,0.7483033537864685,0.6842092275619507
0.41281330585479736,0.8144872784614563,0.6842072606086731
0.3717198073863983,0.8450517058372498,0.6842054724693298
0.42543092370033264,0.8793138265609741,0.684203565120697
0.4186515808105469,0.8404653072357178,0.6842015981674194
0.4264938533306122,0.8184568285942078,0.6841996908187866
0.454843670129776,0.9977182149887085,0.6841979622840881
0.4404677450656891,0.8361915349960327,0.6841959953308105
0.3774468004703522,0.7960598468780518,0.6841941475868225
0.4643668234348297,1.0494319200515747,0.6841922402381897
0.4065646529197693,0.9785774946212769,0.6841903328895569
0.40506547689437866,0.8537893295288086,0.6841885447502136
0.4111877381801605,0.5585648417472839,0.6841865181922913
0.4089769721031189,0.9220251441001892,0.6841844916343689
0.4244311451911926,0.7423966526985168,0.6841826438903809
0.49779489636421204,0.90860915184021,0.6841807961463928
0.4746131896972656,0.8407170176506042,0.68417888879776
0.42373397946357727,0.9545420408248901,0.6841769218444824
0.43156296014785767,0.6984736323356628,0.6841751337051392
0.42938268184661865,1.03390371799469,0.6841733455657959
0.4335838258266449,0.771096408367157,0.6841714978218079
0.4191083312034607,0.8485141396522522,0.6841692328453064
0.4487660229206085,0.8044106364250183,0.6841674447059631
0.4583972692489624,0.9911155104637146,0.6841657757759094
0.49684351682662964,0.8443753123283386,0.6841641068458557
0.3872137665748596,0.7219589948654175,0.684162437915802
0.4407491981983185,0.7864157557487488,0.6841607689857483
0.48305028676986694,0.5672207474708557,0.6841588616371155
0.4429044723510742,0.8130435347557068,0.6841570734977722
0.414018839597702,0.7627784609794617,0.6841550469398499
0.482781320810318,0.8851414918899536,0.6841530799865723
0.4341621994972229,1.0210623741149902,0.6841510534286499
0.3942624628543854,0.7981181740760803,0.6841493844985962
0.4029558598995209,0.7484620809555054,0.6841474175453186
0.40249910950660706,0.9356767535209656,0.6841455698013306
0.4263838827610016,0.9421295523643494,0.6841437220573425
0.4319744110107422,0.8455221056938171,0.6841418147087097
0.42602935433387756,0.934425413608551,0.6841398477554321
0.41282889246940613,0.7756646871566772,0.684137761592865
0.4067089259624481,0.9069996476173401,0.6841357350349426
0.3486117124557495,0.7328125238418579,0.6841338276863098
0.4149559438228607,0.8044005036354065,0.6841319799423218
0.4748094975948334,0.7149616479873657,0.6841301918029785
0.400596559047699,0.7420353293418884,0.6841282844543457
0.4003429710865021,0.7702160477638245,0.6841264963150024
0.44727805256843567,0.8379051685333252,0.6841247081756592
0.4032047986984253,0.7142963409423828,0.6841229200363159
0.4561344087123871,0.7514240741729736,0.6841211318969727
0.44634318351745605,0.8266446590423584,0.6841193437576294
0.4308560788631439,0.9678756594657898,0.6841176152229309
0.40075498819351196,0.7818593978881836,0.6841157674789429
0.4501027464866638,0.6770512461662292,0.6841141581535339
0.4286682903766632,0.7687140107154846,0.6841121315956116
0.4313262104988098,0.9808275103569031,0.6841104030609131
0.4159016013145447,0.9658776521682739,0.6841084361076355
0.44599196314811707,0.8003379106521606,0.684106707572937
0.43021872639656067,0.6568856835365295,0.6841047406196594
0.45616763830184937,1.0019252300262451,0.6841027736663818
0.46888670325279236,0.9154933094978333,0.6841006875038147
0.453145295381546,0.9038148522377014,0.6840987801551819
0.41423407196998596,0.7745739817619324,0.6840967535972595
0.46377214789390564,0.8401721715927124,0.6840949654579163
0.4229555130004883,0.74835205078125,0.6840930581092834
0.3612719774246216,0.7896302938461304,0.6840913891792297
0.39949217438697815,0.8886722326278687,0.6840894818305969
0.432583212852478,1.055342435836792,0.6840875148773193
0.44023397564888,0.7756465673446655,0.6840855479240417
0.4226056635379791,0.906242847442627,0.6840835213661194
0.4262940585613251,0.933807909488678,0.6840817332267761
0.4484708309173584,0.9015567898750305,0.6840797066688538
0.4702337682247162,0.656031608581543,0.6840776205062866
0.4200136363506317,1.0000401735305786,0.6840759515762329
0.42232275009155273,0.710090160369873,0.6840740442276001
0.43572092056274414,0.866095244884491,0.6840724945068359
0.38642996549606323,0.827621340751648,0.6840705871582031
0.46206191182136536,0.7600384950637817,0.6840689182281494
0.44905707240104675,1.1235092878341675,0.6840671300888062
0.44394949078559875,0.7903251647949219,0.6840652227401733
0.4392336308956146,0.8959081768989563,0.6840632557868958
0.44703876972198486,0.7887964844703674,0.6840615272521973
0.4228431284427643,0.7756660580635071,0.6840597987174988
0.4366733431816101,0.9152923226356506,0.6840580701828003
0.41588646173477173,0.9131933450698853,0.684056282043457
0.40581750869750977,0.8746333122253418,0.6840541362762451
0.44272756576538086,0.7048355340957642,0.6840522289276123
0.41053342819213867,0.7582114934921265,0.6840503811836243
0.3903307318687439,0.9138432741165161,0.6840483546257019
0.49577048420906067,0.6846181154251099,0.6840464472770691
0.4355872869491577,0.7222377061843872,0.6840447783470154
0.4653266370296478,1.045695185661316,0.6840431094169617
0.422634482383728,1.0700128078460693,0.684041440486908
0.44867169857025146,0.7240771651268005,0.6840394735336304
0.3953652083873749,0.9112844467163086,0.6840375661849976
0.4651950001716614,0.7919802665710449,0.6840356588363647
0.40642234683036804,0.8854644894599915,0.6840337514877319
0.3978204131126404,1.1381795406341553,0.6840317845344543
0.44575178623199463,0.9105643033981323,0.6840299963951111
0.43964114785194397,0.7459825277328491,0.6840282678604126
0.43519046902656555,0.7868629693984985,0.6840264201164246
0.43452632427215576,0.6789728403091431,0.684024453163147
0.39329588413238525,0.7856174111366272,0.6840225458145142
0.40422624349594116,0.678950846195221,0.6840205788612366
0.45772504806518555,0.829753041267395,0.684018611907959
0.3894658088684082,0.8907852172851562,0.6840167045593262
0.37278318405151367,1.0127488374710083,0.6840147376060486
0.46265554428100586,0.9002914428710938,0.684012770652771
0.48775923252105713,0.7815573811531067,0.6840107440948486
0.43000754714012146,0.7242684364318848,0.6840085983276367
0.4149586856365204,0.9269042015075684,0.6840067505836487
0.38464683294296265,0.9163477420806885,0.6840047240257263
0.4095725417137146,0.6992486715316772,0.684002697467804
0.4844963848590851,0.9226595163345337,0.6840006709098816
0.38236701488494873,0.8079774975776672,0.6839988231658936
0.3948969542980194,0.79962557554245,0.683996856212616
0.39732131361961365,0.8385152220726013,0.6839950084686279
0.43709442019462585,0.734507143497467,0.6839931011199951
0.41758570075035095,0.9373604655265808,0.6839913725852966
0.4234853982925415,1.0777472257614136,0.6839895844459534
0.3925713300704956,0.6627750396728516,0.6839877367019653
0.475631445646286,0.910866916179657,0.6839860081672668
0.42304426431655884,0.8271366357803345,0.6839839816093445
0.4561328887939453,0.8729050755500793,0.6839819550514221
0.4979243278503418,0.8378437161445618,0.6839801073074341
0.4852708578109741,0.8486377000808716,0.6839781403541565
0.43289247155189514,0.6902780532836914,0.6839762330055237
0.4913976192474365,0.8653610944747925,0.6839744448661804
0.4257432520389557,0.9965317249298096,0.6839723587036133
0.42145055532455444,0.7479742169380188,0.6839704513549805
0.47669273614883423,0.9096828699111938,0.6839685440063477
0.41941508650779724,1.092772364616394,0.6839665770530701
0.3626810312271118,0.9839065074920654,0.6839644908905029
0.4499325752258301,1.1390727758407593,0.6839625239372253
0.4431946575641632,0.783653199672699,0.6839607954025269
0.4243146479129791,0.7699045538902283,0.6839590072631836
0.46077024936676025,0.9899968504905701,0.6839572787284851
0.4915800094604492,0.6826819181442261,0.6839552521705627
0.4358634054660797,0.6816237568855286,0.6839533448219299
0.42303046584129333,0.8711863160133362,0.6839514970779419
0.4272589087486267,0.8604063987731934,0.6839496493339539
0.48179012537002563,0.8167478442192078,0.6839479207992554
0.46282514929771423,0.6662276983261108,0.6839460730552673
0.43651866912841797,0.9610803723335266,0.6839443445205688
0.4438275098800659,0.9466328620910645,0.6839424967765808
0.4468678832054138,1.0726839303970337,0.6839405298233032
0.4192540943622589,0.7609097957611084,0.6839384436607361
0.4313841164112091,0.7469077706336975,0.6839364171028137
0.42743629217147827,0.8655991554260254,0.6839342713356018
0.4540966749191284,0.8553012013435364,0.6839323043823242
0.42079517245292664,0.8457894921302795,0.6839306950569153
0.421794056892395,0.8474171161651611,0.683928906917572
0.4232306480407715,0.9480070471763611,0.6839271783828735
0.43995821475982666,0.990610659122467,0.6839252710342407
0.4159150719642639,0.8629688024520874,0.6839233040809631
0.39780062437057495,0.6409490704536438,0.6839213967323303
0.4696791470050812,0.898673415184021,0.6839194297790527
0.4271070063114166,0.8411794304847717,0.6839176416397095
0.4290429651737213,0.7540087103843689,0.683915913105011
0.45308011770248413,1.0383658409118652,0.683914065361023
0.444934606552124,0.8517268896102905,0.6839121580123901
0.438542902469635,0.7990790605545044,0.6839104294776917
0.4156820476055145,0.801030695438385,0.6839085221290588
0.4178774654865265,0.8194345235824585,0.6839067339897156
0.45987939834594727,0.7939491868019104,0.6839044690132141
0.47214052081108093,0.8355497121810913,0.6839022636413574
0.4064265489578247,0.7507458925247192,0.6839002966880798
0.3961075246334076,0.913864254951477,0.683898389339447
0.43776121735572815,0.9313209056854248,0.6838966012001038
0.4494410753250122,0.8161531686782837,0.683894693851471
0.45592743158340454,0.7423238754272461,0.6838928461074829
0.3975718319416046,0.788809061050415,0.6838908195495605
0.45013853907585144,0.8008027076721191,0.6838889122009277
0.45095065236091614,0.7385872006416321,0.6838870644569397
0.4320322573184967,0.8751755356788635,0.6838851571083069
0.4132504165172577,0.6792097091674805,0.6838834285736084
0.4258647859096527,0.7908143401145935,0.6838817000389099
0.45621317625045776,0.7231860160827637,0.6838796734809875
0.46086668968200684,0.825852632522583,0.6838778853416443
0.4111764430999756,0.834493100643158,0.6838761568069458
0.4423505663871765,1.00271475315094,0.6838744282722473
0.40579038858413696,0.8834421634674072,0.6838725209236145
0.37135985493659973,0.7451660633087158,0.6838706135749817
0.40963003039360046,0.783223569393158,0.6838686466217041
0.4073449969291687,0.710766613483429,0.683866560459137
0.3722982704639435,0.7634706497192383,0.6838643550872803
0.4207853674888611,0.8246337175369263,0.683862566947937
0.3684241473674774,0.6540024876594543,0.6838607788085938
0.4188467264175415,0.8389697074890137,0.6838590502738953
0.3896351456642151,0.7065669894218445,0.6838571429252625
0.4510548412799835,1.0430948734283447,0.6838550567626953
0.3941694498062134,0.7460289001464844,0.6838534474372864
0.4506908059120178,0.8877126574516296,0.6838515996932983
0.44083371758461,1.0452301502227783,0.6838498115539551
0.4668487310409546,0.9452054500579834,0.683847963809967
0.3862212300300598,0.6815447211265564,0.6838463544845581
0.38622069358825684,0.9601858258247375,0.6838445663452148
0.40527865290641785,0.8878334760665894,0.6838427782058716
0.4528874456882477,1.1056591272354126,0.6838410496711731
0.4295690953731537,0.8096029162406921,0.6838392019271851
0.46476081013679504,0.9208390116691589,0.683837354183197
0.40347734093666077,0.7316781878471375,0.6838353276252747
0.4150833785533905,0.8570427894592285,0.6838333606719971
0.4516734182834625,0.7484930157661438,0.6838314533233643
0.428770512342453,0.9072812795639038,0.6838295459747314
0.38557958602905273,0.933638870716095,0.68382728099823
0.41496726870536804,1.090478777885437,0.6838251948356628
0.43795913457870483,0.8523216843605042,0.6838231682777405
0.45395627617836,0.6759510040283203,0.6838212013244629
0.3516159653663635,0.7418013215065002,0.6838192343711853
0.42406362295150757,0.9211879968643188,0.6838173270225525
0.4252370595932007,1.0596094131469727,0.6838156580924988
0.37033143639564514,0.8384271860122681,0.6838136315345764
0.40334609150886536,0.7107592821121216,0.6838117837905884
0.4320693612098694,0.6802132725715637,0.6838098764419556
0.44636431336402893,0.9791722893714905,0.683807909488678
0.41371721029281616,0.7575161457061768,0.6838059425354004
0.43522220849990845,1.1438956260681152,0.6838039755821228
0.4010351598262787,0.9235160946846008,0.6838020086288452
0.40943145751953125,0.7846174836158752,0.683800220489502
0.43004176020622253,0.9659386277198792,0.6837984919548035
0.43306440114974976,0.9068117737770081,0.6837967038154602
0.40746864676475525,0.8969532251358032,0.6837947964668274
0.44635191559791565,0.6838926672935486,0.6837928295135498
0.4527505040168762,0.7369436025619507,0.6837911009788513
0.4090556204319,1.053718090057373,0.6837891340255737
0.4577338695526123,1.003889799118042,0.6837871074676514
0.4670807421207428,0.7970941066741943,0.6837852597236633
0.42187705636024475,0.778221070766449,0.6837834715843201
0.4559917449951172,0.743906557559967,0.6837815642356873
0.4474502503871918,0.7261415719985962,0.683779776096344
0.3385542631149292,0.9027731418609619,0.6837779879570007
0.45462608337402344,0.8189616203308105,0.6837760806083679
0.4525766372680664,0.9011965394020081,0.6837741136550903
0.4423288106918335,0.5877368450164795,0.6837723255157471
0.43582290410995483,0.8894429206848145,0.6837704181671143
0.411858469247818,0.8400397300720215,0.6837685108184814
0.4336242079734802,0.8287606239318848,0.6837664246559143
0.4472894072532654,0.8249185681343079,0.6837645173072815
0.44973963499069214,0.8662065267562866,0.6837626099586487
0.43154633045196533,0.8653711676597595,0.6837607026100159
0.4009142220020294,0.844789445400238,0.6837589740753174
0.4195302426815033,0.9739011526107788,0.683756947517395
0.4036900997161865,0.7684977054595947,0.6837549209594727
0.48506873846054077,1.184679627418518,0.6837530732154846
0.46499574184417725,0.8517762422561646,0.6837510466575623
0.39678722620010376,0.6855896711349487,0.683749258518219
0.3940041959285736,0.7530375719070435,0.683747410774231
0.38954535126686096,0.783074676990509,0.6837455630302429
0.4339304268360138,0.9967337250709534,0.6837436556816101
0.4237257242202759,0.7204381227493286,0.6837417483329773
0.48130515217781067,1.0252010822296143,0.6837397813796997
0.4091201722621918,0.8083992600440979,0.683737576007843
0.43299585580825806,0.7694478034973145,0.6837355494499207
0.4306366741657257,0.8047527074813843,0.6837337613105774
0.4611259996891022,1.0171061754226685,0.6837316751480103
0.4239710867404938,0.9003928899765015,0.6837296485900879
0.423623651266098,0.988243579864502,0.683728039264679
0.4727049171924591,0.8289200663566589,0.6837262511253357
0.47656020522117615,0.762275218963623,0.6837243437767029
0.4336961507797241,1.0307573080062866,0.6837226152420044
0.4362441897392273,0.8039249777793884,0.6837208271026611
0.43697187304496765,0.623397171497345,0.6837189197540283
0.3866821825504303,0.9420404434204102,0.6837170720100403
0.43250933289527893,0.9516035914421082,0.6837150454521179
0.46377265453338623,0.9143041968345642,0.6837133765220642
0.49148523807525635,0.8031857013702393,0.6837115287780762
0.3846900165081024,0.9062603712081909,0.6837097406387329
0.4615100622177124,0.8773131966590881,0.6837078928947449
0.4330330491065979,1.0095947980880737,0.6837058067321777
0.49334806203842163,0.7229226231575012,0.6837038397789001
0.42986181378364563,0.8110990524291992,0.683701753616333
0.4578641355037689,0.8745355606079102,0.6836997866630554
0.43636444211006165,0.9415106773376465,0.6836981177330017
0.4255499839782715,0.6543537974357605,0.6836963891983032
0.3868350088596344,0.8148570656776428,0.6836945414543152
0.4572979211807251,0.7441530227661133,0.6836925148963928
0.42922723293304443,0.6672411561012268,0.6836907267570496
0.4422037899494171,0.8427565693855286,0.6836888194084167
0.46726834774017334,0.8738746643066406,0.6836868524551392
0.4548329710960388,0.9632320404052734,0.6836850047111511
0.4461135268211365,0.7641512751579285,0.6836831569671631
0.4299808442592621,0.7371698617935181,0.6836813688278198
0.44462794065475464,0.9706472754478455,0.6836796998977661
0.37375327944755554,0.6765186190605164,0.6836777329444885
0.4479706585407257,0.7939649820327759,0.6836758852005005
0.4186130166053772,0.9860943555831909,0.6836740970611572
0.4513765871524811,0.7562503814697266,0.6836720108985901
0.46326735615730286,1.0057694911956787,0.6836702227592468
0.4865976870059967,0.8561486601829529,0.6836683750152588
0.42041364312171936,0.737790048122406,0.6836663484573364
0.41544783115386963,0.747149646282196,0.6836645603179932
0.4159400761127472,0.8948354721069336,0.6836625337600708
0.4535866677761078,0.7614357471466064,0.6836606860160828
0.39649444818496704,0.7930083870887756,0.68365877866745
0.4027269780635834,0.8863050937652588,0.6836568117141724
0.48193037509918213,0.797858476638794,0.6836546659469604
0.40026962757110596,0.8541818261146545,0.6836526989936829
0.40379974246025085,0.8751416802406311,0.6836506724357605
0.42461517453193665,0.7033029198646545,0.6836488246917725
0.43273985385894775,0.8424702286720276,0.6836470365524292
0.39863958954811096,0.9579716324806213,0.6836451888084412
0.42700597643852234,0.8157687783241272,0.6836431622505188
0.4157291352748871,0.6692118048667908,0.6836413145065308
0.42891523241996765,0.9020143747329712,0.6836395859718323
0.44172152876853943,0.9310400485992432,0.6836377382278442
0.4158841371536255,0.9567023515701294,0.6836358308792114
0.3659362196922302,0.6422880291938782,0.6836340427398682
0.4234987497329712,0.867347240447998,0.6836322546005249
0.4118845760822296,0.8672220706939697,0.6836305260658264
0.4514558017253876,0.8737833499908447,0.6836288571357727
0.4035850465297699,0.6239860653877258,0.6836270093917847
0.4452316164970398,0.7101342082023621,0.6836250424385071
0.4391516149044037,0.852601945400238,0.6836230158805847
0.3917903006076813,0.9641076922416687,0.6836208701133728
0.41512542963027954,1.0364735126495361,0.6836189031600952
0.40137726068496704,0.8847605586051941,0.6836169958114624
0.4261220395565033,0.8416837453842163,0.6836150884628296
0.45605331659317017,0.9504988789558411,0.6836131811141968
0.3680116832256317,0.6912477612495422,0.683611273765564
0.43798285722732544,0.7360594868659973,0.6836096048355103
0.38280174136161804,0.6932417750358582,0.6836078763008118
0.42179369926452637,0.7746493220329285,0.6836060881614685
0.42327916622161865,0.6832627654075623,0.6836042404174805
0.475582480430603,0.7580527663230896,0.6836023330688477
0.48024648427963257,0.7805501222610474,0.6836005449295044
0.414944052696228,1.0201832056045532,0.6835986375808716
0.45305365324020386,0.8467727303504944,0.683596670627594
0.4414742887020111,0.7479594945907593,0.6835947036743164
0.41636621952056885,0.8502840995788574,0.6835927963256836
0.3960726857185364,0.9444220662117004,0.6835909485816956
0.4263094961643219,0.7432329058647156,0.6835890412330627
0.42461958527565,0.9648949503898621,0.6835873126983643
0.41526076197624207,0.7829832434654236,0.6835855841636658
0.47727450728416443,0.7915186882019043,0.6835837364196777
0.4178677201271057,0.771500289440155,0.6835818886756897
0.4545920491218567,0.7916999459266663,0.6835798621177673
0.46916913986206055,0.8864631056785583,0.6835778951644897
0.3522784411907196,0.774739682674408,0.6835758090019226
0.4204229712486267,0.7393035888671875,0.683573842048645
0.4265347123146057,0.799047589302063,0.6835718154907227
0.4448748230934143,0.8787654638290405,0.6835699081420898
0.4310281276702881,0.9105374813079834,0.6835681200027466
0.3690962791442871,0.9289966225624084,0.6835663914680481
0.41949915885925293,0.7088814377784729,0.6835645437240601
0.38054534792900085,0.7390387654304504,0.683562695980072
0.39581558108329773,0.7605011463165283,0.6835606694221497
0.40334635972976685,0.7365036606788635,0.6835588812828064
0.38671714067459106,0.899888813495636,0.6835567951202393
0.47989845275878906,0.9468334913253784,0.6835548877716064
0.4117681086063385,1.0486743450164795,0.6835530996322632
0.4638383388519287,0.761062502861023,0.6835510730743408
0.4767906069755554,0.7957763671875,0.683549165725708
0.43002864718437195,0.9480791091918945,0.68354731798172
0.42318984866142273,1.0451325178146362,0.6835454106330872
0.4214734435081482,0.8117333054542542,0.6835435032844543
0.442393034696579,0.8234134912490845,0.6835416555404663
0.43127432465553284,0.8579707145690918,0.683539628982544
0.4692701995372772,0.78944331407547,0.6835376024246216
0.4162803590297699,1.0536376237869263,0.6835355162620544
0.42932215332984924,0.8322172164916992,0.6835336089134216
0.3875088393688202,0.8138439059257507,0.683531641960144
0.4159507751464844,1.0156208276748657,0.6835296154022217
0.43284252285957336,0.7308802604675293,0.6835278272628784
0.43294721841812134,0.9340516924858093,0.6835258603096008
0.4105333089828491,0.5783029198646545,0.6835240125656128
0.4305284321308136,0.7694697976112366,0.68352210521698
0.4395632743835449,0.7081812024116516,0.6835201382637024
0.43079960346221924,0.8613398671150208,0.6835183501243591
0.40424907207489014,0.9738588929176331,0.6835165023803711
0.44898268580436707,0.8707168698310852,0.6835148334503174
0.4225766956806183,0.7498717904090881,0.6835129857063293
0.47575053572654724,0.8271235227584839,0.6835111379623413
0.4438070058822632,0.9442412853240967,0.6835094690322876
0.441505491733551,0.8511063456535339,0.68350750207901
0.4130708873271942,0.7160273790359497,0.6835055351257324
0.44900575280189514,0.7759535312652588,0.6835034489631653
0.4308954179286957,0.9180158972740173,0.6835017204284668
0.4796897768974304,0.8073980808258057,0.6835000514984131
0.46578097343444824,0.755041241645813,0.6834980845451355
0.41323888301849365,0.8634316921234131,0.6834964752197266
0.40848588943481445,0.9780882000923157,0.6834946870803833
0.4955514073371887,0.8556187748908997,0.6834928393363953
0.4322959780693054,0.834613025188446,0.6834909319877625
0.48055556416511536,0.836374044418335,0.6834889054298401
0.3786424994468689,0.7868781685829163,0.683487057685852
0.44263121485710144,0.8631637096405029,0.6834850907325745
0.37113943696022034,0.7507928013801575,0.6834833025932312
0.44843026995658875,0.9040002822875977,0.6834813952445984
0.3969259560108185,0.637622594833374,0.6834796071052551
0.3832872807979584,0.730197548866272,0.683477520942688
0.4439781606197357,0.7581406831741333,0.6834754943847656
0.42138850688934326,0.6720736622810364,0.6834735870361328
0.3967262804508209,0.8942070603370667,0.6834715604782104
0.46333983540534973,0.7740309834480286,0.6834696531295776
0.37593889236450195,0.8597072958946228,0.6834678053855896
0.4228976368904114,0.9620864987373352,0.6834659576416016
0.41384124755859375,0.9713960886001587,0.6834642291069031
0.4135725200176239,0.7207611799240112,0.683462381362915
0.4066755473613739,0.8547883033752441,0.6834604740142822
0.42833027243614197,0.8818122148513794,0.6834587454795837
0.40604811906814575,0.798835277557373,0.6834569573402405
0.4052756130695343,0.9102947115898132,0.6834551692008972
0.45180365443229675,0.66982102394104,0.6834533214569092
0.43594613671302795,0.9968887567520142,0.6834514737129211
0.44507724046707153,0.8790940046310425,0.6834496259689331
0.48615631461143494,0.7317918539047241,0.6834477186203003
0.4386461675167084,0.8070301413536072,0.6834456920623779
0.4726625084877014,0.7528137564659119,0.6834438443183899
0.4365789592266083,0.7946222424507141,0.6834417581558228
0.4380251169204712,0.7806002497673035,0.6834397912025452
0.39071372151374817,0.8925111293792725,0.6834376454353333
0.41111868619918823,0.7257629632949829,0.6834357380867004
0.38903898000717163,0.8331762552261353,0.6834335923194885
0.4167540371417999,0.9080305695533752,0.6834317445755005
0.4335459768772125,0.7461771965026855,0.6834297180175781
0.4105861485004425,0.7056819796562195,0.683427631855011
0.4071168303489685,0.8528483510017395,0.6834259033203125
0.4713226854801178,0.9026362299919128,0.6834237575531006
0.44136568903923035,0.7774130702018738,0.6834220886230469
0.45967406034469604,0.8108418583869934,0.6834201216697693
0.4152681529521942,0.9288225173950195,0.6834182739257812
0.3955336809158325,0.9276766777038574,0.6834164261817932
0.45495811104774475,0.8905898332595825,0.6834148168563843
0.4345378875732422,0.86222904920578,0.6834131479263306
0.4880099296569824,0.8933659195899963,0.6834115982055664
0.4272509813308716,0.7179322242736816,0.6834098696708679
0.46165114641189575,0.723931610584259,0.6834080219268799
0.4519304633140564,0.8949328064918518,0.6834059953689575
0.4446081519126892,1.0579617023468018,0.6834040880203247
0.4398309290409088,0.9809297323226929,0.6834022998809814
0.45842769742012024,1.0111675262451172,0.6834003329277039
0.44311827421188354,0.8916109800338745,0.6833983063697815
0.44120877981185913,0.7400237321853638,0.6833964586257935
0.41188353300094604,0.9142343401908875,0.683394730091095
0.47371619939804077,0.8768445253372192,0.6833925843238831
0.481640487909317,0.6862240433692932,0.6833904385566711
0.4050978720188141,0.8715551495552063,0.683388352394104
0.4855477809906006,0.7658302783966064,0.6833864450454712
0.4261256754398346,0.8450164794921875,0.6833848357200623
0.4044601321220398,1.1031250953674316,0.6833829879760742
0.44871124625205994,0.8576550483703613,0.683381199836731
0.3751351833343506,0.8058457374572754,0.6833792328834534
0.4074776768684387,0.8191496729850769,0.6833776235580444
0.38703155517578125,0.7873345017433167,0.6833758354187012
0.47055017948150635,0.6951279044151306,0.6833740472793579
0.39408549666404724,0.7274217009544373,0.6833723187446594
0.44049713015556335,0.8657913208007812,0.6833703517913818
0.41287437081336975,0.8352670073509216,0.6833683848381042
0.4437849223613739,0.984632670879364,0.683366596698761
0.39792999625205994,0.794538676738739,0.6833646297454834
0.43316638469696045,0.7792166471481323,0.6833628416061401
0.4011353850364685,0.8734439015388489,0.6833609938621521
0.3949695825576782,0.7592549324035645,0.6833589673042297
0.4633210599422455,1.0005344152450562,0.6833568811416626
0.4369945526123047,0.7711057662963867,0.6833551526069641
0.43516531586647034,0.9151838421821594,0.6833533644676208
0.38704055547714233,0.8287751078605652,0.6833511590957642
0.42199915647506714,0.8388707637786865,0.6833491921424866
0.4776310920715332,0.7424119710922241,0.683347225189209
0.4666900038719177,0.7228929996490479,0.683345377445221
0.4151746928691864,0.9138837456703186,0.6833436489105225
0.40871313214302063,1.2459474802017212,0.6833418607711792
0.4575909972190857,0.8261426091194153,0.6833400726318359
0.4180779457092285,0.8807303309440613,0.683338463306427
0.4260648190975189,0.8754236698150635,0.6833364963531494
0.4680558741092682,0.7235509753227234,0.6833345890045166
0.4399024248123169,1.011333703994751,0.6833327412605286
0.4484812021255493,0.7306557893753052,0.6833309531211853
0.405405730009079,1.0439176559448242,0.6833289861679077
0.44814547896385193,0.9302587509155273,0.6833271384239197
0.39415213465690613,0.7988870143890381,0.6833252310752869
0.44583845138549805,0.6604875326156616,0.6833232641220093
0.4238436818122864,0.7986035943031311,0.6833211779594421
0.42297133803367615,0.6591181755065918,0.6833192706108093
0.4661949872970581,0.689897894859314,0.6833173632621765
0.4817969501018524,0.9960287809371948,0.6833153367042542
0.42565107345581055,0.9723874926567078,0.6833133697509766
0.4478001296520233,1.0538134574890137,0.6833113431930542
0.4471330940723419,1.0560957193374634,0.6833096146583557
0.4440036714076996,0.7629569172859192,0.6833078861236572
0.42437124252319336,0.694595456123352,0.6833062171936035
0.43164435029029846,0.9801475405693054,0.6833046674728394
0.45010295510292053,0.9216910004615784,0.6833028793334961
0.4057076573371887,0.9017192721366882,0.6833011507987976
0.4688464105129242,1.0071542263031006,0.6832989454269409
0.46149566769599915,0.9368013739585876,0.6832970380783081
0.39004451036453247,0.9893858432769775,0.6832951903343201
0.46925729513168335,1.1626498699188232,0.6832935214042664
0.43646928668022156,0.7810997366905212,0.6832918524742126
0.4333397448062897,0.8752201795578003,0.6832900643348694
0.42126163840293884,0.9217019081115723,0.6832881569862366
0.4459807872772217,0.7208524346351624,0.6832860708236694
0.3796616196632385,0.9057722091674805,0.6832841038703918
0.3741234838962555,0.8033337593078613,0.6832823753356934
0.45349937677383423,0.8922520279884338,0.6832807064056396
0.4166870415210724,0.8714385032653809,0.6832788586616516
0.45358747243881226,0.7075425982475281,0.6832771301269531
0.4307955503463745,0.9494825601577759,0.6832752227783203
0.5030465722084045,0.7870007157325745,0.6832732558250427
0.4631631672382355,0.9964790940284729,0.6832711100578308
0.48937851190567017,1.0302237272262573,0.6832690238952637
0.40292638540267944,0.9761030673980713,0.68326735496521
0.4348110556602478,0.7695048451423645,0.6832656860351562
0.37845495343208313,0.8420494794845581,0.6832641363143921
0.4778956472873688,0.8839702010154724,0.6832621097564697
0.4424293339252472,0.8723961710929871,0.6832602620124817
0.4160747528076172,0.8286619186401367,0.6832583546638489
0.4150126576423645,0.7101718783378601,0.6832563281059265
0.46532705426216125,0.8762350678443909,0.6832544207572937
0.42676618695259094,0.7384212613105774,0.6832526326179504
0.4811428487300873,0.9422232508659363,0.6832509636878967
0.4525288939476013,0.7608974575996399,0.6832494139671326
0.3971529006958008,1.0235050916671753,0.6832477450370789
0.4120173454284668,0.8777624368667603,0.683245837688446
0.4594518542289734,0.9194357395172119,0.6832438111305237
0.40522846579551697,0.7706207633018494,0.6832419633865356
0.3812583088874817,0.9829809069633484,0.6832399964332581
0.4310879409313202,0.9311123490333557,0.68323814868927
0.39097991585731506,0.9611647725105286,0.6832364797592163
0.4088814854621887,1.0337735414505005,0.6832345724105835
0.44613805413246155,0.8677558302879333,0.6832327246665955
0.3923313021659851,0.9527073502540588,0.6832308173179626
0.46724945306777954,0.824039101600647,0.6832288503646851
0.4303526282310486,0.8620531558990479,0.683227002620697
0.4295080006122589,0.9201634526252747,0.683225154876709
0.41566795110702515,0.8770584464073181,0.6832231879234314
0.4277559220790863,0.9652329683303833,0.6832213401794434
0.42840734124183655,0.9079583287239075,0.6832194924354553
0.42514148354530334,0.777068555355072,0.6832178235054016
0.42945703864097595,0.7142824530601501,0.6832160353660583
0.4644690454006195,0.9251914024353027,0.6832143664360046
0.411089688539505,0.8876685500144958,0.683212399482727
0.539801836013794,0.6356223821640015,0.683210551738739
0.432583749294281,0.815571129322052,0.6832088828086853
0.3627684712409973,0.7827929258346558,0.6832069158554077
0.41485464572906494,0.8816997408866882,0.6832048892974854
0.4204953610897064,0.9627903699874878,0.6832029819488525
0.40211784839630127,0.6442322134971619,0.683201253414154
0.43164756894111633,0.6126980185508728,0.683199405670166
0.4207158088684082,0.7059121131896973,0.6831974983215332
0.3993644714355469,0.8951916098594666,0.6831957697868347
0.4526900351047516,0.8408642411231995,0.6831937432289124
0.4083620309829712,0.9533870816230774,0.6831916570663452
0.4446110427379608,0.769446074962616,0.6831899881362915
0.4291011393070221,0.7620890736579895,0.6831880211830139
0.39924803376197815,0.9803131222724915,0.6831861734390259
0.42800116539001465,0.803977906703949,0.6831843852996826
0.39358237385749817,0.8713348507881165,0.6831824779510498
0.4297180473804474,1.0557323694229126,0.6831807494163513
0.39629051089286804,0.7558837532997131,0.6831788420677185
0.4322541654109955,0.9054629802703857,0.6831769347190857
0.4291587471961975,0.7360566854476929,0.6831752061843872
0.4445624351501465,0.9663006067276001,0.6831732392311096
0.4124090373516083,0.6683067679405212,0.683171272277832
0.46436938643455505,0.9761288166046143,0.683169424533844
0.4397214353084564,0.9558409452438354,0.6831674575805664
0.43908384442329407,0.7199043035507202,0.6831657886505127
0.45103681087493896,0.8529080152511597,0.6831639409065247
0.4339485168457031,0.8772964477539062,0.6831620335578918
0.4374723434448242,0.8291544914245605,0.6831601858139038
0.4109093248844147,0.7689332365989685,0.6831581592559814
0.5212931632995605,0.9307252168655396,0.6831561923027039
0.4338579475879669,0.8780859112739563,0.6831541657447815
0.37766802310943604,0.7825119495391846,0.6831523180007935
0.43545523285865784,0.8962754011154175,0.6831504106521606
0.43248844146728516,0.7315694093704224,0.6831487417221069
0.4304707944393158,1.149511694908142,0.6831468939781189
0.4304797351360321,0.8150058388710022,0.6831448674201965
0.41267096996307373,0.5868760347366333,0.6831430792808533
0.42367982864379883,0.9282405972480774,0.6831412315368652
0.43461307883262634,0.8018699884414673,0.683139443397522
0.43141013383865356,0.9743694067001343,0.6831376552581787
0.4148130714893341,1.0171430110931396,0.6831357479095459
0.41949203610420227,0.9346910715103149,0.6831340789794922
0.4638936221599579,0.7668256163597107,0.6831323504447937
0.44371896982192993,0.7767277956008911,0.6831306219100952
0.4293231964111328,0.8087734580039978,0.6831285953521729
0.4519568681716919,0.8842638731002808,0.6831267476081848
0.40505972504615784,0.9702504873275757,0.6831249594688416
0.40562742948532104,0.6620833873748779,0.6831230521202087
0.44736209511756897,0.6725355982780457,0.6831214427947998
0.4155723452568054,0.7820872068405151,0.683119535446167
0.4234381914138794,0.9588972330093384,0.6831176280975342
0.4175992012023926,0.879604697227478,0.6831157207489014
0.4545227587223053,0.7722473740577698,0.683113694190979
0.38312065601348877,0.7715100049972534,0.6831117868423462
0.4071508049964905,0.8162096738815308,0.6831098198890686
0.4279172420501709,0.9193273782730103,0.683107852935791
0.4381529986858368,0.7819218635559082,0.683106005191803
0.3705551326274872,0.847514808177948,0.6831040382385254
0.47739696502685547,0.6868484616279602,0.6831021308898926
0.40225180983543396,0.8122419714927673,0.6831001043319702
0.382267564535141,0.7428348064422607,0.6830980181694031
0.47389304637908936,0.9418360590934753,0.6830961108207703
0.4200538098812103,0.8197329044342041,0.6830942630767822
0.3963402211666107,0.9084047675132751,0.6830924153327942
0.4483974277973175,0.7340978384017944,0.6830905079841614
0.44326698780059814,0.7945306301116943,0.6830886006355286
0.4527255892753601,0.9267848134040833,0.6830867528915405
0.37796714901924133,0.7283750176429749,0.6830849647521973
0.4302044212818146,0.882397472858429,0.683083176612854
0.4703981578350067,0.9130548238754272,0.6830813884735107
0.4573436677455902,0.9193586707115173,0.6830795407295227
0.44102635979652405,0.8600438237190247,0.6830776929855347
0.39719051122665405,0.7456804513931274,0.6830758452415466
0.43198928236961365,0.562301516532898,0.6830739974975586
0.46426039934158325,0.8716723322868347,0.6830719709396362
0.4586194157600403,0.7927874326705933,0.6830701231956482
0.5007990002632141,1.0266066789627075,0.6830679178237915
0.3974339962005615,1.0249921083450317,0.6830658316612244
0.4176461696624756,0.8965190649032593,0.683063805103302
0.45712465047836304,1.109277367591858,0.683061957359314
0.39818137884140015,0.8549773693084717,0.683060348033905
0.4768062233924866,0.7288228869438171,0.6830584406852722
0.43242907524108887,0.5908876657485962,0.683056652545929
0.4400191307067871,0.7768089175224304,0.6830548048019409
0.5008844137191772,0.6944866180419922,0.6830528378486633
0.39808061718940735,0.8202818632125854,0.683050811290741
0.4543675184249878,0.7893131375312805,0.6830488443374634
0.4174175262451172,0.9780248403549194,0.6830469369888306
0.4260566532611847,0.9853145480155945,0.6830453276634216
0.39468756318092346,0.7722859978675842,0.6830434203147888
0.42174121737480164,0.7520214319229126,0.6830416321754456
0.3669896721839905,0.6785026788711548,0.6830398440361023
0.4320860207080841,0.9676411151885986,0.6830377578735352
0.5061899423599243,0.9230974912643433,0.683035671710968
0.4349572956562042,0.9015387892723083,0.6830337047576904
0.401908814907074,0.8143829107284546,0.6830317974090576
0.41869020462036133,0.9674532413482666,0.6830299496650696
0.4368651211261749,0.736950159072876,0.6830281615257263
0.42360159754753113,0.6836193203926086,0.6830263137817383
0.41206786036491394,0.6872192025184631,0.6830247044563293
0.4409765899181366,0.8874979615211487,0.6830228567123413
0.46237191557884216,0.7956871390342712,0.6830207705497742
0.412331223487854,0.8158058524131775,0.6830189824104309
0.45852571725845337,0.7902906537055969,0.6830171942710876
0.4125659465789795,0.8713042736053467,0.6830154061317444
0.43025678396224976,0.8244049549102783,0.6830136179924011
0.41508162021636963,0.9034169316291809,0.6830118298530579
0.5102483034133911,0.7929829359054565,0.6830099821090698
0.39268219470977783,0.7024331092834473,0.6830080151557922
0.417987197637558,0.8539167642593384,0.683006227016449
0.3993816673755646,1.186471939086914,0.6830043792724609
0.431829571723938,0.8638858199119568,0.6830024123191833
0.41324087977409363,0.6628122329711914,0.683000385761261
0.4401014745235443,0.821856677532196,0.6829984784126282
0.43394148349761963,0.7558016777038574,0.6829967498779297
0.43890365958213806,0.9824219346046448,0.6829950213432312
0.3829273283481598,0.7936890721321106,0.6829934120178223
0.3955998420715332,1.0159989595413208,0.6829915642738342
0.4106295704841614,0.7059957385063171,0.6829897165298462
0.43185296654701233,0.8737318515777588,0.6829878687858582
0.36703920364379883,0.8919863104820251,0.6829858422279358
0.4655722677707672,0.9665387868881226,0.6829838752746582
0.42199891805648804,0.8138786554336548,0.6829820275306702
0.414804071187973,0.7601261138916016,0.6829802989959717
0.42583879828453064,0.9617099165916443,0.682978630065918
0.42869430780410767,0.8278663754463196,0.6829769015312195
0.3777067959308624,0.950009286403656,0.6829751133918762
0.4486910402774811,0.8978409767150879,0.682973325252533
0.4081147611141205,0.7200655341148376,0.6829715967178345
0.42566320300102234,1.0782474279403687,0.6829697489738464
0.36993858218193054,0.6753880381584167,0.682968020439148
0.42794907093048096,0.9668938517570496,0.6829662322998047
0.42432570457458496,0.8452855348587036,0.6829643249511719
0.4411357641220093,0.8243953585624695,0.6829624772071838
0.4041377902030945,0.71196448802948,0.682960569858551
0.4537113606929779,0.9115211367607117,0.6829587817192078
0.4378219246864319,0.7539594769477844,0.6829568147659302
0.4305991530418396,0.9910220503807068,0.6829547882080078
0.46443864703178406,0.7534257173538208,0.6829529404640198
0.46666911244392395,0.8172824382781982,0.6829510927200317
0.46071523427963257,0.7741493582725525,0.6829492449760437
0.4005913734436035,0.727260947227478,0.6829475164413452
0.44111549854278564,0.8926854729652405,0.682945728302002
0.44933173060417175,0.8499954342842102,0.6829438805580139
0.40587860345840454,0.6348763704299927,0.6829419136047363
0.4185977876186371,0.9632933735847473,0.6829399466514587
0.40681952238082886,0.8578330874443054,0.6829379796981812
0.46940115094184875,0.838736355304718,0.6829363107681274
0.4051772356033325,0.9642632603645325,0.6829342842102051
0.42141538858413696,0.8314076066017151,0.6829325556755066
0.40022894740104675,0.7131214737892151,0.682930588722229
0.4388766288757324,0.8590850830078125,0.6829286217689514
0.43255946040153503,0.7359231114387512,0.6829267740249634
0.45081818103790283,0.7225331664085388,0.682924747467041
0.3948915898799896,0.8755757212638855,0.6829227209091187
0.40190649032592773,0.7962285876274109,0.6829208731651306
0.43450430035591125,1.0312747955322266,0.6829191446304321
0.4405926465988159,0.9260391592979431,0.6829172968864441
0.42111724615097046,0.7867255210876465,0.6829156279563904
0.4522976577281952,0.879025936126709,0.6829136610031128
0.46257784962654114,0.7613001465797424,0.6829118132591248
0.4291546642780304,0.6457536816596985,0.6829098463058472
0.4658578038215637,0.7996176481246948,0.6829079389572144
0.451408714056015,0.9098972082138062,0.6829063296318054
0.506377100944519,1.0233465433120728,0.6829042434692383
0.4477097988128662,0.7598967552185059,0.682902455329895
0.4111848473548889,0.7238432168960571,0.6829004883766174
0.42398908734321594,0.9177794456481934,0.6828985214233398
0.3997337222099304,0.9335660934448242,0.682896614074707
0.45938268303871155,0.8454989194869995,0.682894766330719
0.3926527202129364,0.9013873934745789,0.6828926801681519
0.40780916810035706,1.0787956714630127,0.682890772819519
0.39779892563819885,1.0701791048049927,0.6828889846801758
0.4082206189632416,0.8779825568199158,0.6828869581222534
0.37801259756088257,0.7935891151428223,0.6828851699829102
0.4091901183128357,0.9538441300392151,0.6828833222389221
0.4298669099807739,1.074493169784546,0.6828816533088684
0.45306986570358276,0.821332573890686,0.6828798055648804
0.42485854029655457,0.930981457233429,0.6828780174255371
0.41054031252861023,0.8601562976837158,0.6828762888908386
0.4153233766555786,0.8835952877998352,0.6828742623329163
0.41229772567749023,0.8496671915054321,0.6828723549842834
0.4759874641895294,0.9417909383773804,0.6828707456588745
0.4581521451473236,0.9227638840675354,0.682869017124176
0.40354108810424805,0.8605716228485107,0.6828675270080566
0.46186545491218567,0.9508988857269287,0.6828659176826477
0.4371621608734131,1.0913926362991333,0.6828640699386597
0.40394335985183716,0.8368097543716431,0.6828621029853821
0.4406081438064575,0.9292102456092834,0.6828600764274597
0.45593008399009705,0.6942853927612305,0.6828582882881165
0.36645928025245667,0.954488217830658,0.6828564405441284
0.4443437159061432,1.0610485076904297,0.6828548312187195
0.4539284110069275,1.0957157611846924,0.6828531622886658
0.42242178320884705,0.8103026747703552,0.6828516125679016
0.38734397292137146,0.995097279548645,0.6828500032424927
0.4471156895160675,0.9399418830871582,0.6828482747077942
0.42626243829727173,1.0061689615249634,0.6828464865684509
0.4351484477519989,0.8046919703483582,0.6828446984291077
0.48863205313682556,0.8988557457923889,0.682843029499054
0.5138732194900513,0.8137244582176208,0.6828413009643555
0.417805016040802,0.8942673802375793,0.682839572429657
0.4237579107284546,0.7091498970985413,0.682837724685669
0.49465540051460266,0.8114542961120605,0.68283611536026
0.4020738899707794,0.659665584564209,0.6828341484069824
0.4608094394207001,0.703603982925415,0.6828324198722839
0.4243626594543457,0.845940887928009,0.6828306317329407
0.442416787147522,0.7142057418823242,0.6828287839889526
0.3958491086959839,0.9842028617858887,0.6828269958496094
0.43680399656295776,0.7885031700134277,0.682824969291687
0.4470926821231842,0.7384828925132751,0.6828230023384094
0.45006486773490906,0.8901946544647217,0.6828211545944214
0.43211036920547485,0.8932300806045532,0.6828193068504333
0.44802215695381165,0.7113955616950989,0.6828171610832214
0.43162938952445984,0.8068674802780151,0.682815432548523
0.40280136466026306,1.0476878881454468,0.6828135848045349
0.4762316644191742,0.9048910737037659,0.6828116178512573
0.4339450001716614,0.6957621574401855,0.6828097105026245
0.43635907769203186,0.7922676205635071,0.6828080415725708
0.4631493389606476,0.8054554462432861,0.6828062534332275
0.3841860890388489,0.8569695353507996,0.6828045845031738
0.45270949602127075,0.7558137774467468,0.6828028559684753
0.46731215715408325,0.6557618379592896,0.682801365852356
0.4140399098396301,0.9171339273452759,0.6827994585037231
0.40358299016952515,0.7660438418388367,0.6827977299690247
0.45210662484169006,0.7237997651100159,0.6827958822250366
0.4086105525493622,0.7933018207550049,0.6827938556671143
0.3924400210380554,0.775199294090271,0.6827919483184814
0.43510276079177856,1.0972191095352173,0.6827899217605591
0.4300253093242645,0.7745164632797241,0.682788074016571
0.4263947606086731,0.828988790512085,0.6827862858772278
0.3887641131877899,0.8308343291282654,0.6827843189239502
0.42598792910575867,0.8091169595718384,0.6827824115753174
0.4678311347961426,0.8901176452636719,0.6827806830406189
0.4342852830886841,0.8396526575088501,0.6827789545059204
0.4354391396045685,0.7456647753715515,0.6827772259712219
0.40077245235443115,0.7242276072502136,0.6827754378318787
0.40671980381011963,0.9516159892082214,0.6827737092971802
0.390170156955719,0.8553875088691711,0.6827718615531921
0.4198409914970398,0.8595317006111145,0.6827701926231384
0.407562792301178,0.6448753476142883,0.6827684044837952
0.43922561407089233,0.7937389016151428,0.6827667951583862
0.4421546757221222,0.8599993586540222,0.6827651858329773
0.45782676339149475,0.9797967672348022,0.6827634572982788
0.47489410638809204,1.1093229055404663,0.6827614307403564
0.4037909507751465,0.7452008128166199,0.6827592849731445
0.44869014620780945,1.162219762802124,0.6827571392059326
0.5316489338874817,0.912468671798706,0.682755172252655
0.4312678575515747,0.7117893099784851,0.6827532649040222
0.39913007616996765,0.7675659656524658,0.6827515363693237
0.42799222469329834,0.9548954963684082,0.6827499270439148
0.4621523320674896,0.8706494569778442,0.6827481389045715
0.46187108755111694,1.037405014038086,0.6827462911605835
0.44731605052948,0.8792840242385864,0.6827446222305298
0.4251544773578644,0.912442684173584,0.682742714881897
0.382781445980072,0.850635290145874,0.6827406287193298
0.43525657057762146,0.8742446303367615,0.682738721370697
0.4216424524784088,1.018784999847412,0.682736873626709
0.442688524723053,0.7841674089431763,0.6827353835105896
0.3717173635959625,0.8799719214439392,0.6827337145805359
0.44451749324798584,1.1728570461273193,0.6827322244644165
0.49406322836875916,0.9639750123023987,0.6827306151390076
0.43987205624580383,0.9690886735916138,0.6827289462089539
0.45484837889671326,1.0233092308044434,0.6827270984649658
0.4386647939682007,0.9189090728759766,0.6827253699302673
0.40354159474372864,1.0373725891113281,0.6827235221862793
0.4487800598144531,1.242908000946045,0.6827219128608704
0.43167462944984436,0.9114600419998169,0.6827203035354614
0.4329908788204193,0.8918862342834473,0.6827185750007629
0.399871826171875,1.052930235862732,0.682716965675354
0.4405556917190552,0.9695961475372314,0.6827153563499451
0.4521544575691223,0.8649629950523376,0.6827133297920227
0.5021247863769531,0.9789355993270874,0.6827114224433899
0.42620933055877686,0.8991456627845764,0.6827096939086914
0.39364615082740784,0.6377359628677368,0.6827074885368347
0.44331881403923035,0.959740161895752,0.6827057600021362
0.41408973932266235,0.8573778867721558,0.6827038526535034
0.4491916596889496,0.9815741777420044,0.6827021837234497
0.4516493082046509,0.9542577862739563,0.6827003955841064
0.44250282645225525,0.8316040635108948,0.6826987862586975
0.3930181860923767,0.9153565168380737,0.6826969385147095
0.44265714287757874,0.8029430508613586,0.6826949715614319
0.3875797986984253,0.8282074928283691,0.6826931834220886
0.45227447152137756,0.8712604641914368,0.6826914548873901
0.3992132842540741,0.8514976501464844,0.6826897263526917
0.41644102334976196,0.7871688008308411,0.6826878190040588
0.45047828555107117,0.724450409412384,0.6826862692832947
0.42651084065437317,0.8858694434165955,0.6826846599578857
0.43560031056404114,0.6832978129386902,0.6826831698417664
0.39428630471229553,1.0774648189544678,0.6826813220977783
0.40016141533851624,0.7409749031066895,0.6826795339584351
0.42090246081352234,0.9266473054885864,0.6826776266098022
0.37766242027282715,0.8070277571678162,0.6826757788658142
0.42650705575942993,0.8710243105888367,0.6826739311218262
0.3554595410823822,0.9904919862747192,0.6826722025871277
0.45881232619285583,0.8390251398086548,0.6826705932617188
0.43788740038871765,1.0729351043701172,0.6826690435409546
0.4135468900203705,0.8628404140472412,0.6826672554016113
0.4472562074661255,0.7936686277389526,0.6826655268669128
0.3601286709308624,0.7316436171531677,0.6826636791229248
0.4410755932331085,0.9400994181632996,0.6826617121696472
0.498939573764801,0.8560758233070374,0.682659924030304
0.4667421579360962,0.7197662591934204,0.6826580762863159
0.46827712655067444,0.9014167189598083,0.6826562285423279
0.4609009325504303,0.8062438368797302,0.6826544404029846
0.41377905011177063,0.9609929323196411,0.6826527118682861
0.4574435353279114,0.912443995475769,0.6826510429382324
0.42560768127441406,0.9380654692649841,0.6826494336128235
0.4369027316570282,0.93185955286026,0.6826478242874146
0.3960772752761841,0.7927005887031555,0.6826459765434265
0.44018614292144775,0.7610375881195068,0.6826440095901489
0.4717472493648529,0.8963600397109985,0.6826422810554504
0.4696393609046936,0.9464619159698486,0.682640552520752
0.420641154050827,0.8092620968818665,0.6826388239860535
0.42834991216659546,0.7973016500473022,0.6826370358467102
0.44660842418670654,0.9675904512405396,0.6826351284980774
0.4380989670753479,0.7904778122901917,0.6826333403587341
0.4695691168308258,0.7966547012329102,0.6826314330101013
0.46233874559402466,0.7482280135154724,0.6826292872428894
0.4002269506454468,1.017772912979126,0.6826274991035461
0.4319838285446167,0.7894923686981201,0.6826255321502686
0.4774324595928192,0.8727343082427979,0.6826235055923462
0.39733946323394775,0.8595401048660278,0.6826217174530029
0.44331541657447815,0.8168560266494751,0.6826198101043701
0.4139670431613922,0.787056028842926,0.6826179623603821
0.39911898970603943,0.7034426927566528,0.6826160550117493
0.3534969389438629,0.9359210133552551,0.6826141476631165
0.47401049733161926,0.9742810130119324,0.6826123595237732
0.4632492661476135,0.7677640318870544,0.6826105713844299
0.4348572790622711,0.8502421379089355,0.6826089024543762
0.44983047246932983,0.7141799330711365,0.682607114315033
0.44899222254753113,0.6544702649116516,0.6826053857803345
0.41058117151260376,0.9370005130767822,0.6826035380363464
0.41703733801841736,0.9270439147949219,0.6826017498970032
0.42218145728111267,0.8156305551528931,0.6825998425483704
0.42098480463027954,0.7635578513145447,0.6825981140136719
0.46001556515693665,0.8544968366622925,0.6825962662696838
0.4354808032512665,0.645576000213623,0.6825945377349854
0.39870861172676086,1.1536524295806885,0.6825927495956421
0.5326640009880066,0.9490678310394287,0.682590901851654
0.43297049403190613,0.8094609975814819,0.6825889348983765
0.4271359145641327,0.8513739705085754,0.682587206363678
0.4367730915546417,0.832024872303009,0.6825852990150452
0.4659699499607086,0.7255933284759521,0.6825836300849915
0.41954901814460754,0.8353624939918518,0.6825818419456482
0.42591872811317444,0.8939667344093323,0.6825800538063049
0.41640007495880127,0.728031575679779,0.6825782060623169
0.3897669017314911,0.7682576179504395,0.6825764179229736
0.42091575264930725,0.6082057356834412,0.6825743913650513
0.3510948717594147,0.6779857277870178,0.6825725436210632
0.3825417160987854,0.8991341590881348,0.6825706362724304
0.40948379039764404,0.7768974900245667,0.6825688481330872
0.43343794345855713,0.884911060333252,0.6825670003890991
0.42311590909957886,0.7859387397766113,0.6825650930404663
0.44935718178749084,0.7852110862731934,0.6825632452964783
0.38186630606651306,0.6574654579162598,0.682561457157135
0.35898488759994507,0.8025147318840027,0.6825597286224365
0.41065219044685364,0.6906018257141113,0.6825579404830933
0.40219584107398987,0.9264628291130066,0.6825560331344604
0.43418747186660767,0.8601775169372559,0.682554304599762
0.37697699666023254,0.946902334690094,0.6825523376464844
0.4010981023311615,0.9599906206130981,0.6825504899024963
0.4887184798717499,0.806405782699585,0.6825487613677979
0.42587047815322876,0.7815743088722229,0.6825470924377441
0.4235273003578186,0.837604820728302,0.6825454235076904
0.41713768243789673,1.1100646257400513,0.6825436353683472
0.4985063076019287,0.7254018187522888,0.6825416088104248
0.43121466040611267,0.7754979133605957,0.6825397610664368
0.4464533030986786,0.8116207718849182,0.6825380325317383
0.3986426591873169,0.968897819519043,0.6825363039970398
0.4001580476760864,1.019551396369934,0.6825346350669861
0.4147701561450958,0.7354170680046082,0.6825329065322876
0.45571866631507874,0.8663306832313538,0.6825312376022339
0.46255263686180115,0.8542502522468567,0.6825293898582458
0.4464865028858185,0.7962170839309692,0.6825275421142578
0.39433807134628296,0.791958212852478,0.682525634765625
0.4771054685115814,0.8265550136566162,0.6825239062309265
0.41376936435699463,0.8411207795143127,0.6825219392776489
0.39499935507774353,0.9130288362503052,0.68252032995224
0.4472464919090271,0.7874323129653931,0.6825184226036072
0.4365086257457733,0.7433512806892395,0.6825167536735535
0.43226927518844604,0.8931794762611389,0.6825149655342102
0.41155436635017395,0.9796932935714722,0.6825129389762878
0.42035749554634094,0.7327974438667297,0.6825108528137207
0.40999603271484375,0.838972806930542,0.6825087666511536
0.44135206937789917,0.7514244914054871,0.6825068593025208
0.4119545519351959,0.8674148917198181,0.6825050115585327
0.38273632526397705,0.9450724720954895,0.6825032830238342
0.4549886882305145,0.6416860818862915,0.6825013756752014
0.4273258149623871,1.0095293521881104,0.6824994683265686
0.4222782552242279,0.7458237409591675,0.6824978590011597
0.38391539454460144,0.9046486616134644,0.682496190071106
0.43253272771835327,0.9797652363777161,0.6824944019317627
0.4606643617153168,0.9513790011405945,0.6824923753738403
0.43540331721305847,0.7343502640724182,0.6824906468391418
0.41281381249427795,0.8678697943687439,0.6824887990951538
0.38509809970855713,0.7471868395805359,0.6824871301651001
0.451220840215683,1.017640471458435,0.6824853420257568
0.4315488338470459,0.8238111138343811,0.6824836134910583
0.4748295545578003,0.6456756591796875,0.6824818253517151
0.4224291145801544,0.7900484204292297,0.6824802160263062
0.4141277074813843,0.6179336905479431,0.6824786067008972
0.411922812461853,0.7750745415687561,0.682476818561554
0.39774075150489807,0.7312343716621399,0.6824751496315002
0.4641464948654175,0.8603628873825073,0.6824734807014465
0.44657278060913086,0.7898005843162537,0.6824718117713928
0.4063073694705963,0.7598714828491211,0.6824700832366943
0.43009132146835327,0.6878718733787537,0.6824683547019958
0.4516351521015167,0.9491445422172546,0.682466447353363
0.4470632076263428,0.8671301603317261,0.6824646592140198
0.4266830384731293,0.8167991638183594,0.6824628710746765
0.4373738765716553,0.9973949790000916,0.6824610233306885
0.43188756704330444,0.8669318556785583,0.6824591755867004
0.42065536975860596,0.9227432012557983,0.6824572682380676
0.4388723373413086,0.7572828531265259,0.68245530128479
0.39548492431640625,0.7247726321220398,0.6824535727500916
0.40313735604286194,0.9352133870124817,0.6824515461921692
0.43216773867607117,1.0107933282852173,0.6824496388435364
0.43360579013824463,1.0597108602523804,0.6824479103088379
0.43975579738616943,0.6691541075706482,0.6824459433555603
0.46944862604141235,0.7918052673339844,0.6824440360069275
0.4519766569137573,0.9219571948051453,0.6824421286582947
0.40223437547683716,0.970796525478363,0.6824404001235962
0.4314461350440979,0.7936029434204102,0.6824387311935425
0.41349083185195923,0.6586166024208069,0.682437002658844
0.4623769223690033,0.9150972366333008,0.6824353337287903
0.42629754543304443,0.8157404065132141,0.6824334859848022
0.4179842174053192,0.9646807312965393,0.6824318170547485
0.40117698907852173,0.8972675204277039,0.68243008852005
0.45690786838531494,0.8149415254592896,0.6824280023574829
0.4292009770870209,0.908423125743866,0.6824263334274292
0.3649899661540985,0.9215217232704163,0.6824244260787964
0.4568712115287781,0.8448504209518433,0.6824225783348083
0.43452030420303345,0.756234884262085,0.6824207305908203
0.44687339663505554,0.9006791710853577,0.682418942451477
0.404823362827301,0.9392361044883728,0.6824171543121338
0.449532151222229,0.7801522612571716,0.682415246963501
0.4424699544906616,0.8095211982727051,0.6824134588241577
0.3763659596443176,1.0415832996368408,0.6824116706848145
0.3869854211807251,1.0173356533050537,0.6824101209640503
0.40275049209594727,0.7105867862701416,0.6824083924293518
0.39376479387283325,0.801407516002655,0.6824067234992981
0.43531370162963867,0.9294084906578064,0.6824046969413757
0.37681013345718384,0.8999713659286499,0.6824029684066772
0.47053372859954834,0.7866269946098328,0.682401180267334
0.4363267719745636,0.7887049913406372,0.682399332523346
0.49199095368385315,1.0102120637893677,0.6823976039886475
0.435959130525589,0.8440802693367004,0.6823958158493042
0.42189598083496094,0.9808359742164612,0.6823940277099609
0.40308502316474915,0.839986264705658,0.6823921203613281
0.42800870537757874,0.784633219242096,0.6823902130126953
0.38576337695121765,0.8014984726905823,0.6823883652687073
0.41816505789756775,0.6926569938659668,0.6823866963386536
0.4415172040462494,0.8691718578338623,0.6823849081993103
0.4407021105289459,0.8464658856391907,0.682383120059967
0.4293879270553589,0.823509156703949,0.6823813319206238
0.4443224370479584,0.8222464323043823,0.6823795437812805
0.4074822962284088,0.7743967175483704,0.6823777556419373
0.407500684261322,0.8229798674583435,0.6823758482933044
0.4087655246257782,0.7189657688140869,0.6823740005493164
0.42105475068092346,0.8001099228858948,0.682371973991394
0.40995877981185913,0.7610489726066589,0.6823703050613403
0.40878286957740784,0.8740904331207275,0.6823685765266418
0.46852388978004456,0.5968790650367737,0.6823669075965881
0.4217241704463959,0.9248318672180176,0.682365357875824
0.393483430147171,0.7875169515609741,0.6823635101318359
0.41858339309692383,0.729537844657898,0.6823617219924927
0.3931138515472412,0.8384339809417725,0.6823597550392151
0.4324387311935425,0.8802173137664795,0.6823579668998718
0.38340193033218384,0.8029986023902893,0.6823561787605286
0.3687375485897064,0.8740864992141724,0.6823544502258301
0.4488396644592285,0.8734033107757568,0.682352602481842
0.43426239490509033,0.9291254878044128,0.6823508739471436
0.4458245038986206,1.1125296354293823,0.6823492050170898
0.4338182210922241,0.7237764596939087,0.6823470592498779
0.4471684992313385,0.8049221634864807,0.6823453307151794
0.41779640316963196,1.0048404932022095,0.6823433637619019
0.3988768756389618,0.6265984773635864,0.6823417544364929
0.43562042713165283,0.707578718662262,0.6823399066925049
0.47776132822036743,0.8559657335281372,0.6823381781578064
0.37035009264945984,0.8708477020263672,0.6823363304138184
0.3767256736755371,0.7499194145202637,0.6823344826698303
0.42307424545288086,0.8105493187904358,0.6823325753211975
0.41918739676475525,0.9738073945045471,0.6823307275772095
0.4526402950286865,0.7663945555686951,0.6823288798332214
0.4257499575614929,0.9200390577316284,0.6823270916938782
0.43640440702438354,1.0368764400482178,0.6823253631591797
0.40912750363349915,0.9538914561271667,0.6823236346244812
0.4540611505508423,0.7767943143844604,0.682322084903717
0.4107363820075989,0.9037362337112427,0.6823203563690186
0.4636230766773224,0.9396271109580994,0.6823182702064514
0.3757280707359314,0.8220813870429993,0.6823163032531738
0.4330257177352905,0.7926506996154785,0.682314395904541
0.3985624611377716,0.942396342754364,0.6823124289512634
0.4479994475841522,0.8181717395782471,0.6823105812072754
0.5067662596702576,0.7342179417610168,0.6823089122772217
0.3409266471862793,0.781333863735199,0.6823071241378784
0.41574418544769287,0.8229421973228455,0.6823053359985352
0.40662360191345215,0.8224586844444275,0.6823035478591919
0.43147292733192444,0.994399905204773,0.6823015809059143
0.39366066455841064,0.7683301568031311,0.6822998523712158
0.4186141788959503,0.7472026944160461,0.6822981238365173
0.459970623254776,0.8347066640853882,0.6822962760925293
0.44955718517303467,0.7452492117881775,0.6822944283485413
0.4459819197654724,0.8318490386009216,0.6822927594184875
0.41340041160583496,0.8502568006515503,0.6822910904884338
0.41938474774360657,0.7499325275421143,0.6822893023490906
0.4265061914920807,0.8569828271865845,0.6822872757911682
0.4613024890422821,0.8727536797523499,0.6822853088378906
0.4025394022464752,0.849729597568512,0.6822834014892578
0.4363920986652374,0.8835123777389526,0.6822814345359802
0.420202374458313,0.9279553890228271,0.682279646396637
0.5298008322715759,0.9405553340911865,0.6822778582572937
0.41287490725517273,0.7368438243865967,0.6822762489318848
0.3852088749408722,0.7863702178001404,0.682274580001831
0.5017353892326355,0.8864262104034424,0.6822730302810669
0.4810110032558441,0.8448372483253479,0.6822713613510132
0.4200570583343506,0.7773482799530029,0.6822696328163147
0.41121092438697815,0.8013526201248169,0.6822676062583923
0.42434513568878174,0.6995302438735962,0.6822655200958252
0.4070054590702057,0.9895597696304321,0.6822635531425476
0.45565265417099,0.6781176924705505,0.6822617053985596
0.4085512161254883,0.758944571018219,0.6822600364685059
0.42912715673446655,0.8970869183540344,0.6822583079338074
0.4287296235561371,1.0571858882904053,0.6822566390037537
0.42603132128715515,0.8241443634033203,0.6822548508644104
0.4330693483352661,0.8888826966285706,0.6822529435157776
0.4347447156906128,0.723802924156189,0.6822512149810791
0.4000125825405121,0.7187849879264832,0.6822491884231567
0.4262472093105316,0.8397980332374573,0.6822472214698792
0.37607675790786743,0.9250985383987427,0.6822451949119568
0.41755321621894836,0.8316327929496765,0.6822434663772583
0.4241544306278229,0.882289469242096,0.6822416186332703
0.43990558385849,0.8232381939888,0.6822398900985718
0.40037694573402405,0.9300686120986938,0.6822385787963867
0.44103720784187317,1.0371150970458984,0.6822369694709778
0.4344707727432251,0.9189223051071167,0.6822353601455688
0.46655967831611633,0.7795566916465759,0.6822335720062256
0.40804433822631836,1.0231684446334839,0.6822320222854614
0.3972932696342468,0.8752073049545288,0.6822301149368286
0.4391809105873108,0.7322166562080383,0.6822285056114197
0.4234604835510254,0.8037793636322021,0.6822269558906555
0.49696189165115356,0.8740583062171936,0.6822253465652466
0.408272385597229,1.0489839315414429,0.6822235584259033
0.4715108275413513,0.8216094970703125,0.6822217702865601
0.397418737411499,0.7991034984588623,0.6822200417518616
0.42052513360977173,0.668874204158783,0.682218074798584
0.42695432901382446,0.7079511880874634,0.6822163462638855
0.48285308480262756,0.7454664707183838,0.6822146773338318
0.43341970443725586,0.6370885372161865,0.6822128891944885
0.435057133436203,0.7672644257545471,0.6822112798690796
0.4550820291042328,0.8737264275550842,0.6822096705436707
0.4191757142543793,0.8247911334037781,0.6822078824043274
0.4013115465641022,0.7897612452507019,0.6822061538696289
0.3520527482032776,0.7778172492980957,0.6822042465209961
0.46151378750801086,0.7818796038627625,0.6822023987770081
0.45562422275543213,1.035448431968689,0.6822006106376648
0.3805187940597534,0.8550848960876465,0.6821987628936768
0.4438772201538086,0.8311094641685486,0.6821971535682678
0.43533414602279663,0.8247004747390747,0.6821953058242798
0.41862764954566956,0.8675304651260376,0.6821938157081604
0.4209405481815338,0.8053215146064758,0.6821920275688171
0.44589102268218994,0.8813554048538208,0.6821902990341187
0.44549560546875,0.9401424527168274,0.6821884512901306
0.456612229347229,0.8255097270011902,0.6821867823600769
0.4111037850379944,0.8918583393096924,0.6821847558021545
0.43757307529449463,0.9184618592262268,0.6821830868721008
0.4317128658294678,0.823156476020813,0.6821812391281128
0.4155942499637604,0.9018941521644592,0.6821793913841248
0.3585297167301178,0.9022916555404663,0.6821776628494263
0.4328383505344391,0.9050911068916321,0.6821756958961487
0.39884382486343384,0.835228443145752,0.6821738481521606
0.4972662627696991,0.8129562735557556,0.6821720004081726
0.37918639183044434,0.7908563613891602,0.6821702718734741
0.4355393052101135,0.9032943248748779,0.6821686029434204
0.3557814359664917,0.7580713629722595,0.6821669340133667
0.4187946915626526,0.7991726994514465,0.6821651458740234
0.42505210638046265,0.762259304523468,0.6821634769439697
0.4474043846130371,0.635212242603302,0.682161808013916
0.4315260350704193,0.6330478191375732,0.6821601390838623
0.4486892521381378,0.7872663736343384,0.6821586489677429
0.3863045275211334,1.1033401489257812,0.6821569800376892
0.4591657817363739,0.8433648943901062,0.6821551322937012
0.36181020736694336,0.843970537185669,0.6821535229682922
0.5064720511436462,0.7988387942314148,0.682151734828949
0.4252462387084961,0.6702815294265747,0.6821500658988953
0.44922956824302673,0.8973153233528137,0.6821480989456177
0.4586593806743622,0.8751130700111389,0.6821461915969849
0.4556247591972351,0.8976979851722717,0.6821444034576416
0.3931844234466553,0.7261187434196472,0.6821426749229431
0.40089163184165955,0.7566519379615784,0.6821408271789551
0.43311625719070435,1.0171067714691162,0.6821388602256775
0.4099641442298889,1.0013220310211182,0.682137131690979
0.4445374310016632,0.7430294752120972,0.682135283946991
0.40553078055381775,0.8586045503616333,0.6821334362030029
0.4273519814014435,0.8627561330795288,0.6821314692497253
0.4305172562599182,0.8454856872558594,0.6821295619010925
0.45106416940689087,0.9533266425132751,0.6821278929710388
0.4902060627937317,0.925917387008667,0.6821261048316956
0.41044920682907104,0.8078356385231018,0.6821244359016418
0.4473106265068054,1.10832941532135,0.6821226477622986
0.44796472787857056,0.7832722663879395,0.6821210980415344
0.4472865164279938,0.8072140216827393,0.6821190714836121
0.4829840660095215,0.8873105049133301,0.6821172833442688
0.4253898859024048,0.7812172174453735,0.6821155548095703
0.5116795897483826,0.7162606120109558,0.6821137070655823
0.48853909969329834,0.8982487916946411,0.682111918926239
0.42238229513168335,0.8524328470230103,0.6821100115776062
0.42784732580184937,0.9807893633842468,0.6821081638336182
0.4436337947845459,0.9504546523094177,0.6821063160896301
0.3904828429222107,0.7042016983032227,0.6821044683456421
0.4282382130622864,0.7670468091964722,0.6821027398109436
0.4316493272781372,0.7367576956748962,0.6821008920669556
0.44104811549186707,0.9500294327735901,0.6820991635322571
0.39528194069862366,0.9177318215370178,0.682097315788269
0.43695303797721863,0.8395106792449951,0.6820957064628601
0.42639994621276855,0.9016773104667664,0.6820937991142273
0.46024376153945923,0.9196326732635498,0.6820919513702393
0.44768446683883667,0.7105684876441956,0.682090163230896
0.4681442081928253,0.7282810211181641,0.6820883750915527
0.4525150656700134,0.7790933847427368,0.682086706161499
0.43421053886413574,0.6029002666473389,0.682084858417511
0.37492242455482483,0.7562810778617859,0.6820830702781677
0.44805189967155457,0.8596901893615723,0.6820811629295349
0.4411648213863373,0.716063916683197,0.6820793151855469
0.4339366853237152,0.7433621883392334,0.6820774078369141
0.43338149785995483,0.8542354702949524,0.6820756793022156
0.475820392370224,0.8814297914505005,0.6820738911628723
0.4557527005672455,0.7503228187561035,0.6820720434188843
0.40492430329322815,0.7814376950263977,0.682070255279541
0.4416361451148987,0.6917917728424072,0.6820683479309082
0.45264074206352234,0.7295733690261841,0.6820663809776306
0.42456892132759094,0.6920605301856995,0.682064414024353
0.5106645226478577,0.9343395233154297,0.6820624470710754
0.42694950103759766,0.9907917976379395,0.6820604801177979
0.46125465631484985,0.7435399889945984,0.682058572769165
0.3469018042087555,0.7978530526161194,0.6820567846298218
0.3919884264469147,0.8472145795822144,0.6820548176765442
0.4001079499721527,0.8584513068199158,0.6820530295372009
0.3763229250907898,1.0370075702667236,0.682051420211792
0.367562860250473,0.9742164611816406,0.6820495128631592
0.40735340118408203,0.7009016871452332,0.6820475459098816
0.37831878662109375,0.8287258744239807,0.6820456981658936
0.43014654517173767,1.1049386262893677,0.6820438504219055
0.4281841516494751,0.7817671895027161,0.6820419430732727
0.4428631365299225,0.812341034412384,0.6820402145385742
0.4321027994155884,0.7464480996131897,0.6820385456085205
0.44305941462516785,0.8164728879928589,0.6820366382598877
0.4028433859348297,0.930616557598114,0.6820346713066101
0.40587133169174194,0.7285621166229248,0.6820328235626221
0.40918490290641785,0.7389479279518127,0.682030975818634
0.40741607546806335,0.8592021465301514,0.6820290088653564
0.40504899621009827,0.8241230845451355,0.6820269227027893
0.43508926033973694,0.7748263478279114,0.6820250749588013
0.42800283432006836,0.7189795970916748,0.682023286819458
0.3763580322265625,0.9104495644569397,0.6820213198661804
0.4118410348892212,0.7945376038551331,0.6820192933082581
0.42727404832839966,0.6820462346076965,0.68201744556427
0.39027997851371765,0.7528952956199646,0.6820154190063477
0.4024161696434021,0.832550048828125,0.6820135712623596
0.47629526257514954,1.0293208360671997,0.6820118427276611
0.3679680824279785,1.0120309591293335,0.6820100545883179
0.4084984362125397,0.7805649638175964,0.6820085644721985
0.3835740089416504,0.8325241208076477,0.6820071339607239
0.42254549264907837,0.7400751709938049,0.6820055246353149
0.3876420557498932,0.9013980031013489,0.6820037364959717
0.4169636070728302,0.8761143684387207,0.6820018887519836
0.48984014987945557,0.8458588123321533,0.6820001602172852
0.42831122875213623,0.8827646374702454,0.6819983124732971
0.4326207637786865,0.9236453175544739,0.681996762752533
0.45763444900512695,0.6684166789054871,0.6819952726364136
0.4497528076171875,0.8181571364402771,0.6819935441017151
0.3887953460216522,0.8680614829063416,0.6819919347763062
0.44774681329727173,0.9499198198318481,0.6819901466369629
0.418844074010849,1.176198124885559,0.6819884181022644
0.41935715079307556,1.0770268440246582,0.6819864511489868
0.4198935627937317,0.8054680228233337,0.6819846034049988
0.4011175334453583,1.0847293138504028,0.681982696056366
0.46080419421195984,0.8728009462356567,0.6819809675216675
0.4075959026813507,0.9908061027526855,0.6819792985916138
0.46417009830474854,0.9085314273834229,0.6819778084754944
0.43927717208862305,0.9045642614364624,0.6819759011268616
0.4836873412132263,0.8015605211257935,0.6819741129875183
0.3919598162174225,0.8559421896934509,0.681972324848175
0.4480324983596802,0.6773793697357178,0.681970477104187
0.39442306756973267,0.9575448632240295,0.6819688677787781
0.37712904810905457,0.6953091025352478,0.68196702003479
0.42531219124794006,0.7741063833236694,0.6819655299186707
0.4218601882457733,0.7794374227523804,0.6819637417793274
0.4759426712989807,0.8766462206840515,0.6819621920585632
0.4178307354450226,0.7559788227081299,0.6819605231285095
0.44442442059516907,0.7929005026817322,0.6819587349891663
0.44679906964302063,0.7527968287467957,0.6819567680358887
0.4231114983558655,0.6883702874183655,0.681955099105835
0.41618993878364563,0.8139469027519226,0.6819533109664917
0.42711031436920166,0.8641121983528137,0.6819515228271484
0.3895919620990753,0.8813175559043884,0.68194979429245
0.40074968338012695,0.734040379524231,0.6819480061531067
0.4778859615325928,0.8233655095100403,0.6819462180137634
0.41207125782966614,0.8077564239501953,0.6819443702697754
0.4361773729324341,0.8260676264762878,0.6819425821304321
0.4118412733078003,0.8790740966796875,0.6819407939910889
0.4618682861328125,0.9874991774559021,0.6819390058517456
0.3900506794452667,0.695862352848053,0.6819370985031128
0.41082853078842163,0.823913037776947,0.6819352507591248
0.4283275604248047,0.6365928649902344,0.6819335222244263
0.36734670400619507,0.7653381824493408,0.681931734085083
0.46340715885162354,0.6475138068199158,0.6819299459457397
0.414794385433197,0.7917899489402771,0.6819280385971069
0.4435756504535675,0.6142041087150574,0.6819261312484741
0.47431308031082153,0.9927780032157898,0.6819242835044861
0.3740985095500946,0.9059312343597412,0.6819226741790771
0.3914865553379059,0.9749029278755188,0.6819208264350891
0.4256904423236847,0.9887664318084717,0.6819189786911011
0.43679293990135193,0.8280640244483948,0.6819172501564026
0.4192139804363251,0.9621390700340271,0.6819154620170593
0.41378745436668396,0.7431687712669373,0.6819138526916504
0.40211236476898193,0.9604217410087585,0.6819121241569519
0.4517498314380646,0.7861430048942566,0.6819103360176086
0.41535457968711853,0.9362733364105225,0.681908369064331
0.4555346667766571,1.0308207273483276,0.6819065809249878
0.3671359121799469,0.7909443974494934,0.6819047331809998
0.4099368155002594,0.8885003924369812,0.6819028854370117
0.42319220304489136,0.9216620922088623,0.6819011569023132
0.45448288321495056,0.8124310970306396,0.6818991899490356
0.4336937963962555,0.8094539642333984,0.6818974018096924
0.4322090744972229,1.0883822441101074,0.6818956136703491
0.46448561549186707,0.7780218720436096,0.6818938255310059
0.45033934712409973,0.781420111656189,0.6818920373916626
0.47197848558425903,0.7770920991897583,0.6818901896476746
0.45050299167633057,0.7521234750747681,0.6818883419036865
0.40771421790122986,0.8083437085151672,0.6818866729736328
0.44706007838249207,0.673471987247467,0.6818851232528687
0.40182292461395264,0.7290244102478027,0.6818832755088806
0.48708754777908325,0.7650772333145142,0.6818816065788269
0.4383019208908081,0.9129478335380554,0.6818796992301941
0.47237691283226013,0.8140926361083984,0.6818779110908508
0.46303701400756836,0.6014115214347839,0.6818761229515076
0.4313167929649353,0.7993496656417847,0.6818742156028748
0.4079537093639374,0.7234364151954651,0.6818723678588867
0.42586982250213623,0.9488611817359924,0.6818706393241882
0.4152161180973053,0.9561330080032349,0.6818686723709106
0.38661903142929077,0.8911994695663452,0.6818668246269226
0.42474737763404846,0.9242479205131531,0.6818647384643555
0.41728323698043823,0.8184240460395813,0.6818629503250122
0.4199240803718567,0.6975820064544678,0.6818610429763794
0.41916191577911377,0.8639742136001587,0.6818591356277466
0.4103201925754547,0.828719437122345,0.6818573474884033
0.45166343450546265,0.8509626984596252,0.6818559169769287
0.47528982162475586,0.8636317253112793,0.681854248046875
0.4074781835079193,0.8327853083610535,0.6818525195121765
0.4420287311077118,0.9231205582618713,0.681850790977478
0.4609981179237366,0.7540923953056335,0.6818485856056213
0.4361405074596405,1.0851274728775024,0.6818466782569885
0.4654030501842499,0.9191765785217285,0.6818450093269348
0.4439398944377899,0.9168796539306641,0.6818431615829468
0.4295482039451599,0.7826191782951355,0.6818414926528931
0.44064441323280334,0.7950195074081421,0.681839644908905
0.4441934823989868,0.6472533345222473,0.681837797164917
0.36424314975738525,0.9087324142456055,0.6818360686302185
0.42874112725257874,1.0113686323165894,0.6818341016769409
0.5184993743896484,0.8800615668296814,0.6818323731422424
0.49841514229774475,0.9178592562675476,0.6818305253982544
0.4257316589355469,0.8222780823707581,0.6818287372589111
0.42236465215682983,0.831240713596344,0.6818270087242126
0.41373512148857117,0.75372713804245,0.6818252205848694
0.4580322504043579,0.8939955830574036,0.6818234324455261
0.48696422576904297,0.8385147452354431,0.6818218231201172
0.4734038710594177,0.7777480483055115,0.6818201541900635
0.3779643177986145,0.8095429539680481,0.6818183660507202
0.43386024236679077,0.8525089025497437,0.6818163990974426
0.44974052906036377,0.7915226817131042,0.6818146109580994
0.47763609886169434,0.8570975065231323,0.6818128824234009
0.43991366028785706,0.8720377087593079,0.6818110942840576
0.42435333132743835,1.0454216003417969,0.6818093657493591
0.4585398733615875,0.9111536145210266,0.6818075776100159
0.4089397192001343,0.6784675121307373,0.6818057298660278
0.3876873254776001,0.7675785422325134,0.6818037033081055
0.38046473264694214,0.8275335431098938,0.6818020343780518
0.4624790549278259,0.823144793510437,0.6818002462387085
0.4026058614253998,0.759739100933075,0.6817985773086548
0.400743693113327,0.8506676554679871,0.6817968487739563
0.4350002110004425,0.6877171993255615,0.681795060634613
0.3772117793560028,0.9111846685409546,0.6817932724952698
0.41975530982017517,0.6766511797904968,0.6817914843559265
0.4469817578792572,0.855955958366394,0.681789755821228
0.4365905523300171,0.802466869354248,0.6817879676818848
0.41981467604637146,0.8860498070716858,0.6817861795425415
0.5363500118255615,0.8006510734558105,0.681784451007843
0.45805823802948,0.7850260138511658,0.6817827820777893
0.44844526052474976,0.826278805732727,0.6817810535430908
0.43287360668182373,0.8861691951751709,0.6817792654037476
0.44157877564430237,0.7493964433670044,0.6817774772644043
0.47005248069763184,0.8451563715934753,0.6817755103111267
0.4646280109882355,0.7085695862770081,0.6817736625671387
0.4292634427547455,1.0100609064102173,0.6817718744277954
0.4570136070251465,0.5712241530418396,0.6817701458930969
0.4333655834197998,0.995591402053833,0.6817681789398193
0.41944852471351624,0.904688835144043,0.6817666292190552
0.43585777282714844,0.6421633958816528,0.681764543056488
0.4533505439758301,1.0213829278945923,0.6817625761032104
0.4419454336166382,0.9239420890808105,0.681760847568512
0.42754390835762024,0.9327964186668396,0.6817591190338135
0.4472731649875641,0.743944525718689,0.6817572116851807
0.3683520555496216,0.7388378381729126,0.6817553639411926
0.48059144616127014,0.7709356546401978,0.6817536354064941
0.3737412989139557,0.9568939208984375,0.6817516684532166
0.43776077032089233,0.7464180588722229,0.6817497611045837
0.4846676290035248,0.8495402336120605,0.6817479133605957
0.41720888018608093,0.7592054009437561,0.6817461252212524
0.4371812045574188,0.82097327709198,0.681744396686554
0.4278505742549896,0.8239626884460449,0.6817426681518555
0.5131493806838989,0.883937656879425,0.6817407608032227
0.4012901186943054,0.7950077056884766,0.6817389726638794
0.39023101329803467,0.7486143112182617,0.6817372441291809
0.5001488327980042,0.7669838070869446,0.6817353963851929
0.4123470187187195,0.704397976398468,0.6817333698272705
0.4728018045425415,0.8030786514282227,0.681731641292572
0.3699783682823181,0.6470053195953369,0.681729793548584
0.4523197114467621,0.7902510166168213,0.6817280054092407
0.398943156003952,0.8529899716377258,0.681726336479187
0.42852362990379333,0.8082380294799805,0.6817245483398438
0.40843626856803894,0.6639914512634277,0.6817229390144348
0.435558944940567,0.8400660157203674,0.681721031665802
0.38676390051841736,0.8547572493553162,0.6817191243171692
0.4629248380661011,0.7886386513710022,0.6817173361778259
0.42295482754707336,0.9164779782295227,0.6817153692245483
0.42641112208366394,0.9735016822814941,0.6817135214805603
0.4205038845539093,0.8504520654678345,0.6817115545272827
0.4589240550994873,0.6722942590713501,0.6817097663879395
0.4551161825656891,0.8662843108177185,0.681708037853241
0.4827049970626831,0.6717252135276794,0.681706428527832
0.43448805809020996,0.98238205909729,0.681704580783844
0.439910888671875,0.8489922285079956,0.6817027926445007
0.4485343098640442,0.9204937219619751,0.6817007064819336
0.4480402171611786,0.6090749502182007,0.6816986203193665
0.423877090215683,0.8565847873687744,0.681696891784668
0.5025610327720642,0.8568437695503235,0.6816951632499695
0.4036455452442169,0.7992845177650452,0.6816931962966919
0.3951522707939148,0.83052659034729,0.6816915273666382
0.4158514440059662,0.8615807890892029,0.6816896796226501
0.43464720249176025,0.7706310153007507,0.6816877722740173
0.447406142950058,0.8194517493247986,0.6816858053207397
0.40793222188949585,0.7548548579216003,0.6816839575767517
0.4105082154273987,0.5797654986381531,0.6816821098327637
0.44146573543548584,0.7356463670730591,0.6816803812980652
0.42455869913101196,0.8596681952476501,0.6816785931587219
0.446586936712265,0.8271856307983398,0.6816768646240234
0.46642035245895386,1.03060781955719,0.6816752552986145
0.41060248017311096,1.009570837020874,0.6816734075546265
0.4333544075489044,0.7359729409217834,0.6816717386245728
0.427249938249588,0.8123430013656616,0.6816699504852295
0.43395280838012695,1.0774867534637451,0.6816681623458862
0.45798009634017944,0.9708971381187439,0.6816665530204773
0.41819408535957336,0.7577465772628784,0.6816647052764893
0.5361465215682983,0.9767550230026245,0.681662917137146
0.46450409293174744,0.8778491020202637,0.6816611289978027
0.5006604790687561,0.8734437823295593,0.6816594004631042
0.4273282289505005,0.8797469139099121,0.6816575527191162
0.377972275018692,0.7154191136360168,0.6816556453704834
0.419578492641449,0.7660090327262878,0.6816536784172058
0.4386899769306183,0.8367660641670227,0.6816518902778625
0.46252864599227905,0.798335611820221,0.6816500425338745
0.44330549240112305,0.8280941843986511,0.6816481351852417
0.49233001470565796,0.6675196886062622,0.6816463470458984
0.4736984968185425,1.0103930234909058,0.6816446185112
0.41060325503349304,0.7850282192230225,0.681643009185791
0.4364459216594696,0.7613019347190857,0.6816412210464478
0.44474631547927856,0.7687180042266846,0.6816394329071045
0.42437851428985596,0.8338785767555237,0.681637704372406
0.4953908324241638,0.7656142115592957,0.6816360950469971
0.3982260823249817,0.6675811409950256,0.6816343069076538
0.4191540479660034,0.7673531770706177,0.6816325783729553
0.47408339381217957,0.7370935678482056,0.6816306710243225
0.4233405590057373,0.752751350402832,0.6816287636756897
0.4457629323005676,0.7279422879219055,0.6816268563270569
0.3802700638771057,0.778505802154541,0.6816248297691345
0.4682692587375641,0.8080722689628601,0.6816229224205017
0.46222755312919617,0.7476573586463928,0.6816211342811584
0.4454207420349121,0.7494004368782043,0.6816192269325256
0.4187122583389282,0.8050705194473267,0.681617259979248
0.42113521695137024,0.5754331946372986,0.6816155314445496
0.44963881373405457,0.7562518119812012,0.6816135048866272
0.4738198220729828,0.8483026623725891,0.6816116571426392
0.3886788785457611,0.8379186987876892,0.6816098093986511
0.39265844225883484,0.7798262238502502,0.6816077828407288
0.43527334928512573,0.7189485430717468,0.681605875492096
0.5072727203369141,0.8490762710571289,0.681604266166687
0.42137736082077026,0.8392829298973083,0.6816023588180542
0.4122198522090912,0.8510338664054871,0.6816007494926453
0.40379178524017334,0.9235324263572693,0.6815989017486572
0.43181532621383667,0.9669790863990784,0.6815971732139587
0.4236106872558594,0.7933729290962219,0.681595504283905
0.422472208738327,1.0981676578521729,0.6815937161445618
0.4345346689224243,0.8488178253173828,0.6815920472145081
0.44341108202934265,0.6960010528564453,0.68159019947052
0.46905380487442017,0.7978865504264832,0.681588351726532
0.40240880846977234,0.7562342882156372,0.6815865635871887
0.4723070561885834,0.8254138827323914,0.6815847158432007
0.40061017870903015,0.6571071743965149,0.6815829873085022
0.4194788932800293,0.7197761535644531,0.6815811991691589
0.44483116269111633,0.7655925750732422,0.6815791726112366
