0.7002608180046082,20.00875473022461,0.7824031710624695
0.7134315371513367,20.34585189819336,0.7824028730392456
0.7122092247009277,20.071306228637695,0.7824024558067322
0.6984561085700989,21.086212158203125,0.7824021577835083
0.6950386166572571,21.89287567138672,0.7824019193649292
0.7112050652503967,16.818275451660156,0.7824016809463501
0.7219594120979309,19.00820541381836,0.7824015021324158
0.7158817052841187,18.03041648864746,0.7824012637138367
0.7060827612876892,16.985095977783203,0.7824010848999023
0.7096699476242065,18.248703002929688,0.7824007272720337
0.6880142092704773,16.558340072631836,0.782400369644165
0.6892204284667969,18.366424560546875,0.7824002504348755
0.685317873954773,17.724411010742188,0.7824000120162964
0.6964958310127258,16.083662033081055,0.7823996543884277
0.6910112500190735,15.988689422607422,0.7823994159698486
0.6906437277793884,13.724237442016602,0.78239905834198
0.6936627626419067,16.63827133178711,0.7823988795280457
0.6800202131271362,14.384350776672363,0.7823987603187561
0.6677188873291016,13.081476211547852,0.7823986411094666
0.6697582602500916,19.68775749206543,0.7823982834815979
0.700474202632904,12.192108154296875,0.7823982834815979
0.6645614504814148,13.915996551513672,0.7823980450630188
0.6803978681564331,13.340949058532715,0.7823977470397949
0.674127459526062,14.163765907287598,0.7823975682258606
0.6410810947418213,13.737937927246094,0.7823973298072815
0.638876736164093,13.323389053344727,0.7823970913887024
0.6542789936065674,14.006059646606445,0.7823967933654785
0.6301958560943604,11.965747833251953,0.7823967337608337
0.6560658812522888,13.288617134094238,0.7823966145515442
0.6401359438896179,11.262779235839844,0.7823963165283203
0.6529855132102966,11.89233684539795,0.7823960781097412
0.6290361881256104,12.696968078613281,0.7823958396911621
0.6227079033851624,11.742196083068848,0.7823957204818726
0.6121528744697571,10.329585075378418,0.7823954820632935
0.6387902498245239,11.986784934997559,0.7823954820632935
0.6348488330841064,12.357118606567383,0.7823949456214905
0.6183820962905884,9.004073143005371,0.7823947668075562
0.6171281337738037,11.922819137573242,0.7823944687843323
0.6143640875816345,9.229169845581055,0.7823942303657532
0.6275572180747986,11.073179244995117,0.7823939323425293
0.5829722881317139,11.272974967956543,0.7823936343193054
0.596198558807373,9.489916801452637,0.7823935151100159
0.5603979229927063,9.27377700805664,0.782393217086792
0.5996749997138977,8.247780799865723,0.7823929190635681
0.623333752155304,8.753721237182617,0.7823925614356995
0.6224809288978577,9.016645431518555,0.7823923230171204
0.538302481174469,9.520207405090332,0.7823920845985413
0.6018420457839966,8.078142166137695,0.7823917269706726
0.6109206080436707,7.377090930938721,0.7823915481567383
0.5776717066764832,7.3021240234375,0.7823913097381592
0.5932987332344055,8.587002754211426,0.7823909521102905
0.5665140151977539,8.473077774047852,0.7823907136917114
0.5613178014755249,8.85236644744873,0.7823904752731323
0.5637091994285583,10.051432609558105,0.782390296459198
0.5473709106445312,7.426485538482666,0.7823900580406189
0.5763741731643677,8.082383155822754,0.7823899984359741
0.6040581464767456,8.56275463104248,0.7823899388313293
0.6137537360191345,7.9175615310668945,0.7823896408081055
0.5434154272079468,8.438041687011719,0.7823895812034607
0.5307791233062744,7.011970520019531,0.7823891043663025
0.5695216655731201,8.201009750366211,0.7823889851570129
0.5160393118858337,7.792491912841797,0.7823889851570129
0.5405508875846863,6.606452465057373,0.7823887467384338
0.5651775002479553,8.749893188476562,0.7823883295059204
0.5800429582595825,5.759624481201172,0.7823881506919861
0.5119499564170837,6.011460304260254,0.7823879718780518
0.4681004583835602,5.826747894287109,0.7823879718780518
0.5506055951118469,6.947893142700195,0.7823876142501831
0.581544816493988,5.79718017578125,0.7823874950408936
0.5365045666694641,6.438193321228027,0.7823874950408936
0.5693830847740173,5.008582592010498,0.7823873162269592
0.5026328563690186,6.325664520263672,0.7823871970176697
0.5528578162193298,5.955792427062988,0.7823873162269592
0.5844429731369019,5.725846767425537,0.7823874950408936
0.5116011500358582,6.269440650939941,0.7823876142501831
0.5382553935050964,5.494616508483887,0.7823874950408936
0.527629554271698,6.712377071380615,0.7823873162269592
0.6087234616279602,7.082886695861816,0.7823873162269592
0.5312827229499817,5.9348907470703125,0.7823871970176697
0.5498729944229126,9.116253852844238,0.782386839389801
0.5322519540786743,6.756490707397461,0.7823866605758667
0.5444312691688538,6.17586612701416,0.782386302947998
0.5365922451019287,5.329611778259277,0.7823859453201294
0.5376246571540833,6.877866744995117,0.782385528087616
0.5182976722717285,5.3978800773620605,0.7823852300643921
0.5493079423904419,6.266335487365723,0.7823848128318787
0.5195690989494324,7.083069801330566,0.78238445520401
0.5632026791572571,6.064375877380371,0.7823842167854309
0.5145661234855652,4.495818614959717,0.7823842167854309
0.5543083548545837,5.609074592590332,0.7823842167854309
0.5294562578201294,6.139476299285889,0.7823842167854309
0.4926588237285614,5.3057074546813965,0.7823843359947205
0.566052258014679,6.928406715393066,0.78238445520401
0.5588731169700623,5.33029317855835,0.7823843359947205
0.5017591714859009,6.379467010498047,0.7823841571807861
0.4795532822608948,4.279641151428223,0.7823841571807861
0.4898642599582672,6.262298583984375,0.7823840379714966
0.48755255341529846,5.272016525268555,0.7823840379714966
0.5189060568809509,6.0939412117004395,0.7823837995529175
0.5559285879135132,5.2198486328125,0.7823837399482727
0.5580763220787048,7.901771068572998,0.782383382320404
0.5148252248764038,5.7679901123046875,0.7823830842971802
0.5107902884483337,4.983312606811523,0.782382607460022
0.5177793502807617,5.811070442199707,0.7823822498321533
0.49462535977363586,4.987408638000488,0.7823818922042847
0.5010866522789001,4.32504940032959,0.7823816537857056
0.5213503837585449,6.544700622558594,0.7823812365531921
0.46294698119163513,4.797555446624756,0.7823808789253235
0.5076005458831787,5.148906230926514,0.7823806405067444
0.5188433527946472,4.40592098236084,0.7823804616928101
0.5230143070220947,5.252231597900391,0.7823802828788757
0.5066315531730652,4.658346652984619,0.7823801040649414
0.5194921493530273,5.553728103637695,0.7823798656463623
0.5141853094100952,4.498877048492432,0.7823796272277832
0.514873743057251,4.442959308624268,0.7823792099952698
0.5100396871566772,5.955185890197754,0.7823789119720459
0.5819464921951294,4.34454870223999,0.7823784947395325
0.5370069146156311,4.349490165710449,0.7823782563209534
0.4834839999675751,4.70215368270874,0.7823778986930847
0.519553005695343,5.228804588317871,0.7823774814605713
0.45324912667274475,6.368767738342285,0.7823771238327026
0.4895715117454529,6.102640628814697,0.7823765277862549
0.4669336676597595,5.445707321166992,0.7823761701583862
0.5397977828979492,6.263580322265625,0.7823757529258728
0.48076045513153076,4.523029327392578,0.7823752760887146
0.4742172062397003,5.15585994720459,0.7823747396469116
0.5555866360664368,4.770416259765625,0.7823742628097534
0.49626901745796204,6.367040634155273,0.7823737263679504
0.4799514412879944,5.081737041473389,0.7823732495307922
0.5065567493438721,5.238340377807617,0.7823728322982788
0.4757777750492096,4.274452209472656,0.7823722958564758
0.5122910737991333,5.425012111663818,0.7823718786239624
0.44404321908950806,5.653696060180664,0.7823715806007385
0.49765413999557495,5.428314685821533,0.7823712229728699
0.4429858922958374,4.458682060241699,0.782370924949646
0.5561199188232422,4.7548723220825195,0.7823706865310669
0.4826100170612335,6.041107177734375,0.7823704481124878
0.4923217296600342,5.634657859802246,0.7823700904846191
0.4411765933036804,4.590046405792236,0.7823697924613953
0.4515431821346283,4.050304412841797,0.7823693752288818
0.4983910918235779,4.192005157470703,0.7823689579963684
0.48706167936325073,4.515122413635254,0.7823684215545654
0.5079056620597839,4.545742988586426,0.7823678851127625
0.418260782957077,4.551942348480225,0.7823672890663147
0.5437697768211365,5.657309532165527,0.782366931438446
0.5180027484893799,4.608401298522949,0.7823663353919983
0.4458376169204712,4.397274971008301,0.7823659777641296
0.4494985044002533,4.899731159210205,0.7823655009269714
0.4516337513923645,4.793362617492676,0.7823651432991028
0.485807329416275,4.54064416885376,0.7823647260665894
0.5338577628135681,4.7159295082092285,0.7823642492294312
0.5633174777030945,5.297009468078613,0.7823638916015625
0.5205382108688354,6.0095906257629395,0.7823637127876282
0.44088828563690186,3.6168832778930664,0.78236323595047
0.5111812949180603,4.521398067474365,0.7823629975318909
0.4737958312034607,4.472354888916016,0.782362699508667
0.5351210236549377,4.152466773986816,0.7823622822761536
0.4931837320327759,4.665138244628906,0.7823619842529297
0.44670629501342773,5.946505069732666,0.7823617458343506
0.5364899635314941,3.9800586700439453,0.7823613882064819
0.523200511932373,4.298099517822266,0.7823610305786133
0.5109348297119141,4.726308822631836,0.7823606729507446
0.45487508177757263,5.004680156707764,0.7823602557182312
0.5166371464729309,5.551604270935059,0.7823598384857178
0.5870622992515564,5.629572868347168,0.78235924243927
0.5021894574165344,4.120500087738037,0.7823588252067566
0.4646875262260437,4.210017204284668,0.7823583483695984
0.5036740899085999,4.691277503967285,0.7823579907417297
0.5282355546951294,5.11391544342041,0.7823577523231506
0.49597281217575073,5.614275932312012,0.7823572754859924
0.4461582899093628,4.252525329589844,0.7823567390441895
0.48910489678382874,4.843634128570557,0.7823563814163208
0.48356178402900696,4.164792060852051,0.7823558449745178
0.4761444628238678,5.25786018371582,0.7823553085327148
0.5304778814315796,5.2640461921691895,0.7823549509048462
0.4688883423805237,4.690539360046387,0.7823545932769775
0.49419885873794556,4.701418399810791,0.7823541164398193
0.5015949606895447,4.074596881866455,0.7823536992073059
0.529618501663208,5.723670959472656,0.7823532819747925
0.4593278765678406,4.277650833129883,0.782352864742279
0.4992358684539795,4.318445682525635,0.7823523283004761
0.5144094228744507,4.641661643981934,0.7823520302772522
0.4386793076992035,4.712350845336914,0.7823516130447388
0.5181065797805786,3.645820140838623,0.782351016998291
0.4912208318710327,3.803286552429199,0.782350480556488
0.43337103724479675,4.102110862731934,0.7823501825332642
0.49424299597740173,5.928440570831299,0.7823498249053955
0.4497130513191223,5.0200629234313965,0.7823493480682373
0.5242609977722168,4.246402740478516,0.7823488116264343
0.5606086850166321,4.363399505615234,0.7823482155799866
0.48532232642173767,5.706171989440918,0.7823477387428284
0.5103307962417603,4.466347694396973,0.7823470234870911
0.4671492576599121,5.804805755615234,0.7823467254638672
0.4851701259613037,4.575992107391357,0.782346248626709
0.49944835901260376,3.980991840362549,0.7823458909988403
0.48806533217430115,4.16844367980957,0.7823454141616821
0.5473341345787048,5.48442268371582,0.7823449969291687
0.4334603548049927,3.931398391723633,0.7823445796966553
0.4838619530200958,3.98110032081604,0.7823443412780762
0.4504765272140503,4.129421710968018,0.7823439240455627
0.45500776171684265,4.251847267150879,0.7823435068130493
0.4748549461364746,4.376503944396973,0.7823429107666016
0.44001305103302,3.5169196128845215,0.7823423743247986
0.475904643535614,4.270759105682373,0.7823418378829956
0.47785815596580505,3.929237127304077,0.7823414206504822
0.4397100806236267,4.650753974914551,0.7823408842086792
0.44949594140052795,4.55916690826416,0.7823405265808105
0.4944985806941986,4.617989540100098,0.7823400497436523
0.49335113167762756,4.4036431312561035,0.7823396325111389
0.44836124777793884,4.132945537567139,0.7823390960693359
0.4632115066051483,5.135814666748047,0.7823386788368225
0.47935178875923157,4.680713653564453,0.7823382616043091
0.474333256483078,3.867037773132324,0.7823377251625061
0.5218865275382996,5.474285125732422,0.782337486743927
0.5088335871696472,3.848494529724121,0.782336950302124
0.5466496348381042,4.367072582244873,0.7823365926742554
0.48004838824272156,3.914893865585327,0.7823359966278076
0.4727784991264343,4.157156467437744,0.7823355197906494
0.4395146369934082,4.135408878326416,0.7823349237442017
0.49617576599121094,3.7846767902374268,0.7823345065116882
0.4916023910045624,5.152099132537842,0.7823339104652405
0.47088178992271423,5.226593971252441,0.782333493232727
0.4503931999206543,4.566986560821533,0.7823329567909241
0.5161243081092834,5.1542181968688965,0.7823323607444763
0.4986715316772461,4.447246074676514,0.7823319435119629
0.45039305090904236,5.029664993286133,0.7823314070701599
0.5088289380073547,4.664310932159424,0.7823309898376465
0.4642721712589264,4.656410217285156,0.7823303937911987
0.42146891355514526,3.566635847091675,0.7823298573493958
0.4234432578086853,3.0440731048583984,0.7823293209075928
0.43795400857925415,4.257550239562988,0.7823288440704346
0.4438457489013672,4.103216648101807,0.782328188419342
0.4542376697063446,4.574145317077637,0.7823277115821838
0.46381622552871704,3.922325372695923,0.7823271155357361
0.4606870412826538,4.001215934753418,0.7823265194892883
0.39276325702667236,4.452490329742432,0.7823258638381958
0.4055303931236267,4.294116020202637,0.7823254466056824
0.482634574174881,4.943418025970459,0.7823247909545898
0.4533791244029999,6.124858856201172,0.7823243737220764
0.46697279810905457,3.6358885765075684,0.7823238968849182
0.44935205578804016,4.344118118286133,0.7823233604431152
0.4834241271018982,3.824064254760742,0.7823230028152466
0.45520663261413574,4.711678504943848,0.7823225855827332
0.42297789454460144,4.236961364746094,0.7823222875595093
0.39250510931015015,4.7237067222595215,0.7823218703269958
0.45973479747772217,3.848395824432373,0.7823213338851929
0.47670504450798035,4.511379241943359,0.7823207974433899
0.4358738660812378,4.55171012878418,0.7823203802108765
0.4136582911014557,4.204960823059082,0.7823198437690735
0.4883478581905365,3.6844043731689453,0.7823193073272705
0.4304177463054657,3.8496904373168945,0.7823188304901123
0.47194719314575195,5.668893814086914,0.7823181748390198
0.44505399465560913,4.898253440856934,0.7823174595832825
0.49020323157310486,4.18389892578125,0.7823167443275452
0.45238393545150757,5.781092643737793,0.7823160886764526
0.438036173582077,4.234610557556152,0.7823156118392944
0.4806179702281952,4.167606353759766,0.7823151350021362
0.44539082050323486,4.824014186859131,0.7823144793510437
0.4590685963630676,4.563423156738281,0.782313883304596
0.43633583188056946,3.6409311294555664,0.7823132276535034
0.4036961793899536,3.930558681488037,0.7823126912117004
0.4391898214817047,3.892660140991211,0.7823121547698975
0.46551963686943054,3.7620816230773926,0.7823116183280945
0.4941529631614685,3.9284417629241943,0.7823110818862915
0.5193528532981873,5.693288803100586,0.7823104858398438
0.4914153516292572,5.304317951202393,0.7823099493980408
0.48301348090171814,5.628652095794678,0.7823095321655273
0.447113573551178,5.001826763153076,0.7823087573051453
0.4560631513595581,4.730695724487305,0.7823079824447632
0.4800586700439453,3.358858108520508,0.7823073267936707
0.4845500886440277,4.617502212524414,0.7823065519332886
0.4181273877620697,3.9885478019714355,0.7823060750961304
0.4056113362312317,4.296484470367432,0.7823055982589722
0.43009689450263977,4.292593955993652,0.7823050022125244
0.43829619884490967,3.6131186485290527,0.7823044657707214
0.5045071840286255,4.274477958679199,0.7823038101196289
0.4930771291255951,2.9738309383392334,0.7823033332824707
0.4882870018482208,4.061484336853027,0.782302737236023
0.47336873412132263,3.9499688148498535,0.7823020815849304
0.45220422744750977,4.243034362792969,0.7823015451431274
0.4373162090778351,4.565668106079102,0.7823007106781006
0.4808274209499359,6.020667552947998,0.7822999954223633
0.4918607473373413,5.2808427810668945,0.7822994589805603
0.45925959944725037,5.595848560333252,0.782298743724823
0.4245155155658722,3.57926869392395,0.7822980880737305
0.44245660305023193,4.779805660247803,0.782297670841217
0.439949631690979,3.91001033782959,0.7822971343994141
0.4532524645328522,4.275125980377197,0.7822967171669006
0.4405358135700226,4.131555080413818,0.782296359539032
0.4449310898780823,3.9844939708709717,0.782295823097229
0.4292677938938141,4.3233184814453125,0.782295286655426
0.4745355546474457,4.933322906494141,0.7822946310043335
0.44137027859687805,4.673163414001465,0.7822938561439514
0.487003356218338,5.015652179718018,0.7822932600975037
0.5116729140281677,4.6189775466918945,0.7822926640510559
0.48674651980400085,3.9225172996520996,0.7822921276092529
0.4939689636230469,4.266111373901367,0.7822914719581604
0.44863924384117126,5.106043815612793,0.7822905778884888
0.4420815706253052,3.7442617416381836,0.7822901010513306
0.5290952920913696,4.4214630126953125,0.7822896242141724
0.5047531723976135,4.6294684410095215,0.7822889685630798
0.44598498940467834,4.518545627593994,0.7822884321212769
0.43627965450286865,3.3646769523620605,0.7822878956794739
0.47636449337005615,3.9370977878570557,0.7822874188423157
0.48886871337890625,4.321972846984863,0.7822869420051575
0.5277096033096313,3.9818670749664307,0.7822864651679993
0.4440838396549225,4.550400733947754,0.7822858095169067
0.46475309133529663,4.361681938171387,0.7822851538658142
0.4562717378139496,4.750570297241211,0.7822843790054321
0.45287665724754333,4.108669281005859,0.7822835445404053
0.47021234035491943,4.3712568283081055,0.782282829284668
0.4993003010749817,3.708134651184082,0.7822824120521545
0.46216413378715515,5.0755510330200195,0.7822818160057068
0.41627275943756104,4.071386337280273,0.7822812795639038
0.42449599504470825,3.656285285949707,0.782280683517456
0.4506484866142273,3.770383834838867,0.7822802662849426
0.47898927330970764,3.971318244934082,0.7822796702384949
0.5240814089775085,4.327033996582031,0.7822791934013367
0.4848736822605133,4.224831581115723,0.7822785973548889
0.4821333885192871,4.321275234222412,0.7822778224945068
0.42915937304496765,4.164837837219238,0.7822772264480591
0.4715527892112732,4.72705602645874,0.7822765707969666
0.44688689708709717,5.833831787109375,0.7822758555412292
0.5031619668006897,4.576895713806152,0.7822750210762024
0.45220232009887695,4.281724452972412,0.7822744250297546
0.46590477228164673,5.123525619506836,0.7822737693786621
0.4481152892112732,3.9639735221862793,0.7822732925415039
0.48022446036338806,4.7630934715271,0.7822726964950562
0.4938572645187378,4.819903373718262,0.7822721600532532
0.458262175321579,4.086862087249756,0.7822715044021606
0.48452994227409363,3.9895358085632324,0.7822709679603577
0.4455164968967438,3.9344396591186523,0.7822703123092651
0.4684313237667084,3.8776655197143555,0.7822697162628174
0.4354206323623657,3.895207643508911,0.7822691202163696
0.43917572498321533,3.9872732162475586,0.7822684049606323
0.470130056142807,4.410452842712402,0.782267689704895
0.4998696446418762,4.527968406677246,0.7822670936584473
0.43720877170562744,4.211860656738281,0.7822664380073547
0.4735841751098633,3.924464702606201,0.7822656631469727
0.43468815088272095,3.786846399307251,0.7822648882865906
0.4471246898174286,5.7709784507751465,0.7822642922401428
0.45825815200805664,3.5135340690612793,0.7822638154029846
0.5338382720947266,5.058915615081787,0.7822633385658264
0.40368521213531494,4.251633167266846,0.782262921333313
0.5110858082771301,4.796969890594482,0.7822625041007996
0.4271383583545685,3.8916945457458496,0.782261848449707
0.4469924867153168,4.523629665374756,0.7822611331939697
0.47391676902770996,4.907116413116455,0.782260537147522
0.45520666241645813,4.4812541007995605,0.7822601795196533
0.47873950004577637,3.823629379272461,0.7822595834732056
0.4309007227420807,5.313429832458496,0.7822590470314026
0.447248637676239,4.3410539627075195,0.7822584509849548
0.4075717031955719,4.419495582580566,0.7822580337524414
0.5131563544273376,4.397740840911865,0.7822577357292175
0.46205049753189087,3.1668949127197266,0.7822572588920593
0.4243681728839874,4.271884918212891,0.7822569608688354
0.4885724186897278,3.8357994556427,0.7822566032409668
0.43933555483818054,4.07181978225708,0.7822561860084534
0.4385853409767151,5.467954635620117,0.7822556495666504
0.4948123097419739,3.919661283493042,0.7822550535202026
0.4560653567314148,5.544129371643066,0.7822543382644653
0.47973448038101196,4.183783531188965,0.7822534441947937
0.47079938650131226,5.137467384338379,0.782252848148346
0.4314712882041931,4.430366516113281,0.7822520732879639
0.4388364255428314,4.170720100402832,0.7822514176368713
0.48861372470855713,3.860865831375122,0.7822508811950684
0.47730177640914917,3.8546323776245117,0.7822502851486206
0.45703452825546265,4.388342380523682,0.7822498679161072
0.45318999886512756,4.2371063232421875,0.7822491526603699
0.4578697979450226,3.9093339443206787,0.7822485566139221
0.43691810965538025,3.9122886657714844,0.7822479009628296
0.44045278429985046,3.863784074783325,0.7822471261024475
0.47933897376060486,5.721821308135986,0.782246470451355
0.45306164026260376,4.886477947235107,0.7822458148002625
0.4859985113143921,4.44343376159668,0.7822453379631042
0.4597052037715912,4.694082736968994,0.7822447419166565
0.4260160028934479,4.246464729309082,0.7822443842887878
0.4558170735836029,4.557775974273682,0.7822436690330505
0.4351978600025177,3.915868043899536,0.7822432518005371
0.485196053981781,3.6024510860443115,0.7822428345680237
0.46226930618286133,4.27432107925415,0.7822423577308655
0.464002788066864,3.442209243774414,0.7822418808937073
0.4449974596500397,3.8864617347717285,0.7822414040565491
0.3769780695438385,5.154494285583496,0.7822408676147461
0.4421541392803192,4.762031555175781,0.7822402119636536
0.4436015188694,4.676911354064941,0.7822394967079163
0.4755537211894989,4.4315104484558105,0.7822390198707581
0.42592695355415344,3.830137252807617,0.7822383642196655
0.4166449010372162,4.53727388381958,0.7822376489639282
0.4448671340942383,4.920879364013672,0.7822372317314148
0.42530113458633423,3.976283073425293,0.7822366952896118
0.3978194296360016,4.506035804748535,0.7822362184524536
0.4122965931892395,4.555612564086914,0.7822359204292297
0.5096559524536133,3.5381102561950684,0.7822352051734924
0.45916491746902466,4.511266231536865,0.782234787940979
0.4594736397266388,4.470570087432861,0.7822341918945312
0.41357263922691345,4.253520965576172,0.7822335958480835
0.45185184478759766,4.413394451141357,0.7822330594062805
0.4674157500267029,4.414034366607666,0.7822322249412537
0.48044857382774353,4.7948784828186035,0.7822316288948059
0.4700942039489746,4.4932098388671875,0.7822307348251343
0.4949209988117218,4.741971015930176,0.7822299003601074
0.4521344304084778,4.694497585296631,0.7822292447090149
0.4572780132293701,4.552567958831787,0.7822283506393433
0.3924781382083893,3.7985432147979736,0.782227635383606
0.4645984172821045,3.653351068496704,0.7822269797325134
0.4078943133354187,4.123512268066406,0.7822262644767761
0.4280535876750946,4.3761305809021,0.7822255492210388
0.39395785331726074,3.957245349884033,0.7822250127792358
0.39820975065231323,4.462984561920166,0.782224178314209
0.48910823464393616,4.005645751953125,0.7822235822677612
0.4363851845264435,4.593608379364014,0.7822229266166687
0.4656221270561218,4.206781387329102,0.7822220921516418
0.4468919336795807,4.568804740905762,0.7822216153144836
0.48200735449790955,5.267001152038574,0.7822209596633911
0.4666392505168915,4.207851409912109,0.7822203636169434
0.4807116687297821,3.9460537433624268,0.7822198867797852
0.5160398483276367,4.163080215454102,0.7822194695472717
0.46993231773376465,4.414680004119873,0.782218873500824
0.4323481619358063,4.852831840515137,0.7822183966636658
0.4530261754989624,4.490384578704834,0.782217800617218
0.5179347991943359,4.12416410446167,0.7822172045707703
0.4630177915096283,4.793562412261963,0.7822167277336121
0.48731887340545654,3.9958815574645996,0.7822162508964539
0.4526177942752838,3.9223992824554443,0.7822160124778748
0.41166776418685913,4.881528854370117,0.7822152376174927
0.48091182112693787,5.165000915527344,0.7822145819664001
0.43510207533836365,4.369969844818115,0.7822139859199524
0.5120547413825989,5.216841220855713,0.7822133302688599
0.4540708065032959,4.036573886871338,0.7822129130363464
0.47376173734664917,5.14195442199707,0.7822122573852539
0.44754698872566223,4.523258686065674,0.7822117805480957
0.4571796953678131,3.7688229084014893,0.7822112441062927
0.42422711849212646,3.5715138912200928,0.7822105884552002
0.40215304493904114,4.489341735839844,0.782210111618042
0.4362576901912689,3.7324774265289307,0.7822095155715942
0.4666438102722168,5.201008319854736,0.7822088003158569
0.509152889251709,3.8371505737304688,0.782208263874054
0.46321555972099304,4.252643585205078,0.7822076678276062
0.4800337553024292,3.709878921508789,0.7822070121765137
0.4548833668231964,3.334423303604126,0.7822062969207764
0.389308363199234,3.2764458656311035,0.7822057008743286
0.48478350043296814,3.286223888397217,0.7822051048278809
0.46939322352409363,3.5733771324157715,0.7822045087814331
0.48897504806518555,3.8174870014190674,0.7822037935256958
0.4317142367362976,4.87681770324707,0.7822030782699585
0.4863763749599457,4.205275058746338,0.782202422618866
0.42094385623931885,3.9961419105529785,0.7822018265724182
0.4493146538734436,3.8785719871520996,0.7822012901306152
0.47785717248916626,3.2936489582061768,0.7822007536888123
0.4470486044883728,3.9627256393432617,0.7822003364562988
0.45717886090278625,4.848482131958008,0.7821998596191406
0.41591864824295044,4.036527156829834,0.782198965549469
0.47362634539604187,4.398564338684082,0.7821982502937317
0.47216230630874634,3.781176805496216,0.7821977734565735
0.4318901598453522,3.6348259449005127,0.782197117805481
0.46570372581481934,3.450072765350342,0.7821964025497437
0.3716106712818146,4.443408489227295,0.7821958065032959
0.48403510451316833,4.3272294998168945,0.7821951508522034
0.41391509771347046,3.21277117729187,0.7821944952011108
0.5042617321014404,4.638113975524902,0.7821939587593079
0.49301794171333313,4.136656761169434,0.7821933031082153
0.4342842102050781,4.334291458129883,0.7821927666664124
0.4654292166233063,3.4780871868133545,0.7821922302246094
0.4906187355518341,4.020828723907471,0.7821915745735168
0.46112340688705444,4.569178104400635,0.7821909785270691
0.441977858543396,4.294676303863525,0.7821904420852661
0.47990819811820984,3.678590774536133,0.7821897268295288
0.46456724405288696,4.366154193878174,0.7821890711784363
0.41944289207458496,4.474737167358398,0.782188355922699
0.4634478688240051,5.413582801818848,0.7821877002716064
0.4250289499759674,5.9512529373168945,0.7821870446205139
0.4698580205440521,4.543229103088379,0.7821865677833557
0.47839346528053284,3.7345056533813477,0.7821862101554871
0.4840719401836395,3.871448516845703,0.7821855545043945
0.40119436383247375,4.284226894378662,0.7821852564811707
0.5058966875076294,4.862646102905273,0.7821848392486572
0.4696429371833801,4.35508394241333,0.7821841835975647
0.4851766526699066,4.5004754066467285,0.7821835279464722
0.4884326756000519,4.272958755493164,0.7821828722953796
0.458977609872818,3.8849596977233887,0.7821820974349976
0.4768180251121521,3.525499105453491,0.782181441783905
0.4180648624897003,4.163098335266113,0.7821808457374573
0.504919707775116,3.472867250442505,0.7821801900863647
0.5014291405677795,4.54400634765625,0.7821796536445618
0.4452502429485321,4.812131404876709,0.782179057598114
0.4717124104499817,4.388989448547363,0.7821786403656006
0.43474137783050537,3.660811185836792,0.7821781039237976
0.4452294707298279,4.153619766235352,0.7821775078773499
0.4950958788394928,3.7326531410217285,0.7821769714355469
0.46602439880371094,4.472728252410889,0.7821762561798096
0.4415126442909241,4.287082195281982,0.782175600528717
0.46408942341804504,4.424459457397461,0.7821748852729797
0.4171140491962433,4.036571502685547,0.7821744084358215
0.468899130821228,3.3440709114074707,0.7821736931800842
0.4483702778816223,3.635150909423828,0.7821730971336365
0.4251430332660675,3.883420944213867,0.7821723818778992
0.46717673540115356,4.305874824523926,0.7821717262268066
0.45628073811531067,3.9734437465667725,0.7821712493896484
0.4417025148868561,4.837292671203613,0.7821705341339111
0.47187095880508423,4.541859149932861,0.7821699976921082
0.46846702694892883,3.3856825828552246,0.7821694612503052
0.4544031322002411,4.287693977355957,0.782168984413147
0.4800627827644348,4.3890156745910645,0.7821682691574097
0.44233956933021545,3.7085800170898438,0.7821677923202515
0.4419195353984833,5.876855850219727,0.7821671962738037
0.49879422783851624,3.640897274017334,0.7821665406227112
0.4412398040294647,3.747865915298462,0.7821658253669739
0.48183712363243103,6.254255771636963,0.7821652889251709
0.43237045407295227,2.9199767112731934,0.7821645736694336
0.43536949157714844,3.8719100952148438,0.7821639776229858
0.42977502942085266,4.460289001464844,0.7821633219718933
0.46572670340538025,3.6825156211853027,0.7821628451347351
0.4276849329471588,4.336477279663086,0.7821623682975769
0.4348902106285095,4.415029525756836,0.7821616530418396
0.4197585880756378,4.089431285858154,0.7821611166000366
0.4774034023284912,4.036251068115234,0.7821604609489441
0.4248460531234741,3.61775279045105,0.7821598649024963
0.5511419177055359,4.659999847412109,0.7821592092514038
0.44463205337524414,3.8069522380828857,0.7821584939956665
0.44896942377090454,5.025650978088379,0.7821577787399292
0.5136428475379944,4.5057373046875,0.7821570634841919
0.46300262212753296,3.98524808883667,0.7821564078330994
0.4537270665168762,4.759683609008789,0.7821558713912964
0.4233517348766327,3.222426176071167,0.7821550369262695
0.4353474974632263,3.821653127670288,0.7821544408798218
0.4246876835823059,4.177768707275391,0.782153844833374
0.4188288748264313,3.3363876342773438,0.7821533679962158
0.44612929224967957,4.321435451507568,0.7821527123451233
0.3939867615699768,3.3989973068237305,0.7821521162986755
0.5142168998718262,3.9123730659484863,0.7821515202522278
0.514785885810852,4.511629104614258,0.7821509838104248
0.4251730144023895,3.850262403488159,0.782150387763977
0.50889652967453,3.8313584327697754,0.7821497321128845
0.4867490231990814,3.607182741165161,0.7821492552757263
0.4327855110168457,4.854534149169922,0.782148540019989
0.4615153670310974,3.742314577102661,0.782148003578186
0.4150320291519165,4.415959358215332,0.7821471691131592
0.424661248922348,3.97831392288208,0.7821466326713562
0.46229231357574463,2.9412198066711426,0.7821460366249084
0.47305822372436523,4.07257080078125,0.7821452617645264
0.4871702492237091,4.202284336090088,0.7821446657180786
0.43312278389930725,3.853909969329834,0.782143771648407
0.450589656829834,5.011697769165039,0.7821431159973145
0.49239349365234375,4.002150535583496,0.7821426391601562
0.4259594678878784,5.2349114418029785,0.7821419835090637
0.45354756712913513,3.7185966968536377,0.782141387462616
0.46245086193084717,4.27984619140625,0.7821405529975891
0.5051682591438293,4.955540657043457,0.7821398377418518
0.40864768624305725,4.272406101226807,0.7821391820907593
0.4414147734642029,4.148542881011963,0.7821384072303772
0.4328674077987671,3.9203972816467285,0.7821375727653503
0.42902231216430664,4.169283390045166,0.782136857509613
0.493579626083374,4.124955654144287,0.7821362614631653
0.5091996788978577,3.9055185317993164,0.7821357846260071
0.4434943199157715,3.7782673835754395,0.7821350693702698
0.47681304812431335,3.5239555835723877,0.7821343541145325
0.4407871961593628,3.524310827255249,0.7821336388587952
0.44471943378448486,3.5613555908203125,0.7821332812309265
0.41563624143600464,4.730791091918945,0.7821325063705444
0.4853658974170685,4.950352191925049,0.7821317911148071
0.49672526121139526,4.040268421173096,0.7821311354637146
0.44024693965911865,3.8105452060699463,0.7821306586265564
0.48484310507774353,3.6117305755615234,0.7821300029754639
0.49963462352752686,3.737597942352295,0.7821293473243713
0.5327755212783813,3.8958346843719482,0.7821288108825684
0.48998555541038513,4.540543556213379,0.7821282148361206
0.4622558355331421,4.2114081382751465,0.7821275591850281
0.40617308020591736,3.915520668029785,0.7821268439292908
0.49485453963279724,3.9983530044555664,0.7821261882781982
0.4773748815059662,4.051437854766846,0.7821255922317505
0.46994850039482117,3.767307758331299,0.7821248769760132
0.4939447045326233,3.0122745037078857,0.7821242213249207
0.47210508584976196,2.5944766998291016,0.7821235060691833
0.508411169052124,5.691854476928711,0.7821230292320251
0.5287601947784424,3.614755868911743,0.7821223139762878
0.4488893747329712,3.2918872833251953,0.782121479511261
0.41289785504341125,4.660492420196533,0.7821206450462341
0.5179510116577148,4.266101837158203,0.7821199297904968
0.48478949069976807,4.405599594116211,0.7821192145347595
0.4553379714488983,3.767199754714966,0.7821184396743774
0.48064666986465454,3.7681376934051514,0.7821176052093506
0.4069384038448334,3.4022130966186523,0.7821169495582581
0.3753412663936615,4.808574199676514,0.7821164131164551
0.4254835844039917,3.419344425201416,0.7821157574653625
0.4278825521469116,3.3055591583251953,0.7821151614189148
0.41646692156791687,3.595283031463623,0.7821146249771118
0.41078412532806396,3.448516368865967,0.7821139097213745
0.40300673246383667,3.6561644077301025,0.7821131944656372
0.4381590187549591,5.089820861816406,0.7821123003959656
0.4469795227050781,3.5448217391967773,0.7821118235588074
0.44481131434440613,3.879666328430176,0.7821109890937805
0.4368933141231537,4.594820022583008,0.7821100950241089
0.4465312361717224,4.068767547607422,0.782109260559082
0.4960334300994873,3.7568764686584473,0.7821086645126343
0.47900813817977905,4.577845573425293,0.7821080684661865
0.3996725380420685,5.059716701507568,0.782107412815094
0.48945051431655884,3.521033525466919,0.7821069955825806
0.43015044927597046,3.5949432849884033,0.782106339931488
0.481336385011673,3.1919212341308594,0.7821059226989746
0.4197341799736023,4.310136318206787,0.7821053266525269
0.5187714099884033,4.319358825683594,0.7821046710014343
0.4858599007129669,3.4289777278900146,0.7821038365364075
0.4464941620826721,3.328721523284912,0.7821031808853149
0.4290916323661804,4.02531623840332,0.7821024656295776
0.4981483221054077,4.175189018249512,0.782101571559906
0.4482840597629547,3.7394795417785645,0.7821009755134583
0.4600426256656647,4.11738395690918,0.7821002006530762
0.5005964636802673,4.674255847930908,0.7820994853973389
0.45450958609580994,3.7343788146972656,0.7820989489555359
0.4634911119937897,3.9288628101348877,0.7820982933044434
0.47897467017173767,3.4606969356536865,0.7820978164672852
0.415168821811676,3.513186454772949,0.7820972204208374
0.4129558503627777,3.7145578861236572,0.782096266746521
0.43049436807632446,4.550678253173828,0.782095730304718
0.4410873353481293,3.5284435749053955,0.7820949554443359
0.5032680630683899,5.385677814483643,0.7820941209793091
0.3798775374889374,3.7725472450256348,0.7820932865142822
0.42651137709617615,3.4061291217803955,0.7820925116539001
0.46319708228111267,4.17478084564209,0.7820917367935181
0.4756593108177185,4.401306629180908,0.7820910811424255
0.41226932406425476,3.8092434406280518,0.7820904850959778
0.42658016085624695,3.6256699562072754,0.7820895314216614
0.4925692677497864,4.1726789474487305,0.7820888757705688
0.4552556574344635,4.781957626342773,0.7820881605148315
0.4511996805667877,4.204749584197998,0.7820874452590942
0.4407307207584381,3.7521004676818848,0.7820869088172913
0.4244478642940521,6.039742469787598,0.7820861339569092
0.4234430491924286,4.184340953826904,0.782085657119751
0.43502140045166016,5.300713062286377,0.7820849418640137
0.4172917902469635,3.5085556507110596,0.7820842862129211
0.42915305495262146,3.7234649658203125,0.7820836901664734
0.45974451303482056,4.2929229736328125,0.7820832133293152
0.43191713094711304,3.9266529083251953,0.7820823788642883
0.443887859582901,3.912496566772461,0.782081663608551
0.4784789979457855,3.9899425506591797,0.7820810675621033
0.4814189076423645,4.296393394470215,0.7820805311203003
0.4351116418838501,4.034274101257324,0.7820800542831421
0.49086326360702515,5.050378799438477,0.7820794582366943
0.47242599725723267,3.7840664386749268,0.7820790410041809
0.477120041847229,4.402226448059082,0.7820786237716675
0.50486159324646,4.097445487976074,0.782077968120575
0.46132731437683105,3.591707229614258,0.7820773720741272
0.48064935207366943,3.6810617446899414,0.7820767164230347
0.44900640845298767,4.151915073394775,0.7820760607719421
0.5005489587783813,3.8609189987182617,0.7820752859115601
0.44555458426475525,3.8818776607513428,0.782074511051178
0.36546263098716736,4.799059867858887,0.7820737957954407
0.43284812569618225,4.7435102462768555,0.7820731401443481
0.47222617268562317,4.235102653503418,0.7820724248886108
0.42630666494369507,4.030567169189453,0.7820717692375183
0.4800110459327698,4.644085884094238,0.782071053981781
0.457934707403183,4.513723850250244,0.7820704579353333
0.3994032144546509,3.09757137298584,0.7820698022842407
0.4691459834575653,4.195435523986816,0.7820692658424377
0.41439834237098694,3.8674755096435547,0.78206866979599
0.46156373620033264,3.3603463172912598,0.7820678353309631
0.44137075543403625,4.1340532302856445,0.7820671200752258
0.5113055109977722,3.8867135047912598,0.7820664048194885
0.4431784749031067,4.143465995788574,0.7820656895637512
0.4722524881362915,4.009080410003662,0.7820648550987244
0.5003740787506104,3.9639902114868164,0.7820641398429871
0.5093325972557068,3.911309242248535,0.7820634245872498
0.42747238278388977,3.479266405105591,0.7820629477500916
0.4234311878681183,3.2871057987213135,0.7820622324943542
0.4897940754890442,3.984651803970337,0.7820613980293274
0.44276243448257446,3.7610838413238525,0.7820608019828796
0.5003000497817993,3.7676713466644287,0.7820600867271423
0.45245662331581116,4.167072296142578,0.7820594906806946
0.41961249709129333,4.4913411140441895,0.782058835029602
0.4087883532047272,5.346911430358887,0.7820581197738647
0.44292548298835754,3.3483357429504395,0.782057523727417
0.48795050382614136,3.1214828491210938,0.7820567488670349
0.41099289059638977,4.491214275360107,0.7820562720298767
0.41155314445495605,3.5097410678863525,0.7820555567741394
0.4079541563987732,3.707613468170166,0.7820549607276917
0.5168904662132263,3.770440101623535,0.7820542454719543
0.36942580342292786,3.8493154048919678,0.7820535898208618
0.42446810007095337,3.488949775695801,0.7820528745651245
0.463963121175766,3.991591453552246,0.7820523381233215
0.44788894057273865,3.9570939540863037,0.7820518016815186
0.42303168773651123,3.458993434906006,0.7820509076118469
0.4876151978969574,3.937561511993408,0.7820503115653992
0.4842322766780853,3.9562487602233887,0.7820495367050171
0.491170197725296,3.6939680576324463,0.7820490598678589
0.46674713492393494,4.22796630859375,0.7820484638214111
0.4259112775325775,3.6419944763183594,0.7820478677749634
0.42114973068237305,4.272668361663818,0.7820472121238708
0.44218581914901733,3.579101085662842,0.7820463180541992
0.40522682666778564,3.766057014465332,0.7820456624031067
0.4657925069332123,4.395415306091309,0.7820448875427246
0.46315470337867737,3.981741428375244,0.7820441722869873
0.48521849513053894,4.581172466278076,0.7820435762405396
0.48799964785575867,3.7373485565185547,0.7820430397987366
0.44760817289352417,4.054563045501709,0.7820425033569336
0.42317166924476624,4.405102252960205,0.7820419669151306
0.43070662021636963,3.6628758907318115,0.7820413112640381
0.48071038722991943,4.860284328460693,0.7820407152175903
0.459360271692276,4.161888122558594,0.7820399403572083
0.41388243436813354,3.9189324378967285,0.7820393443107605
0.47703006863594055,3.6537413597106934,0.7820385098457336
0.5074917674064636,4.1753740310668945,0.7820375561714172
0.413069486618042,3.727519989013672,0.7820367813110352
0.465457022190094,3.9403038024902344,0.7820361852645874
0.503259003162384,4.539320468902588,0.7820354700088501
0.4834776818752289,4.927694797515869,0.7820348143577576
0.4027622938156128,3.8916099071502686,0.7820342779159546
0.4285428524017334,3.6651692390441895,0.7820337414741516
0.42721402645111084,3.9211220741271973,0.7820330858230591
0.41958364844322205,4.369482517242432,0.7820323705673218
0.48076683282852173,3.6897225379943848,0.7820315957069397
0.45249536633491516,4.434446334838867,0.7820311188697815
0.43004342913627625,4.123301982879639,0.782030463218689
0.41470980644226074,4.300784111022949,0.7820298075675964
0.4524979293346405,4.431562900543213,0.7820291519165039
0.4278911352157593,3.295668363571167,0.7820283770561218
0.41519030928611755,3.7022881507873535,0.7820276618003845
0.5125716328620911,3.9285225868225098,0.7820268273353577
0.429298460483551,3.2631607055664062,0.7820263504981995
0.45262956619262695,4.400503158569336,0.7820256352424622
0.48962706327438354,3.8719465732574463,0.7820250391960144
0.4452746510505676,3.628917932510376,0.7820245027542114
0.4544807970523834,3.436950206756592,0.7820238471031189
0.49460384249687195,3.2841193675994873,0.7820232510566711
0.46642714738845825,4.148088455200195,0.7820224165916443
0.4537288248538971,4.559844017028809,0.782021701335907
0.44711339473724365,4.220555305480957,0.7820209860801697
0.5386685132980347,3.6902527809143066,0.7820203304290771
0.5084114670753479,4.237600326538086,0.7820197343826294
0.479868620634079,3.864182949066162,0.7820189595222473
0.4985809326171875,3.451676368713379,0.7820181846618652
0.47627246379852295,3.097050666809082,0.7820174694061279
0.45202285051345825,3.3328304290771484,0.7820166945457458
0.4499095380306244,3.167698383331299,0.7820160984992981
0.43377038836479187,3.7065200805664062,0.7820151448249817
0.4274345934391022,3.9145028591156006,0.7820144295692444
0.4848020374774933,4.402381420135498,0.7820138931274414
0.4624236226081848,4.759287357330322,0.7820131778717041
0.44972601532936096,3.731163501739502,0.7820127010345459
0.3753450810909271,3.3097100257873535,0.7820119857788086
0.4574485719203949,3.739316463470459,0.7820112109184265
0.44053199887275696,3.5614147186279297,0.7820106148719788
0.44218921661376953,3.4612929821014404,0.782010018825531
0.4920368790626526,2.7691054344177246,0.7820093035697937
0.41131216287612915,4.585187911987305,0.7820086479187012
0.405049204826355,3.9770829677581787,0.7820078730583191
0.4471134841442108,3.4679627418518066,0.7820071578025818
0.4232964515686035,3.1283349990844727,0.7820064425468445
0.4446485936641693,3.754572868347168,0.7820057272911072
0.4197457432746887,4.355749607086182,0.7820050716400146
0.4381166100502014,4.078961372375488,0.7820044159889221
0.45970937609672546,4.600386142730713,0.7820038795471191
0.44447124004364014,3.2914936542510986,0.7820033431053162
0.4721493124961853,3.792635917663574,0.7820026874542236
0.4259784519672394,4.666650295257568,0.7820019125938416
0.41912534832954407,4.6711273193359375,0.7820011377334595
0.3710886240005493,3.9601893424987793,0.7820004224777222
0.4258229732513428,4.231317043304443,0.7819994688034058
0.5044165849685669,3.58640718460083,0.7819984555244446
0.4490930140018463,3.836684226989746,0.7819977402687073
0.4165197014808655,3.722277879714966,0.7819969058036804
0.47318464517593384,3.4918622970581055,0.7819963097572327
0.4553063213825226,3.6131012439727783,0.7819955945014954
0.471598356962204,3.709164619445801,0.7819949984550476
0.4264550805091858,3.7076549530029297,0.7819942831993103
0.4884214997291565,4.104408264160156,0.7819936275482178
0.4580228328704834,4.165971755981445,0.78199303150177
0.4257003664970398,3.4672112464904785,0.7819921374320984
0.48429054021835327,4.86137580871582,0.7819914221763611
0.44760948419570923,3.051720142364502,0.781990647315979
0.3838915228843689,3.6513681411743164,0.7819897532463074
0.4917925298213959,4.134767532348633,0.7819889783859253
0.408724844455719,3.856095790863037,0.7819883823394775
0.42433658242225647,4.25376558303833,0.7819878458976746
0.4326121509075165,3.302769184112549,0.781987190246582
0.48819848895072937,4.209255695343018,0.7819865942001343
0.4988633990287781,4.016936779022217,0.7819857597351074
0.46526822447776794,4.231322288513184,0.7819852232933044
0.4343920052051544,4.630367755889893,0.7819846868515015
0.44386863708496094,3.2544474601745605,0.7819838523864746
0.549193263053894,4.367910385131836,0.7819830179214478
0.435247004032135,4.141520977020264,0.7819822430610657
0.4202742576599121,3.7749462127685547,0.7819814085960388
0.41275152564048767,4.169571399688721,0.7819808125495911
0.4545596241950989,4.4591546058654785,0.7819800972938538
0.4470950961112976,3.7994277477264404,0.781979501247406
0.470905065536499,4.549109935760498,0.7819789052009583
0.43713104724884033,3.6468255519866943,0.7819783687591553
0.4908098876476288,3.1103646755218506,0.7819778323173523
0.4114718437194824,4.216198444366455,0.7819774150848389
0.4313906729221344,4.0273051261901855,0.7819766402244568
0.5037223100662231,4.01374626159668,0.781976044178009
0.4731079041957855,4.156350135803223,0.781975269317627
0.45993560552597046,4.9799089431762695,0.781974732875824
0.43167784810066223,2.9313173294067383,0.7819740176200867
0.4300238788127899,3.7040061950683594,0.7819733619689941
0.46362653374671936,3.3141250610351562,0.7819726467132568
0.42120063304901123,5.712527751922607,0.7819721102714539
0.4616090953350067,3.6917924880981445,0.7819714546203613
0.4750158190727234,3.1537067890167236,0.7819707989692688
0.4817187488079071,4.5151190757751465,0.7819701433181763
0.4586600065231323,4.590686798095703,0.7819694876670837
0.5087628364562988,3.1843230724334717,0.7819687724113464
0.43337059020996094,3.1955080032348633,0.7819679975509644
0.4355938732624054,4.2840046882629395,0.7819673418998718
0.48078078031539917,3.766965866088867,0.7819665670394897
0.43818628787994385,4.578385353088379,0.7819659113883972
0.4693916141986847,4.257636547088623,0.781965434551239
0.461830735206604,3.211909294128418,0.7819648385047913
0.4389716684818268,4.002935409545898,0.781964123249054
0.4828532338142395,4.53863525390625,0.7819635272026062
0.48264971375465393,3.9871745109558105,0.7819628715515137
0.4008203446865082,3.1227307319641113,0.7819620966911316
0.4865576922893524,4.049491882324219,0.7819616794586182
0.43449050188064575,3.408716917037964,0.7819609642028809
0.4247681796550751,3.522263765335083,0.7819601893424988
0.4512370228767395,3.8804917335510254,0.7819593548774719
0.5087594985961914,3.466994524002075,0.7819586396217346
0.4524076282978058,4.591723442077637,0.7819579243659973
0.43835875391960144,3.306626081466675,0.7819572687149048
0.49367231130599976,4.182571887969971,0.7819565534591675
0.4517504870891571,4.4025468826293945,0.781955897808075
0.42856985330581665,4.190282344818115,0.7819551825523376
0.4327177405357361,4.691417694091797,0.7819544076919556
0.5134089589118958,3.5953805446624756,0.7819536924362183
0.41714873909950256,3.6021149158477783,0.7819528579711914
0.4368811249732971,3.6797828674316406,0.7819520235061646
0.45321354269981384,3.851114511489868,0.7819513082504272
0.41880661249160767,4.371516227722168,0.7819504141807556
0.47872161865234375,3.3658385276794434,0.7819498181343079
0.4585420787334442,3.2775888442993164,0.7819489240646362
0.4962519407272339,4.635280609130859,0.7819483876228333
0.4400371015071869,4.9617109298706055,0.7819476127624512
0.5029441714286804,3.9546408653259277,0.7819469571113586
0.38962167501449585,4.062894821166992,0.7819462418556213
0.4121663272380829,3.7295265197753906,0.7819454073905945
0.47720250487327576,3.8099584579467773,0.7819448113441467
0.5070410966873169,3.9568967819213867,0.7819440364837646
0.47799116373062134,4.030172348022461,0.7819432020187378
0.49932706356048584,4.214130401611328,0.7819424271583557
0.4176938831806183,4.005084991455078,0.7819417119026184
0.48560407757759094,4.598701477050781,0.781940758228302
0.40801504254341125,4.462575912475586,0.7819401025772095
0.38489601016044617,4.129908561706543,0.7819393277168274
0.43340399861335754,4.051632881164551,0.7819387912750244
0.4272342622280121,3.967409133911133,0.7819382548332214
0.44061750173568726,3.661472797393799,0.7819375395774841
0.47475188970565796,4.303332328796387,0.7819368839263916
0.4603951871395111,3.5234193801879883,0.7819361090660095
0.4413549304008484,3.566477060317993,0.7819353938102722
0.4653021991252899,4.04302978515625,0.7819347381591797
0.4285443127155304,3.7882261276245117,0.7819341421127319
0.5086068511009216,3.7020633220672607,0.7819334268569946
0.44208067655563354,3.3739330768585205,0.7819328308105469
0.4450359344482422,3.1753592491149902,0.7819324135780334
0.47129133343696594,2.9600768089294434,0.7819318771362305
0.4608602523803711,3.9459314346313477,0.7819312214851379
0.47505873441696167,3.674654483795166,0.7819306254386902
0.47466740012168884,3.781863212585449,0.7819299697875977
0.43561553955078125,4.152739524841309,0.7819292545318604
0.44213730096817017,3.4790401458740234,0.781928539276123
0.4343213140964508,3.360612154006958,0.7819277048110962
0.4577730596065521,3.872157335281372,0.7819270491600037
0.45452529191970825,3.5616743564605713,0.7819263935089111
0.4124860167503357,3.8729021549224854,0.781925618648529
0.4174775183200836,3.4974324703216553,0.7819249629974365
0.4408196806907654,3.83394718170166,0.7819243669509888
0.43324214220046997,3.0280187129974365,0.7819237112998962
0.5113367438316345,3.8105945587158203,0.7819228768348694
0.3995397090911865,4.295223236083984,0.7819223403930664
0.4519963264465332,5.130682945251465,0.7819215655326843
0.40667396783828735,3.987903118133545,0.7819207906723022
0.46718791127204895,4.049215793609619,0.7819200754165649
0.4482279121875763,4.091803550720215,0.7819194197654724
0.4395207166671753,3.397676944732666,0.7819186449050903
0.4294436275959015,3.4255006313323975,0.781917929649353
0.4647606909275055,3.685576915740967,0.7819172143936157
0.47466713190078735,3.362947702407837,0.781916618347168
0.3822717070579529,3.7323598861694336,0.7819160223007202
0.4442439079284668,3.625077724456787,0.7819152474403381
0.47230246663093567,3.5427496433258057,0.781914472579956
0.4734054505825043,3.7050626277923584,0.7819137573242188
0.4442288875579834,4.645914077758789,0.7819130420684814
0.4652300477027893,3.7912752628326416,0.7819124460220337
0.46933692693710327,3.644515037536621,0.7819119691848755
0.4353577196598053,3.5364067554473877,0.781911313533783
0.42734190821647644,3.763395309448242,0.7819105982780457
0.3933708071708679,3.83711838722229,0.7819098830223083
0.4734707474708557,4.458336353302002,0.7819090485572815
0.42433369159698486,2.997499704360962,0.7819085121154785
0.4780755639076233,5.039681434631348,0.781907856464386
0.417957067489624,4.009622573852539,0.7819069623947144
0.4263729751110077,3.6084065437316895,0.7819061875343323
0.4696827530860901,4.503079414367676,0.7819054126739502
0.47077757120132446,3.562180519104004,0.7819046974182129
0.41647735238075256,4.554953098297119,0.781903862953186
0.49212294816970825,3.645338535308838,0.781903088092804
0.42742720246315,4.822978496551514,0.7819026112556458
0.44459518790245056,4.0292253494262695,0.7819018959999084
0.5264001488685608,3.377506971359253,0.7819011807441711
0.5133850574493408,4.527517318725586,0.7819004654884338
0.45560622215270996,4.093955993652344,0.781899631023407
0.5289022922515869,3.7415404319763184,0.7818989753723145
0.45036056637763977,4.366571426391602,0.7818981409072876
0.42539122700691223,3.467252731323242,0.7818974256515503
0.5043286681175232,3.867673873901367,0.7818968296051025
0.46549296379089355,4.3468780517578125,0.7818959951400757
0.4902416169643402,4.17494535446167,0.7818954586982727
0.4332331717014313,3.6338706016540527,0.781894862651825
0.43584585189819336,5.330150127410889,0.7818940281867981
0.45893749594688416,4.533132076263428,0.7818934917449951
0.4861787259578705,4.027303218841553,0.7818928360939026
0.473111629486084,3.2348716259002686,0.7818921804428101
0.3868078291416168,3.8987841606140137,0.7818917036056519
0.5143796801567078,3.9491848945617676,0.7818909287452698
0.4500035345554352,3.8143773078918457,0.7818901538848877
0.4382562041282654,4.01526403427124,0.7818893194198608
0.41274526715278625,4.147331237792969,0.7818886637687683
0.47895336151123047,3.2685697078704834,0.7818877696990967
0.43700897693634033,4.220133304595947,0.7818872332572937
0.47570863366127014,3.7881827354431152,0.7818863391876221
0.5570977926254272,4.330487251281738,0.7818855047225952
0.3943105936050415,3.5000970363616943,0.7818848490715027
0.4279513955116272,3.6234748363494873,0.7818841338157654
0.42853453755378723,3.483011484146118,0.7818833589553833
0.457933634519577,3.388697624206543,0.7818827033042908
0.4138747453689575,3.2690353393554688,0.7818819284439087
0.41271933913230896,3.1875064373016357,0.7818810939788818
0.4722420275211334,3.733856678009033,0.7818805575370789
0.4558093249797821,3.5201759338378906,0.7818799614906311
0.42659977078437805,2.8771166801452637,0.7818794846534729
0.45882460474967957,3.6805968284606934,0.7818785905838013
0.46719619631767273,3.3943045139312744,0.7818779945373535
0.4492427706718445,3.1759145259857178,0.7818772792816162
0.47229865193367004,4.187911510467529,0.7818765640258789
0.455189973115921,3.625988721847534,0.7818758487701416
0.47183942794799805,3.976912021636963,0.7818751335144043
0.477256715297699,3.0460925102233887,0.7818744778633118
0.41761264204978943,3.943063735961914,0.7818737030029297
0.4719589948654175,3.796205520629883,0.7818731069564819
0.4309104084968567,3.4690909385681152,0.7818722724914551
0.5105590224266052,3.521531105041504,0.7818715572357178
0.4581707715988159,3.1669042110443115,0.7818708419799805
0.42916902899742126,4.094165802001953,0.7818701863288879
0.4426512122154236,3.904712438583374,0.7818695902824402
0.4467353820800781,3.177744150161743,0.7818688154220581
0.4650888741016388,5.287452697753906,0.781868040561676
0.4534704387187958,3.6450552940368652,0.7818674445152283
0.3969331383705139,3.4575085639953613,0.7818666100502014
0.4821746051311493,3.5211682319641113,0.7818659543991089
0.4544355273246765,4.203395366668701,0.7818651795387268
0.4415862560272217,3.4684462547302246,0.7818642258644104
0.47269225120544434,4.257489204406738,0.7818634510040283
0.46825820207595825,4.502745628356934,0.781862735748291
0.44173941016197205,3.597555637359619,0.7818620800971985
0.5226155519485474,3.943815231323242,0.7818613648414612
0.4048107862472534,3.904649257659912,0.7818608283996582
0.4447802007198334,3.7056684494018555,0.7818600535392761
0.41989821195602417,4.187111854553223,0.7818596363067627
0.47655874490737915,4.075650691986084,0.7818589210510254
0.48274359107017517,4.289480209350586,0.7818582653999329
0.4582330286502838,4.762116432189941,0.7818576693534851
0.4348497688770294,3.277643918991089,0.7818566560745239
0.43293094635009766,4.242405414581299,0.7818560004234314
0.4645083546638489,3.155453681945801,0.7818551659584045
0.5029577016830444,4.424564838409424,0.781854510307312
0.5416055917739868,5.271515846252441,0.7818537950515747
0.4475643038749695,3.861137866973877,0.7818531394004822
0.4987635314464569,4.087800025939941,0.781852662563324
0.485812783241272,3.5454773902893066,0.7818520069122314
0.4482109248638153,3.6364293098449707,0.7818513512611389
0.441233366727829,3.2893033027648926,0.7818506360054016
0.38460221886634827,4.025509357452393,0.7818499207496643
0.4575798213481903,3.0427539348602295,0.7818491458892822
0.41547447443008423,3.002598524093628,0.7818481922149658
0.47845658659935,3.5649399757385254,0.7818474769592285
0.45173004269599915,3.928555965423584,0.7818467020988464
0.48546600341796875,3.7292048931121826,0.7818459868431091
0.4586629271507263,3.9401447772979736,0.7818453311920166
0.47692713141441345,3.7825849056243896,0.7818446159362793
0.4880039095878601,3.726146697998047,0.7818440198898315
0.3925977945327759,4.1551666259765625,0.781843364238739
0.468530535697937,3.503528594970703,0.7818426489830017
0.45629027485847473,4.102266311645508,0.7818422317504883
0.44041579961776733,4.485770225524902,0.7818415760993958
0.49360397458076477,3.0938098430633545,0.7818408012390137
0.39692485332489014,3.702387571334839,0.7818400859832764
0.4421338140964508,4.194952964782715,0.7818393707275391
0.4371083378791809,3.7030932903289795,0.7818385362625122
0.43986231088638306,3.8594307899475098,0.7818376421928406
0.45459598302841187,4.389772415161133,0.7818369269371033
0.47127634286880493,4.055037975311279,0.7818360924720764
0.45098063349723816,4.384459495544434,0.7818353772163391
0.4198111593723297,4.212426662445068,0.7818347811698914
0.49619749188423157,3.4287524223327637,0.7818341255187988
0.44125890731811523,2.814669132232666,0.7818332314491272
0.3716447055339813,3.490541458129883,0.7818325757980347
0.4325583577156067,4.101468086242676,0.7818318009376526
0.4370383322238922,4.090367317199707,0.7818310856819153
0.4696512520313263,3.3147966861724854,0.7818304896354675
0.4535863399505615,3.9108693599700928,0.7818296551704407
0.42101627588272095,3.404778242111206,0.7818288803100586
0.4471377432346344,2.934783935546875,0.7818280458450317
0.4157373607158661,3.8452863693237305,0.7818273305892944
0.5398800373077393,3.9275879859924316,0.7818265557289124
0.4443209767341614,4.463676452636719,0.781825840473175
0.42001062631607056,4.074399948120117,0.781825065612793
0.4773973822593689,3.4521353244781494,0.7818241715431213
0.43619754910469055,3.4828269481658936,0.7818236351013184
0.3950669765472412,3.823861598968506,0.7818228006362915
0.45475128293037415,3.7514054775238037,0.7818219065666199
0.4757034480571747,4.334972381591797,0.7818210124969482
0.5062123537063599,4.169712543487549,0.7818202376365662
0.4610307514667511,3.400763511657715,0.7818194627761841
0.44880083203315735,3.820161819458008,0.781818687915802
0.47253236174583435,3.823341131210327,0.7818178534507751
0.44594818353652954,3.1061606407165527,0.7818170785903931
0.43988820910453796,3.717810869216919,0.7818163633346558
0.3368997573852539,3.5150539875030518,0.7818156480789185
0.4942839741706848,3.062873363494873,0.7818149924278259
0.4465731084346771,3.325066566467285,0.7818143367767334
0.44456392526626587,3.0095267295837402,0.7818136215209961
0.4388655126094818,4.313051700592041,0.7818131446838379
0.41582536697387695,4.203293323516846,0.7818124294281006
0.43159380555152893,2.6870834827423096,0.7818117141723633
0.46428701281547546,3.5619397163391113,0.7818110585212708
0.46606969833374023,3.3110973834991455,0.7818101644515991
0.4487493932247162,3.9858877658843994,0.7818094491958618
0.46644142270088196,3.211787223815918,0.7818087339401245
0.4775562286376953,3.3550448417663574,0.7818080186843872
0.4055671989917755,3.529125690460205,0.7818073630332947
0.46712154150009155,4.04179573059082,0.7818062901496887
0.43563970923423767,3.2749950885772705,0.781805694103241
0.46322813630104065,4.1017746925354,0.7818049788475037
0.39662638306617737,3.059269428253174,0.7818042635917664
0.4681127071380615,3.919205665588379,0.7818037271499634
0.4664928615093231,4.451639652252197,0.7818028330802917
0.5162749290466309,4.259945869445801,0.7818019390106201
0.4656488299369812,3.402297019958496,0.7818012237548828
0.41347965598106384,3.89003324508667,0.781800389289856
0.4740704298019409,3.490185260772705,0.7817996740341187
0.4091106355190277,4.477713108062744,0.7817989587783813
0.4773825705051422,3.9660401344299316,0.7817981839179993
0.5131334662437439,4.3167853355407715,0.781797468662262
0.525779128074646,4.217714309692383,0.7817967534065247
0.4522351026535034,4.17136287689209,0.7817962169647217
0.4651051163673401,3.454239845275879,0.7817954421043396
0.4789977967739105,4.118403911590576,0.7817946672439575
0.47878190875053406,4.023654937744141,0.7817939519882202
0.36081182956695557,3.1664931774139404,0.7817932367324829
0.4838276505470276,3.3501014709472656,0.7817925214767456
0.4546731412410736,2.9259653091430664,0.7817916870117188
0.42951875925064087,3.6152968406677246,0.7817909717559814
0.47290244698524475,4.262101173400879,0.7817903161048889
0.420410692691803,3.876821517944336,0.7817897796630859
0.4396390914916992,3.463519811630249,0.7817891836166382
0.45733335614204407,3.6196274757385254,0.7817884087562561
0.43817660212516785,3.7734060287475586,0.7817877531051636
0.43629416823387146,4.196460723876953,0.7817870378494263
0.44768932461738586,3.6979618072509766,0.7817862033843994
0.4564738869667053,3.180964231491089,0.7817855477333069
0.4561605751514435,3.5533294677734375,0.78178471326828
0.4646937847137451,3.961610794067383,0.7817841172218323
0.39811521768569946,3.454296112060547,0.7817835211753845
0.41790077090263367,2.896404504776001,0.7817828059196472
0.47218284010887146,4.051490306854248,0.7817820310592651
0.44449350237846375,3.049774646759033,0.7817813754081726
0.45718008279800415,3.9453654289245605,0.7817805409431458
0.45665088295936584,3.4186878204345703,0.7817800045013428
0.41835540533065796,3.750420093536377,0.781779408454895
0.4697272479534149,4.491732597351074,0.7817786335945129
0.38380691409111023,4.513253688812256,0.7817778587341309
0.4709284007549286,3.577817916870117,0.781777024269104
0.4463021457195282,3.8337790966033936,0.7817764282226562
0.4607565999031067,3.858997344970703,0.7817757725715637
0.43829452991485596,2.8447370529174805,0.7817748785018921
0.4633549749851227,3.3631539344787598,0.7817742228507996
0.4348757863044739,4.457913398742676,0.7817735075950623
0.45794323086738586,4.486151218414307,0.781773030757904
0.4322192668914795,4.448254108428955,0.781772255897522
0.46819379925727844,3.649667501449585,0.7817714214324951
0.51007479429245,4.638610363006592,0.781770646572113
0.4039667546749115,4.0544843673706055,0.781769871711731
0.509400486946106,4.075341701507568,0.7817689776420593
0.4551044702529907,3.8956284523010254,0.781768262386322
0.43316513299942017,3.504636764526367,0.7817674279212952
0.4769338369369507,3.752490997314453,0.7817667722702026
0.4640354812145233,4.592227458953857,0.7817658185958862
0.4574989676475525,3.4027040004730225,0.781765341758728
0.4082517623901367,4.557372093200684,0.781764566898346
0.4185637831687927,3.4794416427612305,0.7817637324333191
0.4547204375267029,3.984175205230713,0.7817631959915161
0.4589369595050812,3.475980281829834,0.7817624807357788
0.4975648522377014,3.9147326946258545,0.781761884689331
0.45706069469451904,3.9427649974823,0.781761109828949
0.4678659439086914,3.8597989082336426,0.7817602753639221
0.4486636221408844,3.8397622108459473,0.7817595601081848
0.4800790250301361,3.9714622497558594,0.7817589640617371
0.43947723507881165,2.5694971084594727,0.7817581295967102
0.4365650713443756,4.211223602294922,0.7817574143409729
0.4234330952167511,3.7791638374328613,0.7817567586898804
0.45656102895736694,3.9077229499816895,0.7817560434341431
0.44447073340415955,3.634849786758423,0.7817552089691162
0.3898526430130005,3.781087875366211,0.7817543148994446
0.4240908622741699,2.879922389984131,0.7817535400390625
0.5183340907096863,4.241881847381592,0.7817527651786804
0.47720685601234436,3.842874050140381,0.7817519903182983
0.43789875507354736,3.7529540061950684,0.781751275062561
0.4200823903083801,5.09620475769043,0.781750500202179
0.49073827266693115,3.5442919731140137,0.7817497253417969
0.433856338262558,3.255706787109375,0.7817490100860596
0.4532380700111389,4.117917537689209,0.7817482352256775
0.5224916934967041,3.5576424598693848,0.7817473411560059
0.48008882999420166,3.540597438812256,0.7817466259002686
0.4544893205165863,3.6392366886138916,0.7817459106445312
0.45257994532585144,3.531775951385498,0.7817452549934387
0.4770338833332062,4.130186557769775,0.7817444801330566
0.43720144033432007,3.118436336517334,0.7817437648773193
0.49283647537231445,3.8591341972351074,0.7817429900169373
0.4838815927505493,3.994089365005493,0.7817420959472656
0.3725501298904419,4.460075378417969,0.7817413210868835
0.42183080315589905,3.6247262954711914,0.7817404866218567
0.4456339478492737,3.902585983276367,0.7817396521568298
0.5027167201042175,3.2547340393066406,0.781738817691803
0.44804778695106506,3.3758020401000977,0.7817379236221313
0.4714151620864868,3.2953670024871826,0.7817371487617493
0.5165480375289917,2.817265510559082,0.7817363142967224
0.43317824602127075,3.8886404037475586,0.7817354798316956
0.44797930121421814,4.7440104484558105,0.7817346453666687
0.47733885049819946,4.349397659301758,0.7817338705062866
0.4595755636692047,2.98264217376709,0.7817331552505493
0.39251258969306946,3.6062979698181152,0.7817322015762329
0.4628828465938568,3.399831771850586,0.7817316055297852
0.5340661406517029,3.7310125827789307,0.7817307114601135
0.4809076488018036,4.1462860107421875,0.7817299962043762
0.4709315896034241,3.7613141536712646,0.7817290425300598
0.38575637340545654,4.154509544372559,0.7817283272743225
0.37957075238227844,4.854818344116211,0.7817275524139404
0.4765002429485321,3.6182570457458496,0.7817268371582031
0.40912795066833496,4.600245952606201,0.7817261219024658
0.44148653745651245,3.0283942222595215,0.7817253470420837
0.4799228608608246,4.134465217590332,0.781724750995636
0.3872150480747223,4.969170093536377,0.7817240953445435
0.4393827021121979,4.409176826477051,0.7817232012748718
0.4906664490699768,2.8542380332946777,0.7817224264144897
0.40696942806243896,3.0071067810058594,0.7817214727401733
0.46282958984375,3.9132187366485596,0.7817206382751465
0.5046017169952393,3.3346941471099854,0.7817198634147644
0.4336964190006256,4.049022674560547,0.7817189693450928
0.4441600739955902,3.894308090209961,0.7817184925079346
0.42112094163894653,4.589578628540039,0.7817177772521973
0.47065475583076477,4.147106170654297,0.78171706199646
0.46905210614204407,4.0818891525268555,0.7817161083221436
0.4556589126586914,3.825610876083374,0.7817152142524719
0.4507867097854614,3.0113868713378906,0.7817143201828003
0.40672537684440613,3.736948013305664,0.781713604927063
0.4991874694824219,3.8464715480804443,0.7817128896713257
0.47587263584136963,4.115290641784668,0.7817120552062988
0.4297112822532654,4.4245452880859375,0.7817112803459167
0.47197049856185913,4.016945838928223,0.7817105650901794
0.4823228418827057,3.2947044372558594,0.7817097306251526
0.4482942223548889,3.5097622871398926,0.7817090153694153
0.4333042800426483,3.9942879676818848,0.781708300113678
0.4713868498802185,4.439767837524414,0.7817075252532959
0.46163272857666016,3.87726092338562,0.7817069292068481
0.4586813151836395,5.503854751586914,0.7817062139511108
0.4453050196170807,3.7008957862854004,0.7817054986953735
0.44335630536079407,3.8784289360046387,0.7817047238349915
0.4371958374977112,3.169768810272217,0.7817041873931885
0.40613192319869995,3.0386548042297363,0.781703531742096
0.45004162192344666,3.8310470581054688,0.7817027568817139
0.45964354276657104,3.0246496200561523,0.7817017436027527
0.40462610125541687,4.031486511230469,0.7817010283470154
0.495877742767334,4.6873016357421875,0.7817001938819885
0.45431020855903625,4.33919095993042,0.7816994190216064
0.4100119173526764,3.663285970687866,0.7816987037658691
0.4318714737892151,3.6848020553588867,0.7816979289054871
0.5122800469398499,3.915891647338867,0.7816972136497498
0.41955336928367615,4.625815391540527,0.7816964387893677
0.46427175402641296,3.929959535598755,0.7816958427429199
0.47478076815605164,5.659585952758789,0.7816951274871826
0.4270084798336029,3.531874418258667,0.7816944122314453
0.4727400839328766,5.30302619934082,0.7816937565803528
0.469674289226532,2.9360876083374023,0.7816930413246155
0.45907706022262573,3.3404386043548584,0.7816919684410095
0.5063951015472412,3.7208051681518555,0.781691312789917
0.5334696769714355,3.996851682662964,0.7816905379295349
0.42685455083847046,3.2717366218566895,0.7816896438598633
0.4677391052246094,3.876492500305176,0.7816891074180603
0.4559178352355957,3.5994958877563477,0.7816882729530334
0.4678223431110382,3.290983200073242,0.7816874980926514
0.3720038831233978,4.477512836456299,0.7816867232322693
0.47531360387802124,2.8578174114227295,0.7816860675811768
0.44669702649116516,3.9374637603759766,0.7816853523254395
0.44156813621520996,4.3531341552734375,0.7816846370697021
0.4555947780609131,3.7391197681427,0.7816838622093201
0.45064982771873474,3.2472550868988037,0.7816830277442932
0.4589138627052307,3.9782443046569824,0.7816822528839111
0.43378373980522156,3.4145796298980713,0.7816815376281738
0.44854995608329773,3.6229987144470215,0.7816808223724365
0.4366495907306671,3.6921916007995605,0.7816800475120544
0.47970685362815857,4.008317947387695,0.7816794514656067
0.4120160937309265,3.5518698692321777,0.7816786766052246
0.43731024861335754,4.063556671142578,0.781677782535553
0.46974611282348633,3.715641498565674,0.7816769480705261
0.5203524231910706,4.408349514007568,0.7816759943962097
0.4519484341144562,3.2840754985809326,0.7816751599311829
0.4787451922893524,3.6943488121032715,0.7816741466522217
0.4566091299057007,3.425467014312744,0.7816733717918396
0.45964622497558594,3.394623279571533,0.7816725373268127
0.48767271637916565,4.111688137054443,0.7816716432571411
0.43391135334968567,3.2892634868621826,0.7816708087921143
0.49069979786872864,3.5413818359375,0.7816700339317322
0.45243048667907715,3.24621319770813,0.7816693782806396
0.48338964581489563,4.1712565422058105,0.7816687226295471
0.4819716513156891,3.9810986518859863,0.7816681265830994
0.43693509697914124,4.064239501953125,0.7816671133041382
0.39381974935531616,3.558535099029541,0.7816663980484009
0.4073781371116638,3.037702798843384,0.7816655039787292
0.42932945489883423,3.287470817565918,0.7816648483276367
0.4703941345214844,3.981534242630005,0.7816640734672546
0.4734351933002472,3.3590686321258545,0.7816632986068726
0.3983169198036194,3.356987476348877,0.78166264295578
0.465086430311203,3.606826066970825,0.7816619277000427
0.4323221445083618,4.550661563873291,0.7816611528396606
0.49065104126930237,2.9878923892974854,0.7816603183746338
0.5331639647483826,4.531236171722412,0.7816596031188965
0.4411279559135437,3.2949743270874023,0.7816588878631592
0.471578449010849,3.852198362350464,0.7816580533981323
0.4512801170349121,3.8476181030273438,0.7816572189331055
0.4081622362136841,3.537407875061035,0.7816566228866577
0.4510073661804199,3.6531014442443848,0.7816557884216309
0.42788758873939514,3.7661352157592773,0.7816552519798279
0.4115530252456665,3.4065842628479004,0.7816543579101562
0.46194812655448914,3.903878927230835,0.7816538214683533
0.4579239785671234,3.935594081878662,0.7816529870033264
0.4870246350765228,3.0646040439605713,0.7816522717475891
0.3663245737552643,3.104724884033203,0.781651496887207
0.4496460556983948,3.4763808250427246,0.781650722026825
0.4247714877128601,3.1191015243530273,0.7816500067710876
0.4328934848308563,4.125885486602783,0.781649112701416
0.4103458821773529,3.665205240249634,0.7816483974456787
0.4049185812473297,3.749721050262451,0.7816476225852966
0.4698143005371094,3.3605446815490723,0.7816469669342041
0.4867471158504486,2.706346035003662,0.7816461324691772
0.42999666929244995,3.7476067543029785,0.7816452383995056
0.4154254198074341,3.9645142555236816,0.7816444039344788
0.4725048840045929,4.134493350982666,0.7816437482833862
0.4684200882911682,3.9182934761047363,0.7816429734230042
0.41062334179878235,4.003489017486572,0.7816420793533325
0.4555330276489258,3.105869770050049,0.7816413044929504
0.42746374011039734,3.377559185028076,0.7816404104232788
0.4588185250759125,3.1631698608398438,0.7816397547721863
0.44649040699005127,4.380244255065918,0.781639039516449
0.4424940049648285,3.9976577758789062,0.7816382646560669
0.4453396499156952,4.247982501983643,0.78163743019104
0.5203256607055664,3.690897226333618,0.7816364765167236
0.4192885458469391,3.4806947708129883,0.7816356420516968
0.41232195496559143,3.502533435821533,0.7816348075866699
0.4157581329345703,3.6217103004455566,0.7816340327262878
0.4721073806285858,3.251898765563965,0.7816330194473267
0.44856733083724976,3.9981305599212646,0.7816323041915894
0.40871328115463257,3.452258586883545,0.7816315293312073
0.46255847811698914,3.8590219020843506,0.78163081407547
0.45336273312568665,3.436068296432495,0.7816300392150879
0.5206130743026733,3.6655008792877197,0.781629204750061
0.4093986451625824,4.2940802574157715,0.7816283702850342
0.48360201716423035,3.65195631980896,0.7816276550292969
0.42299774289131165,4.498039722442627,0.7816270589828491
0.45638737082481384,3.2581627368927,0.7816261053085327
0.4599672555923462,4.255857944488525,0.781625509262085
0.435382604598999,3.740100860595703,0.7816246747970581
0.49941855669021606,4.036137580871582,0.7816240191459656
0.40018361806869507,3.834566831588745,0.781623125076294
0.439104288816452,3.6764674186706543,0.7816222906112671
0.4503558278083801,3.31253719329834,0.781621515750885
0.4212664067745209,3.9310359954833984,0.7816207408905029
0.4052760601043701,4.456648349761963,0.7816199660301208
0.5095092058181763,4.061574459075928,0.7816193103790283
0.4728550612926483,2.7618649005889893,0.7816185355186462
0.40674787759780884,3.4879488945007324,0.7816177010536194
0.4514296352863312,3.606147289276123,0.7816169261932373
0.47472769021987915,4.276834011077881,0.7816162109375
0.3834919035434723,2.9816856384277344,0.7816154956817627
0.48149430751800537,3.406130790710449,0.7816145420074463
0.42162811756134033,3.9251163005828857,0.7816137671470642
0.4517018795013428,4.11754035949707,0.7816130518913269
0.41840681433677673,3.3072867393493652,0.7816120982170105
0.49248525500297546,3.5197229385375977,0.7816113829612732
0.45941147208213806,2.9291205406188965,0.7816106081008911
0.39083266258239746,3.8496482372283936,0.781609833240509
0.458664208650589,3.8926684856414795,0.7816088795661926
0.43153074383735657,3.3322415351867676,0.7816082239151001
0.4244300425052643,3.456162214279175,0.781607449054718
0.4019322991371155,4.485949993133545,0.7816065549850464
0.430612176656723,4.077735424041748,0.7816058397293091
0.43829619884490967,4.1445488929748535,0.7816049456596375
0.3980969786643982,3.691164970397949,0.7816040515899658
0.4386523365974426,5.03238582611084,0.7816031575202942
0.4012623131275177,4.546504974365234,0.7816024422645569
0.4547191560268402,3.626119613647461,0.78160160779953
0.4359334409236908,5.094804763793945,0.781600832939148
0.4743157923221588,4.5683794021606445,0.7816000580787659
0.4681030213832855,2.8563361167907715,0.7815994024276733
0.4444572329521179,3.2944021224975586,0.7815987467765808
0.4566709101200104,3.57710862159729,0.7815980315208435
0.4136498272418976,3.5064902305603027,0.7815971374511719
0.44565489888191223,3.2800750732421875,0.7815963625907898
0.4323250353336334,2.9086451530456543,0.7815956473350525
0.4617909789085388,3.2925734519958496,0.7815948128700256
0.4454813301563263,5.059627532958984,0.7815939784049988
0.4715873897075653,4.2649946212768555,0.7815931439399719
0.3818902373313904,3.5269274711608887,0.7815921902656555
0.43485409021377563,3.844399929046631,0.7815916538238525
0.39905303716659546,3.7985680103302,0.7815907597541809
0.4356248378753662,3.5061936378479004,0.7815900444984436
0.37770789861679077,4.143782138824463,0.7815894484519958
0.4060472846031189,3.1967711448669434,0.7815888524055481
0.46389660239219666,3.015958786010742,0.7815881371498108
0.47004595398902893,4.087545394897461,0.7815874218940735
0.4475497007369995,3.749080181121826,0.7815865874290466
0.4533598721027374,3.936429023742676,0.7815858721733093
0.40019237995147705,3.2239861488342285,0.7815849781036377
0.49222227931022644,3.0266356468200684,0.7815840840339661
0.47914716601371765,3.691925525665283,0.781583309173584
0.43660423159599304,3.9590611457824707,0.7815825343132019
0.42125260829925537,3.1701529026031494,0.7815816402435303
0.44966697692871094,3.6357271671295166,0.7815806865692139
0.43981558084487915,3.7730846405029297,0.7815797328948975
0.4066108167171478,3.15022349357605,0.7815788984298706
0.41468122601509094,3.8176279067993164,0.7815780639648438
0.4228678047657013,4.720138072967529,0.7815771698951721
0.44218719005584717,5.231147766113281,0.7815763354301453
0.44283902645111084,3.4088845252990723,0.7815754413604736
0.4477135241031647,3.8734686374664307,0.7815747261047363
0.4264792501926422,4.621964454650879,0.7815739512443542
0.4483122229576111,3.4528284072875977,0.7815731763839722
0.4626678228378296,4.1298828125,0.7815722823143005
0.46424469351768494,3.0166873931884766,0.781571626663208
0.5315735340118408,3.9677274227142334,0.7815708518028259
0.3731042146682739,3.5558393001556396,0.7815700769424438
0.4117395579814911,4.170813083648682,0.7815694212913513
0.427012175321579,4.472184658050537,0.7815684676170349
0.42977941036224365,3.013648748397827,0.7815676331520081
0.4979597330093384,4.138267517089844,0.7815669178962708
0.4809147119522095,3.553976535797119,0.7815659642219543
0.4816042482852936,3.5031330585479736,0.7815649509429932
0.4676823019981384,3.5291659832000732,0.7815641164779663
0.4351864159107208,3.6865618228912354,0.7815631628036499
0.45527011156082153,4.2216796875,0.7815623879432678
0.4363342821598053,2.9889419078826904,0.7815613150596619
0.4444241523742676,3.554767370223999,0.7815604209899902
0.43474310636520386,3.8171064853668213,0.7815598249435425
0.4175001382827759,3.319037437438965,0.7815589308738708
0.4856809973716736,3.8495569229125977,0.7815582752227783
0.420582115650177,3.7584776878356934,0.7815574407577515
0.4268984794616699,3.951279640197754,0.7815566062927246
0.4565527141094208,3.462857723236084,0.7815556526184082
0.47378844022750854,3.2489893436431885,0.7815547585487366
0.39730796217918396,3.3682847023010254,0.7815538048744202
0.46034368872642517,4.2123847007751465,0.7815529704093933
0.43907561898231506,3.2862558364868164,0.781552255153656
0.500744104385376,4.256877899169922,0.7815515398979187
0.4411872625350952,4.19185209274292,0.7815505862236023
0.4988589882850647,3.78169584274292,0.7815499305725098
0.4290773570537567,3.7434887886047363,0.7815492749214172
0.43797266483306885,3.609313488006592,0.7815485000610352
0.44252294301986694,3.946108818054199,0.7815476059913635
0.4436289370059967,3.664254903793335,0.7815467715263367
0.43319591879844666,3.1522929668426514,0.7815460562705994
0.41250041127204895,3.1781671047210693,0.7815452814102173
0.4275551438331604,4.441867351531982,0.7815443277359009
0.4876953065395355,3.762877941131592,0.7815435528755188
0.4455600678920746,3.3716683387756348,0.7815427780151367
0.4492456316947937,3.5357930660247803,0.7815420627593994
0.4542539119720459,3.567263603210449,0.7815411686897278
0.4767729341983795,3.60909366607666,0.7815403342247009
0.47825613617897034,3.718766689300537,0.7815396189689636
0.4451293349266052,3.1884312629699707,0.7815386652946472
0.495063841342926,2.950713634490967,0.7815379500389099
0.47050270438194275,3.7280311584472656,0.7815369963645935
0.3755626678466797,3.7311551570892334,0.7815362811088562
0.4292290508747101,3.734541893005371,0.7815355062484741
0.43158018589019775,3.251523971557617,0.7815347909927368
0.43948423862457275,4.313982009887695,0.7815341353416443
0.47935667634010315,3.9823853969573975,0.7815333604812622
0.384438693523407,3.5438127517700195,0.7815324664115906
0.5264294743537903,3.635718822479248,0.781531810760498
0.4496453106403351,3.5531978607177734,0.7815308570861816
0.5049543976783752,3.8265740871429443,0.7815301418304443
0.4491950273513794,3.2335548400878906,0.7815291881561279
0.46963316202163696,3.9701461791992188,0.7815284729003906
0.41971686482429504,3.2493159770965576,0.7815276980400085
0.4430255889892578,3.229083776473999,0.7815269827842712
0.4674322307109833,4.263611793518066,0.7815260291099548
0.459842324256897,3.8095033168792725,0.7815253138542175
0.38394641876220703,3.083010196685791,0.7815245389938354
0.4546058475971222,3.2794060707092285,0.7815236449241638
0.44394248723983765,3.5358338356018066,0.7815229296684265
0.43580755591392517,5.123957633972168,0.7815222144126892
0.4304479956626892,3.741407871246338,0.781521201133728
0.4450830817222595,4.352249622344971,0.7815206050872803
0.4034199118614197,3.4231245517730713,0.781519889831543
0.4340020716190338,3.9346818923950195,0.7815192341804504
0.43408751487731934,5.669565200805664,0.7815185189247131
0.42914098501205444,3.6477878093719482,0.7815176248550415
0.40962567925453186,4.3477911949157715,0.781516969203949
0.47203245759010315,5.200921058654785,0.7815161943435669
0.46688711643218994,3.341785430908203,0.7815152406692505
0.4731149971485138,3.6218509674072266,0.7815142869949341
0.4056323170661926,4.154656410217285,0.7815134525299072
0.4575687050819397,4.125032424926758,0.7815126776695251
0.4284255802631378,3.252777576446533,0.7815118432044983
0.4475398063659668,3.0749893188476562,0.7815110683441162
0.5029253959655762,4.2030510902404785,0.7815102934837341
0.40594008564949036,4.175589084625244,0.7815093994140625
0.4339808225631714,3.4482388496398926,0.7815085649490356
0.44146379828453064,3.5848984718322754,0.7815078496932983
0.43737486004829407,3.9428505897521973,0.7815069556236267
0.47663307189941406,4.482296943664551,0.7815060615539551
0.5012363791465759,3.9564011096954346,0.7815051674842834
0.4171769320964813,3.135718822479248,0.7815042734146118
0.43874916434288025,3.7198448181152344,0.7815033793449402
0.42483991384506226,3.2548370361328125,0.7815025448799133
0.4515983760356903,3.9548561573028564,0.7815015912055969
0.4446007311344147,3.5774879455566406,0.7815008163452148
0.4989970624446869,3.7510955333709717,0.7815001010894775
0.45999282598495483,3.8667190074920654,0.7814991474151611
0.4795958697795868,3.7305378913879395,0.781498372554779
0.44077441096305847,3.573054790496826,0.7814974784851074
0.4553837478160858,2.9894509315490723,0.7814967632293701
0.42772161960601807,3.825718879699707,0.7814958095550537
0.4486244022846222,3.121962308883667,0.7814949154853821
0.4296973943710327,3.4609293937683105,0.7814940810203552
0.4431440234184265,3.4070186614990234,0.7814934849739075
0.4976778030395508,3.272923469543457,0.7814926505088806
0.4856397211551666,3.9119763374328613,0.7814919352531433
0.4310525357723236,3.504607677459717,0.7814912796020508
0.3949388861656189,3.237093687057495,0.7814905643463135
0.36338865756988525,4.5014262199401855,0.7814896702766418
0.48029249906539917,3.8147103786468506,0.7814889550209045
0.4207257032394409,3.1896491050720215,0.7814882397651672
0.465634822845459,3.6164655685424805,0.7814874053001404
0.4130997359752655,4.327967166900635,0.7814866304397583
0.4615362584590912,4.040141582489014,0.7814858555793762
0.43447017669677734,4.218105792999268,0.7814850807189941
0.4987773895263672,4.204667091369629,0.7814842462539673
0.4400264620780945,4.140163421630859,0.78148353099823
0.44033384323120117,4.016262054443359,0.7814827561378479
0.43150439858436584,3.7814781665802,0.7814821600914001
0.4321509599685669,4.20020866394043,0.7814812660217285
0.4421076774597168,2.758831739425659,0.7814803123474121
0.46932780742645264,3.6422178745269775,0.7814796566963196
0.4136929214000702,4.673145294189453,0.7814788222312927
0.45905569195747375,3.8397216796875,0.7814778089523315
0.4641556441783905,3.6042356491088867,0.7814769148826599
0.4254496991634369,3.859062671661377,0.7814760804176331
0.44313710927963257,3.3848233222961426,0.7814751267433167
0.38618624210357666,3.308197498321533,0.7814745903015137
0.4590180814266205,4.21098518371582,0.781473696231842
0.4905351996421814,3.4258079528808594,0.7814728617668152
0.4387514889240265,3.7939751148223877,0.7814722657203674
0.4047061800956726,3.832106590270996,0.7814716696739197
0.39446529746055603,4.505956649780273,0.7814708948135376
0.446073055267334,3.861187696456909,0.7814700603485107
0.45427489280700684,3.705531358718872,0.7814690470695496
0.4768018126487732,3.359837055206299,0.781468391418457
0.4207042455673218,3.5160374641418457,0.781467616558075
0.4630078077316284,4.456478118896484,0.7814669013023376
0.5029659271240234,3.481130599975586,0.7814660668373108
0.38874107599258423,3.6991376876831055,0.7814652919769287
0.46157920360565186,3.4636447429656982,0.7814643383026123
0.44533172249794006,2.98799467086792,0.7814635634422302
0.46999359130859375,4.635603427886963,0.7814627885818481
0.4117381274700165,3.8067984580993652,0.7814618349075317
0.4246876537799835,3.5700106620788574,0.7814611196517944
0.46838387846946716,4.223329544067383,0.7814602851867676
0.4651857614517212,3.560711145401001,0.7814594507217407
0.41317275166511536,3.936899185180664,0.7814586758613586
0.43965470790863037,3.5159010887145996,0.7814578413963318
0.40222638845443726,2.960505723953247,0.7814569473266602
0.44993704557418823,2.802363634109497,0.7814561128616333
0.40140068531036377,2.7446603775024414,0.7814552783966064
0.3847333788871765,3.310957908630371,0.7814543843269348
0.47032132744789124,3.8867952823638916,0.7814537286758423
0.41864410042762756,3.7033116817474365,0.7814528346061707
0.4807574450969696,4.527551651000977,0.7814520001411438
0.44719403982162476,4.48133659362793,0.7814512848854065
0.46245819330215454,3.5424282550811768,0.7814505100250244
0.4195771813392639,3.5309674739837646,0.7814494967460632
0.45926183462142944,3.830672264099121,0.7814486026763916
0.4043860137462616,3.882472276687622,0.7814477682113647
0.44712409377098083,3.8849287033081055,0.7814468741416931
0.4526781439781189,4.516106128692627,0.7814459800720215
0.46514418721199036,3.880571126937866,0.7814451456069946
0.47357091307640076,3.8331799507141113,0.7814443111419678
0.40624910593032837,3.225862979888916,0.7814435958862305
0.42993512749671936,3.4150500297546387,0.7814426422119141
0.4118439257144928,3.422736644744873,0.781441867351532
0.4199819564819336,3.787294864654541,0.7814409732818604
0.42402997612953186,4.1367669105529785,0.781440258026123
0.42679086327552795,2.7127695083618164,0.781439483165741
0.42145106196403503,2.9948039054870605,0.7814386487007141
0.4286144971847534,4.200557708740234,0.7814377546310425
0.4348353445529938,3.959238052368164,0.7814369201660156
0.4627629816532135,4.619101524353027,0.7814362049102783
0.4428495764732361,3.217003345489502,0.7814353108406067
0.48516136407852173,3.591771364212036,0.7814345359802246
0.41668635606765747,4.052943706512451,0.7814338207244873
0.4267578125,5.011740207672119,0.7814327478408813
0.4292859435081482,3.4487054347991943,0.781432032585144
0.4195702373981476,4.307680606842041,0.7814311385154724
0.49209457635879517,3.4931888580322266,0.7814303636550903
0.47128304839134216,3.220723867416382,0.7814294099807739
0.4466027021408081,3.5059702396392822,0.781428873538971
0.4337119162082672,3.3589720726013184,0.7814281582832336
0.4200963079929352,3.3114771842956543,0.7814272046089172
0.4519290328025818,3.5857205390930176,0.7814265489578247
0.4188380241394043,3.6995797157287598,0.7814257144927979
0.45159003138542175,3.2107596397399902,0.7814250588417053
0.4733077883720398,3.6540961265563965,0.7814242839813232
0.4304203689098358,3.840804100036621,0.7814232707023621
0.41560089588165283,4.662535667419434,0.7814225554466248
0.4063124358654022,3.16402006149292,0.7814217209815979
0.4354438781738281,3.9210758209228516,0.7814209461212158
0.4739946722984314,2.960023880004883,0.7814202904701233
0.47511881589889526,3.532038927078247,0.7814193964004517
0.47349104285240173,4.932800769805908,0.7814187407493591
0.4319518804550171,3.784943103790283,0.7814179062843323
0.4779089689254761,3.5679025650024414,0.781417191028595
0.4589724540710449,3.592214584350586,0.7814164161682129
0.4317944347858429,3.242304801940918,0.781415581703186
0.4624277353286743,3.07614803314209,0.7814148664474487
0.3901628851890564,3.884799003601074,0.7814139723777771
0.5380805134773254,5.110969066619873,0.7814131379127502
0.46884825825691223,3.230144739151001,0.7814123034477234
0.4516741931438446,3.466179847717285,0.7814114093780518
0.404244065284729,3.788210153579712,0.7814104557037354
0.48846426606178284,4.368167400360107,0.7814096212387085
0.43305718898773193,3.259133815765381,0.7814087867736816
0.3987359404563904,3.435725688934326,0.78140789270401
0.4180237352848053,3.853604793548584,0.7814068794250488
0.3985916078090668,3.390587329864502,0.7814061641693115
0.38051334023475647,3.234147071838379,0.7814052700996399
0.4050593972206116,3.8222529888153076,0.7814044952392578
0.44589757919311523,3.6252641677856445,0.7814034819602966
0.41605985164642334,3.272339105606079,0.7814027070999146
0.43607622385025024,3.974923610687256,0.7814017534255981
0.3754049837589264,4.0712761878967285,0.7814009189605713
0.381795734167099,3.9742302894592285,0.7814000844955444
0.3755394220352173,4.155265808105469,0.781399130821228
0.42773711681365967,3.7997026443481445,0.7813982367515564
0.4863066077232361,3.789736270904541,0.7813975811004639
0.4022899568080902,3.7763547897338867,0.781396746635437
0.41928672790527344,3.493730068206787,0.7813959121704102
0.46772629022598267,3.77351713180542,0.7813950777053833
0.4631597101688385,2.907230854034424,0.7813943028450012
0.4246385097503662,3.7529687881469727,0.78139328956604
0.3959744870662689,3.0418803691864014,0.7813925743103027
0.5063934922218323,3.7710025310516357,0.7813916802406311
0.4233724772930145,3.03056001663208,0.7813909649848938
0.5211796164512634,2.7809107303619385,0.7813900709152222
0.4335789680480957,3.5528507232666016,0.7813891768455505
0.40103498101234436,4.172006130218506,0.7813882231712341
0.4183124899864197,3.3696043491363525,0.7813873887062073
0.4565682113170624,2.65952730178833,0.7813865542411804
0.45815420150756836,3.4886698722839355,0.7813856601715088
0.43742209672927856,2.956552028656006,0.7813846468925476
0.4686625301837921,4.6930131912231445,0.781383752822876
0.45653778314590454,3.665618658065796,0.7813829183578491
0.45587071776390076,4.296877861022949,0.7813820838928223
0.4543379545211792,3.9498777389526367,0.7813813090324402
0.44192221760749817,3.3697118759155273,0.7813804149627686
0.46160101890563965,3.479153633117676,0.7813794016838074
0.4351065754890442,4.003750801086426,0.7813786268234253
0.3875480592250824,4.212225914001465,0.7813780307769775
0.5008610486984253,3.0642762184143066,0.7813770174980164
0.49746397137641907,3.3163180351257324,0.7813761234283447
0.39237338304519653,3.2022361755371094,0.7813754081726074
0.3973279893398285,3.02846622467041,0.781374454498291
0.4537101686000824,4.1922383308410645,0.7813736200332642
0.46158072352409363,3.9371423721313477,0.7813727855682373
0.4096199572086334,3.21746826171875,0.7813720107078552
0.45083120465278625,3.3956897258758545,0.7813712358474731
0.48383665084838867,3.7883293628692627,0.7813704013824463
0.4485299587249756,3.0062103271484375,0.7813696265220642
0.43350040912628174,3.398411273956299,0.7813689112663269
0.39960977435112,2.682011604309082,0.7813680768013
0.4355839490890503,4.45086669921875,0.7813671827316284
0.3945521414279938,3.9017157554626465,0.7813664078712463
0.3720483183860779,3.588411331176758,0.7813655138015747
0.461983859539032,4.48288631439209,0.7813647985458374
0.45276206731796265,3.747910976409912,0.781363844871521
0.40612661838531494,3.1683218479156494,0.7813630700111389
0.4588046967983246,3.652148723602295,0.7813621163368225
0.4031809866428375,3.723222017288208,0.7813612818717957
0.39945322275161743,3.8526086807250977,0.7813605666160583
0.45547062158584595,3.412479877471924,0.7813599109649658
0.4204559922218323,3.1009206771850586,0.7813590168952942
0.5209051370620728,3.274299144744873,0.7813583016395569
0.453052282333374,4.592016220092773,0.7813576459884644
0.48409897089004517,3.2479631900787354,0.781356692314148
0.4173696041107178,3.512878656387329,0.7813557386398315
0.42983436584472656,3.615377426147461,0.7813548445701599
0.49156761169433594,3.3826351165771484,0.7813540697097778
0.48563727736473083,3.67151141166687,0.781353235244751
0.40856432914733887,3.55035662651062,0.781352162361145
0.3981373608112335,4.00900936126709,0.7813513278961182
0.40623199939727783,2.778602123260498,0.7813503742218018
0.4334712624549866,3.629789352416992,0.7813495397567749
0.370242178440094,3.3327314853668213,0.7813485860824585
0.4732006788253784,4.3003411293029785,0.7813476920127869
0.4278416037559509,3.9132678508758545,0.7813467979431152
0.44433245062828064,3.8535189628601074,0.7813459038734436
0.4842185378074646,2.954925298690796,0.781345009803772
0.42483919858932495,3.224977970123291,0.781343936920166
0.42613357305526733,3.3815436363220215,0.7813430428504944
0.474089652299881,4.062335968017578,0.7813420295715332
0.4093534052371979,3.6124815940856934,0.7813412547111511
0.42990580201148987,3.7539961338043213,0.7813403606414795
0.41027504205703735,3.630032539367676,0.7813395857810974
0.36935150623321533,3.659273386001587,0.7813388109207153
0.3862587511539459,3.732384443283081,0.7813378572463989
0.4494379460811615,3.7218422889709473,0.7813371419906616
0.4281778633594513,4.165990829467773,0.7813361287117004
0.4345680773258209,3.7732605934143066,0.7813352346420288
0.396818608045578,3.628635883331299,0.781334400177002
0.44911375641822815,3.4012632369995117,0.7813335657119751
0.3625531792640686,3.6248035430908203,0.7813326716423035
0.46670112013816833,3.6500244140625,0.7813318371772766
0.3812180757522583,3.1435866355895996,0.7813311815261841
0.46355220675468445,3.5081231594085693,0.781330406665802
0.41420263051986694,4.240848541259766,0.7813297510147095
0.4375433325767517,3.4984681606292725,0.7813289165496826
0.43111807107925415,3.1793479919433594,0.781328022480011
0.4352489709854126,3.392691135406494,0.7813271880149841
0.4592253863811493,4.089581489562988,0.781326174736023
0.4121464788913727,4.01392126083374,0.7813254594802856
0.43564245104789734,3.79532527923584,0.7813245058059692
0.3787310719490051,4.208534240722656,0.7813236713409424
0.44914716482162476,4.335073471069336,0.7813228964805603
0.424422025680542,2.774597644805908,0.7813221216201782
0.46581411361694336,3.236759901046753,0.7813214063644409
0.4426078200340271,3.6070494651794434,0.7813204526901245
0.4294852614402771,3.5904316902160645,0.7813196182250977
0.43706566095352173,3.82985782623291,0.7813188433647156
0.3972504436969757,3.850019931793213,0.781317949295044
0.4332277476787567,2.7852373123168945,0.7813169360160828
0.4620884656906128,3.85625958442688,0.7813161015510559
0.47358205914497375,3.8302102088928223,0.7813152074813843
0.4337604343891144,3.6316323280334473,0.7813144326210022
0.47226661443710327,3.3062548637390137,0.7813136577606201
0.4062690734863281,3.8950343132019043,0.7813129425048828
0.45064684748649597,3.1327481269836426,0.7813121676445007
0.43108898401260376,3.1477479934692383,0.7813113331794739
0.43646517395973206,3.760704517364502,0.7813105583190918
0.4378204941749573,3.364410161972046,0.7813097238540649
0.4154772162437439,3.2729363441467285,0.7813090085983276
0.4557190239429474,3.687622547149658,0.7813080549240112
0.46168258786201477,3.121575117111206,0.7813071012496948
0.4288552701473236,4.2044901847839355,0.7813063263893127
0.4314039647579193,3.507905960083008,0.7813055515289307
0.38194090127944946,3.104564666748047,0.7813045978546143
0.4480847716331482,2.5368716716766357,0.7813038229942322
0.4759896993637085,3.864018678665161,0.7813031673431396
0.3689410388469696,4.020554542541504,0.7813023924827576
0.4728424847126007,3.280219793319702,0.7813014388084412
0.5080151557922363,3.517550468444824,0.78130042552948
0.43550994992256165,3.2220757007598877,0.7812997698783875
0.4398771822452545,4.32097864151001,0.7812988758087158
0.4277496635913849,3.385854959487915,0.7812981605529785
0.42451372742652893,4.039207458496094,0.7812972664833069
0.4400509297847748,3.1835389137268066,0.7812963128089905
0.4487742483615875,3.672184944152832,0.7812957763671875
0.41207340359687805,3.2995498180389404,0.7812948822975159
0.40683287382125854,3.6280059814453125,0.7812941670417786
0.4311348497867584,4.2554426193237305,0.7812934517860413
0.4188297986984253,3.2236318588256836,0.781292736530304
0.43469691276550293,3.963341236114502,0.7812919616699219
0.42058250308036804,3.8854706287384033,0.7812911868095398
0.4397614896297455,4.015738487243652,0.7812902331352234
0.4005076587200165,5.027862548828125,0.7812894582748413
0.383452832698822,3.580498695373535,0.7812885642051697
0.5541344285011292,3.7435758113861084,0.7812877297401428
0.4776429533958435,4.2771406173706055,0.781286895275116
0.4159122109413147,3.513280153274536,0.7812860608100891
0.4663694202899933,3.1192002296447754,0.7812851667404175
0.4259818196296692,3.4825518131256104,0.7812844514846802
0.40862035751342773,3.938469886779785,0.7812836170196533
0.43067502975463867,4.402196407318115,0.7812828421592712
0.4403148591518402,3.434143543243408,0.7812818288803101
0.43545496463775635,3.2900614738464355,0.7812809348106384
0.41275161504745483,3.0873799324035645,0.7812801599502563
0.4425065517425537,3.892378330230713,0.781279444694519
0.3858121931552887,4.117854118347168,0.781278669834137
0.41893666982650757,3.3795690536499023,0.7812778353691101
0.49348196387290955,3.664973258972168,0.781277060508728
0.3498591482639313,3.577800750732422,0.7812764048576355
0.4507160484790802,4.063138484954834,0.7812756896018982
0.46887290477752686,3.409527540206909,0.7812749743461609
0.4102674722671509,3.2007484436035156,0.7812743186950684
0.4381086230278015,3.7547216415405273,0.7812734842300415
0.48395049571990967,4.3877482414245605,0.7812725901603699
0.43204519152641296,3.545253276824951,0.7812716960906982
0.4476066529750824,3.5892155170440674,0.7812709212303162
0.4425934851169586,3.2917051315307617,0.7812700271606445
0.4621001183986664,3.7997512817382812,0.7812691926956177
0.47011080384254456,3.438497543334961,0.7812683582305908
0.4371045231819153,3.5733742713928223,0.7812674641609192
0.4765695035457611,3.0169920921325684,0.7812667489051819
0.49666011333465576,3.183224678039551,0.7812657952308655
0.4870031774044037,2.9280712604522705,0.7812650203704834
0.3915344774723053,3.6690306663513184,0.781264066696167
0.4112643599510193,3.8940696716308594,0.7812632918357849
0.40985575318336487,3.8577940464019775,0.7812623381614685
0.4220435321331024,3.415255546569824,0.7812616229057312
0.42456212639808655,3.0908937454223633,0.7812608480453491
0.5071634650230408,4.746825218200684,0.7812601327896118
0.4330154359340668,4.26077127456665,0.7812591195106506
0.45331457257270813,3.8255934715270996,0.7812580466270447
0.4410436153411865,3.6335301399230957,0.7812572121620178
0.3999391794204712,4.268922328948975,0.7812563180923462
0.39096349477767944,3.906733512878418,0.7812555432319641
0.438556432723999,3.4764740467071533,0.781254768371582
0.48265960812568665,3.2183570861816406,0.7812540531158447
0.4724567234516144,3.3048276901245117,0.7812533378601074
0.5040974617004395,3.6959667205810547,0.7812524437904358
0.44106727838516235,4.8923563957214355,0.7812516093254089
0.389028936624527,3.5169947147369385,0.7812507152557373
0.37885597348213196,3.6961545944213867,0.7812498211860657
0.46507835388183594,3.104067325592041,0.7812488079071045
0.47442156076431274,3.7000484466552734,0.7812480330467224
0.4157122075557709,4.227907657623291,0.7812471985816956
0.46251222491264343,4.5691633224487305,0.7812462449073792
0.4110323488712311,3.946659803390503,0.7812455892562866
0.47416022419929504,3.8016576766967773,0.7812448740005493
0.3794356882572174,3.4338550567626953,0.781244158744812
0.42731842398643494,3.7763829231262207,0.7812433242797852
0.40858304500579834,3.0675692558288574,0.7812424898147583
0.431051105260849,3.363870143890381,0.7812416553497314
0.43771398067474365,3.73075532913208,0.7812409996986389
0.4969639480113983,2.7248101234436035,0.7812401056289673
0.409250408411026,4.154175758361816,0.7812392115592957
0.4293206036090851,3.2426416873931885,0.7812382578849792
0.449569970369339,3.243994951248169,0.7812375426292419
0.3989478349685669,3.13584041595459,0.7812368273735046
0.47521278262138367,4.288356781005859,0.7812360525131226
0.44595539569854736,3.2143611907958984,0.78123539686203
0.47538772225379944,2.9146485328674316,0.7812347412109375
0.39963263273239136,2.6992416381835938,0.781234085559845
0.47106871008872986,5.185898780822754,0.7812333703041077
0.4856624901294708,3.970062494277954,0.7812326550483704
0.4018176198005676,3.166652202606201,0.7812318205833435
0.46056368947029114,3.3803653717041016,0.7812309265136719
0.450353741645813,4.3945417404174805,0.7812299728393555
0.45320823788642883,3.2836990356445312,0.7812291979789734
0.46873939037323,3.215160846710205,0.7812284827232361
0.42317134141921997,3.246270179748535,0.7812276482582092
0.454113632440567,3.140254497528076,0.7812269330024719
0.4097383916378021,3.409215211868286,0.7812263369560242
0.40200769901275635,3.4975717067718506,0.7812256217002869
0.4708482325077057,3.362224578857422,0.7812249660491943
0.4586431086063385,3.678070306777954,0.7812241911888123
0.4098362326622009,3.683943271636963,0.7812231779098511
0.43675726652145386,3.4369945526123047,0.7812221050262451
0.46436604857444763,3.276888847351074,0.7812211513519287
0.4253995418548584,3.5966176986694336,0.7812203168869019
0.41584014892578125,4.178715705871582,0.7812194228172302
0.4566097557544708,3.516021966934204,0.7812185287475586
0.4835605025291443,3.1817288398742676,0.7812176942825317
0.4234006404876709,4.446105480194092,0.7812168598175049
0.4585181772708893,4.640313148498535,0.7812159061431885
0.43928205966949463,2.925100803375244,0.7812151312828064
0.4417121708393097,3.7980566024780273,0.7812144160270691
0.4405803680419922,2.7187371253967285,0.7812135219573975
0.46524664759635925,3.0592994689941406,0.781212568283081
0.5163288116455078,3.6076560020446777,0.7812116742134094
0.45689353346824646,4.757925987243652,0.7812108397483826
0.43416839838027954,3.1211085319519043,0.7812098860740662
0.4101375341415405,3.363651752471924,0.7812089920043945
0.42849472165107727,4.373404502868652,0.7812079191207886
0.4696020781993866,4.141864776611328,0.7812070846557617
0.42828696966171265,3.159818649291992,0.7812061309814453
0.4457336962223053,2.6002514362335205,0.781205415725708
0.4964487850666046,2.942638874053955,0.7812044024467468
0.400553822517395,3.939072608947754,0.7812036871910095
0.42963308095932007,3.5363006591796875,0.7812026739120483
0.47100400924682617,3.54949951171875,0.7812018990516663
0.42758044600486755,3.543717384338379,0.7812009453773499
0.41651880741119385,3.476144790649414,0.7811998724937439
0.4499768614768982,4.60678243637085,0.7811989784240723
0.4775844216346741,3.5405354499816895,0.7811980843544006
0.41175368428230286,4.459845542907715,0.7811972498893738
0.41455623507499695,2.9932079315185547,0.7811964154243469
0.4377404749393463,3.341515064239502,0.7811956405639648
0.47432616353034973,3.054933547973633,0.7811949253082275
0.469577819108963,3.475346088409424,0.7811941504478455
0.3927946388721466,3.8102078437805176,0.7811934947967529
0.49856093525886536,3.284722328186035,0.7811926603317261
0.40632835030555725,3.3707051277160645,0.7811917066574097
0.44429320096969604,3.6306729316711426,0.781190812587738
0.46269363164901733,3.0657100677490234,0.7811899185180664
0.45357513427734375,3.5396814346313477,0.7811892032623291
0.4054771065711975,3.5620455741882324,0.7811882495880127
0.4912302792072296,3.7865443229675293,0.7811872959136963
0.3892355263233185,3.7819461822509766,0.7811864614486694
0.4782485365867615,3.2350215911865234,0.7811857461929321
0.39998871088027954,2.4944024085998535,0.7811848521232605
0.4847167730331421,4.1468000411987305,0.7811838388442993
0.43289992213249207,3.442218780517578,0.7811830639839172
0.44790682196617126,3.011181354522705,0.7811822891235352
0.501253068447113,2.7314419746398926,0.7811813354492188
0.4926304519176483,4.730830669403076,0.7811805009841919
0.47270479798316956,4.375417232513428,0.781179666519165
0.4491441249847412,3.3860673904418945,0.781178891658783
0.442167192697525,3.9024174213409424,0.7811779975891113
0.43634650111198425,3.446981430053711,0.7811773419380188
0.48909467458724976,2.798272132873535,0.7811765074729919
0.45711982250213623,3.2373106479644775,0.7811756730079651
0.4437916576862335,2.9733376502990723,0.781174898147583
0.5097127556800842,4.679834365844727,0.7811741828918457
0.49222531914711,3.512174129486084,0.7811732888221741
0.385415643453598,3.4482157230377197,0.7811722755432129
0.4217211902141571,3.7261569499969482,0.7811713814735413
0.4165172874927521,3.866670608520508,0.7811704874038696
0.44691070914268494,3.8463428020477295,0.7811697125434875
0.4046892821788788,4.393903732299805,0.7811688184738159
0.42887431383132935,4.796594619750977,0.7811680436134338
0.4265526533126831,3.1741199493408203,0.7811673879623413
0.5049198865890503,3.5289862155914307,0.7811666131019592
0.46995997428894043,3.2851123809814453,0.7811658382415771
0.43513959646224976,4.468719959259033,0.7811651229858398
0.4190715253353119,4.049429893493652,0.7811644077301025
0.4851769506931305,3.090662956237793,0.7811635732650757
0.4064270555973053,4.641848564147949,0.7811627984046936
0.39162787795066833,3.575016975402832,0.7811620831489563
0.44904232025146484,2.9327292442321777,0.7811612486839294
0.46000126004219055,4.315735816955566,0.7811603546142578
0.4560542702674866,3.919346332550049,0.7811595797538757
0.4004397392272949,3.2145304679870605,0.7811588048934937
0.4408501088619232,3.296578884124756,0.7811579704284668
0.4556520879268646,3.2422938346862793,0.7811571955680847
0.44109657406806946,2.9793615341186523,0.7811565399169922
0.4508363902568817,3.5154151916503906,0.7811558246612549
0.4077087938785553,4.064471244812012,0.7811549305915833
0.4517199993133545,3.1990537643432617,0.7811541557312012
0.4634569585323334,3.944878101348877,0.7811533808708191
0.46390804648399353,4.7269744873046875,0.7811525464057922
0.43919268250465393,3.033874988555908,0.7811514735221863
0.3842621147632599,3.1469202041625977,0.7811505198478699
0.4178750514984131,3.572549819946289,0.781149685382843
0.46290090680122375,3.2315995693206787,0.7811490297317505
0.5117623209953308,3.2847893238067627,0.7811483144760132
0.4520520567893982,4.2703351974487305,0.7811473608016968
0.4195687472820282,3.4733285903930664,0.7811462879180908
0.41009488701820374,3.1870319843292236,0.7811453342437744
0.45456328988075256,2.8490400314331055,0.7811443209648132
0.44843417406082153,3.889147996902466,0.781143307685852
0.4188214838504791,3.6732916831970215,0.7811424136161804
0.3963898718357086,4.49323034286499,0.7811415195465088
0.39274269342422485,3.8464272022247314,0.7811406254768372
0.5341973900794983,3.706798553466797,0.7811399102210999
0.40396225452423096,3.299569845199585,0.7811390161514282
0.405519962310791,4.003217697143555,0.7811383008956909
0.4147067666053772,3.951000213623047,0.7811375260353088
0.40937429666519165,4.333629131317139,0.7811366319656372
0.4602302312850952,4.89543342590332,0.7811357975006104
0.41124632954597473,4.312638759613037,0.7811349034309387
0.5006003975868225,4.201196670532227,0.781133770942688
0.4633724093437195,3.775148868560791,0.7811331152915955
0.4537079632282257,3.122727394104004,0.7811322808265686
0.3808596432209015,3.6000280380249023,0.7811316847801208
0.43910789489746094,5.306577682495117,0.7811310291290283
0.4852888286113739,4.7551589012146,0.781130313873291
0.44572749733924866,3.493013381958008,0.7811295986175537
0.41923850774765015,3.3243889808654785,0.7811288237571716
0.4158055782318115,3.55855655670166,0.7811278104782104
0.4407835602760315,4.637868404388428,0.7811270356178284
0.4164612889289856,3.45658016204834,0.7811263799667358
0.38147667050361633,3.520677089691162,0.7811256051063538
0.42058366537094116,3.485616445541382,0.7811247110366821
0.44347089529037476,4.497401714324951,0.7811240553855896
0.4094531834125519,3.7208547592163086,0.7811232805252075
0.47387969493865967,3.752594470977783,0.7811224460601807
0.46834060549736023,3.2327985763549805,0.7811216711997986
0.48918014764785767,3.610482692718506,0.7811209559440613
0.40675389766693115,4.0462422370910645,0.7811200618743896
0.41271406412124634,3.7169029712677,0.7811191082000732
0.40121832489967346,2.910888195037842,0.7811183929443359
0.45899254083633423,3.2734789848327637,0.7811175584793091
0.42789599299430847,4.241013050079346,0.7811167240142822
0.4205872714519501,3.2984492778778076,0.7811159491539001
0.5205239653587341,3.1367197036743164,0.7811151742935181
0.45842787623405457,3.3761801719665527,0.7811142802238464
0.43211162090301514,3.3432955741882324,0.7811133861541748
0.4753652811050415,2.9129490852355957,0.7811124920845032
0.46427932381629944,4.280762195587158,0.7811117172241211
0.4674847424030304,3.866759777069092,0.7811108231544495
0.4162093997001648,3.748683452606201,0.7811099886894226
0.45259588956832886,3.7286882400512695,0.7811092138290405
0.37027275562286377,4.08266544342041,0.7811084985733032
0.4609270989894867,3.4453554153442383,0.7811076641082764
0.41859084367752075,3.2990076541900635,0.7811068296432495
0.4812679886817932,3.704418659210205,0.7811060547828674
0.440999299287796,3.045153856277466,0.781105101108551
0.5293352603912354,3.738755702972412,0.7811040282249451
0.4632911682128906,3.4926538467407227,0.781103253364563
0.40602338314056396,3.21913480758667,0.7811023592948914
0.472583144903183,2.4837639331817627,0.781101405620575
0.3935454487800598,3.075778007507324,0.7811004519462585
0.46755942702293396,2.9322867393493652,0.7810994386672974
0.4498039484024048,4.29777717590332,0.7810987234115601
0.5061806440353394,3.6383657455444336,0.7810977697372437
0.3797941505908966,3.817913055419922,0.7810968160629272
0.41841500997543335,3.556968927383423,0.7810959815979004
0.41838300228118896,4.529311656951904,0.7810953259468079
0.4846936762332916,3.392080068588257,0.781094491481781
0.48965513706207275,3.1821095943450928,0.7810934782028198
0.4482344090938568,3.3687150478363037,0.7810928225517273
0.4812297821044922,3.091895580291748,0.78109210729599
0.40974318981170654,4.190820217132568,0.7810912728309631
0.4557626247406006,4.114977836608887,0.7810903191566467
0.40082719922065735,2.830545425415039,0.7810893654823303
0.4645509123802185,3.4496893882751465,0.7810885906219482
0.4580717980861664,3.4644577503204346,0.7810875773429871
0.41781166195869446,3.6749351024627686,0.7810867428779602
0.44322866201400757,4.32994270324707,0.7810858488082886
0.45724236965179443,4.163020133972168,0.7810850739479065
0.4522508382797241,3.1513512134552,0.7810841798782349
0.5580193400382996,3.539947986602783,0.7810832262039185
0.47581592202186584,3.1955790519714355,0.7810823917388916
0.44617223739624023,3.052061080932617,0.7810816168785095
0.43162599205970764,3.2140464782714844,0.7810807228088379
0.4515518546104431,2.9887561798095703,0.7810798287391663
0.4087129831314087,2.525785207748413,0.7810789346694946
0.45752620697021484,4.148370742797852,0.7810782194137573
0.5146292448043823,3.14667010307312,0.7810772657394409
0.4556676745414734,3.4456992149353027,0.7810763716697693
0.458484947681427,3.3692140579223633,0.7810755372047424
0.4497857689857483,3.3264217376708984,0.781074583530426
0.42246702313423157,4.612640857696533,0.7810737490653992
0.41229936480522156,4.357126235961914,0.781072735786438
0.4559050500392914,3.7072525024414062,0.7810720205307007
0.46720466017723083,3.8776488304138184,0.7810711860656738
0.5283325910568237,4.241220474243164,0.7810704112052917
0.435825377702713,3.357851266860962,0.7810695171356201
0.42442476749420166,3.297041654586792,0.7810689210891724
0.4302762448787689,4.1320366859436035,0.7810680270195007
0.4700338542461395,3.8846540451049805,0.7810673117637634
0.4535200297832489,3.3018393516540527,0.7810664176940918
0.497649610042572,5.212033271789551,0.7810656428337097
0.39278921484947205,3.541790246963501,0.7810646295547485
0.46268031001091003,3.6647355556488037,0.7810638546943665
0.4550146758556366,3.334414005279541,0.7810630798339844
0.4394243061542511,3.669675588607788,0.7810622453689575
0.4671323001384735,3.2280874252319336,0.7810614109039307
0.4008992314338684,3.632290840148926,0.781060516834259
0.41466453671455383,2.8242850303649902,0.7810598015785217
0.45529454946517944,3.1833314895629883,0.7810590267181396
0.43797942996025085,3.122134208679199,0.7810580730438232
0.445790559053421,3.378180980682373,0.7810572981834412
0.4359864592552185,3.0930721759796143,0.78105628490448
0.4273224472999573,3.7553012371063232,0.7810554504394531
0.44283705949783325,2.845421314239502,0.7810544967651367
0.43019118905067444,3.535449504852295,0.7810535430908203
0.41268715262413025,4.054721832275391,0.7810527086257935
0.40669241547584534,4.441360950469971,0.7810519933700562
0.4772850573062897,3.3953309059143066,0.7810509204864502
0.3756360411643982,2.87313175201416,0.7810500264167786
0.3602534532546997,2.754713296890259,0.7810491323471069
0.41496115922927856,3.129708766937256,0.7810482382774353
0.43685388565063477,4.0749101638793945,0.7810474634170532
0.4108193814754486,3.1149821281433105,0.7810465097427368
0.4302913546562195,3.3687994480133057,0.7810457348823547
0.40146106481552124,4.218614101409912,0.7810449600219727
0.4665118157863617,2.7345943450927734,0.7810440063476562
0.49310415983200073,4.313507080078125,0.7810431718826294
0.45274683833122253,2.7729451656341553,0.7810423374176025
0.44812139868736267,3.8423404693603516,0.7810414433479309
0.44054824113845825,3.836040496826172,0.7810407280921936
0.4709334373474121,3.2954204082489014,0.781039834022522
0.415210485458374,3.7522835731506348,0.7810390591621399
0.48118945956230164,3.3747293949127197,0.7810382843017578
0.4519660174846649,3.766455888748169,0.7810373902320862
0.42440780997276306,3.414562940597534,0.7810366153717041
0.4236587882041931,4.056025505065918,0.7810356616973877
0.4494960606098175,4.742953300476074,0.7810346484184265
0.4464912414550781,3.239821434020996,0.7810338139533997
0.5057677626609802,3.9209413528442383,0.7810330390930176
0.5006627440452576,3.6609678268432617,0.781032145023346
0.45640966296195984,3.2917237281799316,0.7810311913490295
0.4470634460449219,3.858602285385132,0.7810303568840027
0.48710960149765015,3.6153645515441895,0.7810294032096863
0.44126376509666443,3.5357701778411865,0.7810285687446594
0.4175434708595276,3.1547446250915527,0.7810275554656982
0.4681319296360016,3.656980514526367,0.7810265421867371
0.4088985323905945,4.219369888305664,0.7810257077217102
0.45801860094070435,4.382050037384033,0.7810246348381042
0.445936918258667,2.8003180027008057,0.7810238599777222
0.3940941393375397,3.128598690032959,0.7810230255126953
0.4133159816265106,3.283362865447998,0.7810221910476685
0.43246227502822876,3.2583236694335938,0.781021237373352
0.42301642894744873,4.376718997955322,0.7810202836990356
0.42469725012779236,3.215243339538574,0.7810192704200745
0.46116068959236145,3.4072065353393555,0.7810183763504028
0.4259263575077057,3.514484405517578,0.7810174226760864
0.49911051988601685,3.354283332824707,0.7810166478157043
0.4206608831882477,4.340015411376953,0.7810157537460327
0.39824575185775757,3.5074801445007324,0.7810148596763611
0.41973158717155457,4.048207759857178,0.7810139656066895
0.40856674313545227,4.297469139099121,0.781013011932373
0.38452979922294617,3.5332775115966797,0.7810122966766357
0.40487343072891235,2.9909327030181885,0.7810115814208984
0.4322666823863983,3.2643790245056152,0.7810106873512268
0.44624847173690796,4.8354105949401855,0.7810098528862
0.40824419260025024,3.6957552433013916,0.781009316444397
0.44198697805404663,2.521733045578003,0.7810083031654358
0.46332404017448425,3.2827484607696533,0.7810075283050537
0.3915240466594696,3.8238353729248047,0.7810066342353821
0.4162449538707733,3.669710636138916,0.7810056805610657
0.4378553330898285,3.4815821647644043,0.781004786491394
0.44124075770378113,4.126863479614258,0.7810040712356567
0.5073794722557068,3.698620319366455,0.7810031175613403
0.43492597341537476,4.766452789306641,0.781002402305603
0.4304604232311249,3.1580984592437744,0.7810013890266418
0.44734758138656616,3.5804009437561035,0.7810006141662598
0.42839157581329346,3.331563711166382,0.7809995412826538
0.4397861063480377,3.401343822479248,0.7809985876083374
0.48512426018714905,3.3268089294433594,0.7809975743293762
0.4603252708911896,3.789693832397461,0.7809966802597046
0.4198615849018097,3.774559497833252,0.780995786190033
0.408100426197052,3.6010634899139404,0.7809950113296509
0.42626193165779114,3.7527852058410645,0.7809940576553345
0.45712515711784363,4.207081317901611,0.7809932231903076
0.47111353278160095,4.602902412414551,0.7809921503067017
0.4320640563964844,3.532153367996216,0.7809913158416748
0.39557716250419617,3.5714921951293945,0.7809906005859375
0.42511630058288574,2.987515687942505,0.7809895873069763
0.5127937197685242,3.8036954402923584,0.7809887528419495
0.40250879526138306,3.527820110321045,0.7809878587722778
0.400129497051239,3.079219341278076,0.7809869050979614
0.4162898063659668,2.7829933166503906,0.7809860706329346
0.46077027916908264,3.678334951400757,0.7809852361679077
0.4319666922092438,4.017561912536621,0.7809843420982361
0.4597126543521881,2.9258065223693848,0.7809835076332092
0.4142756462097168,3.466865062713623,0.7809825539588928
0.440866619348526,3.031572103500366,0.780981719493866
0.4328038692474365,3.8851733207702637,0.78098064661026
0.49046042561531067,3.266895294189453,0.7809798121452332
0.4484408497810364,3.6216349601745605,0.7809788584709167
0.4218060076236725,4.119391441345215,0.7809780240058899
0.40208542346954346,4.088332176208496,0.7809770107269287
0.3965606689453125,2.9614198207855225,0.7809762954711914
0.4623274803161621,2.9370381832122803,0.7809755206108093
0.4399831295013428,3.5201363563537598,0.7809746861457825
0.40150630474090576,3.5805463790893555,0.7809738516807556
0.3785206973552704,4.106507778167725,0.7809730768203735
0.48462897539138794,3.9121487140655518,0.7809721231460571
0.43579810857772827,3.243459463119507,0.7809714078903198
0.5328642725944519,3.4429168701171875,0.780970573425293
0.42349517345428467,3.775987148284912,0.7809696197509766
0.42450958490371704,3.9912681579589844,0.7809689044952393
0.4519922137260437,3.8949429988861084,0.7809678912162781
0.4321056008338928,3.481076240539551,0.7809669971466064
0.42646926641464233,3.455456495285034,0.7809661030769348
0.47029775381088257,3.3849594593048096,0.7809650897979736
0.41699981689453125,4.427148818969727,0.7809643149375916
0.4324738085269928,4.036452770233154,0.7809635400772095
0.4686918556690216,3.7834084033966064,0.7809628844261169
0.4702695310115814,3.5749003887176514,0.7809619903564453
0.43652331829071045,2.966038942337036,0.7809610962867737
0.3768731653690338,3.38791561126709,0.7809602618217468
0.4376274049282074,2.760364532470703,0.7809595465660095
0.44378429651260376,3.784827947616577,0.7809587717056274
0.4575503468513489,3.3144993782043457,0.7809579372406006
0.43080657720565796,3.7763893604278564,0.780957043170929
0.4177393317222595,3.6156833171844482,0.7809562683105469
0.4772166311740875,3.4637463092803955,0.7809555530548096
0.43213382363319397,2.924417495727539,0.7809547781944275
0.4315602779388428,3.304356336593628,0.7809538841247559
0.4852537512779236,3.529197931289673,0.7809531092643738
0.44077539443969727,3.9756131172180176,0.7809521555900574
0.45244544744491577,3.41304349899292,0.7809513807296753
0.4334523677825928,3.67411732673645,0.7809503674507141
0.4079512655735016,3.212284564971924,0.7809495329856873
0.41412150859832764,4.123549938201904,0.7809486985206604
0.4619990289211273,3.7164359092712402,0.7809478640556335
0.504264771938324,3.3190643787384033,0.7809469699859619
0.4250342547893524,3.564311981201172,0.7809462547302246
0.41480764746665955,4.013622283935547,0.780945360660553
0.4958660304546356,4.020875453948975,0.7809444069862366
0.44458213448524475,3.6668636798858643,0.7809434533119202
0.43367698788642883,3.8415420055389404,0.7809426188468933
0.45599982142448425,3.423922538757324,0.7809416055679321
0.5135670900344849,3.559300422668457,0.78094083070755
0.47320571541786194,3.890538215637207,0.7809398174285889
0.39488983154296875,3.6120810508728027,0.7809388637542725
0.47665777802467346,3.086961507797241,0.7809380888938904
0.464498370885849,3.7694716453552246,0.7809371948242188
0.45079344511032104,3.5510878562927246,0.7809361219406128
0.42154672741889954,3.12052059173584,0.7809353470802307
0.46685388684272766,4.330994606018066,0.7809345722198486
0.4461216926574707,3.4577643871307373,0.780933678150177
0.45254167914390564,4.382209300994873,0.780932605266571
0.5156542062759399,2.6240193843841553,0.7809317708015442
0.5007316470146179,3.1565470695495605,0.7809306979179382
0.41009634733200073,4.424661159515381,0.7809296250343323
0.4554877281188965,3.374664306640625,0.7809286117553711
0.4401448667049408,3.6262121200561523,0.7809278964996338
0.45478591322898865,3.7017953395843506,0.7809270024299622
0.4204365909099579,3.2851481437683105,0.7809263467788696
0.464637815952301,2.9982991218566895,0.7809255719184875
0.43290114402770996,4.64031457901001,0.780924916267395
0.42319369316101074,3.7017078399658203,0.7809239029884338
0.4500105679035187,3.562544584274292,0.780923068523407
0.4316350817680359,3.6349706649780273,0.7809222936630249
0.43778669834136963,3.646514415740967,0.7809213399887085
0.45697301626205444,4.627382755279541,0.7809204459190369
0.49611493945121765,4.495069980621338,0.7809196710586548
0.3839554190635681,3.2170090675354004,0.7809188961982727
0.49374520778656006,4.155022621154785,0.7809182405471802
0.4124840497970581,3.5078048706054688,0.7809175252914429
0.3780396282672882,3.5290985107421875,0.7809165716171265
0.5075675249099731,3.003437042236328,0.7809159755706787
0.48918166756629944,3.6671817302703857,0.7809150218963623
0.41699516773223877,3.839262008666992,0.7809140682220459
0.3961351811885834,3.517857074737549,0.780913233757019
0.5121709108352661,3.518085479736328,0.7809122800827026
0.4774487316608429,2.825923442840576,0.7809115648269653
0.4683937728404999,3.4497907161712646,0.7809106111526489
0.4376519024372101,2.3550257682800293,0.7809098362922668
0.41305622458457947,3.5902552604675293,0.7809092402458191
0.49613556265830994,3.339899778366089,0.7809083461761475
0.45117583870887756,3.245023250579834,0.7809075117111206
0.4238675534725189,3.030194044113159,0.7809065580368042
0.4209795296192169,3.3334450721740723,0.7809056043624878
0.416936457157135,3.7330331802368164,0.7809047102928162
0.40805959701538086,3.075563430786133,0.7809036374092102
0.4317476153373718,3.2444286346435547,0.7809027433395386
0.4490309953689575,3.1279516220092773,0.7809020280838013
0.44609081745147705,4.570928573608398,0.7809011340141296
0.4379730224609375,2.821859836578369,0.7809001803398132
0.391416996717453,3.893033981323242,0.7808993458747864
0.4261467754840851,3.1751327514648438,0.78089839220047
0.41937118768692017,3.646662712097168,0.7808974981307983
0.48030200600624084,4.945365905761719,0.780896782875061
0.44784483313560486,2.842655658721924,0.7808957099914551
0.4698829650878906,3.8453266620635986,0.7808950543403625
0.41628605127334595,3.311100482940674,0.7808943390846252
0.4548081159591675,4.411346912384033,0.7808934450149536
0.44973817467689514,3.7615585327148438,0.7808926701545715
0.4140670597553253,2.7767138481140137,0.7808918952941895
0.4449480473995209,3.5608887672424316,0.7808910012245178
0.43265771865844727,3.345728874206543,0.7808900475502014
0.4230237603187561,4.344695091247559,0.7808892130851746
0.43298280239105225,3.272029161453247,0.7808883786201477
0.41144859790802,3.723304271697998,0.780887246131897
0.4051940143108368,2.913970470428467,0.7808863520622253
0.4209747612476349,4.587933540344238,0.780885636806488
0.4467223882675171,2.979424238204956,0.7808847427368164
0.4355314075946808,2.9827518463134766,0.7808836698532104
0.44385725259780884,3.8553709983825684,0.7808828353881836
0.4704548120498657,3.6382408142089844,0.780881941318512
0.44389837980270386,4.584639549255371,0.7808811068534851
0.4130714237689972,3.902740478515625,0.7808800339698792
0.4367488622665405,3.518080472946167,0.7808788418769836
0.41431188583374023,3.609333038330078,0.7808777689933777
0.42966148257255554,4.140963077545166,0.7808770537376404
0.4142528772354126,4.7938079833984375,0.7808759808540344
0.4780910313129425,3.4253323078155518,0.7808749675750732
0.4029957354068756,3.3385868072509766,0.7808739542961121
0.39900413155555725,3.557374954223633,0.7808731198310852
0.4413378834724426,3.5075483322143555,0.7808723449707031
0.45365187525749207,3.520061492919922,0.7808713316917419
0.4416610598564148,4.713532447814941,0.780870258808136
0.4254215657711029,3.059356689453125,0.7808693051338196
0.44067588448524475,4.131036758422852,0.7808684706687927
0.4127388596534729,3.9059038162231445,0.7808675765991211
0.4135201871395111,3.9854884147644043,0.7808665633201599
0.42144590616226196,3.3258793354034424,0.7808655500411987
0.4556385576725006,3.853787899017334,0.7808648347854614
0.44477924704551697,3.900343179702759,0.7808639407157898
0.4375162422657013,3.854977607727051,0.7808629274368286
0.46458280086517334,3.358856439590454,0.7808619141578674
0.4839843213558197,3.99533748626709,0.7808610200881958
0.4775979220867157,3.066354274749756,0.7808598875999451
0.477407306432724,3.4528608322143555,0.780859112739563
0.4366171658039093,3.505000591278076,0.7808582186698914
0.44959524273872375,3.979666233062744,0.780857503414154
0.47846052050590515,3.078286647796631,0.7808566689491272
0.45777735114097595,3.2674036026000977,0.7808559536933899
0.40850263833999634,3.9327545166015625,0.7808552980422974
0.3987516760826111,4.743570327758789,0.7808545827865601
0.42255699634552,3.1885898113250732,0.7808539271354675
0.4273838698863983,3.0399274826049805,0.7808531522750854
0.45739105343818665,3.7221739292144775,0.7808522582054138
0.4585598409175873,3.704164505004883,0.780851423740387
0.4166269600391388,3.4851205348968506,0.7808507680892944
0.4285106658935547,2.8484601974487305,0.7808499932289124
0.5012302398681641,3.854668617248535,0.7808490991592407
0.4502471089363098,4.171849250793457,0.7808483839035034
0.46568721532821655,3.052401065826416,0.7808476090431213
0.5177492499351501,3.85868501663208,0.7808469533920288
0.4126487374305725,3.7734997272491455,0.780846118927002
0.42282834649086,3.6630301475524902,0.7808452844619751
0.4477507770061493,3.674825429916382,0.7808444499969482
0.42757993936538696,3.2081313133239746,0.7808435559272766
0.44883841276168823,6.398606300354004,0.7808425426483154
0.4245944917201996,3.3029861450195312,0.780841588973999
0.4300290644168854,3.9546871185302734,0.7808405756950378
0.44875624775886536,3.5816903114318848,0.7808396220207214
0.4517000615596771,4.190945625305176,0.7808389067649841
0.4523679316043854,3.9905881881713867,0.780838131904602
0.47726431488990784,2.8046417236328125,0.7808371186256409
0.4642932116985321,3.203871726989746,0.7808363437652588
0.503966212272644,3.6709225177764893,0.7808354496955872
0.5119197964668274,3.216722011566162,0.7808343768119812
0.48765718936920166,3.09639835357666,0.7808335423469543
0.4268695116043091,2.556346893310547,0.7808325290679932
0.4545902609825134,3.3105313777923584,0.7808316946029663
0.49765509366989136,4.012030124664307,0.7808307409286499
0.4351612329483032,2.936135768890381,0.7808297276496887
0.4257209599018097,4.331198215484619,0.7808288931846619
0.42134031653404236,4.767455101013184,0.780828058719635
0.3935272991657257,3.9941749572753906,0.7808270454406738
0.4465042054653168,3.719332218170166,0.7808262705802917
0.4538877308368683,3.407818078994751,0.7808254957199097
0.5134133100509644,4.334754943847656,0.780824601650238
0.47938352823257446,3.886934757232666,0.7808234691619873
0.4345642328262329,3.4861621856689453,0.7808225154876709
0.4340116083621979,2.846345901489258,0.7808217406272888
0.3938565254211426,4.236652374267578,0.7808207869529724
0.4442245364189148,3.3666040897369385,0.780819833278656
0.47078070044517517,2.74745512008667,0.7808188796043396
0.4178735315799713,3.6883397102355957,0.7808180451393127
0.42310094833374023,3.67553448677063,0.7808171510696411
0.45407262444496155,3.1853795051574707,0.7808164358139038
0.4068227708339691,3.701096773147583,0.7808154821395874
0.4550771713256836,4.408926486968994,0.7808144092559814
0.41605180501937866,4.03827428817749,0.7808136343955994
0.3989991545677185,3.37147855758667,0.7808126211166382
0.43145957589149475,3.6267576217651367,0.7808116674423218
0.4025056064128876,3.29972243309021,0.7808106541633606
0.4283662438392639,3.0552351474761963,0.7808098793029785
0.39693892002105713,4.072127342224121,0.7808089852333069
0.42692431807518005,3.5057594776153564,0.7808082103729248
0.4059208333492279,3.5638082027435303,0.7808071970939636
0.4480212926864624,3.5519232749938965,0.7808061838150024
0.4308878183364868,3.9326870441436768,0.7808051109313965
0.5121501684188843,4.709019184112549,0.7808042168617249
0.44916874170303345,3.945434093475342,0.7808032631874084
0.4656713902950287,3.572381019592285,0.7808021306991577
0.4518016576766968,3.6287941932678223,0.7808014750480652
0.42933332920074463,3.386066436767578,0.7808005809783936
0.48820167779922485,3.6098251342773438,0.7807997465133667
0.46649307012557983,2.801057815551758,0.7807987928390503
0.4243341386318207,3.345891237258911,0.7807978987693787
0.45958417654037476,2.6252965927124023,0.7807968854904175
0.4680371880531311,4.285195350646973,0.7807960510253906
0.4975537657737732,3.395939350128174,0.780795156955719
0.4180493950843811,3.0396556854248047,0.7807942628860474
0.414320170879364,3.225511312484741,0.7807933688163757
0.46309950947761536,3.6464834213256836,0.7807924747467041
0.47123777866363525,3.419260025024414,0.7807917594909668
0.44585931301116943,4.155630111694336,0.7807909846305847
0.4288531541824341,3.3217053413391113,0.7807902097702026
0.41722097992897034,2.9022951126098633,0.7807892560958862
0.45123767852783203,3.9350545406341553,0.780788242816925
0.42402076721191406,3.133716583251953,0.7807873487472534
0.4284188747406006,3.981066942214966,0.7807864546775818
0.4190633296966553,3.5291929244995117,0.7807855010032654
0.4721671938896179,3.4218006134033203,0.7807846665382385
0.4286552369594574,3.8887500762939453,0.7807839512825012
0.4969465434551239,4.236415386199951,0.7807831168174744
0.45227867364883423,4.26340389251709,0.7807824015617371
0.4704938530921936,3.578850030899048,0.780781626701355
0.4327780306339264,3.3754043579101562,0.7807807922363281
0.4080744981765747,3.316990852355957,0.7807798981666565
0.43882185220718384,3.3349335193634033,0.7807791233062744
0.44368964433670044,3.21742582321167,0.7807781100273132
0.4675029516220093,3.4416637420654297,0.7807771563529968
0.5564488768577576,4.414970397949219,0.7807762622833252
0.43955108523368835,2.7725419998168945,0.7807754278182983
0.40619269013404846,2.756645917892456,0.780774712562561
0.45202475786209106,3.849541187286377,0.7807738184928894
0.46146026253700256,2.6349024772644043,0.7807729244232178
0.43625348806381226,3.393813133239746,0.7807721495628357
0.4663010537624359,3.1818203926086426,0.7807711958885193
0.4765070974826813,2.9297361373901367,0.7807704210281372
0.4673384428024292,4.070276737213135,0.7807696461677551
0.44252708554267883,3.543599843978882,0.7807686924934387
0.41710710525512695,3.696244955062866,0.7807679772377014
0.4285835027694702,3.4983296394348145,0.7807672619819641
0.42671889066696167,3.10164475440979,0.7807663083076477
0.41039884090423584,3.811537742614746,0.7807654142379761
0.38786008954048157,3.441685438156128,0.780764639377594
0.3815130591392517,3.6130082607269287,0.7807638049125671
0.46844011545181274,3.597708225250244,0.7807630300521851
0.46397483348846436,3.1779255867004395,0.7807621955871582
0.4452836513519287,3.7232303619384766,0.7807613611221313
0.4100326895713806,3.3382880687713623,0.7807604074478149
0.4166789948940277,3.797112464904785,0.7807596921920776
0.4245319962501526,3.1264405250549316,0.7807589769363403
0.46500644087791443,3.2906312942504883,0.7807580828666687
0.4817860424518585,3.7985527515411377,0.7807571887969971
0.45099103450775146,3.2848141193389893,0.7807562351226807
0.4303695261478424,3.910346508026123,0.780755341053009
0.4322940707206726,2.8861465454101562,0.7807546854019165
0.520004391670227,4.217247486114502,0.7807539105415344
0.5304760336875916,3.277129650115967,0.7807528376579285
0.39847251772880554,3.752012252807617,0.7807518839836121
0.4554620385169983,4.227028846740723,0.78075110912323
0.47957032918930054,3.7718093395233154,0.7807502746582031
0.42669638991355896,3.3979668617248535,0.7807494401931763
0.45764845609664917,3.439103126525879,0.780748724937439
0.41693419218063354,3.153228998184204,0.7807479500770569
0.4314301609992981,3.8184995651245117,0.7807469964027405
0.47779035568237305,3.547518491744995,0.7807457447052002
0.4693082273006439,3.236234426498413,0.7807448506355286
0.4538465738296509,3.366225242614746,0.7807438373565674
0.4356042444705963,3.6734235286712646,0.7807429432868958
0.4051196277141571,3.738342761993408,0.780742347240448
0.36740705370903015,3.5051867961883545,0.7807413935661316
0.4554312825202942,4.75047492980957,0.78074049949646
0.3908756971359253,3.457672595977783,0.7807396054267883
0.40823474526405334,3.1413891315460205,0.7807387113571167
0.4163312017917633,4.08780574798584,0.7807378172874451
0.39553695917129517,4.320769309997559,0.7807368636131287
0.42442798614501953,3.779043674468994,0.780735969543457
0.40405768156051636,3.3479607105255127,0.7807350754737854
0.44965171813964844,3.3999428749084473,0.7807343602180481
0.3485657274723053,3.656196117401123,0.7807335257530212
0.40674978494644165,3.3019840717315674,0.7807327508926392
0.4244357943534851,3.2343931198120117,0.7807319760322571
0.44488975405693054,3.2680118083953857,0.7807312607765198
0.4786914587020874,3.894803047180176,0.7807302474975586
0.419910192489624,3.29941987991333,0.7807295918464661
0.45478785037994385,3.355034351348877,0.7807286381721497
0.4119328558444977,4.004021644592285,0.7807278633117676
0.5062288045883179,3.7798798084259033,0.7807269096374512
0.455167293548584,3.5569329261779785,0.7807259559631348
0.49716684222221375,3.6910903453826904,0.7807250618934631
0.41167014837265015,3.6616687774658203,0.7807241082191467
0.4217826724052429,3.390700340270996,0.7807232141494751
0.41874727606773376,3.2791309356689453,0.7807223200798035
0.4319038689136505,3.1847147941589355,0.7807212471961975
0.42997607588768005,3.1447746753692627,0.7807203531265259
0.49326714873313904,2.5905632972717285,0.7807193994522095
0.4188520014286041,4.224791049957275,0.7807185053825378
0.4481310248374939,3.2439708709716797,0.7807175517082214
0.39196088910102844,3.7921810150146484,0.7807164192199707
0.41610103845596313,4.051870346069336,0.7807154655456543
0.41795241832733154,3.4769067764282227,0.7807145118713379
0.47918638586997986,3.501920223236084,0.7807136178016663
0.4128774404525757,3.2407379150390625,0.7807127833366394
0.4186153709888458,2.948751211166382,0.7807118892669678
0.4544525742530823,3.672959327697754,0.7807109355926514
0.5004386901855469,3.207885265350342,0.7807099223136902
0.4080449640750885,4.3974456787109375,0.7807088494300842
0.4320466220378876,3.3924782276153564,0.780707836151123
0.43167391419410706,3.093641996383667,0.7807067632675171
0.4492266774177551,3.3570384979248047,0.7807058095932007
0.3975980579853058,3.5090718269348145,0.7807048559188843
0.4428524672985077,3.0037641525268555,0.7807037234306335
0.4480702877044678,3.9423866271972656,0.7807026505470276
0.41134512424468994,5.033635139465332,0.7807016372680664
0.44304364919662476,4.222026348114014,0.7807006239891052
0.45697295665740967,3.5737898349761963,0.780699610710144
0.4716034531593323,3.371154308319092,0.7806987762451172
0.4801850914955139,3.512521982192993,0.7806978225708008
0.45934322476387024,2.959446430206299,0.7806967496871948
0.43102768063545227,3.4456233978271484,0.7806960344314575
0.41393184661865234,3.3491811752319336,0.7806951999664307
0.41255295276641846,3.593517541885376,0.7806942462921143
0.400604784488678,3.2772397994995117,0.780693531036377
0.4326826333999634,3.399258852005005,0.7806925773620605
0.46233415603637695,3.3178372383117676,0.7806918025016785
0.38777250051498413,3.632845878601074,0.7806908488273621
0.4005682170391083,3.1859889030456543,0.7806897759437561
0.4823475182056427,4.016916751861572,0.7806889414787292
0.40567100048065186,2.7805657386779785,0.7806879281997681
0.48895081877708435,3.875908851623535,0.7806869745254517
0.49099645018577576,3.221524953842163,0.7806861400604248
0.43328559398651123,3.073211193084717,0.7806852459907532
0.4335351586341858,2.9555914402008057,0.7806841731071472
0.4429401159286499,3.791347026824951,0.7806832194328308
0.4306657314300537,4.148883819580078,0.7806824445724487
0.40746405720710754,3.840155601501465,0.780681312084198
0.4234226644039154,2.9283151626586914,0.7806805372238159
0.4499286413192749,3.078043222427368,0.7806795239448547
0.4245506823062897,3.0864052772521973,0.7806785702705383
0.4639708697795868,3.284904956817627,0.7806776165962219
0.46922969818115234,2.8913536071777344,0.7806767821311951
0.4800475239753723,3.795720338821411,0.7806757092475891
0.48097124695777893,3.5957560539245605,0.7806746959686279
0.4375540018081665,3.7149622440338135,0.7806736826896667
0.46916136145591736,3.5298893451690674,0.780672550201416
0.43227094411849976,2.365325450897217,0.7806715369224548
0.43571487069129944,3.9487786293029785,0.7806705832481384
0.38820356130599976,3.2809038162231445,0.7806695699691772
0.475427508354187,3.7444286346435547,0.7806686758995056
0.48043638467788696,3.490971565246582,0.7806677222251892
0.4132595360279083,3.229418992996216,0.7806667685508728
0.45776647329330444,3.338042736053467,0.7806658744812012
0.4648665189743042,4.811506271362305,0.7806646823883057
0.49762022495269775,3.8849329948425293,0.7806638479232788
0.4955202639102936,3.2517666816711426,0.7806628346443176
0.43156182765960693,3.415001630783081,0.7806618809700012
0.4537082314491272,2.8744964599609375,0.7806608080863953
0.4809454679489136,3.2871592044830322,0.780660092830658
0.4296782910823822,2.9705758094787598,0.7806591391563416
0.4309694170951843,4.183854103088379,0.7806583046913147
0.4807887673377991,3.0807340145111084,0.7806575298309326
0.47763028740882874,3.4880125522613525,0.7806565761566162
0.44602343440055847,3.7631349563598633,0.7806556224822998
0.4848623275756836,3.43670654296875,0.7806544899940491
0.4545707702636719,4.346761703491211,0.7806535363197327
0.39795905351638794,3.2484002113342285,0.780652642250061
0.4635658860206604,4.769372940063477,0.7806516885757446
0.41562139987945557,3.452228307723999,0.7806510329246521
0.48306310176849365,3.339104175567627,0.7806503176689148
0.43345504999160767,3.869432210922241,0.7806496620178223
0.42704787850379944,4.059746742248535,0.7806488275527954
0.41191092133522034,3.73075008392334,0.7806480526924133
0.4170660674571991,3.687821865081787,0.7806470394134521
0.42959684133529663,3.116252899169922,0.7806459665298462
0.42127543687820435,3.819559097290039,0.780644953250885
0.501333475112915,4.074004173278809,0.7806439995765686
0.41869303584098816,3.630652666091919,0.7806432247161865
0.45620298385620117,3.8248963356018066,0.7806423306465149
0.4751242995262146,3.6844899654388428,0.7806417346000671
0.4673827886581421,3.4305882453918457,0.7806409597396851
0.41652220487594604,3.9776759147644043,0.7806401252746582
0.442840039730072,2.77457332611084,0.780639111995697
0.40922605991363525,3.564556121826172,0.7806381583213806
0.4075981080532074,4.046232223510742,0.780637264251709
0.46621909737586975,3.255969285964966,0.780636191368103
0.41745057702064514,3.0019736289978027,0.7806353569030762
0.408334881067276,4.476750373840332,0.7806344032287598
0.39823904633522034,3.296468734741211,0.7806335091590881
0.5059434771537781,3.2654502391815186,0.7806327939033508
0.45542457699775696,4.419627666473389,0.7806320786476135
0.46231809258461,4.053394317626953,0.7806311845779419
0.474243700504303,3.234586715698242,0.7806304693222046
0.4680335819721222,4.522222995758057,0.780629575252533
0.4372823238372803,3.1494476795196533,0.7806286811828613
0.4269563853740692,3.335195541381836,0.7806276679039001
0.47390875220298767,4.108368396759033,0.7806267738342285
0.46778106689453125,3.9837515354156494,0.7806258201599121
0.3880395293235779,3.555694818496704,0.7806251049041748
0.45110756158828735,3.940544605255127,0.7806241512298584
0.4617273509502411,3.7450003623962402,0.7806231379508972
0.42362457513809204,3.5362374782562256,0.7806225419044495
0.4585976302623749,2.941958427429199,0.7806218266487122
0.4879002273082733,4.294478893280029,0.7806209325790405
0.44762706756591797,3.063938617706299,0.7806199193000793
0.39371076226234436,3.5709617137908936,0.7806191444396973
0.46070075035095215,3.787537097930908,0.7806181311607361
0.4456859827041626,4.157564163208008,0.7806172966957092
0.3906656503677368,2.981128692626953,0.780616044998169
0.3570152819156647,3.83870005607605,0.7806152701377869
0.47368067502975464,3.632044792175293,0.7806143164634705
0.4063989818096161,3.870880603790283,0.7806134819984436
0.4728890061378479,3.7108798027038574,0.7806126475334167
0.4446064531803131,2.6935200691223145,0.7806116938591003
0.39799657464027405,3.056530475616455,0.7806107401847839
0.4329283535480499,3.2336134910583496,0.7806099653244019
0.39795875549316406,3.6037981510162354,0.7806090116500854
0.4032660722732544,3.4770588874816895,0.780608057975769
0.45004042983055115,2.817573070526123,0.7806072235107422
0.44896239042282104,4.16922664642334,0.7806063890457153
0.40110355615615845,3.2528023719787598,0.7806055545806885
0.45632627606391907,4.122127532958984,0.7806046009063721
0.4228030741214752,3.01617431640625,0.7806037664413452
0.41160091757774353,3.364563226699829,0.7806029915809631
0.4059021770954132,4.077479839324951,0.7806021571159363
0.44721007347106934,3.6228675842285156,0.7806011438369751
0.44349008798599243,3.1625893115997314,0.7805999517440796
0.4548381567001343,3.339663505554199,0.7805989980697632
0.39700278639793396,3.0513415336608887,0.7805982232093811
0.43519434332847595,3.1143391132354736,0.7805972695350647
0.4537186324596405,3.5667717456817627,0.7805963754653931
0.45511743426322937,3.2155895233154297,0.7805954813957214
0.45522674918174744,3.4397635459899902,0.7805944681167603
0.431466668844223,3.6727583408355713,0.7805935740470886
0.4420459568500519,3.316786050796509,0.7805925011634827
0.4690449833869934,4.187767505645752,0.7805914282798767
0.4399314820766449,3.5575342178344727,0.7805904150009155
0.4016501009464264,3.459237813949585,0.7805894017219543
0.3911484479904175,3.83536696434021,0.7805885672569275
0.4040026068687439,3.5356855392456055,0.7805877923965454
0.3924050033092499,4.220126152038574,0.7805869579315186
0.4388948380947113,3.3556056022644043,0.7805861234664917
0.39873090386390686,3.1387126445770264,0.7805852890014648
0.4886128008365631,3.6258018016815186,0.7805845141410828
0.44602537155151367,3.891091823577881,0.7805835008621216
0.4413393437862396,3.877040147781372,0.7805825471878052
0.4175496995449066,3.521090030670166,0.7805817723274231
0.4066573977470398,2.9371485710144043,0.7805806994438171
0.37852421402931213,3.7090582847595215,0.7805797457695007
0.48958152532577515,3.2161407470703125,0.7805788516998291
0.4209573268890381,2.8164238929748535,0.7805779576301575
0.3549048602581024,3.2851905822753906,0.7805772423744202
0.42983701825141907,3.670545816421509,0.7805764079093933
0.5281291604042053,3.222965717315674,0.7805754542350769
0.4453783333301544,4.697220325469971,0.7805745601654053
0.4352084994316101,4.700079441070557,0.7805734276771545
0.4310297966003418,3.3364999294281006,0.7805724740028381
0.4501740038394928,3.85797119140625,0.7805714011192322
0.4294110834598541,3.1471848487854004,0.7805705070495605
0.42366471886634827,3.622859477996826,0.7805696725845337
0.43926292657852173,2.7474966049194336,0.7805688977241516
0.38710442185401917,3.242281675338745,0.7805678844451904
0.4240245819091797,4.13397216796875,0.7805670499801636
0.4698428213596344,3.131955862045288,0.7805660367012024
0.4311082065105438,4.041056156158447,0.7805651426315308
0.43838995695114136,3.292036533355713,0.7805643081665039
0.4348647892475128,3.3769094944000244,0.7805635333061218
0.4344921112060547,3.134477138519287,0.7805625200271606
0.42474791407585144,3.093360662460327,0.780561625957489
0.48788565397262573,3.321275472640991,0.7805606126785278
0.4530853033065796,2.922907829284668,0.7805597186088562
0.40371739864349365,3.595726728439331,0.7805586457252502
0.4390098452568054,3.0413782596588135,0.7805576920509338
0.43520715832710266,3.30045485496521,0.7805566787719727
0.3958111107349396,4.143631458282471,0.7805556654930115
0.38626042008399963,3.8585128784179688,0.7805546522140503
0.5097642540931702,3.8522684574127197,0.7805538773536682
0.4768219292163849,3.388911485671997,0.7805530428886414
0.4909210503101349,3.663163185119629,0.7805518507957458
0.459632009267807,2.8520822525024414,0.780551016330719
0.4104163348674774,3.049882411956787,0.7805503010749817
0.4587658941745758,3.1616110801696777,0.7805490493774414
0.4163738787174225,2.853717803955078,0.7805482745170593
0.4662972390651703,4.202958583831787,0.7805469036102295
0.46271204948425293,2.7645766735076904,0.7805460691452026
0.3808007836341858,3.002716302871704,0.7805449962615967
0.3589872717857361,3.285362720489502,0.780544102191925
0.43994635343551636,3.181584358215332,0.780543327331543
0.43190306425094604,3.11090350151062,0.7805423736572266
0.4073600769042969,2.8878366947174072,0.7805413603782654
0.4116200804710388,2.7522454261779785,0.7805406451225281
0.4529101550579071,3.444668769836426,0.780539870262146
0.4765567183494568,4.1274614334106445,0.7805388569831848
0.42765647172927856,3.008094310760498,0.7805379033088684
0.4104416072368622,3.177598714828491,0.7805371284484863
0.435464471578598,3.5613269805908203,0.7805361151695251
0.48554176092147827,3.2023799419403076,0.7805352210998535
0.4335671067237854,3.562896251678467,0.7805343270301819
0.4531528353691101,3.7226128578186035,0.780533492565155
0.46227318048477173,2.7487282752990723,0.7805328965187073
0.4567926228046417,3.339451313018799,0.78053218126297
0.4314482808113098,3.697040557861328,0.7805314064025879
0.45243293046951294,3.4203946590423584,0.7805305123329163
0.4513978362083435,4.302243232727051,0.7805296182632446
0.4738486409187317,3.4055020809173584,0.7805286049842834
0.4509941041469574,3.8808889389038086,0.7805274128913879
0.4842338562011719,3.761688470840454,0.7805265784263611
0.4629538655281067,3.8068034648895264,0.7805256247520447
0.45764273405075073,3.646820068359375,0.7805249691009521
0.5070937871932983,3.277679681777954,0.7805242538452148
0.4482651352882385,3.378539562225342,0.7805236577987671
0.5072445273399353,4.070675849914551,0.7805227637290955
0.41473183035850525,3.7203824520111084,0.780521810054779
0.4602636992931366,3.001612424850464,0.7805207967758179
0.417157918214798,3.0761172771453857,0.7805197238922119
0.4526408910751343,3.225431442260742,0.780518651008606
0.4480118751525879,3.0203616619110107,0.7805177569389343
0.43583372235298157,3.6658387184143066,0.7805168628692627
0.4232475161552429,3.767404079437256,0.7805161476135254
0.45350486040115356,3.156477212905884,0.7805150747299194
0.45569631457328796,3.762289047241211,0.7805143594741821
0.4219028353691101,3.646935224533081,0.780513346195221
0.44781699776649475,3.564455509185791,0.7805123925209045
0.4751020669937134,3.857447862625122,0.7805114984512329
0.48077672719955444,3.025052070617676,0.7805105447769165
0.4223056435585022,3.300987482070923,0.7805095314979553
0.4726659953594208,3.485966205596924,0.7805086374282837
0.47249168157577515,4.423417091369629,0.7805077433586121
0.437143474817276,3.2630605697631836,0.7805069088935852
0.4134558141231537,3.5618317127227783,0.7805062532424927
0.4812837243080139,3.471663236618042,0.7805054187774658
0.4546948969364166,3.3115861415863037,0.7805048823356628
0.38984352350234985,3.6523146629333496,0.7805041670799255
0.4666632115840912,3.3871662616729736,0.7805032134056091
0.46297693252563477,3.765988349914551,0.7805023789405823
0.4895695745944977,3.5434060096740723,0.7805014252662659
0.410337895154953,3.8661603927612305,0.7805005311965942
0.4074922800064087,3.4550528526306152,0.7804994583129883
0.4003201127052307,4.019289970397949,0.7804985642433167
0.45232367515563965,3.526604175567627,0.780497670173645
0.462927907705307,4.0680437088012695,0.7804968953132629
0.4917457401752472,3.4592957496643066,0.7804964780807495
0.45168665051460266,3.1267809867858887,0.7804955840110779
0.41032737493515015,3.3985507488250732,0.7804948091506958
0.41277167201042175,3.9875478744506836,0.7804938554763794
0.40996137261390686,3.551022529602051,0.7804930806159973
0.4208877384662628,3.4097189903259277,0.7804920673370361
0.42757171392440796,3.601012706756592,0.7804912328720093
0.4720970094203949,4.28972053527832,0.7804903388023376
0.45547202229499817,3.2179713249206543,0.7804896235466003
0.44801512360572815,2.9701995849609375,0.780488908290863
0.36582204699516296,4.113088607788086,0.780488133430481
0.4887157380580902,4.384689807891846,0.7804873585700989
0.4258193075656891,3.4410274028778076,0.7804864645004272
0.42423057556152344,4.496450901031494,0.7804856896400452
0.4404061436653137,3.352196455001831,0.7804847359657288
0.49031490087509155,3.363945484161377,0.7804837226867676
0.41077739000320435,2.763741970062256,0.7804829478263855
0.42921432852745056,3.748164653778076,0.7804821133613586
0.47889846563339233,3.377786874771118,0.7804812788963318
0.44070228934288025,4.051387310028076,0.7804803848266602
0.4165916442871094,3.7140913009643555,0.7804795503616333
0.45517051219940186,3.2636985778808594,0.7804787755012512
0.3906532824039459,2.949946403503418,0.7804778218269348
0.4148460924625397,3.2561886310577393,0.7804768681526184
0.46476584672927856,3.1834208965301514,0.7804756760597229
0.4022334814071655,3.473647117614746,0.7804747819900513
0.4487128257751465,3.795736789703369,0.7804738283157349
0.4435109496116638,3.7903590202331543,0.7804725766181946
0.4166371524333954,3.491868019104004,0.780471682548523
0.3948824107646942,3.148247003555298,0.7804707288742065
0.43805307149887085,2.9817728996276855,0.7804698944091797
0.4077949523925781,3.8431217670440674,0.7804690599441528
0.4069348871707916,3.6419944763183594,0.7804681658744812
0.452188104391098,3.184779167175293,0.78046715259552
0.40807273983955383,3.7693839073181152,0.7804659008979797
0.3760778307914734,3.133709669113159,0.7804648876190186
0.4822116792201996,4.067723274230957,0.7804641127586365
0.453139066696167,3.5626232624053955,0.7804632186889648
0.43846023082733154,2.962554693222046,0.7804626226425171
0.4594818651676178,2.857717990875244,0.7804619073867798
0.45573365688323975,3.5594165325164795,0.7804608941078186
0.4681668281555176,3.258470296859741,0.7804599404335022
0.4848789572715759,3.2016472816467285,0.7804590463638306
0.470680832862854,4.20889949798584,0.7804578542709351
0.467121958732605,3.9271979331970215,0.7804567217826843
0.42780348658561707,3.5202484130859375,0.7804557681083679
0.4300116002559662,3.9603848457336426,0.7804549336433411
0.4463895261287689,3.970439910888672,0.7804540395736694
0.4419940114021301,2.9269602298736572,0.7804533243179321
0.46506956219673157,2.9025957584381104,0.7804524302482605
0.43231916427612305,3.416562080383301,0.7804514169692993
0.40694379806518555,4.465044975280762,0.7804504632949829
0.44617244601249695,3.4777939319610596,0.780449390411377
0.4072868227958679,4.002019882202148,0.7804485559463501
0.3980225920677185,3.184342861175537,0.7804475426673889
0.41605517268180847,3.662382125854492,0.780446469783783
0.44186660647392273,3.200711727142334,0.7804456353187561
0.43409764766693115,3.5918970108032227,0.7804447412490845
0.4708540737628937,3.4464163780212402,0.7804438471794128
0.46677443385124207,3.5328400135040283,0.7804427742958069
0.44106900691986084,3.55041241645813,0.78044193983078
0.42106756567955017,3.388131856918335,0.7804409861564636
0.48037344217300415,3.3893725872039795,0.780440092086792
0.46756261587142944,3.1631743907928467,0.7804389595985413
0.41517502069473267,3.815523386001587,0.7804379463195801
0.4735601246356964,3.9124245643615723,0.7804368138313293
0.44471603631973267,2.9254326820373535,0.7804358005523682
0.4444965124130249,3.5436949729919434,0.7804348468780518
0.3991924226284027,3.5731709003448486,0.7804339528083801
0.42253929376602173,3.5134048461914062,0.7804332971572876
0.4292624890804291,3.457467555999756,0.7804323434829712
0.49967384338378906,3.5843257904052734,0.7804314494132996
0.4153904616832733,3.248739242553711,0.7804306149482727
0.4119017720222473,3.0323667526245117,0.7804295420646667
0.4556851089000702,4.327724456787109,0.7804288268089294
0.4751836359500885,3.4525227546691895,0.7804277539253235
0.4178165793418884,3.3935248851776123,0.7804267406463623
0.48053327202796936,3.1248159408569336,0.7804259657859802
0.4664173424243927,4.074953079223633,0.7804252505302429
0.4380297064781189,3.9934449195861816,0.7804244756698608
0.4530676603317261,4.407591342926025,0.7804234623908997
0.44120216369628906,3.848484992980957,0.7804225087165833
0.44337791204452515,3.3986291885375977,0.7804213762283325
0.4479401707649231,4.249081134796143,0.7804204225540161
0.44326308369636536,3.9476723670959473,0.7804194688796997
0.41530653834342957,3.4887118339538574,0.7804185152053833
0.40165796875953674,3.486710786819458,0.7804176211357117
0.43719688057899475,3.589365005493164,0.7804169654846191
0.48080533742904663,3.8221538066864014,0.7804161906242371
0.48180052638053894,3.6121459007263184,0.7804153561592102
0.4804246723651886,3.9981822967529297,0.7804144024848938
0.46993300318717957,3.344440460205078,0.7804134488105774
0.3844469487667084,3.131521224975586,0.7804123163223267
0.42195019125938416,4.048596382141113,0.7804113626480103
0.40487247705459595,2.9072141647338867,0.7804102301597595
0.444547176361084,3.381815195083618,0.7804092764854431
0.4140337407588959,3.4852230548858643,0.7804084420204163
0.39689749479293823,3.2589359283447266,0.7804076075553894
0.46422630548477173,2.814716100692749,0.7804067730903625
0.446774959564209,3.259127140045166,0.78040611743927
0.40676283836364746,3.888979434967041,0.7804052829742432
0.4465877115726471,3.967057466506958,0.7804043292999268
0.4063050448894501,3.4786500930786133,0.7804034948348999
0.42184504866600037,3.2826426029205322,0.7804023623466492
0.4490504264831543,2.944765090942383,0.7804014682769775
0.48076575994491577,3.2675604820251465,0.7804004549980164
0.43555548787117004,4.004122734069824,0.7803995013237
0.422708660364151,2.976815700531006,0.7803987264633179
0.494411826133728,3.1404356956481934,0.7803980112075806
0.4556901454925537,3.077191114425659,0.7803971171379089
0.49884530901908875,3.8707666397094727,0.7803963422775269
0.4119911789894104,2.9385805130004883,0.7803952097892761
0.4147550165653229,3.4998064041137695,0.7803942561149597
0.42511749267578125,3.4148800373077393,0.7803932428359985
0.47712278366088867,3.9959230422973633,0.780392050743103
0.45724889636039734,3.166494846343994,0.7803909778594971
0.4176464378833771,3.7580502033233643,0.7803900837898254
0.43062087893486023,4.053344249725342,0.7803893685340881
0.4432041347026825,2.9106898307800293,0.780388593673706
0.4001706540584564,3.699558973312378,0.780387818813324
0.4497337341308594,4.079604148864746,0.7803869247436523
0.4456486403942108,4.368176460266113,0.7803859114646912
0.4654477834701538,4.00314474105835,0.7803847789764404
0.4794725775718689,3.28507661819458,0.7803837060928345
0.45837530493736267,3.403841257095337,0.7803826928138733
0.43550804257392883,3.309828042984009,0.7803816795349121
0.4783918559551239,3.4277570247650146,0.7803806066513062
0.4679167568683624,3.5926918983459473,0.7803796529769897
0.4328782558441162,3.4951419830322266,0.7803789377212524
0.4379347562789917,3.6274242401123047,0.7803780436515808
0.4423847198486328,3.5469789505004883,0.7803773283958435
0.46200239658355713,3.079516887664795,0.7803763747215271
0.4237689971923828,3.709653377532959,0.7803756594657898
0.38439077138900757,3.684211254119873,0.7803747057914734
0.41821274161338806,3.3900952339172363,0.7803738713264465
0.4369190037250519,3.0406880378723145,0.7803727984428406
0.4161887764930725,3.607914447784424,0.7803717851638794
0.3946932852268219,3.1880593299865723,0.7803707718849182
0.4153837561607361,3.4109601974487305,0.780369758605957
0.42486894130706787,2.9825897216796875,0.7803689241409302
0.4619694650173187,3.226633310317993,0.7803680896759033
0.4084486961364746,3.299467086791992,0.780367374420166
0.45760634541511536,3.393491506576538,0.7803665995597839
0.44067564606666565,3.1584339141845703,0.7803656458854675
0.434515118598938,3.4845595359802246,0.7803647518157959
0.43498748540878296,2.906595230102539,0.780363917350769
0.43412595987319946,3.8645119667053223,0.7803630232810974
0.4511485993862152,2.971384048461914,0.780362069606781
0.439290314912796,3.3412983417510986,0.7803609371185303
0.4548664391040802,3.846769332885742,0.7803599238395691
0.46244916319847107,4.760307312011719,0.780359148979187
0.4398285448551178,3.719369888305664,0.7803582549095154
0.4199296236038208,3.101705551147461,0.7803574800491333
0.48488977551460266,3.2943921089172363,0.7803568243980408
0.46012938022613525,3.6501004695892334,0.7803561687469482
0.43522828817367554,3.8223352432250977,0.7803554534912109
0.3929912745952606,3.3487179279327393,0.7803547382354736
0.3883422911167145,2.6258416175842285,0.7803539037704468
0.4966142177581787,3.4582626819610596,0.7803528308868408
0.43955251574516296,4.055709362030029,0.7803519368171692
0.417225182056427,4.296403884887695,0.7803511619567871
0.4022448658943176,3.2631096839904785,0.7803502678871155
0.45030683279037476,3.598839282989502,0.780349612236023
0.458178848028183,3.813464403152466,0.7803488969802856
0.5008335113525391,2.9412841796875,0.7803481221199036
0.405598908662796,3.812861204147339,0.780347466468811
0.49668166041374207,4.0422258377075195,0.7803465723991394
0.5307402014732361,3.436819553375244,0.7803457379341125
0.4121818542480469,3.921602725982666,0.7803446650505066
0.46094098687171936,4.235940456390381,0.7803438305854797
0.3902556598186493,2.9502077102661133,0.7803428173065186
0.43412283062934875,3.5319623947143555,0.7803419232368469
0.453316867351532,3.2668254375457764,0.7803410887718201
0.40533292293548584,3.0331003665924072,0.7803401350975037
0.46101388335227966,4.594166278839111,0.7803393006324768
0.4977339804172516,2.8129358291625977,0.7803385257720947
0.43017423152923584,4.086127281188965,0.7803376317024231
0.4083367884159088,3.699998617172241,0.7803366780281067
0.4660285711288452,3.576991319656372,0.7803357243537903
0.46013143658638,3.820052146911621,0.78033447265625
0.4243226647377014,3.021080493927002,0.7803334593772888
0.4573657810688019,3.565009832382202,0.7803325653076172
0.4659174382686615,3.4545583724975586,0.7803317308425903
0.43052512407302856,2.7357048988342285,0.780331015586853
0.4245052933692932,3.2117247581481934,0.7803301215171814
0.5213927626609802,4.355058670043945,0.7803293466567993
0.4640980660915375,3.905062198638916,0.7803285121917725
0.4344370663166046,3.5190482139587402,0.780327558517456
0.44737493991851807,3.6881351470947266,0.7803264856338501
0.4432085454463959,3.450043201446533,0.7803256511688232
0.419270783662796,3.87933611869812,0.7803244590759277
0.48579099774360657,3.429934024810791,0.7803236246109009
0.40232816338539124,4.247404098510742,0.7803230285644531
0.4729575514793396,2.8979978561401367,0.7803221344947815
0.4242209196090698,3.5043394565582275,0.7803212404251099
0.46324607729911804,4.086106300354004,0.7803203463554382
0.48452872037887573,3.192676305770874,0.7803195118904114
0.41772836446762085,3.434846878051758,0.7803186774253845
0.4724807143211365,3.8433690071105957,0.7803179025650024
0.45107489824295044,3.029632568359375,0.7803171277046204
0.49956679344177246,3.535207509994507,0.7803162932395935
0.4623419940471649,3.4849095344543457,0.7803153395652771
0.3778410255908966,3.2066800594329834,0.7803146243095398
0.40456900000572205,2.7685599327087402,0.7803136110305786
0.46144407987594604,3.2704412937164307,0.780312716960907
0.4517521560192108,3.111427068710327,0.7803118824958801
0.4388808012008667,4.556092262268066,0.7803110480308533
0.4490973949432373,3.3393502235412598,0.7803100943565369
0.4068410098552704,3.32826828956604,0.78030925989151
0.41662782430648804,3.7831592559814453,0.7803083062171936
0.4506589472293854,3.8579530715942383,0.7803074717521667
0.430622398853302,3.0237622261047363,0.7803068161010742
0.45514440536499023,4.123395919799805,0.7803059220314026
0.39680036902427673,4.973708152770996,0.7803047895431519
0.47968849539756775,3.5750234127044678,0.7803038358688354
0.45629066228866577,3.667752981185913,0.7803029417991638
0.477409303188324,3.6909894943237305,0.7803019285202026
0.4643755257129669,3.188326835632324,0.7803011536598206
0.4294036030769348,3.1566250324249268,0.7803003191947937
0.4292481541633606,3.7350833415985107,0.7802996039390564
0.45377784967422485,3.562314033508301,0.7802988290786743
0.44240695238113403,3.5788986682891846,0.7802976369857788
0.4275932312011719,3.2998180389404297,0.7802966237068176
0.4605472981929779,3.2297987937927246,0.7802954316139221
0.4763820469379425,2.245905876159668,0.7802943587303162
0.4281388819217682,2.852024555206299,0.7802931070327759
0.47698974609375,2.938892364501953,0.7802922129631042
0.40249553322792053,3.2457871437072754,0.7802913784980774
0.45655813813209534,2.825305938720703,0.780290424823761
0.4892275929450989,3.865492343902588,0.7802894711494446
0.4371055066585541,3.6867594718933105,0.7802884578704834
0.43134573101997375,2.838031768798828,0.7802873849868774
0.43101000785827637,3.5886831283569336,0.7802862524986267
0.4318024814128876,3.4577765464782715,0.7802852988243103
0.47941336035728455,3.4251694679260254,0.7802841067314148
0.4435666501522064,3.80149507522583,0.7802830338478088
0.44355490803718567,2.8027749061584473,0.7802820205688477
0.3691748380661011,3.2666432857513428,0.7802810072898865
0.4745427966117859,3.374988555908203,0.7802799344062805
0.4405447244644165,3.363896608352661,0.7802790403366089
0.4339950382709503,3.4462547302246094,0.7802781462669373
0.3813219368457794,2.9530811309814453,0.7802771329879761
0.41371414065361023,3.4989192485809326,0.7802761197090149
0.44176748394966125,3.7055697441101074,0.7802751660346985
0.4855231046676636,4.199731349945068,0.7802741527557373
0.5106172561645508,3.3788692951202393,0.7802730202674866
0.3961572051048279,3.6116504669189453,0.7802719473838806
0.4448804259300232,3.527282476425171,0.7802711129188538
0.4179788827896118,3.8761565685272217,0.7802702188491821
0.44029220938682556,2.7761147022247314,0.7802695035934448
0.47550588846206665,3.742006301879883,0.780268669128418
0.41228803992271423,3.307011604309082,0.7802677750587463
0.4265376329421997,3.369884490966797,0.7802667617797852
0.44410574436187744,3.3196637630462646,0.780265748500824
0.47235244512557983,4.019799709320068,0.7802645564079285
0.44672515988349915,3.343204975128174,0.7802636623382568
0.468994677066803,2.940615177154541,0.7802628874778748
0.4270688593387604,3.1501355171203613,0.7802618741989136
0.4421510100364685,3.7345008850097656,0.780261218547821
0.438725084066391,3.017253875732422,0.7802603840827942
0.47367069125175476,3.2964539527893066,0.7802596688270569
0.42510923743247986,2.947237968444824,0.7802585959434509
0.40994471311569214,3.715667724609375,0.7802574634552002
0.42105913162231445,2.9646806716918945,0.7802566289901733
0.4652162194252014,3.3362877368927,0.7802555561065674
0.42464032769203186,3.128077507019043,0.7802545428276062
0.4011276960372925,3.831127166748047,0.780253529548645
0.45169559121131897,3.22956919670105,0.7802523970603943
0.45834270119667053,3.5822904109954834,0.7802514433860779
0.42623576521873474,3.8424599170684814,0.780250608921051
0.41580528020858765,3.477160930633545,0.7802497744560242
0.4358415901660919,3.196906805038452,0.7802488803863525
0.44390547275543213,2.8200478553771973,0.7802480459213257
0.4158798158168793,3.1664905548095703,0.780247151851654
0.4203656017780304,2.9878833293914795,0.7802463173866272
0.4094432294368744,3.699361801147461,0.7802453637123108
0.42801225185394287,2.928590774536133,0.7802446484565735
0.45299863815307617,3.1067919731140137,0.7802435755729675
0.43648603558540344,3.6032164096832275,0.7802426218986511
0.4536319971084595,3.304565191268921,0.7802416086196899
0.4154835343360901,2.6382410526275635,0.7802407145500183
0.4098477065563202,3.049344778060913,0.7802398800849915
0.37154367566108704,3.895721912384033,0.7802390456199646
0.406467467546463,3.3480257987976074,0.7802382707595825
0.4234669506549835,3.1691360473632812,0.7802372574806213
0.44517120718955994,2.8054494857788086,0.7802362442016602
0.42208296060562134,3.190608024597168,0.7802353501319885
0.45154768228530884,3.7539517879486084,0.780234158039093
0.4286336302757263,3.079392433166504,0.7802332639694214
0.4239794909954071,3.562920093536377,0.7802321314811707
0.42669162154197693,2.8871355056762695,0.7802312970161438
0.40185487270355225,3.0560059547424316,0.7802304625511169
0.42378494143486023,3.2968881130218506,0.7802295684814453
0.43505966663360596,2.867140293121338,0.7802286744117737
0.4345451891422272,3.4823811054229736,0.7802278995513916
0.4498402178287506,3.565110683441162,0.7802269458770752
0.3881235420703888,3.612088680267334,0.7802260518074036
0.4212780296802521,2.9037046432495117,0.7802251577377319
0.44929972290992737,2.9869654178619385,0.7802243828773499
0.427437424659729,4.064769744873047,0.7802232503890991
0.463905930519104,4.43357515335083,0.7802222371101379
0.44435080885887146,4.000101089477539,0.7802212834358215
0.43612441420555115,2.838181257247925,0.7802204489707947
0.41688454151153564,3.4180104732513428,0.7802196145057678
0.41950279474258423,2.965843915939331,0.7802188396453857
0.4085128605365753,2.8921985626220703,0.7802180051803589
0.47117486596107483,3.6051642894744873,0.7802169919013977
0.40031522512435913,3.861781358718872,0.7802160382270813
0.4858085513114929,3.620633840560913,0.7802150249481201
0.4776158928871155,3.267781972885132,0.7802136540412903
0.4006260335445404,3.191565990447998,0.7802127599716187
0.49589812755584717,3.8161838054656982,0.780211865901947
0.43414852023124695,4.105320930480957,0.7802110910415649
0.3680426776409149,2.9178695678710938,0.7802101969718933
0.442808598279953,3.379854679107666,0.7802092432975769
0.4651269316673279,3.483238458633423,0.7802082896232605
0.4383060038089752,2.7333998680114746,0.7802073359489441
0.4845232367515564,3.2379720211029053,0.7802065014839172
0.4242265224456787,3.117462396621704,0.780205488204956
0.41573020815849304,3.8365821838378906,0.7802043557167053
0.40034019947052,3.424680709838867,0.780203104019165
0.4412936270236969,3.6792242527008057,0.7802020311355591
0.4427126348018646,3.4654717445373535,0.7802007794380188
0.44099387526512146,3.295335292816162,0.7801999449729919
0.4792513847351074,3.871020793914795,0.7801989912986755
0.4195679724216461,3.0841379165649414,0.7801979184150696
0.4400215148925781,3.918778419494629,0.780197024345398
0.47322508692741394,3.894127368927002,0.7801958918571472
0.4421723484992981,3.4025967121124268,0.7801950573921204
0.4554453194141388,4.822900772094727,0.7801939845085144
0.4542626142501831,4.381635665893555,0.7801929116249084
0.40380385518074036,3.475743532180786,0.7801920175552368
0.4737924039363861,3.6531143188476562,0.7801910042762756
0.43017518520355225,4.245107650756836,0.7801902890205383
0.40201467275619507,3.1329689025878906,0.7801894545555115
0.3946272134780884,3.867526054382324,0.7801887392997742
0.4750262200832367,4.525686264038086,0.7801876664161682
0.4886315166950226,3.656251907348633,0.7801869511604309
0.41922518610954285,3.0977368354797363,0.780186116695404
0.4185100495815277,3.506448268890381,0.7801854014396667
0.38225096464157104,3.625035524368286,0.7801845073699951
0.48486360907554626,4.216259956359863,0.7801835536956787
0.456002801656723,3.4810402393341064,0.7801826000213623
0.46056872606277466,3.2368874549865723,0.7801816463470459
0.46142011880874634,3.130052089691162,0.780180811882019
0.42473104596138,3.159743547439575,0.7801799774169922
0.4357760548591614,4.134659767150879,0.7801792621612549
0.40604498982429504,3.921539306640625,0.7801783680915833
0.4680662155151367,4.28004789352417,0.7801775336265564
0.4433198869228363,3.456535577774048,0.7801765203475952
0.41727858781814575,4.176996231079102,0.7801754474639893
0.3979744613170624,3.0475053787231445,0.7801745533943176
0.4613990783691406,3.186473846435547,0.7801737189292908
0.38675200939178467,3.4601986408233643,0.7801729440689087
0.4391688406467438,3.297833204269409,0.7801720499992371
0.4250551760196686,3.3424787521362305,0.7801712155342102
0.4333929419517517,3.70361590385437,0.7801702618598938
0.46662765741348267,3.681868076324463,0.7801693081855774
0.4929041266441345,3.051255226135254,0.7801685929298401
0.47760045528411865,3.2971105575561523,0.7801675200462341
0.40375739336013794,3.884883165359497,0.780166506767273
0.41329818964004517,2.8685431480407715,0.7801654934883118
0.4946088194847107,3.576992988586426,0.7801647186279297
0.42787817120552063,3.8270249366760254,0.7801639437675476
0.418459951877594,2.7391457557678223,0.780163049697876
0.4655940532684326,4.2790021896362305,0.7801621556282043
0.40478911995887756,2.5673842430114746,0.7801612615585327
0.4768731892108917,3.185333728790283,0.7801604866981506
0.4404706358909607,3.3536887168884277,0.7801594138145447
0.4536370635032654,4.108921527862549,0.7801584601402283
0.4265280067920685,3.5559887886047363,0.7801573276519775
0.3857201337814331,3.125359535217285,0.7801562547683716
0.4788323938846588,4.654160499572754,0.7801551222801208
0.44019895792007446,3.6632914543151855,0.7801541090011597
0.5098947882652283,3.933873176574707,0.7801530361175537
0.48561519384384155,3.721383810043335,0.7801519632339478
0.4351280927658081,3.1339595317840576,0.780150830745697
0.41961532831192017,3.7653965950012207,0.7801496982574463
0.4186168611049652,3.6520745754241943,0.7801488637924194
0.43559202551841736,3.5447745323181152,0.7801476716995239
0.4242154657840729,3.1578218936920166,0.7801465392112732
0.4452185034751892,3.0850906372070312,0.7801453471183777
0.3962741792201996,3.083606719970703,0.7801445126533508
0.47598350048065186,2.8559117317199707,0.7801437377929688
0.5153913497924805,3.521514892578125,0.7801429033279419
0.4613792598247528,2.9159631729125977,0.780142068862915
0.4136602580547333,3.1843724250793457,0.7801410555839539
0.4648544192314148,3.827784538269043,0.7801399827003479
0.3976184129714966,3.547941207885742,0.7801390290260315
0.40934765338897705,3.2246012687683105,0.7801378965377808
0.422635555267334,3.5693037509918213,0.7801369428634644
0.3959129750728607,3.584244728088379,0.7801358103752136
0.4217993915081024,3.6740450859069824,0.780134916305542
0.3947589695453644,4.132543563842773,0.7801340222358704
0.45424965023994446,3.6317272186279297,0.7801331281661987
0.47597628831863403,3.7010180950164795,0.7801324129104614
0.4619391858577728,3.495626926422119,0.780131459236145
0.4454156756401062,3.151257038116455,0.7801307439804077
0.44425222277641296,3.333191394805908,0.7801298499107361
0.43506956100463867,3.468334674835205,0.7801288962364197
0.4430479407310486,2.5234222412109375,0.7801278829574585
0.44185173511505127,2.626909017562866,0.7801266312599182
0.42080509662628174,4.654943466186523,0.7801258563995361
0.4341425895690918,3.954371213912964,0.7801247239112854
0.43008697032928467,4.134886741638184,0.7801240086555481
0.39702853560447693,2.694774866104126,0.7801231145858765
0.45886218547821045,2.7927515506744385,0.7801223993301392
0.3957575261592865,3.2257003784179688,0.7801214456558228
0.38845863938331604,2.829742908477783,0.7801206707954407
0.46939435601234436,3.0569581985473633,0.7801198959350586
0.4313199818134308,3.0315983295440674,0.7801189422607422
0.44172966480255127,2.9327824115753174,0.7801181077957153
0.49209049344062805,3.516120433807373,0.7801170945167542
0.44433340430259705,2.6118228435516357,0.7801161408424377
0.3992881774902344,4.0667829513549805,0.7801150679588318
0.3916647136211395,2.6119046211242676,0.7801139950752258
0.4784944951534271,3.72843074798584,0.7801129221916199
0.4276927709579468,2.933473587036133,0.7801119089126587
0.45840170979499817,3.369426965713501,0.7801108956336975
0.43915998935699463,2.779893398284912,0.7801099419593811
0.4282229542732239,2.968506336212158,0.7801088690757751
0.40091150999069214,3.6949386596679688,0.7801077365875244
0.4222926199436188,3.2723875045776367,0.7801066637039185
0.3838632106781006,3.748990535736084,0.780105710029602
0.43813765048980713,3.3879575729370117,0.7801048755645752
0.4662367105484009,2.979748487472534,0.7801039814949036
0.4149111807346344,2.840548038482666,0.7801032066345215
0.4500463008880615,3.9032483100891113,0.7801023721694946
0.48296573758125305,3.25886607170105,0.7801012992858887
0.39287611842155457,2.906503677368164,0.7801001667976379
0.3987051248550415,2.5283358097076416,0.7800993323326111
0.3617977201938629,3.9259469509124756,0.7800983190536499
0.46850430965423584,3.153613567352295,0.7800973057746887
0.47973912954330444,3.040177822113037,0.7800965309143066
0.41067343950271606,3.1062328815460205,0.7800957560539246
0.4630734920501709,3.961439371109009,0.7800948023796082
0.48441171646118164,3.4139645099639893,0.7800938487052917
0.40760305523872375,3.359846591949463,0.7800928354263306
0.4451960027217865,4.228172302246094,0.7800918817520142
0.4450077712535858,2.9459314346313477,0.7800909876823425
0.4285418689250946,4.884334564208984,0.7800899147987366
0.38651174306869507,2.9019832611083984,0.7800888419151306
0.4057220220565796,3.347639560699463,0.7800877690315247
0.4416254460811615,3.052170753479004,0.7800866961479187
0.4736870527267456,3.697766065597534,0.7800859808921814
0.45955222845077515,2.535123825073242,0.780085027217865
0.4952722191810608,3.2415871620178223,0.7800841927528381
0.427261084318161,3.0794334411621094,0.7800832390785217
0.402662068605423,2.88266658782959,0.780082106590271
0.3670465052127838,2.9784040451049805,0.7800809144973755
0.4843240976333618,3.45361328125,0.7800798416137695
0.5144899487495422,3.188826560974121,0.7800787091255188
0.4147365987300873,3.306212902069092,0.7800778150558472
0.43120795488357544,3.406019687652588,0.7800766825675964
0.4479968845844269,3.1002445220947266,0.7800759077072144
0.4477458894252777,2.9620862007141113,0.7800748944282532
0.42640334367752075,3.423828601837158,0.7800739407539368
0.426462858915329,4.0537614822387695,0.7800728678703308
0.38799574971199036,3.300839424133301,0.7800717949867249
0.4549766778945923,2.928463935852051,0.7800707221031189
0.41070401668548584,2.826627492904663,0.7800696492195129
0.441505491733551,3.287484884262085,0.7800686359405518
0.4669109880924225,3.611135482788086,0.7800678014755249
0.4809882938861847,3.457852602005005,0.7800667881965637
0.44096145033836365,4.238656044006348,0.7800658345222473
0.43554845452308655,2.9002633094787598,0.7800651788711548
0.47451600432395935,3.1570000648498535,0.7800642848014832
0.48427167534828186,3.397275924682617,0.7800636291503906
0.4591726064682007,3.8631081581115723,0.7800626158714294
0.41666358709335327,2.4954872131347656,0.780061662197113
0.4245539903640747,3.204498767852783,0.7800605297088623
0.4174266457557678,4.1175217628479,0.7800596356391907
0.44929632544517517,4.068411827087402,0.7800588607788086
0.5024378299713135,3.3013510704040527,0.7800581455230713
0.5213741660118103,3.307460308074951,0.7800574898719788
0.5027705430984497,3.000171422958374,0.7800567746162415
0.47230276465415955,3.7923548221588135,0.7800559997558594
0.5075583457946777,3.2724335193634033,0.7800551056861877
0.4102514684200287,3.119511604309082,0.7800541520118713
0.4017910659313202,3.753943920135498,0.7800529599189758
0.4189051687717438,3.441559076309204,0.780052125453949
0.447475790977478,3.5388498306274414,0.7800511717796326
0.41969144344329834,3.8947677612304688,0.7800502181053162
0.4381687343120575,3.777822971343994,0.7800492644309998
0.48034682869911194,4.481584548950195,0.7800482511520386
0.43687903881073,2.8799519538879395,0.7800471782684326
0.4398970603942871,3.2600724697113037,0.7800464630126953
0.5098616480827332,4.318371772766113,0.7800453305244446
0.4484502375125885,3.358264446258545,0.7800446152687073
0.4064657390117645,3.5826992988586426,0.7800435423851013
0.44494616985321045,3.472074031829834,0.7800426483154297
0.39394766092300415,4.183293342590332,0.7800413966178894
0.38432687520980835,3.839725971221924,0.7800402045249939
0.4365914762020111,2.784956455230713,0.7800391912460327
0.43347427248954773,3.3873324394226074,0.7800382375717163
0.43434661626815796,3.506937265396118,0.7800371050834656
0.4440326690673828,2.9664416313171387,0.780036211013794
0.4477773904800415,3.39047908782959,0.7800353169441223
0.4142899513244629,2.938401699066162,0.7800343036651611
0.4623965620994568,3.7225146293640137,0.7800333499908447
0.45060575008392334,3.235027313232422,0.7800323367118835
0.4114590287208557,4.064790725708008,0.7800312042236328
0.47053641080856323,3.2921385765075684,0.7800300717353821
0.44532790780067444,3.628505229949951,0.7800291180610657
0.4691612124443054,3.880316972732544,0.7800278663635254
0.4533570110797882,3.2011234760284424,0.7800270318984985
0.3929821252822876,3.6549620628356934,0.7800259590148926
0.4666156768798828,4.430102348327637,0.7800252437591553
0.44014105200767517,3.713538646697998,0.780024528503418
0.41761335730552673,3.2134432792663574,0.7800238728523254
0.44564908742904663,4.152787208557129,0.7800228595733643
0.4466938376426697,3.35160493850708,0.7800217866897583
0.4201083779335022,3.992037296295166,0.7800208330154419
0.37896496057510376,3.2141547203063965,0.7800196409225464
0.48436903953552246,3.608452081680298,0.7800187468528748
0.45091068744659424,3.793801784515381,0.7800179123878479
0.3966270983219147,3.4477763175964355,0.7800171375274658
0.4773443639278412,2.9991989135742188,0.7800160646438599
0.411893755197525,3.319667339324951,0.780015230178833
0.4134270250797272,4.098464012145996,0.780014157295227
0.42235246300697327,3.6620519161224365,0.780013382434845
0.4695841372013092,4.383720397949219,0.7800124287605286
0.4650733172893524,3.8645081520080566,0.7800115942955017
0.48296043276786804,2.942678689956665,0.7800106406211853
0.42719924449920654,3.8225669860839844,0.7800095081329346
0.46965834498405457,3.3619415760040283,0.7800087332725525
0.42636996507644653,3.431704044342041,0.7800078988075256
0.4656844139099121,3.3452529907226562,0.7800070643424988
0.40990129113197327,3.0105276107788086,0.7800062894821167
0.4080943167209625,2.846687078475952,0.780005156993866
0.41949379444122314,3.816256046295166,0.7800043225288391
0.4829796254634857,3.8457906246185303,0.7800033092498779
0.42852747440338135,2.68420672416687,0.7800022959709167
0.4641457200050354,3.292161226272583,0.7800014615058899
0.3824285864830017,4.00358772277832,0.7800004482269287
0.40975192189216614,3.586439609527588,0.7799994945526123
0.41526296734809875,3.3671836853027344,0.7799984812736511
0.4618343114852905,2.9906117916107178,0.7799976468086243
0.440056711435318,3.863711357116699,0.7799967527389526
0.45577001571655273,3.9988999366760254,0.7799960374832153
0.38370460271835327,4.161509990692139,0.7799949645996094
0.4193149209022522,3.444124460220337,0.7799941301345825
0.4616626501083374,3.954758644104004,0.7799932360649109
0.43724310398101807,3.5050883293151855,0.7799921631813049
0.4289196729660034,2.842071056365967,0.7799911499023438
0.4188123643398285,4.002843379974365,0.7799904346466064
0.43481847643852234,3.561815023422241,0.7799896597862244
0.4813220500946045,3.0430426597595215,0.7799885869026184
0.4253441393375397,3.0860061645507812,0.7799874544143677
0.40121641755104065,2.3649942874908447,0.7799864411354065
0.4712514281272888,3.313690423965454,0.7799853682518005
0.4433283805847168,3.327331066131592,0.7799842953681946
0.41627323627471924,2.6855735778808594,0.7799833416938782
0.4186555743217468,3.3348159790039062,0.7799824476242065
0.44464677572250366,3.3259949684143066,0.7799813151359558
0.43580830097198486,3.490058183670044,0.7799802422523499
0.43049129843711853,3.259181499481201,0.7799791693687439
0.4144509732723236,3.9553797245025635,0.7799781560897827
0.4900929927825928,3.423159122467041,0.7799771428108215
0.4643752872943878,3.3605284690856934,0.7799761295318604
0.4316332936286926,3.1542181968688965,0.7799752354621887
0.4419557750225067,2.5846638679504395,0.7799744009971619
0.427823007106781,3.211829423904419,0.7799735069274902
0.5057596564292908,3.3739936351776123,0.7799725532531738
0.4640725553035736,4.136674880981445,0.7799714803695679
0.44812965393066406,3.77954363822937,0.7799705266952515
0.41031551361083984,3.7566442489624023,0.7799696326255798
0.49748167395591736,3.6982715129852295,0.7799689173698425
0.42883867025375366,3.254415512084961,0.7799680233001709
0.43371763825416565,3.451857566833496,0.7799670696258545
0.4072675108909607,3.8063926696777344,0.7799661755561829
0.41379478573799133,4.091684818267822,0.7799654603004456
0.37434786558151245,4.061448574066162,0.7799647450447083
0.4465036690235138,3.9788639545440674,0.779964029788971
0.41538822650909424,2.9271292686462402,0.7799630165100098
0.42019903659820557,3.9716637134552,0.7799621820449829
0.4570039212703705,4.100740909576416,0.7799612283706665
0.41977760195732117,3.3331174850463867,0.7799600958824158
0.4006900191307068,3.192803382873535,0.7799591422080994
0.394169420003891,4.167746543884277,0.7799579501152039
0.39375725388526917,2.7269985675811768,0.779957115650177
0.4937543272972107,3.614100217819214,0.7799562215805054
0.3925514817237854,2.438974380493164,0.779955267906189
0.40068912506103516,2.9193596839904785,0.7799543142318726
0.4501420259475708,3.4436750411987305,0.7799533009529114
0.3836386799812317,2.9109740257263184,0.7799524068832397
0.4667798578739166,3.405560255050659,0.7799515128135681
0.45556509494781494,3.6177964210510254,0.7799505591392517
0.4764753580093384,4.912220478057861,0.7799496054649353
0.48800769448280334,3.4144349098205566,0.7799485325813293
0.44446495175361633,3.283207654953003,0.7799474000930786
0.4470604658126831,3.297891616821289,0.7799464464187622
0.42723536491394043,3.334563970565796,0.7799458503723145
0.41778045892715454,3.233759880065918,0.7799451947212219
0.43202224373817444,3.2111308574676514,0.7799443602561951
0.4006359875202179,4.199476718902588,0.7799434661865234
0.3717331290245056,3.26658296585083,0.7799425721168518
0.41375982761383057,3.3984994888305664,0.7799413800239563
0.39862486720085144,3.377692461013794,0.7799404263496399
0.4364050328731537,4.004753112792969,0.7799394130706787
0.422596275806427,2.674370288848877,0.7799386382102966
0.428415447473526,3.4000015258789062,0.7799376845359802
0.4732879400253296,3.429216146469116,0.7799368500709534
0.4498392641544342,3.4339866638183594,0.7799360752105713
0.4516071081161499,3.5374884605407715,0.7799350619316101
0.46462514996528625,3.913391590118408,0.7799342274665833
0.3907047510147095,3.5388689041137695,0.7799331545829773
0.41224417090415955,2.777557373046875,0.7799320816993713
0.40507492423057556,3.8509762287139893,0.779930830001831
0.4168667197227478,3.5468578338623047,0.7799298167228699
0.4607357680797577,3.6295385360717773,0.7799286246299744
0.4737662672996521,4.54268217086792,0.7799277305603027
0.40783271193504333,2.7943620681762695,0.7799268960952759
0.432638019323349,4.094902038574219,0.7799260020256042
0.4696192741394043,3.5001494884490967,0.7799249887466431
0.4423176944255829,3.9754984378814697,0.7799240946769714
0.45052167773246765,2.877856731414795,0.7799232006072998
0.46909645199775696,4.443830490112305,0.7799223065376282
0.4502069354057312,3.247237205505371,0.7799209356307983
0.43705061078071594,3.7202210426330566,0.7799201607704163
0.4547840654850006,3.7143378257751465,0.7799193859100342
0.4667818248271942,3.2368886470794678,0.7799186706542969
0.44276005029678345,3.768221855163574,0.7799177765846252
0.42207759618759155,3.5213441848754883,0.7799170017242432
0.4047360122203827,3.113410234451294,0.7799161672592163
0.457373708486557,4.514214515686035,0.7799151539802551
0.4175556004047394,2.9929184913635254,0.7799140810966492
0.44617536664009094,2.986987829208374,0.7799130082130432
0.46478167176246643,3.5997021198272705,0.7799118161201477
0.48042598366737366,3.649163246154785,0.7799110412597656
0.41379889845848083,3.3237099647521973,0.7799102663993835
0.4053620398044586,4.102523326873779,0.7799097299575806
0.429054856300354,3.521286964416504,0.7799089550971985
0.4094480872154236,3.937121629714966,0.7799081802368164
0.41637855768203735,3.111928701400757,0.7799072861671448
0.4784757196903229,3.181523084640503,0.7799062132835388
0.4918546974658966,3.1516642570495605,0.7799051403999329
0.43157264590263367,3.482450485229492,0.7799044251441956
0.43945205211639404,4.531233787536621,0.7799035906791687
0.40558645129203796,3.4120285511016846,0.7799025774002075
0.4685140550136566,3.4526562690734863,0.7799017429351807
0.41945314407348633,3.317352533340454,0.7799009680747986
0.4626159071922302,3.045602798461914,0.779900074005127
0.4991897940635681,3.632051944732666,0.7798992991447449
0.40651464462280273,3.104879379272461,0.7798984050750732
0.4360252320766449,3.612607717514038,0.7798973321914673
0.4569953382015228,3.8574771881103516,0.7798964381217957
0.4709772765636444,3.5495944023132324,0.7798952460289001
0.4133892357349396,3.4633727073669434,0.779894232749939
0.40406179428100586,4.191540718078613,0.7798931002616882
0.4745769500732422,3.0228593349456787,0.7798923850059509
0.41448891162872314,2.7252373695373535,0.7798916101455688
0.45830869674682617,4.026203632354736,0.779890775680542
0.5021416544914246,3.075707197189331,0.779889702796936
0.47163206338882446,3.9405226707458496,0.7798884510993958
0.3809894621372223,4.312077045440674,0.7798872590065002
0.4556640386581421,3.5564184188842773,0.77988600730896
0.4132613241672516,2.8944664001464844,0.7798848748207092
0.43482428789138794,2.8726792335510254,0.779883861541748
0.48234498500823975,4.092085361480713,0.779883086681366
0.3595895767211914,4.546649932861328,0.7798821330070496
0.418333500623703,2.974952459335327,0.7798810601234436
0.4684399962425232,3.7766292095184326,0.7798802256584167
0.3802628219127655,3.422006130218506,0.7798793315887451
0.44073736667633057,3.644237518310547,0.7798784375190735
0.4141291081905365,3.268759250640869,0.779877245426178
0.44999539852142334,3.3797061443328857,0.7798762321472168
0.40390995144844055,3.3745651245117188,0.7798753976821899
0.4420723617076874,3.4383461475372314,0.7798743844032288
0.47312459349632263,3.3909530639648438,0.7798735499382019
0.4315507113933563,2.9198431968688965,0.7798725962638855
0.43412867188453674,3.840925693511963,0.7798716425895691
0.40470901131629944,2.8014824390411377,0.7798705101013184
0.40570056438446045,2.9949400424957275,0.7798694372177124
0.48109865188598633,3.3093106746673584,0.779868483543396
0.4694104790687561,3.2568202018737793,0.7798677682876587
0.4359510838985443,3.128396987915039,0.7798666954040527
0.4171087145805359,2.7360849380493164,0.7798659801483154
0.45038771629333496,2.568122148513794,0.7798651456832886
0.44578254222869873,3.7618720531463623,0.7798640131950378
0.4302266538143158,3.3499600887298584,0.7798629403114319
0.4233328104019165,3.198653221130371,0.7798618078231812
0.4683647155761719,4.3085408210754395,0.7798606753349304
0.4576411247253418,3.5281870365142822,0.779859721660614
0.4279843866825104,3.436375856399536,0.7798587083816528
0.4053192138671875,3.1375885009765625,0.7798576951026917
0.4049443304538727,3.358424186706543,0.7798566818237305
0.45142874121665955,3.9254636764526367,0.7798557281494141
0.37012624740600586,3.465877056121826,0.7798547148704529
0.4291377663612366,3.1024065017700195,0.7798534631729126
0.452099472284317,3.646714687347412,0.7798522710800171
0.4157998263835907,3.487464189529419,0.7798511981964111
0.43475082516670227,3.5238492488861084,0.7798501253128052
0.46547216176986694,3.3448681831359863,0.7798489332199097
0.44774410128593445,3.537182331085205,0.7798480987548828
0.49503836035728455,4.118743896484375,0.7798470258712769
0.43552303314208984,3.052029609680176,0.7798461318016052
0.47380414605140686,3.3541178703308105,0.7798450589179993
0.44504716992378235,3.716719150543213,0.7798441052436829
0.4514750838279724,3.246340274810791,0.7798428535461426
0.4570065140724182,2.9170596599578857,0.7798418402671814
0.4468655288219452,2.9210333824157715,0.7798407077789307
0.4541323781013489,3.3495354652404785,0.7798396944999695
0.511847198009491,3.948293924331665,0.7798386812210083
0.4236530661582947,3.5693259239196777,0.7798377275466919
0.41993406414985657,3.285219669342041,0.7798369526863098
0.461220383644104,3.583482503890991,0.7798360586166382
0.4246712327003479,3.7715518474578857,0.7798351645469666
0.4456716775894165,2.8284010887145996,0.7798338532447815
0.44397029280662537,3.7471914291381836,0.7798327803611755
0.4040946364402771,2.7756710052490234,0.7798318266868591
0.42798539996147156,2.8222341537475586,0.779830813407898
0.43914347887039185,2.839679718017578,0.7798300385475159
0.4021461308002472,3.8450570106506348,0.779829204082489
0.4182778596878052,3.637141704559326,0.7798281908035278
0.434603214263916,2.9443483352661133,0.7798274159431458
0.4354051947593689,3.4818029403686523,0.7798264622688293
0.46053144335746765,3.4740447998046875,0.7798255085945129
0.45829710364341736,3.1251649856567383,0.7798244953155518
0.4505980610847473,3.709414482116699,0.779823362827301
0.42771872878074646,3.264075517654419,0.7798222899436951
0.4537126421928406,4.279069423675537,0.77982097864151
0.4213506281375885,3.683443069458008,0.7798199653625488
0.3815106153488159,3.594388961791992,0.779818594455719
0.43842795491218567,3.387387275695801,0.779817521572113
0.4162972867488861,2.756866931915283,0.7798166275024414
0.4353209137916565,2.7038657665252686,0.7798157334327698
0.44795042276382446,3.8767428398132324,0.7798147201538086
0.4693257510662079,3.546645164489746,0.7798137068748474
0.4689674973487854,3.204007387161255,0.779812753200531
0.47835737466812134,3.5550129413604736,0.779811441898346
0.4547519087791443,4.009899616241455,0.7798104882240295
0.40277931094169617,3.689730167388916,0.7798096537590027
0.43862998485565186,3.4238619804382324,0.7798084616661072
0.4834567904472351,3.660081624984741,0.7798075675964355
0.4151904881000519,3.3687424659729004,0.7798066139221191
0.4164070785045624,3.865413188934326,0.7798058390617371
0.45478934049606323,3.172471046447754,0.7798048853874207
0.4159209430217743,3.2274789810180664,0.7798038721084595
0.44374746084213257,3.28531551361084,0.7798028588294983
0.41398170590400696,3.591334342956543,0.7798019051551819
0.4591151177883148,4.138678550720215,0.7798007130622864
0.41711336374282837,3.023247241973877,0.7797998785972595
0.42539817094802856,3.5615012645721436,0.7797989249229431
0.43230560421943665,3.552901268005371,0.7797980904579163
0.5096212029457092,2.936401128768921,0.7797970175743103
0.42333468794822693,3.4168009757995605,0.7797961235046387
0.41645506024360657,3.868457794189453,0.7797951698303223
0.4337555468082428,2.7065465450286865,0.7797939777374268
0.41798436641693115,3.1428825855255127,0.7797927260398865
0.4472006857395172,3.0732309818267822,0.7797917723655701
0.43937331438064575,3.3475759029388428,0.7797906398773193
0.4501088261604309,2.741490602493286,0.7797895669937134
0.3843511939048767,3.0316882133483887,0.7797885537147522
0.4694788157939911,4.8414998054504395,0.7797874808311462
0.42127126455307007,3.5789437294006348,0.7797863483428955
0.38951537013053894,3.6955947875976562,0.7797852754592896
0.49156278371810913,2.725532293319702,0.7797842025756836
0.40700632333755493,3.8405921459198,0.7797828316688538
0.4016605019569397,3.5132508277893066,0.7797818779945374
0.4231259524822235,3.808232307434082,0.7797808647155762
0.43092167377471924,3.302452564239502,0.7797801494598389
0.39267799258232117,3.1931352615356445,0.7797792553901672
0.4180401563644409,3.33202862739563,0.779778242111206
0.46726423501968384,4.064388275146484,0.7797771692276001
0.452511191368103,2.9445316791534424,0.7797763347625732
0.4250749945640564,3.6292381286621094,0.7797753810882568
0.4649050831794739,3.6707119941711426,0.7797744274139404
0.45427703857421875,3.7100720405578613,0.779773473739624
0.4582049548625946,4.831830024719238,0.7797724604606628
0.42823559045791626,3.308560848236084,0.7797713875770569
0.46558910608291626,4.245242118835449,0.7797706127166748
0.4070129692554474,3.8234031200408936,0.779769778251648
0.42443057894706726,3.1072700023651123,0.7797688841819763
0.41357436776161194,3.8828132152557373,0.7797681093215942
0.4362385869026184,2.9691340923309326,0.7797672152519226
0.4434490501880646,3.6793394088745117,0.7797664999961853
0.44923508167266846,3.1833457946777344,0.7797656655311584
0.442043662071228,3.3245530128479004,0.7797645926475525
0.4324578642845154,3.7295122146606445,0.7797636389732361
0.4231613874435425,4.141468048095703,0.7797626256942749
0.421380877494812,2.9930572509765625,0.7797614932060242
0.38203027844429016,3.3588602542877197,0.7797605395317078
0.4277593195438385,2.842552661895752,0.7797596454620361
0.46549293398857117,3.5999395847320557,0.7797588109970093
0.39141571521759033,3.4395384788513184,0.7797577977180481
0.5126409530639648,4.692961692810059,0.7797569036483765
0.4700581133365631,3.6983375549316406,0.7797559499740601
0.3997705280780792,3.166104555130005,0.7797548174858093
0.44335535168647766,3.2394700050354004,0.7797537446022034
0.44937196373939514,3.8097548484802246,0.779752790927887
0.4231303334236145,3.5888404846191406,0.7797517776489258
0.4199678301811218,3.842561721801758,0.7797507047653198
0.4524785280227661,3.1432480812072754,0.7797497510910034
0.4588469862937927,3.200718879699707,0.7797489166259766
0.4394066035747528,3.2757043838500977,0.7797479033470154
0.4021364450454712,4.0005059242248535,0.7797468900680542
0.44795921444892883,3.072972297668457,0.7797456979751587
0.4958249628543854,4.253122806549072,0.7797442674636841
0.462176650762558,3.6255037784576416,0.7797431349754333
0.39615103602409363,3.4373462200164795,0.7797420620918274
0.43316009640693665,2.9275078773498535,0.7797409296035767
0.42254623770713806,3.4968888759613037,0.7797399759292603
0.4145617187023163,3.509518623352051,0.7797388434410095
0.4855062663555145,3.397444725036621,0.7797378897666931
0.41964682936668396,3.918795585632324,0.7797371745109558
0.4007384777069092,3.5067203044891357,0.7797361016273499
0.41528040170669556,3.4586806297302246,0.7797350287437439
0.3964928984642029,2.734508991241455,0.7797338962554932
0.4067140817642212,2.774590253829956,0.7797328233718872
0.47161149978637695,4.130274295806885,0.7797318696975708
0.4831780791282654,2.9541234970092773,0.7797308564186096
0.41611945629119873,3.861919641494751,0.7797300815582275
0.4666549563407898,3.381369113922119,0.7797293663024902
0.49863722920417786,3.588405132293701,0.7797284126281738
0.3873000144958496,3.3965630531311035,0.7797276377677917
0.42768704891204834,4.4366841316223145,0.7797265648841858
0.43610715866088867,3.0402631759643555,0.7797253131866455
0.4579746425151825,3.318887233734131,0.7797242403030396
0.40194571018218994,4.4541802406311035,0.7797232270240784
0.47824758291244507,3.05623197555542,0.7797219753265381
0.4938202500343323,3.8533756732940674,0.7797209620475769
0.4532196819782257,3.2514488697052,0.779719889163971
0.4559799134731293,2.5252256393432617,0.7797189950942993
0.4426596760749817,3.5288290977478027,0.7797179818153381
0.4560794234275818,3.282210350036621,0.7797170877456665
0.4427422881126404,3.2508115768432617,0.7797160148620605
0.49459370970726013,3.3584823608398438,0.7797149419784546
0.5060189962387085,3.3815619945526123,0.7797137498855591
0.4324793219566345,3.737291097640991,0.7797126770019531
0.48441383242607117,3.843471050262451,0.7797115445137024
0.43288737535476685,2.80261492729187,0.7797102332115173
0.4341432750225067,3.5049195289611816,0.7797092199325562
0.443752646446228,3.24117374420166,0.7797084450721741
0.4758491516113281,3.725569248199463,0.7797076106071472
0.40473753213882446,3.395803451538086,0.7797064185142517
0.47541677951812744,3.963326930999756,0.7797057628631592
0.39733579754829407,3.2461509704589844,0.7797049283981323
0.44181028008461,3.6460864543914795,0.7797039747238159
0.46908843517303467,3.551893711090088,0.7797028422355652
0.44530317187309265,3.0425453186035156,0.779701828956604
0.44165244698524475,2.6571340560913086,0.7797008752822876
0.5085411667823792,3.25986385345459,0.7796999216079712
0.4418959319591522,3.3423266410827637,0.7796990275382996
0.4290332794189453,3.460433006286621,0.7796980738639832
0.4980698525905609,3.533432722091675,0.7796971797943115
0.42512649297714233,3.7514538764953613,0.7796962857246399
0.4411146342754364,3.3759398460388184,0.7796952128410339
0.4241763949394226,3.274580955505371,0.7796943187713623
0.41970381140708923,4.014315128326416,0.7796933054924011
0.4311835467815399,3.266610860824585,0.7796923518180847
0.40426307916641235,3.0363659858703613,0.7796915173530579
0.4270746111869812,3.4796791076660156,0.7796903848648071
0.45774856209754944,3.623976945877075,0.7796893119812012
0.4287852346897125,3.7618227005004883,0.7796885371208191
0.45620039105415344,3.1743531227111816,0.7796875238418579
0.45216646790504456,3.8713467121124268,0.7796867489814758
0.4481838047504425,3.0726146697998047,0.7796859741210938
0.45963290333747864,3.106119155883789,0.7796847820281982
0.39873358607292175,4.161317825317383,0.7796836495399475
0.4416971504688263,3.2642099857330322,0.7796825766563416
0.45556846261024475,4.02580451965332,0.779681384563446
0.48441076278686523,3.3377468585968018,0.7796803712844849
0.5038945078849792,3.2365691661834717,0.7796793580055237
0.4423690438270569,3.1241016387939453,0.779678463935852
0.41041550040245056,2.8565120697021484,0.7796776294708252
0.3883007764816284,2.9967880249023438,0.779676616191864
0.5139386653900146,3.155062198638916,0.7796756625175476
0.42230749130249023,3.80568265914917,0.7796744108200073
0.40722984075546265,3.1760878562927246,0.7796732783317566
0.43244102597236633,3.1916000843048096,0.7796721458435059
0.3883804678916931,2.9990487098693848,0.779671311378479
0.43222013115882874,2.973158836364746,0.7796704173088074
0.4373006820678711,2.8258538246154785,0.7796695828437805
0.38760390877723694,3.0731868743896484,0.7796688079833984
0.4158994257450104,4.007144451141357,0.7796676754951477
0.42734283208847046,4.093045711517334,0.7796668410301208
0.42742064595222473,2.9124622344970703,0.7796657681465149
0.44007909297943115,2.9109082221984863,0.7796647548675537
0.4734594225883484,3.16120982170105,0.7796638011932373
0.4638194143772125,3.592562675476074,0.7796629667282104
0.43348562717437744,2.719162940979004,0.7796619534492493
0.4939371347427368,3.6113176345825195,0.7796609997749329
0.4824419319629669,3.7276787757873535,0.7796601057052612
0.3787662386894226,4.144827842712402,0.7796592116355896
0.45330891013145447,3.7242860794067383,0.7796580791473389
0.40928778052330017,2.821220874786377,0.7796569466590881
0.4063640534877777,2.9510107040405273,0.7796560525894165
0.4424576461315155,3.683562755584717,0.7796550989151001
0.4856683909893036,3.386549472808838,0.7796543836593628
0.4748595952987671,3.9694607257843018,0.7796536684036255
0.4777505397796631,3.4900379180908203,0.7796527743339539
0.4607137143611908,4.945693016052246,0.7796517610549927
0.4172229766845703,3.6424918174743652,0.7796507477760315
0.4067775011062622,3.3286941051483154,0.7796498537063599
0.4282676875591278,3.4269723892211914,0.7796487808227539
0.4328393042087555,3.9340476989746094,0.7796476483345032
0.4409182667732239,2.257688045501709,0.7796468138694763
0.48154643177986145,2.9290051460266113,0.7796458601951599
0.42871639132499695,3.5246050357818604,0.7796450853347778
0.45107603073120117,3.5800962448120117,0.7796441316604614
0.43654727935791016,3.5156168937683105,0.7796431183815002
0.46121618151664734,3.272966146469116,0.7796424031257629
0.4216783046722412,3.6639742851257324,0.7796414494514465
0.4793016016483307,3.972675323486328,0.7796404361724854
0.40202558040618896,3.2049083709716797,0.7796396613121033
0.417703241109848,3.1447300910949707,0.7796385288238525
0.4202692210674286,3.5144290924072266,0.7796375751495361
0.4424568712711334,3.6080665588378906,0.7796366810798645
0.4367944300174713,3.2204699516296387,0.7796357870101929
0.4453479051589966,3.4571962356567383,0.7796348333358765
0.4282504916191101,3.1531877517700195,0.7796339392662048
0.4173440933227539,3.872096300125122,0.7796329855918884
0.41357600688934326,3.5406782627105713,0.7796318531036377
0.4126274883747101,3.327658176422119,0.7796308994293213
0.4519554674625397,3.412696123123169,0.7796298861503601
0.4633016884326935,3.1805081367492676,0.7796288132667542
0.4128376245498657,3.204008102416992,0.779627799987793
0.4285980463027954,3.624079465866089,0.7796269059181213
0.43787142634391785,2.791330337524414,0.7796259522438049
0.38761404156684875,3.103832960128784,0.7796250581741333
0.4616612195968628,3.450429916381836,0.7796242237091064
0.41450637578964233,3.824946880340576,0.7796233892440796
0.4740177094936371,3.632504940032959,0.7796223759651184
0.4670245349407196,4.485348701477051,0.7796213030815125
0.4327535927295685,3.2310283184051514,0.7796202898025513
0.4339872896671295,2.891942262649536,0.7796193361282349
0.42815688252449036,3.320735454559326,0.7796183824539185
0.4417656660079956,3.3840010166168213,0.7796172499656677
0.4640018343925476,3.361846446990967,0.7796165347099304
0.4435970187187195,3.024664878845215,0.7796157598495483
0.3963434398174286,3.5212326049804688,0.7796148061752319
0.40883925557136536,3.5020456314086914,0.7796136736869812
0.4764484167098999,4.13770866394043,0.7796127796173096
0.38245269656181335,2.7343332767486572,0.7796117067337036
0.44743072986602783,3.92671537399292,0.7796108722686768
0.42226874828338623,3.017308235168457,0.7796099185943604
0.4069817364215851,3.714123249053955,0.7796087861061096
0.4054940938949585,4.524718284606934,0.7796077132225037
0.4112895727157593,2.824983596801758,0.7796067595481873
0.49087783694267273,2.8254265785217285,0.779605507850647
0.3509279489517212,2.5547406673431396,0.779604434967041
0.4259874224662781,3.2898168563842773,0.7796035408973694
0.4150516092777252,3.688659191131592,0.7796026468276978
0.40705057978630066,3.6039609909057617,0.7796018123626709
0.4013268053531647,3.66287899017334,0.7796007990837097
0.3842708170413971,3.084763288497925,0.7795998454093933
0.4408918619155884,3.853743076324463,0.7795989513397217
0.48169851303100586,3.5161142349243164,0.779597818851471
0.4505658745765686,3.6089234352111816,0.7795966863632202
0.4014964997768402,3.2369935512542725,0.7795954942703247
0.4070495367050171,3.5093626976013184,0.7795944213867188
0.4364035725593567,3.0600051879882812,0.7795932292938232
0.41886356472969055,3.161954402923584,0.7795921564102173
0.5133346915245056,3.8824968338012695,0.7795910835266113
0.39818626642227173,2.9746174812316895,0.7795900106430054
0.4699203372001648,3.199894428253174,0.7795889973640442
0.4424497187137604,2.9863879680633545,0.7795879244804382
0.4233704209327698,2.8018932342529297,0.7795872092247009
0.42657941579818726,3.495568037033081,0.7795861959457397
0.439558207988739,3.3230109214782715,0.7795851230621338
0.4474867880344391,3.259650230407715,0.7795841693878174
0.4820961654186249,3.640676736831665,0.7795833349227905
0.4251841604709625,3.2086288928985596,0.7795822024345398
0.48229917883872986,3.7436187267303467,0.7795811891555786
0.3981313705444336,2.919034719467163,0.7795799970626831
0.4251748323440552,3.5410025119781494,0.7795789241790771
0.411074161529541,3.335129976272583,0.7795778512954712
0.4160780608654022,3.318147897720337,0.7795770168304443
0.4027644395828247,2.8863143920898438,0.7795762419700623
0.4677288234233856,3.539278507232666,0.7795753479003906
0.42891570925712585,4.331827640533447,0.7795743942260742
0.4080662131309509,3.9403223991394043,0.7795734405517578
0.48127686977386475,4.201335906982422,0.7795723080635071
0.4217506945133209,3.488093614578247,0.7795711159706116
0.3928457200527191,3.465726375579834,0.7795703411102295
0.47741612792015076,3.468407392501831,0.7795694470405579
0.3746457099914551,3.1426453590393066,0.7795690298080444
0.41698023676872253,3.050244092941284,0.7795684337615967
0.41173991560935974,3.19419527053833,0.7795676589012146
0.4484092593193054,4.695191860198975,0.7795668244361877
0.424329549074173,2.7952585220336914,0.7795656323432922
0.4243392050266266,3.1795620918273926,0.7795644998550415
0.46602678298950195,3.411660671234131,0.7795634865760803
0.4259353578090668,2.9988770484924316,0.7795621752738953
0.42090460658073425,3.056973934173584,0.7795610427856445
0.4083855450153351,3.262333869934082,0.7795600295066833
0.5079144835472107,4.070378303527832,0.7795593738555908
0.4437403678894043,2.782602071762085,0.7795583009719849
0.41694191098213196,3.6032791137695312,0.7795574069023132
0.43890875577926636,4.763710975646973,0.7795562148094177
0.4148145914077759,3.148284435272217,0.7795553207397461
0.48886823654174805,2.476323127746582,0.7795542478561401
0.45831918716430664,3.4880552291870117,0.7795532941818237
0.44662755727767944,3.7130184173583984,0.7795523405075073
0.454792320728302,2.796210289001465,0.7795513272285461
0.4678436815738678,3.4167356491088867,0.7795505523681641
0.3946956694126129,2.712644577026367,0.7795495390892029
0.4433741271495819,3.745720386505127,0.7795487642288208
0.4197419285774231,3.0546844005584717,0.7795478105545044
0.46977806091308594,3.452772617340088,0.7795469164848328
0.438066691160202,3.1899046897888184,0.7795459032058716
0.4737940728664398,3.483175039291382,0.7795450091362
0.4136800169944763,3.9498753547668457,0.7795441150665283
0.4571698009967804,3.200246810913086,0.7795431613922119
0.4298653304576874,3.9779348373413086,0.7795422077178955
0.42843207716941833,3.141514778137207,0.7795414924621582
0.4641197919845581,3.3486878871917725,0.779540479183197
0.45656517148017883,3.5699832439422607,0.7795394062995911
0.4075079560279846,3.5513863563537598,0.7795383334159851
0.4349668323993683,3.710028648376465,0.7795373797416687
0.3800498843193054,3.812973976135254,0.7795360684394836
0.47796088457107544,3.197906494140625,0.7795350551605225
0.3726872503757477,3.106881618499756,0.7795340418815613
0.4872870147228241,3.175877094268799,0.7795329689979553
0.4400767683982849,3.3750853538513184,0.7795319557189941
0.45622989535331726,3.548208713531494,0.7795308828353882
0.46836936473846436,3.7760801315307617,0.7795296907424927
0.40141111612319946,3.1403846740722656,0.7795284986495972
0.4584559500217438,4.131227493286133,0.7795272469520569
0.4335212707519531,3.847932815551758,0.7795260548591614
0.4371020495891571,3.764932632446289,0.7795246243476868
0.3922502100467682,3.965752124786377,0.7795235514640808
0.45016372203826904,2.8995652198791504,0.7795226573944092
0.43143466114997864,3.0703277587890625,0.779521644115448
0.42208120226860046,3.611379861831665,0.7795205116271973
0.3946107029914856,3.151261329650879,0.7795195579528809
0.46587514877319336,2.7033638954162598,0.7795186042785645
0.3924729526042938,3.0080466270446777,0.7795174717903137
0.45597511529922485,3.3939099311828613,0.7795162796974182
0.40944889187812805,2.8514771461486816,0.7795154452323914
0.4607532024383545,3.143476963043213,0.7795141935348511
0.4339218735694885,2.785799026489258,0.7795131802558899
0.402596116065979,3.1201958656311035,0.7795124053955078
0.4091053307056427,3.9558773040771484,0.7795114517211914
0.4624584913253784,4.025350570678711,0.7795106172561646
0.42373183369636536,3.111116886138916,0.7795097827911377
0.447378009557724,3.141315460205078,0.779508650302887
0.44899794459342957,3.6979353427886963,0.7795076370239258
0.4193047881126404,3.5406546592712402,0.7795064449310303
0.3823162615299225,4.205270767211914,0.7795054912567139
0.388471782207489,2.5080676078796387,0.7795042991638184
0.4365881383419037,3.060656785964966,0.7795032262802124
0.4491555988788605,3.167264223098755,0.7795023322105408
0.44754183292388916,3.644716739654541,0.7795012593269348
0.42351973056793213,3.607593536376953,0.779500424861908
0.4193429946899414,3.36979603767395,0.7794995903968811
0.5164127349853516,4.109759330749512,0.7794985175132751
0.44301310181617737,2.695615530014038,0.7794973850250244
0.46312445402145386,2.695168972015381,0.7794961333274841
0.465596467256546,3.1929659843444824,0.7794949412345886
0.4628463685512543,3.1640777587890625,0.779494047164917
0.38324442505836487,3.8004610538482666,0.7794930934906006
0.4630208909511566,2.9729623794555664,0.7794921398162842
0.4273490011692047,3.3246192932128906,0.7794911861419678
0.4469674527645111,3.12616229057312,0.7794901132583618
0.4284164011478424,3.840019702911377,0.7794890999794006
0.3561830520629883,3.139176607131958,0.7794879078865051
0.45489010214805603,3.882650852203369,0.7794869542121887
0.4069010019302368,3.0032825469970703,0.779485821723938
0.4430239796638489,3.338876247406006,0.779484748840332
0.46778640151023865,2.9887163639068604,0.7794836759567261
0.46679964661598206,3.1049976348876953,0.7794827818870544
0.4213521182537079,3.101915121078491,0.779481828212738
0.46097636222839355,3.4435300827026367,0.7794808745384216
0.41420477628707886,3.371769905090332,0.7794799208641052
0.4622330367565155,3.8796067237854004,0.779478907585144
0.4623339772224426,2.375814914703369,0.7794777154922485
0.45022445917129517,2.7559728622436523,0.7794765830039978
0.4929133355617523,3.562772035598755,0.7794753909111023
0.4672949016094208,3.829554319381714,0.7794744968414307
0.4148482382297516,2.964632987976074,0.7794734239578247
0.4405742883682251,3.1181766986846924,0.7794725894927979
0.45754939317703247,3.160907030105591,0.7794716358184814
0.4704133868217468,3.533372402191162,0.7794705629348755
0.42209142446517944,3.2847886085510254,0.7794694304466248
0.432233065366745,2.6894986629486084,0.7794683575630188
0.44921547174453735,2.9823696613311768,0.7794674634933472
0.38719817996025085,3.6567397117614746,0.779466450214386
0.4246247410774231,3.9183573722839355,0.7794654965400696
0.4393349289894104,2.9921271800994873,0.7794644832611084
0.42851051688194275,2.7529704570770264,0.7794634103775024
0.4345354735851288,2.358003854751587,0.7794623970985413
0.460022509098053,3.757981061935425,0.7794613242149353
0.405323326587677,3.8731746673583984,0.7794602513313293
0.4033747911453247,3.036444664001465,0.7794591188430786
0.4424479901790619,3.3535499572753906,0.7794582843780518
0.40417468547821045,3.6968374252319336,0.7794574499130249
0.47602108120918274,3.145470142364502,0.7794564962387085
0.4382738769054413,2.9347400665283203,0.7794553637504578
0.42436477541923523,3.4223885536193848,0.7794544696807861
0.35974428057670593,3.2451014518737793,0.7794533967971802
0.41229140758514404,2.6904830932617188,0.7794526815414429
0.43280479311943054,2.865396499633789,0.7794517874717712
0.41576120257377625,3.5343635082244873,0.7794510722160339
0.41574394702911377,3.3005592823028564,0.7794502377510071
0.4652983844280243,3.500260829925537,0.7794492840766907
0.3989144563674927,4.283308982849121,0.7794480323791504
0.4109226167201996,3.3215694427490234,0.7794468402862549
0.4135986268520355,3.2274222373962402,0.7794457077980042
0.44119247794151306,3.970881700515747,0.7794446349143982
0.4168063998222351,3.697080612182617,0.7794437408447266
0.46152350306510925,4.192304611206055,0.7794429659843445
0.412427693605423,3.8461594581604004,0.779441773891449
0.4407660663127899,3.352705955505371,0.7794408798217773
0.4183180630207062,3.076932430267334,0.7794398069381714
0.4401877224445343,3.0657830238342285,0.779438853263855
0.45186445116996765,3.1283628940582275,0.779437780380249
0.45326244831085205,3.2269680500030518,0.7794367671012878
0.40566933155059814,3.329390287399292,0.7794356942176819
0.4717898368835449,1.8830416202545166,0.7794347405433655
0.4457056224346161,3.6702609062194824,0.7794336080551147
0.39493152499198914,3.9010958671569824,0.779433012008667
0.4755161702632904,3.0858922004699707,0.7794319987297058
0.4806117117404938,3.0261306762695312,0.7794309854507446
0.4466106593608856,3.417264223098755,0.7794299125671387
0.36797794699668884,3.328583002090454,0.7794288396835327
0.4709886908531189,3.5848612785339355,0.7794279456138611
0.45488783717155457,2.416538715362549,0.7794270515441895
0.42359980940818787,3.5730671882629395,0.779425859451294
0.47206029295921326,3.3936901092529297,0.779424786567688
0.372352659702301,3.6389427185058594,0.7794237732887268
0.37805792689323425,3.404567241668701,0.7794223427772522
0.3478013575077057,3.920074701309204,0.7794215679168701
0.3801811635494232,4.120050430297852,0.7794206142425537
0.42049530148506165,3.9571070671081543,0.7794197797775269
0.3555159568786621,3.4634652137756348,0.7794187664985657
0.48735880851745605,4.081467628479004,0.7794177532196045
0.43212011456489563,3.885453939437866,0.7794166207313538
0.45727765560150146,3.180102825164795,0.7794156670570374
0.45029670000076294,3.9565253257751465,0.7794145941734314
0.46964332461357117,3.5139756202697754,0.7794132828712463
0.4368305206298828,3.5693116188049316,0.7794122695922852
0.4400300085544586,3.986055850982666,0.7794114947319031
0.45334136486053467,3.6169469356536865,0.7794107794761658
0.46804869174957275,3.570457696914673,0.7794097661972046
0.48485618829727173,3.478304862976074,0.7794087529182434
0.39740484952926636,4.407296657562256,0.7794076800346375
0.4738117754459381,3.662112236022949,0.7794064879417419
0.44878920912742615,3.208939790725708,0.779405415058136
0.4368739128112793,3.156755208969116,0.7794041633605957
0.40169408917427063,2.954054832458496,0.7794033288955688
0.3744499981403351,3.0254268646240234,0.7794022560119629
0.4717308580875397,3.288710117340088,0.7794016599655151
0.4452104866504669,3.217923164367676,0.7794008851051331
0.49705854058265686,2.894439697265625,0.7794000506401062
0.4206189513206482,3.6564910411834717,0.7793989181518555
0.3992519974708557,3.403489828109741,0.7793980836868286
0.4861443340778351,3.151153087615967,0.7793972492218018
0.4128866493701935,4.380070686340332,0.7793961763381958
0.43965837359428406,2.620089054107666,0.7793951630592346
0.4573134481906891,3.2610058784484863,0.7793941497802734
0.4292702376842499,4.109058856964111,0.7793933153152466
0.47213590145111084,3.189910650253296,0.7793924808502197
0.4046803116798401,3.2316274642944336,0.7793914675712585
0.4072411358356476,2.9251158237457275,0.7793907523155212
0.44977447390556335,2.7457242012023926,0.7793897390365601
0.4639233946800232,3.7768208980560303,0.7793889045715332
0.42184820771217346,3.6287713050842285,0.7793879508972168
0.4461219608783722,3.4043474197387695,0.7793868780136108
0.48377859592437744,3.28256893157959,0.7793859243392944
0.38982799649238586,3.2901597023010254,0.7793847918510437
0.4593658447265625,3.088540554046631,0.7793837785720825
0.3804362416267395,3.2091970443725586,0.7793828248977661
0.457416832447052,3.2423524856567383,0.7793819904327393
0.46386927366256714,2.6557703018188477,0.7793809771537781
0.42161163687705994,2.6881206035614014,0.7793800234794617
0.45581114292144775,3.625056743621826,0.7793790698051453
0.4346449077129364,2.8532564640045166,0.7793781757354736
0.44797849655151367,3.5738964080810547,0.7793771028518677
0.39989542961120605,3.90504789352417,0.7793760895729065
0.4141300618648529,3.3961052894592285,0.7793750166893005
0.40122419595718384,3.203817844390869,0.7793740034103394
0.43603515625,3.1463003158569336,0.7793729901313782
0.4326508939266205,3.5111327171325684,0.7793720364570618
0.3447083830833435,3.081256866455078,0.7793712019920349
0.4030628502368927,3.1851439476013184,0.7793702483177185
0.3478033244609833,3.1083130836486816,0.7793692946434021
0.46630796790122986,3.749985456466675,0.77936851978302
0.4595577120780945,3.62618088722229,0.7793674468994141
0.40838423371315,3.79628849029541,0.7793664932250977
0.437132865190506,3.7471437454223633,0.7793654203414917
0.46618202328681946,3.415818691253662,0.7793644070625305
0.4250218868255615,3.2612390518188477,0.7793635129928589
0.4140622615814209,4.539151191711426,0.7793625593185425
0.4595242142677307,3.0160582065582275,0.7793616056442261
0.38500601053237915,3.1255264282226562,0.7793607711791992
0.40892091393470764,3.252880573272705,0.7793600559234619
0.44969642162323,3.056786060333252,0.7793591022491455
0.45680543780326843,3.244757652282715,0.7793583273887634
0.4247955083847046,3.394073963165283,0.7793574333190918
0.4191513657569885,3.0268895626068115,0.7793567180633545
0.44669729471206665,3.737823963165283,0.7793557047843933
0.41824889183044434,4.2657294273376465,0.7793548107147217
0.4527391791343689,2.7986979484558105,0.7793537378311157
0.4375685751438141,3.1618127822875977,0.7793526649475098
0.4011751413345337,3.172062635421753,0.7793516516685486
0.42381876707077026,4.1925811767578125,0.7793508172035217
0.3721753656864166,3.4005677700042725,0.7793497443199158
0.39358383417129517,3.8914918899536133,0.7793489098548889
0.4635900855064392,3.5172934532165527,0.779347836971283
0.4352777898311615,3.1927947998046875,0.7793468832969666
0.44881048798561096,2.914422035217285,0.7793455719947815
0.4752711355686188,2.786317825317383,0.7793443202972412
0.498511403799057,2.9028749465942383,0.7793430089950562
0.43633151054382324,4.172877311706543,0.7793418765068054
0.43047550320625305,3.1248421669006348,0.7793406248092651
0.35554906725883484,3.612614870071411,0.779339611530304
0.44152191281318665,3.3738436698913574,0.7793387770652771
0.4627004861831665,3.873107433319092,0.7793378829956055
0.4561800956726074,3.570075035095215,0.7793368101119995
0.46003320813179016,3.0127553939819336,0.7793355584144592
0.43531760573387146,2.4445290565490723,0.779334306716919
0.4712195098400116,4.081491947174072,0.7793329954147339
0.4444950819015503,3.483917236328125,0.7793318629264832
0.40060973167419434,3.1432249546051025,0.7793307304382324
0.460332453250885,3.6878821849823,0.7793296575546265
0.47530341148376465,3.4504616260528564,0.7793286442756653
0.444102019071579,3.3475780487060547,0.7793276906013489
0.45528915524482727,3.2625389099121094,0.779326856136322
0.4768732786178589,3.8540494441986084,0.7793257832527161
0.4477667212486267,3.2259745597839355,0.7793245315551758
0.4333924651145935,3.520012378692627,0.7793235182762146
0.41908153891563416,3.5854291915893555,0.7793224453926086
0.44291746616363525,3.5813353061676025,0.7793213129043579
0.4384582042694092,3.3308112621307373,0.7793202996253967
0.41828399896621704,3.0114710330963135,0.7793194651603699
0.40415558218955994,2.9582607746124268,0.779318630695343
0.4349817633628845,3.1541948318481445,0.7793176174163818
0.41504716873168945,2.8611230850219727,0.7793165445327759
0.3755151033401489,3.440483808517456,0.7793154716491699
0.4348231852054596,3.4901106357574463,0.7793142795562744
0.3873020112514496,3.2266557216644287,0.7793130278587341
0.44456297159194946,3.171156644821167,0.7793119549751282
0.42656809091567993,3.0904736518859863,0.7793108224868774
0.40920644998550415,3.3287453651428223,0.7793098092079163
0.4380405843257904,3.0872485637664795,0.779309093952179
0.4403306543827057,2.8001670837402344,0.7793077230453491
0.4029625356197357,3.241424560546875,0.7793065309524536
0.3925401568412781,3.8051600456237793,0.7793055176734924
0.4759443700313568,3.146456480026245,0.7793043255805969
0.3691192865371704,2.894442081451416,0.7793033123016357
0.4420842230319977,3.1505398750305176,0.7793023586273193
0.4968375265598297,3.592647075653076,0.7793015241622925
0.41515350341796875,3.8251733779907227,0.7793003916740417
0.39693817496299744,3.908259391784668,0.7792994379997253
0.44107118248939514,3.8787496089935303,0.7792983651161194
0.386807382106781,3.0873184204101562,0.7792974710464478
0.4619142711162567,2.879592180252075,0.7792965769767761
0.46451622247695923,2.990455150604248,0.7792954444885254
0.4144427478313446,2.84903621673584,0.7792944312095642
0.4735157787799835,2.9096782207489014,0.779293417930603
0.41507211327552795,3.0640220642089844,0.7792922258377075
0.44936540722846985,3.579570770263672,0.7792912125587463
0.44478046894073486,3.3659286499023438,0.779289960861206
0.4184306859970093,4.229902744293213,0.7792888283729553
0.3973120152950287,3.6545162200927734,0.7792878746986389
0.4475524425506592,2.971543788909912,0.7792866826057434
0.42168325185775757,3.881092071533203,0.7792853713035583
0.4232119023799896,3.8782107830047607,0.7792842984199524
0.45227137207984924,3.8053603172302246,0.7792831659317017
0.43664705753326416,3.184091567993164,0.7792819738388062
0.42941707372665405,3.446805000305176,0.7792808413505554
0.43621909618377686,3.425605297088623,0.7792798280715942
0.41106149554252625,3.636371612548828,0.7792789340019226
0.46491557359695435,4.122350692749023,0.7792776823043823
0.4417663514614105,3.4296350479125977,0.7792766690254211
0.3927137553691864,3.233964204788208,0.7792758941650391
0.464315265417099,2.806522846221924,0.7792749404907227
0.45647913217544556,2.9721407890319824,0.7792741060256958
0.46889254450798035,3.9633524417877197,0.7792730331420898
0.4433935582637787,3.3243651390075684,0.7792720794677734
0.44503065943717957,3.4204890727996826,0.7792710661888123
0.4351840615272522,3.7231297492980957,0.7792701125144958
0.39850398898124695,3.8252949714660645,0.7792689204216003
0.42676103115081787,2.9377591609954834,0.7792680263519287
0.4871871769428253,3.3310494422912598,0.7792670726776123
0.43365293741226196,3.097414493560791,0.7792662382125854
0.4475392699241638,3.5000081062316895,0.7792653441429138
0.4237709045410156,3.901505470275879,0.7792643904685974
0.4393633306026459,3.167903423309326,0.7792634963989258
0.43566253781318665,2.97404408454895,0.7792625427246094
0.4223708212375641,2.740192413330078,0.779261589050293
0.3965774476528168,3.365860939025879,0.7792606353759766
0.4300720989704132,3.4939117431640625,0.7792597413063049
0.4265066683292389,2.733442783355713,0.7792587280273438
0.4148009121417999,4.038776397705078,0.7792577147483826
0.45238104462623596,3.084930896759033,0.7792566418647766
0.3767651915550232,3.0434398651123047,0.7792556881904602
0.4533109664916992,2.752807378768921,0.7792545557022095
0.45287951827049255,2.7629661560058594,0.7792534828186035
0.4120194911956787,4.4098639488220215,0.779252290725708
0.4942696690559387,3.946202278137207,0.7792513966560364
0.42332723736763,3.3026022911071777,0.7792505025863647
0.3972891867160797,3.0158519744873047,0.7792496085166931
0.41866132616996765,2.9674549102783203,0.7792485356330872
0.4751781225204468,2.644035816192627,0.7792477011680603
0.44555434584617615,2.7638750076293945,0.7792468070983887
0.4317927360534668,3.7003579139709473,0.7792458534240723
0.44988080859184265,3.3329672813415527,0.7792447805404663
0.3993391990661621,4.084854602813721,0.7792438268661499
0.40399447083473206,3.227088451385498,0.779242753982544
0.48892882466316223,3.2070584297180176,0.779241681098938
0.41631269454956055,2.541435956954956,0.7792407870292664
0.4577085077762604,3.1674017906188965,0.7792398929595947
0.42200177907943726,3.188279151916504,0.7792388796806335
0.4152616858482361,3.1812288761138916,0.7792377471923828
0.3866095542907715,2.987098455429077,0.7792366743087769
0.45665115118026733,2.79722261428833,0.7792354822158813
0.4041851758956909,2.9019808769226074,0.7792345881462097
0.3932638168334961,3.4070231914520264,0.7792336344718933
0.41688087582588196,3.046558380126953,0.7792327404022217
0.36947867274284363,3.3586618900299072,0.7792317867279053
0.4082154333591461,3.1226534843444824,0.7792308330535889
0.41305220127105713,2.677886486053467,0.7792298197746277
0.4601205289363861,3.7116384506225586,0.7792288064956665
0.4134472608566284,2.6519153118133545,0.7792280316352844
0.436665803194046,3.899287700653076,0.779227077960968
0.45919451117515564,3.440000534057617,0.7792262434959412
0.4684702455997467,3.003129482269287,0.7792252898216248
0.45063284039497375,3.6829299926757812,0.7792243361473083
0.4199252128601074,3.3901376724243164,0.7792230844497681
0.4333343505859375,3.2483556270599365,0.7792218327522278
0.4584713578224182,3.2080578804016113,0.7792206406593323
0.4516563415527344,3.544340133666992,0.779219388961792
0.463687926530838,3.4302897453308105,0.779218316078186
0.4952744245529175,3.261314630508423,0.7792173624038696
0.40086546540260315,3.2806897163391113,0.7792164087295532
0.4158693552017212,3.6880505084991455,0.7792154550552368
0.4313381016254425,4.080929756164551,0.7792145609855652
0.4268241822719574,3.3482933044433594,0.7792136669158936
0.45620813965797424,3.2067465782165527,0.7792125940322876
0.4381859600543976,3.0740463733673096,0.7792115211486816
0.4660691022872925,3.2120039463043213,0.7792102098464966
0.4417111873626709,2.7211403846740723,0.7792091965675354
0.38093993067741394,3.222287178039551,0.779208242893219
0.4106884002685547,3.4862918853759766,0.7792074084281921
0.500594437122345,3.524415969848633,0.7792063355445862
0.4564288258552551,3.216745376586914,0.7792052626609802
0.44699233770370483,2.9157021045684814,0.7792041897773743
0.41560477018356323,3.096022367477417,0.7792031764984131
0.41260284185409546,3.1262950897216797,0.7792021632194519
0.4100092947483063,3.4830024242401123,0.779201090335846
0.3999747335910797,2.9394543170928955,0.7791998982429504
0.42868778109550476,3.333916664123535,0.7791987657546997
0.4300207793712616,2.9173743724823,0.7791975736618042
0.43308699131011963,3.437957763671875,0.7791963815689087
0.4346363842487335,3.7311840057373047,0.7791953086853027
0.43973830342292786,3.0553693771362305,0.7791939377784729
0.44690245389938354,3.3635294437408447,0.7791925668716431
0.4536999464035034,3.262119770050049,0.7791913151741028
0.39570188522338867,3.1633806228637695,0.7791902422904968
0.40832218527793884,3.4082961082458496,0.7791889905929565
0.4136667251586914,3.4924569129943848,0.7791876792907715
0.4022427201271057,3.2631726264953613,0.7791866064071655
0.47569772601127625,3.372499465942383,0.77918541431427
0.4419770836830139,3.1898860931396484,0.7791842818260193
0.4537277817726135,3.088693141937256,0.7791829705238342
0.4028913080692291,3.501493453979492,0.7791818380355835
0.44307616353034973,3.1350784301757812,0.7791807651519775
0.44761812686920166,2.955293655395508,0.7791798710823059
0.4293348491191864,2.9632699489593506,0.7791787981987
0.4107106626033783,3.3891897201538086,0.7791776657104492
0.4292353689670563,2.7615013122558594,0.7791765928268433
0.40347662568092346,4.0435309410095215,0.7791752219200134
0.39795050024986267,3.252375364303589,0.7791740298271179
0.4201138913631439,3.218693733215332,0.7791725993156433
0.4078928232192993,4.049612998962402,0.7791717052459717
0.42211273312568665,2.9682586193084717,0.7791703939437866
0.4442751109600067,3.161979913711548,0.7791693210601807
0.4684082567691803,3.4086365699768066,0.7791681885719299
0.49778079986572266,3.6073760986328125,0.7791669368743896
0.4341212809085846,3.220010280609131,0.7791659235954285
0.39690765738487244,3.013674020767212,0.7791647911071777
0.4148576259613037,2.8122317790985107,0.7791635394096375
0.3868327736854553,3.173243522644043,0.7791625261306763
0.4481007158756256,2.7940988540649414,0.7791613936424255
0.42289823293685913,3.2221384048461914,0.7791604995727539
0.41293078660964966,3.41402006149292,0.7791594862937927
0.4197465181350708,3.282487392425537,0.7791585326194763
0.39299023151397705,3.8594846725463867,0.7791574597358704
0.467437744140625,3.3917784690856934,0.779156506061554
0.384539932012558,2.985283851623535,0.7791551947593689
0.4426538646221161,2.767664909362793,0.7791542410850525
0.4053983986377716,3.0535361766815186,0.7791534066200256
0.3809477984905243,3.817657232284546,0.7791526317596436
0.4711819589138031,3.3602356910705566,0.7791518568992615
0.37079086899757385,3.9702415466308594,0.7791508436203003
0.42634445428848267,2.5888288021087646,0.77914959192276
0.47311681509017944,3.5335874557495117,0.7791484594345093
0.40883195400238037,3.2232322692871094,0.7791472673416138
0.4397680163383484,3.015615701675415,0.7791463732719421
0.4839148223400116,4.161223888397217,0.7791454792022705
0.4522581398487091,3.461031436920166,0.7791441679000854
0.39504748582839966,3.215487241744995,0.7791431546211243
0.4168163537979126,3.521885871887207,0.7791420817375183
0.45534148812294006,3.2906699180603027,0.7791410088539124
0.431262731552124,2.7621407508850098,0.7791396975517273
0.4137367606163025,2.519890785217285,0.7791385650634766
0.47729751467704773,3.535848617553711,0.7791374921798706
0.4250769019126892,3.158209800720215,0.779136598110199
0.44416359066963196,3.2088162899017334,0.779135525226593
0.4135035574436188,4.0114922523498535,0.7791345715522766
0.406917929649353,3.7471346855163574,0.7791337370872498
0.4489765167236328,3.836848258972168,0.7791324853897095
0.4285038709640503,2.6334171295166016,0.7791313529014587
0.3961673378944397,4.002804756164551,0.7791304588317871
0.4870551526546478,3.6384153366088867,0.7791292071342468
0.4411766827106476,3.2725577354431152,0.7791282534599304
0.43562227487564087,3.324655055999756,0.7791271209716797
0.3925589919090271,3.4033398628234863,0.7791261076927185
0.45144152641296387,2.9346117973327637,0.7791251540184021
0.4503133296966553,2.4403042793273926,0.7791242599487305
0.46219778060913086,3.810556411743164,0.7791231870651245
0.45148611068725586,2.5114214420318604,0.7791221737861633
0.4030427932739258,2.7309317588806152,0.7791211009025574
0.441555380821228,3.888223171234131,0.7791202068328857
0.35699644684791565,3.245844602584839,0.7791189551353455
0.47133922576904297,3.4092516899108887,0.7791177034378052
0.398836612701416,3.2015223503112793,0.7791167497634888
0.45696818828582764,3.935972213745117,0.7791156768798828
0.4060719609260559,3.525484561920166,0.7791147828102112
0.46693167090415955,2.893918752670288,0.7791138887405396
0.4015309512615204,3.746079921722412,0.7791131138801575
0.4475029706954956,3.6772541999816895,0.7791121006011963
0.42259305715560913,3.3659327030181885,0.7791106700897217
0.44241204857826233,3.3049063682556152,0.7791092991828918
0.46612268686294556,4.0502238273620605,0.7791079878807068
0.4989336431026459,3.5347743034362793,0.779106855392456
0.3752797544002533,3.2777719497680664,0.7791057825088501
0.4291006028652191,3.876610279083252,0.7791047096252441
0.43144774436950684,3.4303653240203857,0.7791038155555725
0.4106738865375519,3.4995296001434326,0.7791029214859009
0.4559371769428253,2.876983880996704,0.7791019082069397
0.42749395966529846,3.4795050621032715,0.7791006565093994
0.4446975886821747,2.868419885635376,0.7790997624397278
0.4782424569129944,3.37678861618042,0.7790985703468323
0.43716883659362793,3.6862330436706543,0.7790971994400024
0.4419711232185364,3.3397459983825684,0.7790963053703308
0.38545361161231995,3.507760763168335,0.7790952324867249
0.3908029794692993,3.0929489135742188,0.7790940403938293
0.4418971836566925,3.1232995986938477,0.7790932059288025
0.40116751194000244,2.8944225311279297,0.7790922522544861
0.4191032350063324,2.720944881439209,0.7790911793708801
0.4207010865211487,2.6388869285583496,0.7790899872779846
0.48520103096961975,3.435656785964966,0.7790887951850891
0.5018310546875,3.341118097305298,0.7790873646736145
0.4729655385017395,3.1990466117858887,0.7790861129760742
0.42174863815307617,2.688053607940674,0.7790850400924683
0.4136385917663574,3.5893940925598145,0.7790838479995728
0.49788954854011536,3.277655839920044,0.7790828347206116
0.4809954762458801,3.7619452476501465,0.779082179069519
0.4056836664676666,3.003894805908203,0.7790811061859131
0.4666222333908081,3.8480257987976074,0.7790801525115967
0.4026200473308563,2.9490604400634766,0.7790791988372803
0.4253386855125427,3.3286240100860596,0.7790780663490295
0.4505546987056732,3.0245578289031982,0.779076874256134
0.3843443989753723,3.426637649536133,0.7790758609771729
0.3816377818584442,3.350856304168701,0.7790747880935669
0.5292398929595947,4.283341884613037,0.7790740132331848
0.4673260748386383,3.0286569595336914,0.779073178768158
0.47869834303855896,3.5082757472991943,0.7790724635124207
0.37096187472343445,3.8344154357910156,0.7790718078613281
0.42240485548973083,4.0504560470581055,0.7790707349777222
0.3994113802909851,4.039198398590088,0.7790695428848267
0.4186190068721771,4.024224281311035,0.7790684103965759
0.44262656569480896,4.925706386566162,0.7790670394897461
0.39948371052742004,4.027003765106201,0.7790659666061401
0.4711363911628723,3.735909938812256,0.779064953327179
0.41301730275154114,3.5420749187469482,0.7790643572807312
0.47249141335487366,4.413029193878174,0.7790635824203491
0.48199769854545593,3.05806827545166,0.779062807559967
0.46290937066078186,3.2099950313568115,0.7790618538856506
0.4341534376144409,3.808245897293091,0.7790607213973999
0.4576404392719269,3.16450834274292,0.7790597677230835
0.4307301342487335,3.63336443901062,0.7790588736534119
0.4228697419166565,3.113804340362549,0.7790579795837402
0.37518829107284546,3.796780586242676,0.7790572643280029
0.48940950632095337,3.341862201690674,0.7790563106536865
0.4615035951137543,3.4196977615356445,0.7790557146072388
0.4561479985713959,2.626235008239746,0.7790545225143433
0.4368996024131775,3.257352113723755,0.7790536284446716
0.43944883346557617,3.3073320388793945,0.779052734375
0.45997244119644165,3.1808125972747803,0.7790513634681702
0.36883750557899475,3.3505139350891113,0.7790502309799194
0.4800710082054138,2.9638445377349854,0.7790490984916687
0.38015875220298767,3.650123119354248,0.7790480256080627
0.4421922266483307,2.9731993675231934,0.7790470719337463
0.4730100929737091,3.811343193054199,0.7790461778640747
0.44089388847351074,3.2635750770568848,0.7790452837944031
0.4707307815551758,3.3826241493225098,0.7790442109107971
0.41985082626342773,3.5097384452819824,0.7790432572364807
0.49053362011909485,4.021019458770752,0.7790420055389404
0.46777090430259705,2.867922782897949,0.7790409326553345
0.41745778918266296,2.7369613647460938,0.7790398597717285
0.41710910201072693,2.5002098083496094,0.7790388464927673
0.4308682978153229,3.091036796569824,0.7790377140045166
0.4329352378845215,3.299537181854248,0.7790367603302002
0.49824240803718567,3.3088879585266113,0.7790359258651733
0.44577208161354065,3.2842555046081543,0.7790348529815674
0.43565961718559265,3.768244981765747,0.779033899307251
0.4327599108219147,4.1818742752075195,0.7790326476097107
0.47566092014312744,3.2046124935150146,0.77903151512146
0.4038439095020294,3.224041700363159,0.7790305614471436
0.485196590423584,3.205920457839966,0.7790294289588928
0.4874931871891022,3.246305465698242,0.7790282368659973
0.4153580367565155,3.1825404167175293,0.7790271639823914
0.45474013686180115,2.634185791015625,0.7790262699127197
0.41429296135902405,2.9940075874328613,0.7790251970291138
0.46366527676582336,3.5325260162353516,0.7790240049362183
0.4665978252887726,3.5088462829589844,0.7790229916572571
0.42526793479919434,2.564260959625244,0.7790217399597168
0.42120155692100525,3.1030077934265137,0.7790206670761108
0.3949119448661804,3.2564008235931396,0.779019832611084
0.426544725894928,3.6939585208892822,0.7790188789367676
0.43208205699920654,2.8120315074920654,0.7790178060531616
0.37912634015083313,3.1002955436706543,0.7790168523788452
0.39945918321609497,4.087706565856934,0.7790160179138184
0.4952199161052704,3.351646900177002,0.779015064239502
0.44455230236053467,3.1336593627929688,0.7790138721466064
0.43964508175849915,3.1059961318969727,0.7790128588676453
0.38817098736763,3.204050302505493,0.7790118455886841
0.4450976848602295,4.425624370574951,0.7790110111236572
0.40467825531959534,2.5549209117889404,0.779009997844696
0.4238700866699219,2.97806453704834,0.7790089845657349
0.3752421736717224,3.1533455848693848,0.7790079712867737
0.4236208498477936,3.4246320724487305,0.7790067195892334
0.43760931491851807,3.346000909805298,0.7790056467056274
0.4366154074668884,3.5601463317871094,0.7790045142173767
0.44819629192352295,3.715369701385498,0.7790034413337708
0.44415542483329773,3.263676166534424,0.7790024876594543
0.488736093044281,3.006748914718628,0.7790017127990723
0.39952367544174194,4.23175573348999,0.7790010571479797
0.3840760588645935,3.0264816284179688,0.7790004014968872
0.4984699487686157,3.788766860961914,0.7789995670318604
0.4779338240623474,3.710909843444824,0.778998851776123
0.4005996882915497,2.876394271850586,0.778998076915741
0.5024810433387756,4.0690155029296875,0.7789968252182007
0.3715534508228302,3.5965147018432617,0.7789958119392395
0.40132662653923035,4.270041465759277,0.7789949178695679
0.3994366228580475,3.6151766777038574,0.7789937257766724
0.44832220673561096,3.1445746421813965,0.7789928913116455
0.4366050660610199,3.1657633781433105,0.77899169921875
0.45831653475761414,3.4410715103149414,0.7789909243583679
0.42962443828582764,4.445642471313477,0.7789899110794067
0.4039205014705658,3.4997189044952393,0.7789885401725769
0.4660228192806244,3.022282123565674,0.778987467288971
0.44373977184295654,3.454744815826416,0.7789862751960754
0.4360162317752838,4.004270553588867,0.7789852023124695
0.4515293836593628,3.2717676162719727,0.778984546661377
0.4341316223144531,3.3259356021881104,0.7789835333824158
0.3911677896976471,3.325761556625366,0.7789824604988098
0.4497887194156647,3.870191812515259,0.7789814472198486
0.4093773663043976,3.1108431816101074,0.7789806127548218
0.472587525844574,3.575204849243164,0.7789796590805054
0.4255985617637634,3.827003240585327,0.7789784073829651
0.3633338212966919,2.96977162361145,0.7789772748947144
0.42901289463043213,3.2296931743621826,0.7789762616157532
0.43577370047569275,3.177197217941284,0.7789754867553711
0.4677760899066925,2.855382204055786,0.7789747714996338
0.4195686876773834,3.7677388191223145,0.7789737582206726
0.48097628355026245,3.6183979511260986,0.7789727449417114
0.42590099573135376,2.578030824661255,0.7789716124534607
0.490568071603775,2.8432891368865967,0.7789702415466309
0.44776174426078796,3.7975592613220215,0.778968870639801
0.4127123951911926,3.878436326980591,0.7789680361747742
0.3891453742980957,4.444251537322998,0.7789670825004578
0.445767879486084,3.8350415229797363,0.7789663076400757
0.421267032623291,3.199385404586792,0.778965413570404
0.39789676666259766,3.5203752517700195,0.7789645791053772
0.4232392907142639,3.1578078269958496,0.7789635062217712
0.45521384477615356,3.2446324825286865,0.7789621949195862
0.5042145848274231,3.523864984512329,0.7789610624313354
0.43720534443855286,3.582186222076416,0.7789598703384399
0.4319179058074951,3.1773252487182617,0.7789584994316101
0.44117626547813416,4.256109237670898,0.7789576649665833
0.4261864423751831,3.1371264457702637,0.7789570093154907
0.470740407705307,3.214745044708252,0.7789562940597534
0.42889297008514404,4.1056976318359375,0.7789556384086609
0.4336325228214264,4.931552886962891,0.7789549827575684
0.43256065249443054,3.528374671936035,0.7789540886878967
0.4203888177871704,3.401566982269287,0.7789527773857117
0.45590975880622864,3.65511417388916,0.7789514660835266
0.4178446829319,3.3492846488952637,0.7789502739906311
0.45104748010635376,2.9683685302734375,0.7789492011070251
0.465440958738327,2.9956130981445312,0.7789483070373535
0.47096049785614014,3.1358695030212402,0.7789475321769714
0.4736279249191284,3.379685878753662,0.778946578502655
0.4268801808357239,3.392364501953125,0.7789457440376282
0.41233962774276733,3.0568437576293945,0.7789448499679565
0.4430589973926544,3.8494133949279785,0.7789437174797058
0.44440412521362305,3.109797954559326,0.7789427042007446
0.46732527017593384,3.7299396991729736,0.7789416909217834
0.4590013027191162,3.3762784004211426,0.7789407968521118
0.4528924226760864,3.0765700340270996,0.7789397835731506
0.41364896297454834,2.585970878601074,0.7789390683174133
0.4341113865375519,3.6145119667053223,0.7789382338523865
0.4485611617565155,4.147339344024658,0.7789374589920044
0.4553665518760681,3.4083092212677,0.7789364457130432
0.39927640557289124,3.100583076477051,0.7789353132247925
0.39175570011138916,3.18825626373291,0.7789342999458313
0.45637884736061096,3.7297005653381348,0.7789331078529358
0.40181663632392883,3.219818592071533,0.7789320945739746
0.4259445071220398,3.7988483905792236,0.7789310216903687
0.36014243960380554,3.093165397644043,0.778930127620697
0.4610477387905121,4.09977912902832,0.7789293527603149
0.44759729504585266,3.1433749198913574,0.7789283394813538
0.45735907554626465,2.994131565093994,0.7789273262023926
0.4138661026954651,2.919188976287842,0.7789263129234314
0.4301590323448181,3.032500982284546,0.7789252996444702
0.4140854477882385,3.7544703483581543,0.7789244055747986
0.39260971546173096,2.8389244079589844,0.7789233326911926
0.38567179441452026,3.322648525238037,0.7789223790168762
0.46807143092155457,3.5126399993896484,0.7789213061332703
0.43794578313827515,2.97833251953125,0.7789202928543091
0.4440601170063019,3.25233793258667,0.7789192795753479
0.5021480917930603,3.295283794403076,0.778918445110321
0.4546431601047516,4.125223636627197,0.7789173722267151
0.4305378496646881,3.6542809009552,0.7789163589477539
0.4839014410972595,3.357815980911255,0.778915524482727
0.4291943311691284,2.904222249984741,0.7789146304130554
0.44041168689727783,3.1708168983459473,0.7789137363433838
0.4749804437160492,3.307699680328369,0.7789126634597778
0.44001418352127075,2.994994640350342,0.7789115309715271
0.4822405278682709,3.577219247817993,0.7789104580879211
0.4273059666156769,2.846696138381958,0.7789092063903809
0.47863852977752686,3.1701600551605225,0.7789081335067749
0.43650496006011963,3.867164134979248,0.778907299041748
0.4215890169143677,3.0163488388061523,0.7789062857627869
0.41370904445648193,2.9998679161071777,0.7789052128791809
0.4376722574234009,3.3849382400512695,0.7789040803909302
0.368966668844223,2.7559399604797363,0.778903067111969
0.40568217635154724,3.252081871032715,0.7789018750190735
0.43962427973747253,3.7118430137634277,0.7789009809494019
0.42167502641677856,3.1888442039489746,0.7789000272750854
0.3830377161502838,3.0586843490600586,0.7788990139961243
0.4132760167121887,3.474980354309082,0.7788979411125183
0.4177166521549225,3.353055715560913,0.7788969278335571
0.41836118698120117,3.193878650665283,0.778896152973175
0.4040813446044922,2.9271960258483887,0.7788950800895691
0.47037115693092346,3.6522603034973145,0.778894305229187
0.47123581171035767,3.4187049865722656,0.7788932919502258
0.38809821009635925,3.099468946456909,0.7788922786712646
0.43152347207069397,3.3490676879882812,0.7788912057876587
0.41731229424476624,2.4736459255218506,0.7788900136947632
0.42139387130737305,3.24631929397583,0.7788889408111572
0.4368627965450287,3.321049213409424,0.7788875699043274
0.43374595046043396,3.4453911781311035,0.778886616230011
0.35211077332496643,3.6292564868927,0.7788856029510498
0.5056411623954773,3.4082980155944824,0.7788845896720886
0.4212454855442047,3.386813163757324,0.7788836359977722
0.4432276785373688,2.2585644721984863,0.7788826823234558
0.39230045676231384,3.6379294395446777,0.7788815498352051
0.4264577329158783,3.47086238861084,0.7788804769515991
0.44495460391044617,2.792656183242798,0.7788794636726379
0.39359137415885925,3.0928802490234375,0.778878390789032
0.4353526830673218,3.2402853965759277,0.7788772583007812
0.454375684261322,2.7387003898620605,0.7788763046264648
0.4259381890296936,3.3744454383850098,0.7788752913475037
0.44792455434799194,3.112811803817749,0.778874397277832
0.4114481210708618,2.973801612854004,0.7788734436035156
0.41969969868659973,2.801276206970215,0.7788724303245544
0.4347580671310425,3.510364294052124,0.778871476650238
0.45109671354293823,3.8927183151245117,0.7788702845573425
0.45472773909568787,2.995083808898926,0.7788692712783813
0.5325440764427185,3.0440750122070312,0.7788681983947754
0.4314171373844147,2.963719129562378,0.7788671851158142
0.44654276967048645,3.3151209354400635,0.7788663506507874
0.4592050015926361,3.449733257293701,0.778865396976471
0.4402550458908081,3.6787283420562744,0.7788646221160889
0.4470265507698059,2.8032236099243164,0.7788636088371277
0.4099125564098358,2.792398452758789,0.7788625955581665
0.403157502412796,3.9910621643066406,0.7788615822792053
0.42280203104019165,3.283677577972412,0.7788604497909546
0.4385223686695099,3.55487060546875,0.7788593769073486
0.44486624002456665,3.332883834838867,0.7788582444190979
0.4295615255832672,3.3699207305908203,0.7788572907447815
0.4487931430339813,2.689741611480713,0.7788563370704651
0.3720833361148834,2.9844460487365723,0.7788554430007935
0.46757814288139343,3.155388832092285,0.7788545489311218
0.47450780868530273,3.6087512969970703,0.7788535952568054
0.40836232900619507,3.735370635986328,0.7788525223731995
0.3924542963504791,3.315999984741211,0.7788514494895935
0.423991322517395,2.982252597808838,0.7788501977920532
0.41914069652557373,2.9810900688171387,0.7788490653038025
0.41299405694007874,3.5983612537384033,0.7788479328155518
0.39717406034469604,3.786269426345825,0.7788468599319458
0.4584769308567047,2.791472911834717,0.7788457870483398
0.39792776107788086,3.699465274810791,0.7788445949554443
0.4588019549846649,3.5144948959350586,0.7788434624671936
0.4134998321533203,3.4706873893737793,0.7788423895835876
0.47793155908584595,3.6405067443847656,0.7788413763046265
0.4484499990940094,3.3243215084075928,0.7788402438163757
0.49727770686149597,3.5063087940216064,0.7788389921188354
0.4285065233707428,3.513023853302002,0.7788377404212952
0.3916579484939575,3.071746349334717,0.7788365483283997
0.3909302055835724,3.475821018218994,0.7788354158401489
0.46993717551231384,3.6209285259246826,0.7788344621658325
0.48845091462135315,3.7881290912628174,0.7788336277008057
0.428617388010025,2.932915687561035,0.7788326144218445
0.4109067916870117,3.3186607360839844,0.7788314819335938
0.4426124393939972,3.0302162170410156,0.7788302302360535
0.483062207698822,3.678407669067383,0.7788291573524475
0.4394591748714447,2.651460647583008,0.7788280844688416
0.4167095720767975,3.4405314922332764,0.7788270115852356
0.4514840245246887,3.607534885406494,0.7788261771202087
0.44743555784225464,3.8948071002960205,0.7788252234458923
0.3964274823665619,2.6369025707244873,0.7788240909576416
0.4929957389831543,3.2637202739715576,0.7788231372833252
0.42571112513542175,3.3442232608795166,0.7788220643997192
0.43312200903892517,3.0015671253204346,0.7788210511207581
0.4825538098812103,3.105353355407715,0.7788199782371521
0.438789963722229,2.822004795074463,0.7788190841674805
0.4421026408672333,3.6788084506988525,0.7788181900978088
0.4264960289001465,4.58940315246582,0.7788171172142029
0.403483510017395,3.214613199234009,0.7788161635398865
0.4484321177005768,3.285672187805176,0.7788150310516357
0.4670119285583496,3.185915470123291,0.7788139581680298
0.4090111553668976,3.7993626594543457,0.7788127660751343
0.4343569576740265,3.898921489715576,0.7788117527961731
0.4611184298992157,3.0461549758911133,0.7788108587265015
0.4942355155944824,2.7625856399536133,0.7788098454475403
0.44529739022254944,3.2188992500305176,0.7788089513778687
0.4000023305416107,3.7515668869018555,0.7788081169128418
0.4140435457229614,3.2638235092163086,0.7788070440292358
0.44204947352409363,3.017275333404541,0.7788059115409851
0.47791820764541626,3.6513614654541016,0.7788047790527344
0.4957718551158905,3.2427783012390137,0.7788038849830627
0.42053744196891785,2.9965567588806152,0.7788028717041016
0.43356069922447205,3.587005615234375,0.7788018584251404
0.41155874729156494,3.1997294425964355,0.7788007855415344
0.3943077325820923,3.3770501613616943,0.7787998914718628
0.4557490348815918,2.790966033935547,0.7787989377975464
0.4904830753803253,4.366216659545898,0.7787978053092957
0.46434101462364197,3.344658613204956,0.7787965536117554
0.4473206698894501,3.0166702270507812,0.7787954807281494
0.40068891644477844,3.092151641845703,0.7787946462631226
0.4661826193332672,3.202239990234375,0.778793454170227
0.458664208650589,3.0574440956115723,0.7787923216819763
0.48431074619293213,2.8430166244506836,0.7787913084030151
0.397169291973114,3.2317841053009033,0.7787902355194092
0.3747325837612152,3.3036301136016846,0.7787889838218689
0.42247992753982544,2.9007296562194824,0.7787879705429077
0.48209547996520996,3.039792060852051,0.7787867784500122
0.4383481442928314,3.4255318641662598,0.778785765171051
0.44297775626182556,2.972768545150757,0.7787846922874451
0.46082720160484314,2.823090076446533,0.7787835597991943
0.47576627135276794,3.718305826187134,0.7787825465202332
0.4464939832687378,2.8203935623168945,0.778781533241272
0.36795225739479065,3.2490344047546387,0.7787805795669556
0.4134465754032135,3.046072483062744,0.7787795662879944
0.4153762757778168,3.4256486892700195,0.7787787914276123
0.4412132203578949,3.440145254135132,0.7787777781486511
0.40792250633239746,2.7238309383392334,0.7787767648696899
0.44607123732566833,2.667788505554199,0.7787761092185974
0.4405399560928345,3.568673610687256,0.7787749171257019
0.3870077431201935,4.132240295410156,0.7787741422653198
0.4790846109390259,3.064531087875366,0.7787731289863586
0.4801975190639496,2.89821195602417,0.7787721753120422
0.39419806003570557,3.9505372047424316,0.7787712216377258
0.42282751202583313,3.513524055480957,0.7787703275680542
0.5024747252464294,2.8952674865722656,0.7787694334983826
0.45146551728248596,2.8863394260406494,0.7787685394287109
0.4247681200504303,3.3789448738098145,0.7787674069404602
0.3849698305130005,3.526062488555908,0.7787660956382751
0.4879613518714905,4.240902900695801,0.7787649035453796
0.4232451617717743,3.7621660232543945,0.7787636518478394
0.4229098856449127,3.390076160430908,0.7787626385688782
0.42113280296325684,3.4276390075683594,0.7787615656852722
0.48935744166374207,2.9738564491271973,0.7787606120109558
0.4886694848537445,2.6871066093444824,0.7787595391273499
0.44568532705307007,4.2756147384643555,0.7787585854530334
0.476021945476532,3.488377094268799,0.7787572741508484
0.41606366634368896,2.9442296028137207,0.7787560820579529
0.4715416133403778,3.4037280082702637,0.7787549495697021
0.41073206067085266,3.9566049575805664,0.7787536382675171
0.4741764962673187,3.6846601963043213,0.7787525653839111
0.44861921668052673,2.8833789825439453,0.7787516117095947
0.475807249546051,3.036945343017578,0.7787505984306335
0.4275195300579071,3.1002326011657715,0.7787495255470276
0.5156595706939697,3.370798110961914,0.778748631477356
0.41687291860580444,2.7772536277770996,0.7787476181983948
0.39899641275405884,2.7122802734375,0.7787466049194336
0.3934940993785858,3.252854347229004,0.7787454128265381
0.3937605321407318,3.546161651611328,0.7787443399429321
0.43769216537475586,3.0264787673950195,0.7787433862686157
0.39195966720581055,3.148850917816162,0.7787424325942993
0.3908289968967438,3.0457863807678223,0.7787415385246277
0.4309133291244507,2.7039313316345215,0.7787407636642456
0.43466413021087646,3.5512452125549316,0.7787396311759949
0.49956846237182617,3.4850549697875977,0.7787386775016785
0.47227010130882263,3.115736961364746,0.778737485408783
0.36651474237442017,3.47733736038208,0.778736412525177
0.4012238085269928,3.192129135131836,0.7787353992462158
0.4276960790157318,3.2355620861053467,0.7787341475486755
0.43457674980163574,3.257134437561035,0.7787330150604248
0.4001469016075134,2.9191641807556152,0.7787319421768188
0.45606642961502075,3.030499219894409,0.7787310481071472
0.47068846225738525,3.321321964263916,0.7787299156188965
0.44083043932914734,3.731684684753418,0.7787286043167114
0.4036692678928375,2.8151731491088867,0.7787274718284607
0.40640151500701904,3.4074573516845703,0.7787261605262756
0.3436196446418762,3.2539052963256836,0.7787249684333801
0.47277578711509705,2.752671003341675,0.7787238955497742
0.42038199305534363,3.1840360164642334,0.7787228226661682
0.4258151054382324,3.504743814468384,0.7787216305732727
0.4364890158176422,3.814621925354004,0.7787206768989563
0.4188401699066162,3.075611114501953,0.7787195444107056
0.4556961953639984,3.814974784851074,0.7787183523178101
0.43701255321502686,3.3652963638305664,0.7787172198295593
0.45480841398239136,3.38421630859375,0.7787158489227295
0.4717114269733429,3.500562906265259,0.7787145972251892
0.4373016357421875,3.5773539543151855,0.7787137627601624
0.4223461151123047,3.552065134048462,0.7787126898765564
0.39877501130104065,3.9884018898010254,0.7787114977836609
0.39985573291778564,3.9806008338928223,0.7787103056907654
0.43290746212005615,4.227093696594238,0.7787090539932251
0.4334922432899475,3.562750816345215,0.7787076830863953
0.4641497731208801,3.261134147644043,0.7787063717842102
0.47664427757263184,4.058285236358643,0.7787051796913147
0.40217849612236023,3.132600784301758,0.7787041068077087
0.4308314919471741,3.35603666305542,0.7787030339241028
0.43271246552467346,2.7885241508483887,0.7787020802497864
0.4896564483642578,3.5384585857391357,0.77870112657547
0.4803660213947296,2.9948272705078125,0.7786999344825745
0.434101402759552,2.6016318798065186,0.778698742389679
0.44928258657455444,3.2215075492858887,0.7786974906921387
0.4065476953983307,3.4723470211029053,0.7786962985992432
0.4645853340625763,2.965081214904785,0.7786951065063477
0.4727460443973541,3.148878812789917,0.7786940336227417
0.46142423152923584,4.104877948760986,0.7786929607391357
0.4557306468486786,3.7173233032226562,0.7786918878555298
0.4467375874519348,3.0429539680480957,0.778690755367279
0.44109269976615906,4.118515491485596,0.7786898016929626
0.44175031781196594,2.772345542907715,0.7786885499954224
0.4554975926876068,3.435868740081787,0.7786876559257507
0.46132954955101013,3.5346996784210205,0.7786868810653687
0.4286969006061554,3.0475730895996094,0.7786856293678284
0.48080357909202576,3.765606641769409,0.7786846160888672
0.4441581666469574,3.286736011505127,0.7786837220191956
0.4252677857875824,3.593956232070923,0.7786823511123657
0.4133070707321167,3.19570255279541,0.7786812782287598
0.4406440258026123,3.4210634231567383,0.778680145740509
0.4011710286140442,3.9214320182800293,0.7786789536476135
0.3965736925601959,3.084233283996582,0.7786781191825867
0.4578849971294403,3.124741315841675,0.7786771655082703
0.4440903067588806,2.993178129196167,0.7786763310432434
0.46750587224960327,3.565782308578491,0.778675377368927
0.41530725359916687,2.8859715461730957,0.7786744236946106
0.4870435893535614,3.2400858402252197,0.7786734104156494
0.41552627086639404,3.2261276245117188,0.7786723971366882
0.34770455956459045,2.830186128616333,0.7786710858345032
0.4175342321395874,3.797762870788574,0.7786701321601868
0.416411429643631,3.4301936626434326,0.7786693572998047
0.4240497350692749,3.478445053100586,0.7786683440208435
0.43651750683784485,3.2572033405303955,0.7786679267883301
0.4485868811607361,3.245980739593506,0.778667151927948
0.40101760625839233,3.166849136352539,0.778666079044342
0.46465668082237244,4.1779584884643555,0.7786653637886047
0.453561007976532,3.175477981567383,0.7786641716957092
0.49312758445739746,3.349107503890991,0.7786630392074585
0.48693227767944336,2.9102272987365723,0.7786616683006287
0.42442232370376587,3.978280544281006,0.7786606550216675
0.4486579895019531,4.076931476593018,0.7786596417427063
0.46341806650161743,2.7865500450134277,0.778658390045166
0.42644202709198,3.2552056312561035,0.7786573767662048
0.43646785616874695,3.3398995399475098,0.7786563038825989
0.4414919316768646,3.0195200443267822,0.7786553502082825
0.4116944670677185,3.0274248123168945,0.7786542177200317
0.40863585472106934,3.095139265060425,0.7786529660224915
0.4341711401939392,2.699512243270874,0.7786515355110168
0.42376577854156494,3.6949191093444824,0.7786505818367004
0.4222586750984192,3.2768096923828125,0.7786494493484497
0.49600180983543396,3.298360824584961,0.7786484360694885
0.47911131381988525,3.7079124450683594,0.7786474823951721
0.43813684582710266,2.6263489723205566,0.7786465287208557
0.43040305376052856,3.2193925380706787,0.7786456346511841
0.4518502652645111,3.9864907264709473,0.7786446213722229
0.4657360315322876,3.2937753200531006,0.7786434888839722
0.3937186300754547,3.2341341972351074,0.7786425352096558
0.4630904197692871,3.202868938446045,0.778641402721405
0.3435038626194,3.0418789386749268,0.7786402106285095
0.40633490681648254,2.3071980476379395,0.7786393165588379
0.49026408791542053,3.4228873252868652,0.7786380648612976
0.3821291923522949,3.0187087059020996,0.7786370515823364
0.4808688759803772,2.8936095237731934,0.7786359190940857
0.4634803533554077,3.616187810897827,0.7786346673965454
0.4225561320781708,2.6327013969421387,0.7786332368850708
0.431837260723114,2.9780917167663574,0.778631865978241
0.4487953186035156,3.579280376434326,0.7786305546760559
0.45044782757759094,3.1739628314971924,0.7786294221878052
0.3738964796066284,3.444504737854004,0.7786282300949097
0.41341087222099304,3.206529140472412,0.7786272764205933
0.4302850365638733,4.112124919891357,0.7786262631416321
0.43270477652549744,4.260805130004883,0.7786254286766052
0.47769010066986084,3.6452670097351074,0.778624415397644
0.4359181821346283,4.43742561340332,0.7786232829093933
0.4573625922203064,3.401970386505127,0.778622031211853
0.4215284585952759,3.1241393089294434,0.7786208987236023
0.4552071988582611,3.0862629413604736,0.7786195278167725
0.46240097284317017,3.5044729709625244,0.7786184549331665
0.38996317982673645,3.608715534210205,0.7786176204681396
0.41890546679496765,2.8427271842956543,0.7786168456077576
0.43600648641586304,3.6651077270507812,0.7786162495613098
0.4792354106903076,3.761695623397827,0.7786153554916382
0.4177963137626648,3.070807933807373,0.7786142826080322
0.38139623403549194,3.064577341079712,0.7786133289337158
0.47864192724227905,4.221065044403076,0.7786121368408203
0.414975106716156,2.97499942779541,0.7786108255386353
0.4107404351234436,3.0438804626464844,0.7786098122596741
0.46246418356895447,3.794304132461548,0.7786085605621338
0.4935312271118164,3.4571785926818848,0.7786076664924622
0.4537694454193115,3.5114622116088867,0.7786065936088562
0.471799373626709,2.9258646965026855,0.7786055207252502
0.40445199608802795,3.3607630729675293,0.7786043882369995
0.42379680275917053,3.275773048400879,0.7786033153533936
0.43397894501686096,4.306438446044922,0.7786024212837219
0.3944595158100128,3.045046806335449,0.7786014080047607
0.4536192715167999,3.1610336303710938,0.77860027551651
0.4477223753929138,3.738727569580078,0.7785991430282593
0.40108993649482727,3.4619247913360596,0.778597891330719
0.46484723687171936,2.378899335861206,0.7785965204238892
0.41557231545448303,3.509312152862549,0.7785951495170593
0.48943594098091125,3.488173007965088,0.7785939574241638
0.4468125104904175,3.3081541061401367,0.7785927057266235
0.43670639395713806,3.0981202125549316,0.7785916328430176
0.4686371386051178,3.0586724281311035,0.7785905003547668
0.4482077658176422,3.989403247833252,0.7785894274711609
0.42702117562294006,3.2552144527435303,0.7785882949829102
0.420026034116745,3.415403127670288,0.7785869836807251
0.4767513871192932,3.0967342853546143,0.7785859107971191
0.434115469455719,3.6887364387512207,0.7785847783088684
0.4473191797733307,3.6207966804504395,0.7785836458206177
0.4379594326019287,2.5512332916259766,0.7785825729370117
0.4350178837776184,2.774181365966797,0.7785815596580505
0.4188154637813568,2.9453964233398438,0.7785804867744446
0.47117769718170166,3.1897687911987305,0.778579592704773
0.39994925260543823,3.0255486965179443,0.778578519821167
0.42866644263267517,3.7605156898498535,0.7785771489143372
0.4523542821407318,2.6731057167053223,0.7785757780075073
0.42751312255859375,2.901890516281128,0.7785746455192566
0.46367019414901733,3.161766290664673,0.7785733938217163
0.439457505941391,2.68924617767334,0.7785723209381104
0.4165933132171631,3.3184778690338135,0.778571367263794
0.4583471715450287,3.4607996940612793,0.7785705327987671
0.4490315914154053,3.2891550064086914,0.7785694599151611
0.4383700489997864,3.9068174362182617,0.7785684466362
0.449603408575058,2.808101177215576,0.7785674929618835
0.4301357865333557,2.854127883911133,0.7785664200782776
0.47951212525367737,3.0031819343566895,0.7785654067993164
0.46014368534088135,3.2262353897094727,0.7785642147064209
0.38926443457603455,2.990532875061035,0.7785630226135254
0.45763498544692993,3.122270107269287,0.7785618305206299
0.4392203390598297,3.201127290725708,0.7785608172416687
0.42954057455062866,3.777613401412964,0.7785597443580627
0.40539848804473877,3.457502841949463,0.7785584926605225
0.4150839149951935,3.4757237434387207,0.7785577178001404
0.4150647222995758,2.5536606311798096,0.7785565853118896
0.4874807596206665,2.374462127685547,0.7785554528236389
0.43435779213905334,2.261847496032715,0.7785542607307434
0.46201473474502563,3.373270034790039,0.7785532474517822
0.5313461422920227,2.976222515106201,0.7785522937774658
0.42323175072669983,2.987931966781616,0.7785512804985046
0.4489639103412628,2.825712203979492,0.7785500884056091
0.4648295044898987,2.520803451538086,0.7785488963127136
0.39843931794166565,3.3300304412841797,0.7785478830337524
0.3818061351776123,2.4795076847076416,0.7785467505455017
0.4592008590698242,3.0468761920928955,0.7785454988479614
0.43571025133132935,2.819059371948242,0.7785441875457764
0.4404080808162689,3.144099473953247,0.7785431146621704
0.47183480858802795,3.612250804901123,0.7785419225692749
0.4667472839355469,3.5917696952819824,0.7785407900810242
0.3935072124004364,3.116117000579834,0.7785395979881287
0.4129694402217865,3.301093578338623,0.7785384058952332
0.40734440088272095,3.3196239471435547,0.7785373330116272
0.38418054580688477,3.425299644470215,0.778536319732666
0.3580194115638733,3.066575050354004,0.7785353660583496
0.44157999753952026,3.800485134124756,0.7785342931747437
0.4016030728816986,3.512035369873047,0.7785333395004272
0.42133909463882446,3.1641972064971924,0.7785322070121765
0.5111213326454163,3.241602897644043,0.7785313725471497
0.5227859616279602,3.4631266593933105,0.778530478477478
0.4422251284122467,3.3081846237182617,0.7785294651985168
0.45601871609687805,3.6236860752105713,0.7785284519195557
0.4072982966899872,2.9112493991851807,0.7785272598266602
0.47684934735298157,3.4723243713378906,0.7785258889198303
0.4823620617389679,2.880990505218506,0.7785246968269348
0.40163207054138184,3.0543243885040283,0.7785235047340393
0.4376402199268341,3.373379707336426,0.7785223722457886
0.44614771008491516,3.6149966716766357,0.7785214185714722
0.401294469833374,3.7085347175598145,0.7785203456878662
0.46427276730537415,3.1716063022613525,0.7785192728042603
0.4334346055984497,2.8634233474731445,0.7785177826881409
0.45205870270729065,3.6774682998657227,0.7785167098045349
0.46152463555336,2.772423028945923,0.778515636920929
0.4288922846317291,3.4677622318267822,0.7785144448280334
0.4133889377117157,2.6553144454956055,0.7785131931304932
0.42411085963249207,3.6098110675811768,0.7785122394561768
0.44759058952331543,3.535923480987549,0.7785112261772156
0.44462087750434875,3.5155436992645264,0.7785102725028992
0.32228484749794006,3.437185525894165,0.7785091996192932
0.47139105200767517,4.167418003082275,0.778508186340332
0.4220094084739685,2.5618910789489746,0.7785070538520813
0.4690435826778412,3.7176096439361572,0.7785061001777649
0.4398415982723236,3.3721063137054443,0.7785050272941589
0.45766952633857727,3.39452862739563,0.7785038352012634
0.4094613194465637,4.210770606994629,0.778502881526947
0.4565576910972595,4.155467987060547,0.7785017490386963
0.43567511439323425,3.1396055221557617,0.7785004377365112
0.4133737087249756,3.3747668266296387,0.7784993052482605
0.41062265634536743,3.5031509399414062,0.7784980535507202
0.4233343303203583,3.025878667831421,0.7784970998764038
0.4114624261856079,3.6884589195251465,0.778495728969574
0.43890154361724854,3.1874184608459473,0.7784941792488098
0.4038673937320709,2.504317283630371,0.7784929871559143
0.45327964425086975,3.7989091873168945,0.7784919738769531
0.4304782748222351,3.5790233612060547,0.7784909009933472
0.4824450612068176,2.9954802989959717,0.7784898281097412
0.4723230004310608,3.4824275970458984,0.7784886360168457
0.3960234820842743,3.1587910652160645,0.7784875631332397
0.39205238223075867,3.5730812549591064,0.7784863710403442
0.404903769493103,3.5707144737243652,0.7784850001335144
0.4416821300983429,3.3626630306243896,0.7784838676452637
0.42784208059310913,3.3983259201049805,0.7784830331802368
0.4313170611858368,3.024812698364258,0.7784821391105652
0.42919477820396423,3.422832489013672,0.7784812450408936
0.40197211503982544,3.5542240142822266,0.7784802317619324
0.4667010009288788,2.761110782623291,0.7784791588783264
0.43170249462127686,3.965703010559082,0.7784779667854309
0.42314139008522034,2.9953720569610596,0.7784769535064697
0.5069319605827332,3.0505852699279785,0.7784757018089294
0.426557332277298,3.6079797744750977,0.7784746289253235
0.4261627197265625,2.718413829803467,0.7784734964370728
0.4956401586532593,3.99137282371521,0.7784726619720459
0.5094180107116699,2.3513481616973877,0.7784716486930847
0.41607603430747986,3.5407066345214844,0.7784704566001892
0.43961402773857117,3.6412394046783447,0.7784692645072937
0.4673055410385132,3.1050820350646973,0.778468132019043
0.42577624320983887,2.745992660522461,0.7784669399261475
0.4517434537410736,3.0884695053100586,0.7784659266471863
0.46395567059516907,2.9962897300720215,0.7784647941589355
0.4753417372703552,3.334048271179199,0.7784637212753296
0.4453059434890747,3.94541072845459,0.7784623503684998
0.4616535007953644,3.27630615234375,0.7784609794616699
0.4352669417858124,3.480639934539795,0.7784598469734192
0.3940091133117676,3.28916072845459,0.7784590721130371
0.47438710927963257,3.3109118938446045,0.7784578204154968
0.4782789945602417,3.588531494140625,0.7784566283226013
0.4376964867115021,2.6412110328674316,0.7784556150436401
0.43242698907852173,2.996384859085083,0.7784544825553894
0.38692328333854675,2.572629928588867,0.7784533500671387
0.4377009868621826,3.405546188354492,0.7784520983695984
0.44000619649887085,2.918264865875244,0.7784509062767029
0.40917259454727173,4.323362350463867,0.7784497141838074
0.4273349940776825,2.956751823425293,0.7784485816955566
0.40417909622192383,3.6353490352630615,0.7784476280212402
0.40873876214027405,3.350172519683838,0.7784464359283447
0.4701278507709503,3.9188032150268555,0.7784454226493835
0.4530675411224365,3.017087936401367,0.7784444689750671
0.42760157585144043,2.6398534774780273,0.7784432172775269
0.431007444858551,2.8902153968811035,0.7784422636032104
0.42614609003067017,3.6929373741149902,0.7784410715103149
0.4330480992794037,3.386390209197998,0.7784400582313538
0.36820632219314575,3.1451830863952637,0.778438925743103
0.43523842096328735,2.966918468475342,0.7784379720687866
0.41700735688209534,2.7528076171875,0.7784370183944702
0.43220290541648865,3.522578716278076,0.7784363031387329
0.4390062987804413,2.8812789916992188,0.7784353494644165
0.3812365233898163,2.429685354232788,0.7784343361854553
0.4376496374607086,3.6645007133483887,0.7784332036972046
0.45773109793663025,4.209601402282715,0.7784319519996643
0.4444104731082916,3.1027328968048096,0.7784307599067688
0.41272082924842834,3.2871718406677246,0.7784295678138733
0.37383535504341125,3.4410481452941895,0.7784286737442017
0.4086367189884186,3.0542147159576416,0.7784277200698853
0.4848610460758209,3.455310344696045,0.7784268856048584
0.47013968229293823,3.426928758621216,0.7784258723258972
0.36201411485671997,3.2279157638549805,0.7784247994422913
0.407216876745224,3.4802513122558594,0.7784237265586853
0.37072309851646423,2.7074971199035645,0.7784220576286316
0.40621352195739746,3.5045230388641357,0.7784210443496704
0.40075498819351196,3.717089891433716,0.7784200310707092
0.42412084341049194,3.005214214324951,0.7784190773963928
0.44185012578964233,3.1678712368011475,0.7784181833267212
0.42194846272468567,4.144151210784912,0.7784171104431152
0.4452909827232361,3.594038963317871,0.778416097164154
0.43480005860328674,3.0660130977630615,0.7784149050712585
0.38906949758529663,3.5362958908081055,0.7784137725830078
0.39735350012779236,3.039980411529541,0.7784127593040466
0.4197043478488922,3.234689474105835,0.7784115076065063
0.4289695620536804,2.772434711456299,0.7784103751182556
0.41765356063842773,3.8027639389038086,0.7784092426300049
0.4196896255016327,3.290992259979248,0.7784081697463989
0.4745056927204132,2.589510440826416,0.7784071564674377
0.4206978976726532,2.95945143699646,0.7784063220024109
0.4363122880458832,2.9449450969696045,0.7784052491188049
0.426624059677124,3.239964246749878,0.7784042358398438
0.505006730556488,3.291804313659668,0.7784032821655273
0.48731496930122375,3.188493490219116,0.7784020900726318
0.4613536596298218,3.294217348098755,0.7784010171890259
0.42329564690589905,3.0733675956726074,0.7783998847007751
0.41348668932914734,3.2541072368621826,0.7783987522125244
0.39927801489830017,3.30092453956604,0.7783976197242737
0.4402872323989868,3.0896949768066406,0.7783966660499573
0.4288221299648285,3.518277406692505,0.7783955931663513
0.43330755829811096,2.772939682006836,0.7783942818641663
0.4346719980239868,3.023958683013916,0.778393030166626
0.46525344252586365,3.382599353790283,0.7783917188644409
0.42404288053512573,3.182614326477051,0.7783903479576111
0.40629538893699646,2.554936170578003,0.7783895134925842
0.42095497250556946,2.984405994415283,0.7783884406089783
0.41841551661491394,3.110154151916504,0.7783874273300171
0.5471066832542419,2.8565988540649414,0.7783863544464111
0.4477972686290741,4.315328598022461,0.7783850431442261
0.44468215107917786,3.6741364002227783,0.7783837914466858
0.3959547281265259,3.4276537895202637,0.778382420539856
0.42543959617614746,4.203659534454346,0.7783811688423157
0.40821632742881775,3.7907049655914307,0.7783799767494202
0.44707533717155457,4.76616907119751,0.7783789038658142
0.49234774708747864,3.553154945373535,0.7783780694007874
0.4057515561580658,3.4350733757019043,0.778377115726471
0.5094423294067383,3.4434258937835693,0.7783759832382202
0.41487917304039,3.708559989929199,0.7783746123313904
0.42867255210876465,3.1901092529296875,0.7783734202384949
0.5085160732269287,3.1951987743377686,0.7783724069595337
0.3914441466331482,2.6811108589172363,0.7783711552619934
0.4245915114879608,2.794419527053833,0.7783701419830322
0.4546762704849243,3.2368669509887695,0.7783690690994263
0.45604121685028076,3.6010890007019043,0.7783681154251099
0.42287343740463257,3.096205711364746,0.7783672213554382
0.43066856265068054,3.2001919746398926,0.7783660888671875
0.3878285884857178,3.067202091217041,0.7783650755882263
0.4382537603378296,3.1454875469207764,0.7783638834953308
0.4240933060646057,2.962242603302002,0.7783624529838562
0.37803587317466736,3.801750659942627,0.7783617377281189
0.3967059254646301,3.988544464111328,0.7783606052398682
0.4103941321372986,2.9144558906555176,0.778359591960907
0.4675542414188385,3.0046133995056152,0.7783585786819458
0.4490255117416382,3.214277744293213,0.7783573865890503
0.4145374596118927,2.547623634338379,0.77835613489151
0.43237602710723877,3.130990982055664,0.7783549427986145
0.4462171196937561,3.14511775970459,0.7783539295196533
0.49234655499458313,3.218229293823242,0.7783529162406921
0.3902711868286133,2.8850674629211426,0.7783517837524414
0.4880891442298889,3.0619521141052246,0.7783507108688354
0.4665178656578064,4.145105361938477,0.7783498167991638
0.38884130120277405,2.784635066986084,0.7783488035202026
0.44759878516197205,3.496497631072998,0.7783477306365967
0.4304576516151428,2.5872950553894043,0.7783466577529907
0.41000327467918396,3.073276996612549,0.7783454060554504
0.37234747409820557,3.738863945007324,0.7783445715904236
0.4162921905517578,2.8634471893310547,0.7783434987068176
0.3978564441204071,2.317666530609131,0.7783424258232117
0.4186415672302246,2.6281838417053223,0.7783417105674744
0.3925172984600067,3.5233566761016846,0.7783406376838684
0.3888992369174957,2.982456922531128,0.778339684009552
0.4473826587200165,2.8034064769744873,0.7783384919166565
0.39392951130867004,3.0426578521728516,0.7783371806144714
0.4687299132347107,2.954822063446045,0.7783360481262207
0.46022260189056396,3.265129327774048,0.7783346772193909
0.42939960956573486,2.9702444076538086,0.7783334851264954
0.4236210286617279,3.753854751586914,0.7783324718475342
0.5089435577392578,3.1428403854370117,0.7783316373825073
0.41063055396080017,3.2980008125305176,0.7783306241035461
0.4125799834728241,3.3939731121063232,0.7783297896385193
0.45990848541259766,3.0023443698883057,0.7783287763595581
0.43958380818367004,3.14664363861084,0.7783275842666626
0.411910742521286,3.229059934616089,0.7783259153366089
0.43208032846450806,4.246813774108887,0.7783247828483582
0.45198214054107666,4.044426918029785,0.7783234715461731
0.42025771737098694,3.246055841445923,0.7783222198486328
0.3770001232624054,3.3545005321502686,0.7783210873603821
0.40058836340904236,3.0561347007751465,0.7783200740814209
0.48452091217041016,4.093765735626221,0.7783190011978149
0.43584144115448,3.912726640701294,0.778317928314209
0.5195352435112,3.5934371948242188,0.7783169150352478
0.4384309649467468,3.269723653793335,0.7783159017562866
0.4406043291091919,4.893165588378906,0.7783148288726807
0.44985532760620117,3.6557226181030273,0.7783134579658508
0.4564393162727356,3.115532159805298,0.7783123850822449
0.3921307623386383,2.983107805252075,0.7783114314079285
0.46361640095710754,3.3052330017089844,0.7783104181289673
0.44633129239082336,2.4444661140441895,0.7783095240592957
0.43399351835250854,3.3602066040039062,0.7783083319664001
0.39413881301879883,3.6125869750976562,0.7783071398735046
0.4106866419315338,3.492311954498291,0.7783060073852539
0.45549747347831726,4.075921058654785,0.7783045172691345
0.44191062450408936,2.768259048461914,0.7783033847808838
0.4313412308692932,4.266066551208496,0.778302013874054
0.4675268530845642,3.7078359127044678,0.7783012390136719
0.41391676664352417,3.3767545223236084,0.7783004641532898
0.41717085242271423,3.290445566177368,0.7782994508743286
0.44802597165107727,3.5945916175842285,0.7782984972000122
0.451133668422699,2.833810329437256,0.7782971262931824
0.46015843749046326,2.9308364391326904,0.7782960534095764
0.45466750860214233,3.5545401573181152,0.7782948613166809
0.47930559515953064,3.005950450897217,0.7782936692237854
0.481335312128067,3.2415354251861572,0.7782927751541138
0.47931602597236633,3.617644786834717,0.7782919406890869
0.3739122748374939,2.9885339736938477,0.7782911062240601
0.3878965675830841,2.99906587600708,0.778290331363678
0.40243902802467346,3.34708833694458,0.7782893776893616
0.46806028485298157,3.399456024169922,0.7782881855964661
0.4305303394794464,3.535132884979248,0.778286874294281
0.4445284307003021,3.830533027648926,0.7782857418060303
0.40271732211112976,3.487532138824463,0.7782845497131348
0.4495774805545807,4.053297519683838,0.7782834768295288
0.4697531759738922,3.1254048347473145,0.7782824635505676
0.43285658955574036,3.25258207321167,0.7782813906669617
0.449192613363266,3.346426010131836,0.77828049659729
0.4359092712402344,3.412747383117676,0.7782793641090393
0.48582106828689575,2.6549243927001953,0.778278112411499
0.43872642517089844,3.0122265815734863,0.7782770991325378
0.43437379598617554,3.585590124130249,0.7782758474349976
0.44093284010887146,2.9149203300476074,0.7782747745513916
0.4227103292942047,2.706059217453003,0.7782739996910095
0.4846499562263489,3.991568088531494,0.7782729864120483
0.3950449228286743,3.4958581924438477,0.7782720327377319
0.46332618594169617,3.453679084777832,0.7782710790634155
0.4033218026161194,2.496346950531006,0.7782697677612305
0.4241296947002411,3.6814796924591064,0.7782684564590454
0.46349525451660156,3.097269058227539,0.7782671451568604
0.4429531395435333,4.105252265930176,0.7782657146453857
0.4643402099609375,3.3811254501342773,0.778264582157135
0.3929247260093689,3.764066219329834,0.778263509273529
0.46251341700553894,3.6310501098632812,0.7782625555992126
0.4176705777645111,4.088250160217285,0.7782615423202515
0.4208545684814453,3.119645595550537,0.778260350227356
0.4375256299972534,2.9794204235076904,0.7782593369483948
0.47069892287254333,3.7134780883789062,0.7782582640647888
0.4618995487689972,4.011920928955078,0.7782570123672485
0.44075819849967957,2.969191551208496,0.7782561779022217
0.4475012421607971,2.775700330734253,0.778255045413971
0.41347387433052063,2.5177478790283203,0.7782540917396545
0.4966847002506256,3.5853400230407715,0.7782531380653381
0.4387210011482239,2.943873167037964,0.7782520651817322
0.47856003046035767,3.052520275115967,0.7782509922981262
0.45592689514160156,3.553852081298828,0.7782498002052307
0.38212546706199646,2.6554486751556396,0.7782483696937561
0.48581382632255554,3.338531970977783,0.7782474756240845
0.4590376615524292,3.3015565872192383,0.7782463431358337
0.46193888783454895,2.8046023845672607,0.778245210647583
0.46888822317123413,3.237757682800293,0.7782440185546875
0.4386199116706848,4.149354934692383,0.7782431840896606
0.4464115798473358,2.880337715148926,0.7782419919967651
0.4681755602359772,3.0328786373138428,0.7782410383224487
0.4289979338645935,3.0950891971588135,0.778239905834198
0.4509800672531128,3.379809856414795,0.7782389521598816
0.48461440205574036,3.766690492630005,0.7782377600669861
0.47024935483932495,3.170097827911377,0.7782367467880249
0.4550153315067291,2.853827714920044,0.7782356142997742
0.4380389451980591,3.460158109664917,0.7782345414161682
0.47231239080429077,3.826716423034668,0.7782333493232727
0.39903539419174194,4.21706485748291,0.7782319784164429
0.4850260019302368,2.8190855979919434,0.7782307267189026
0.44756197929382324,3.09971284866333,0.7782295942306519
0.4923817217350006,3.3010804653167725,0.7782285213470459
0.4747549593448639,3.2357466220855713,0.7782276272773743
0.40069934725761414,3.480585813522339,0.7782267332077026
0.3891463279724121,3.283992290496826,0.7782257795333862
0.5005190372467041,3.83666729927063,0.7782246470451355
0.45891231298446655,2.6713180541992188,0.7782235741615295
0.5184257626533508,3.8300726413726807,0.778222382068634
0.4403156638145447,3.1879498958587646,0.7782210111618042
0.494393914937973,3.2084310054779053,0.7782196402549744
0.42276662588119507,2.711085796356201,0.7782185077667236
0.4595966935157776,3.091914176940918,0.7782173156738281
0.4359910786151886,3.566647529602051,0.7782163023948669
0.41622236371040344,3.824392318725586,0.7782152891159058
0.37464240193367004,2.8733959197998047,0.7782142758369446
0.4803178310394287,3.410067081451416,0.7782132029533386
0.42759716510772705,2.8510355949401855,0.7782121300697327
0.41689082980155945,2.9031097888946533,0.7782109975814819
0.45374932885169983,2.8505361080169678,0.778209924697876
0.4748801290988922,3.300405740737915,0.7782087326049805
0.42190366983413696,3.6689248085021973,0.778207540512085
0.49227553606033325,3.2330102920532227,0.7782061696052551
0.4424022436141968,3.3648717403411865,0.7782050967216492
0.4643876850605011,3.23101806640625,0.7782039046287537
0.4298325181007385,2.955451488494873,0.778203010559082
0.45030948519706726,2.940235137939453,0.7782019376754761
0.4130619764328003,3.2939507961273193,0.7782009243965149
0.44358307123184204,3.269381046295166,0.7781996726989746
0.41922199726104736,3.1152679920196533,0.7781984806060791
0.4681122601032257,2.8650665283203125,0.7781971096992493
0.44039180874824524,3.1449384689331055,0.7781961560249329
0.4411100149154663,2.812312126159668,0.7781951427459717
0.42733335494995117,2.9297046661376953,0.7781942486763
0.4513743221759796,2.507913112640381,0.7781930565834045
0.4223001003265381,3.7224550247192383,0.7781921625137329
0.45893821120262146,3.083348274230957,0.778191089630127
0.4388749301433563,3.3520359992980957,0.7781898975372314
0.41096824407577515,3.112485408782959,0.7781888246536255
0.4570362865924835,3.2739500999450684,0.7781876921653748
0.5130360126495361,3.3459396362304688,0.7781864404678345
0.37761327624320984,3.0672380924224854,0.778185248374939
0.43578964471817017,3.143585205078125,0.7781844735145569
0.4389226734638214,3.5284078121185303,0.7781832814216614
0.4451650083065033,3.1178128719329834,0.7781820297241211
0.4130763113498688,3.2437407970428467,0.7781807780265808
0.4346994161605835,3.434546947479248,0.7781795859336853
0.48875895142555237,3.0283193588256836,0.7781783938407898
0.38764870166778564,3.4947168827056885,0.7781772613525391
0.4281986951828003,2.652822971343994,0.778175950050354
0.4399164617061615,2.847771167755127,0.7781747579574585
0.465575635433197,3.705913543701172,0.7781733870506287
0.455705851316452,2.80261492729187,0.7781720161437988
0.43699911236763,3.6914944648742676,0.7781708836555481
0.3928948938846588,3.4162211418151855,0.778169572353363
0.4269767999649048,3.070242404937744,0.7781684398651123
0.3954114317893982,3.610016107559204,0.7781673073768616
0.4274252951145172,2.888648271560669,0.7781659960746765
0.41408607363700867,2.999833822250366,0.7781648635864258
0.4248894453048706,3.144134998321533,0.7781636118888855
0.4049822986125946,4.190612316131592,0.7781625986099243
0.46461281180381775,3.1681628227233887,0.7781612277030945
0.42602571845054626,3.285099983215332,0.778160035610199
0.43234777450561523,3.27417254447937,0.7781587839126587
0.4469417929649353,2.5444345474243164,0.778157651424408
0.4591352045536041,4.48505163192749,0.7781565189361572
0.4547070264816284,2.7562475204467773,0.7781549096107483
0.4354499578475952,3.0257129669189453,0.7781538367271423
0.44981247186660767,3.2546634674072266,0.7781524062156677
0.4206344187259674,3.808058500289917,0.7781514525413513
0.44589492678642273,2.936797618865967,0.7781506776809692
0.432563841342926,2.7951741218566895,0.7781499028205872
0.4365740120410919,3.4693031311035156,0.778148889541626
0.42034804821014404,4.149358749389648,0.7781477570533752
0.4442555904388428,2.857882499694824,0.7781468033790588
0.4100912809371948,3.3829119205474854,0.7781456708908081
0.4071081578731537,3.1642560958862305,0.7781446576118469
0.4034833312034607,3.0591723918914795,0.7781437635421753
0.35824570059776306,3.4572112560272217,0.7781426906585693
0.42972618341445923,3.207195281982422,0.7781417369842529
0.44064557552337646,4.240513801574707,0.778140664100647
0.4386797547340393,2.6073999404907227,0.7781397700309753
0.4494064748287201,3.640751361846924,0.7781388163566589
0.3937317430973053,3.6381003856658936,0.7781378030776978
0.5219509601593018,4.311553955078125,0.778136670589447
0.4248909652233124,2.9037280082702637,0.7781356573104858
0.44640982151031494,3.3941001892089844,0.7781344652175903
0.4380858242511749,3.2507026195526123,0.77813321352005
0.4219047725200653,2.9556760787963867,0.7781322002410889
0.41112178564071655,3.960963487625122,0.7781311273574829
0.4367389976978302,2.9547905921936035,0.7781298160552979
0.4183778166770935,2.6617684364318848,0.7781286835670471
0.4330981373786926,3.698115825653076,0.7781275510787964
0.46942466497421265,2.4057979583740234,0.7781264781951904
0.4489881694316864,3.438204526901245,0.7781256437301636
0.40522924065589905,3.6003410816192627,0.7781245708465576
0.4283921718597412,4.384212017059326,0.7781234979629517
0.4445044696331024,3.91986083984375,0.7781223654747009
0.46170908212661743,2.88338041305542,0.7781210541725159
0.4211289584636688,3.0246329307556152,0.7781199216842651
0.4135788679122925,3.0675435066223145,0.7781188488006592
0.4803437292575836,3.043069362640381,0.7781177163124084
0.41481003165245056,3.0439682006835938,0.7781164646148682
0.417680948972702,2.8084583282470703,0.7781153917312622
0.458707332611084,3.0450897216796875,0.7781143188476562
0.46741071343421936,3.3410706520080566,0.7781132459640503
0.4356580674648285,2.881192684173584,0.77811199426651
0.46879085898399353,3.4768426418304443,0.7781108021736145
0.4535171091556549,2.7997756004333496,0.7781094908714294
0.3862786889076233,3.223273754119873,0.7781081795692444
0.4472164809703827,2.7925257682800293,0.7781071066856384
0.4816020727157593,3.7099742889404297,0.7781062126159668
0.4203367531299591,3.4493792057037354,0.7781051993370056
0.49365997314453125,3.3064932823181152,0.7781042456626892
0.42923372983932495,2.862291097640991,0.778103232383728
0.4660017192363739,2.8184714317321777,0.7781020402908325
0.4004492461681366,3.0588626861572266,0.7781009674072266
0.4266132116317749,2.9685192108154297,0.7780997157096863
0.4073633551597595,3.9706203937530518,0.7780985236167908
0.44217559695243835,3.2590503692626953,0.7780973315238953
0.418984055519104,3.042382001876831,0.778096079826355
0.4281412363052368,2.8963985443115234,0.7780948281288147
0.4324794411659241,3.0306148529052734,0.7780934572219849
0.46503835916519165,3.0222768783569336,0.7780919075012207
0.39322108030319214,3.080475330352783,0.7780905365943909
0.4095035493373871,3.253964424133301,0.7780889868736267
0.44394561648368835,2.5631725788116455,0.7780877351760864
0.4048733413219452,3.492283344268799,0.7780867218971252
0.41218674182891846,3.854165554046631,0.7780857086181641
0.428087443113327,2.727904796600342,0.7780845165252686
0.4207507371902466,3.4398305416107178,0.7780835628509521
0.4728042483329773,3.1488962173461914,0.7780823111534119
0.42096853256225586,2.836308479309082,0.7780812382698059
0.44900327920913696,3.0156466960906982,0.7780801653862
0.42072126269340515,2.7290124893188477,0.7780790328979492
0.4574940800666809,3.4071693420410156,0.7780779004096985
0.5091233253479004,3.2814836502075195,0.7780766487121582
0.3692864179611206,2.954606533050537,0.7780755758285522
0.4383734166622162,2.4296107292175293,0.7780746221542358
0.3653063178062439,2.9208569526672363,0.7780734300613403
0.42681562900543213,3.5927817821502686,0.7780724167823792
0.38393184542655945,3.312816858291626,0.7780711650848389
0.41945216059684753,3.306079387664795,0.7780700325965881
0.4264540672302246,3.617669105529785,0.7780689001083374
0.4319719672203064,3.308018207550049,0.7780678868293762
0.4871858060359955,2.5778415203094482,0.7780663967132568
0.40258726477622986,3.231414318084717,0.7780652046203613
0.4278360903263092,3.2262725830078125,0.7780640125274658
0.384671151638031,3.415632724761963,0.7780625820159912
0.4095035493373871,2.838578462600708,0.7780615091323853
0.44006437063217163,2.5947623252868652,0.778060257434845
0.4591419994831085,3.4491567611694336,0.7780590653419495
0.45647433400154114,3.11110520362854,0.7780578136444092
0.4321673810482025,2.967592716217041,0.7780566811561584
0.46967047452926636,3.4844369888305664,0.778055727481842
0.43870872259140015,2.9092657566070557,0.7780544757843018
0.40767043828964233,3.3575143814086914,0.7780534625053406
0.3951285481452942,3.1777424812316895,0.7780520915985107
0.39103883504867554,4.067336082458496,0.7780511379241943
0.4806815981864929,2.5517523288726807,0.7780501842498779
0.4086677134037018,3.694174289703369,0.7780492305755615
0.4108503758907318,2.8110570907592773,0.7780482172966003
0.42101001739501953,2.846738815307617,0.7780470252037048
0.3878065347671509,2.8064680099487305,0.7780460119247437
0.42996183037757874,2.8103694915771484,0.7780448198318481
0.43687331676483154,3.310882091522217,0.7780436873435974
0.44421446323394775,3.421623706817627,0.7780423760414124
0.4552292227745056,2.990572452545166,0.7780412435531616
0.4587477743625641,3.1133971214294434,0.7780400514602661
0.4174214005470276,3.075031042098999,0.7780386209487915
0.4579155743122101,3.2128143310546875,0.778037428855896
0.4562061131000519,3.58009672164917,0.7780360579490662
0.3942182958126068,3.3542466163635254,0.7780349850654602
0.423383891582489,3.9281516075134277,0.7780339121818542
0.47507444024086,3.046009063720703,0.7780329585075378
0.4782710671424866,3.262080669403076,0.7780318856239319
0.45838266611099243,3.2894082069396973,0.7780311107635498
0.40542301535606384,2.823397636413574,0.7780300378799438
0.469173789024353,3.332275152206421,0.7780290842056274
0.41160255670547485,2.623884677886963,0.7780281901359558
0.4385305345058441,3.3000638484954834,0.7780271172523499
0.4989014267921448,3.419201374053955,0.7780260443687439
0.4120209813117981,2.939380407333374,0.7780249714851379
0.46329689025878906,2.866335391998291,0.7780237793922424
0.44237035512924194,2.8022212982177734,0.7780227065086365
0.41226309537887573,3.14451265335083,0.7780214548110962
0.4691917598247528,3.6795806884765625,0.778020441532135
0.4554040729999542,3.7226433753967285,0.7780194282531738
0.4520263969898224,3.246175765991211,0.7780182957649231
0.4360044002532959,3.0504112243652344,0.7780172824859619
0.45691701769828796,3.3073811531066895,0.7780160903930664
0.40442773699760437,2.8923497200012207,0.7780150771141052
0.42753756046295166,2.8463096618652344,0.7780141830444336
0.4488295018672943,4.037423610687256,0.7780130505561829
0.38239142298698425,4.297603130340576,0.7780120968818665
0.3941688537597656,3.0788869857788086,0.7780110836029053
0.4413788914680481,2.8485493659973145,0.7780097723007202
0.4245852828025818,2.7818310260772705,0.7780085206031799
0.3713853359222412,3.782796621322632,0.7780075073242188
0.4256671071052551,2.7825262546539307,0.7780062556266785
0.4261890947818756,3.170369863510132,0.7780052423477173
0.4224412441253662,2.520124912261963,0.7780042886734009
0.32500770688056946,3.2905638217926025,0.7780031561851501
0.4023056626319885,3.162510871887207,0.7780019044876099
0.48096922039985657,3.1981849670410156,0.7780005931854248
0.4150998294353485,3.2157814502716064,0.7779994010925293
0.4247545599937439,3.369175910949707,0.7779979705810547
0.45244306325912476,3.759212017059326,0.7779966592788696
0.4543558359146118,2.6772336959838867,0.7779952883720398
0.4743724763393402,3.5859358310699463,0.7779940366744995
0.42594680190086365,3.400576114654541,0.7779927253723145
0.4489152431488037,2.9923200607299805,0.7779912948608398
0.44830816984176636,3.7373194694519043,0.7779900431632996
0.41904616355895996,2.8760170936584473,0.7779889702796936
0.5104483962059021,3.5647945404052734,0.7779876589775085
0.4436282515525818,3.3414649963378906,0.7779865860939026
0.3652963936328888,3.0217373371124268,0.7779853343963623
0.4892548620700836,2.7289795875549316,0.7779842615127563
0.45013633370399475,2.958238124847412,0.7779832482337952
0.42001470923423767,3.457695245742798,0.7779819369316101
0.45069700479507446,3.6577847003936768,0.7779808044433594
0.497561514377594,2.9805173873901367,0.7779795527458191
0.45687010884284973,4.006241798400879,0.7779783606529236
0.43827664852142334,2.751408100128174,0.7779771089553833
0.47193992137908936,2.9584672451019287,0.7779760360717773
0.4326741695404053,3.5893666744232178,0.7779748439788818
0.4126310646533966,3.5655736923217773,0.7779736518859863
0.41985443234443665,3.8757095336914062,0.7779725790023804
0.46343478560447693,3.3848137855529785,0.7779715657234192
0.42810094356536865,3.901968002319336,0.7779701948165894
0.4143458604812622,2.8526127338409424,0.7779690027236938
0.483017235994339,3.5538229942321777,0.777967631816864
0.4916097819805145,3.1150379180908203,0.777966320514679
0.3911242187023163,3.0709328651428223,0.7779651284217834
0.46412840485572815,3.3908331394195557,0.7779638171195984
0.4022206664085388,3.4468460083007812,0.7779626250267029
0.4105595648288727,3.329153537750244,0.777961254119873
0.4287068843841553,3.2949886322021484,0.7779602408409119
0.44617706537246704,3.797886848449707,0.777958869934082
0.44473540782928467,3.5395586490631104,0.777957558631897
0.5242879390716553,3.248710870742798,0.7779564261436462
0.43568137288093567,3.7978875637054443,0.7779554128646851
0.46967601776123047,3.588663101196289,0.7779544591903687
0.4507269561290741,3.5026583671569824,0.7779533267021179
0.44560322165489197,2.879361629486084,0.777952253818512
0.425933837890625,2.6612699031829834,0.777951180934906
0.4346202313899994,3.089559555053711,0.7779502272605896
0.35479509830474854,3.568744659423828,0.7779489755630493
0.44297999143600464,2.381519317626953,0.7779478430747986
0.4321351647377014,3.3591103553771973,0.7779466509819031
0.45702028274536133,4.552774906158447,0.7779455184936523
0.44096946716308594,3.339705228805542,0.7779443264007568
0.44583070278167725,3.402583599090576,0.7779430747032166
0.44313788414001465,3.509366035461426,0.7779420018196106
