0.7606624364852905,11.237274169921875,0.3508974015712738
0.7501692175865173,8.260740280151367,0.3508961796760559
0.7171254754066467,6.9159369468688965,0.3508950471878052
0.7181767225265503,7.291287422180176,0.35089391469955444
0.6876398324966431,4.985438346862793,0.3508930802345276
0.6882009506225586,5.628567218780518,0.35089218616485596
0.668495237827301,7.112884044647217,0.3508913516998291
0.6411545276641846,5.3716535568237305,0.35089054703712463
0.6286830306053162,6.352651596069336,0.35088977217674255
0.6519612073898315,5.006356239318848,0.35088902711868286
0.6247329711914062,4.115810394287109,0.35088831186294556
0.5952318906784058,3.6174869537353516,0.350887656211853
0.5865185260772705,3.9678151607513428,0.3508869707584381
0.6039391756057739,3.545628786087036,0.35088640451431274
0.5366458296775818,3.0637927055358887,0.35088565945625305
0.5928975343704224,2.2470650672912598,0.3508848547935486
0.5737137198448181,3.029918670654297,0.3508840501308441
0.5815989375114441,2.246530771255493,0.3508831858634949
0.5338025689125061,1.8692176342010498,0.3508823812007904
0.5587073564529419,2.5066606998443604,0.3508814871311188
0.5377082228660583,2.862769365310669,0.35088059306144714
0.5563569664955139,1.8766433000564575,0.35087987780570984
0.5777199268341064,2.3414385318756104,0.3508789837360382
0.5432155728340149,1.8117985725402832,0.3508782684803009
0.5088749527931213,2.001497745513916,0.3508775234222412
0.4911256432533264,1.9399781227111816,0.35087695717811584
0.5029876828193665,1.8718080520629883,0.3508763313293457
0.4661833345890045,1.7113465070724487,0.35087573528289795
0.5565283894538879,1.6898308992385864,0.3508751094341278
0.5045640468597412,1.6924965381622314,0.3508744239807129
0.5048819780349731,1.113448977470398,0.350873738527298
0.48129987716674805,1.6665253639221191,0.35087308287620544
0.3934263288974762,1.6516090631484985,0.35087236762046814
0.47041866183280945,1.4769012928009033,0.3508715331554413
0.4091028571128845,1.5678900480270386,0.35087060928344727
0.4636344909667969,1.7140580415725708,0.3508695065975189
0.4481748938560486,1.8038729429244995,0.35086843371391296
0.4782750606536865,1.2690298557281494,0.35086745023727417
0.5554095506668091,1.9604406356811523,0.3508666455745697
0.46108943223953247,1.5255441665649414,0.35086557269096375
0.44043558835983276,1.4062122106552124,0.35086479783058167
0.47177061438560486,2.033323287963867,0.3508641719818115
0.5642980337142944,1.9484078884124756,0.3508632183074951
0.46085357666015625,1.5472209453582764,0.35086220502853394
0.5292360782623291,1.551485538482666,0.3508612811565399
0.42648109793663025,1.3600653409957886,0.3508602976799011
0.4397435188293457,1.507529854774475,0.35085925459861755
0.6411216855049133,1.4410350322723389,0.35085827112197876
0.3915691375732422,1.2465696334838867,0.3508571684360504
0.3660717010498047,1.345199465751648,0.3508562743663788
0.4314464330673218,1.4457358121871948,0.35085541009902954
0.4219467043876648,1.324546456336975,0.3508545160293579
0.44174566864967346,1.2346810102462769,0.35085368156433105
0.4325703978538513,1.4104692935943604,0.3508527874946594
0.452991247177124,1.0330250263214111,0.35085177421569824
0.44436129927635193,1.257136583328247,0.3508507013320923
0.46876928210258484,1.2600597143173218,0.35084959864616394
0.4870902895927429,1.8194844722747803,0.3508484661579132
0.4405496120452881,1.4229642152786255,0.3508472740650177
0.44896307587623596,1.6960866451263428,0.3508461117744446
0.5079727172851562,1.0382142066955566,0.35084497928619385
0.4551506042480469,1.5678147077560425,0.35084378719329834
0.4904228150844574,1.637887954711914,0.35084280371665955
0.4809154272079468,1.6464707851409912,0.3508419096469879
0.4987378716468811,1.4251676797866821,0.35084107518196106
0.4685092568397522,1.061171531677246,0.3508400619029999
0.44412675499916077,1.6107237339019775,0.35083913803100586
0.48970523476600647,1.6890242099761963,0.35083815455436707
0.4758170247077942,1.1814781427383423,0.3508369028568268
0.5025538802146912,1.1761173009872437,0.3508356213569641
0.5009801983833313,1.1376736164093018,0.35083431005477905
0.45049047470092773,1.200676441192627,0.3508330285549164
0.44532549381256104,1.6341795921325684,0.3508318066596985
0.4917607009410858,1.4475549459457397,0.35083064436912537
0.5046355128288269,1.351139783859253,0.3508296012878418
0.5123394131660461,1.5526832342147827,0.35082852840423584
0.4511149823665619,1.5070319175720215,0.35082751512527466
0.4197424352169037,1.2447035312652588,0.35082653164863586
0.4841272532939911,1.5019088983535767,0.35082539916038513
0.47335124015808105,1.5588266849517822,0.3508243262767792
0.44256433844566345,1.433689832687378,0.35082313418388367
0.48855918645858765,1.3620126247406006,0.3508218824863434
0.472196102142334,1.895256519317627,0.3508206307888031
0.4617103040218353,1.375005841255188,0.35081934928894043
0.46485304832458496,1.5203691720962524,0.3508181869983673
0.4852341115474701,1.4831480979919434,0.3508169651031494
0.44537925720214844,1.309951663017273,0.35081595182418823
0.45304998755455017,1.640182375907898,0.3508148491382599
0.47144415974617004,1.3671576976776123,0.35081371665000916
0.4745432138442993,1.0047671794891357,0.3508125841617584
0.4580288529396057,1.1248141527175903,0.3508114218711853
0.4913988709449768,1.2668375968933105,0.3508102297782898
0.4502097964286804,1.1074711084365845,0.3508089780807495
0.45673051476478577,1.4006571769714355,0.3508078455924988
0.4182892441749573,1.4059109687805176,0.35080650448799133
0.4025138020515442,1.0939505100250244,0.35080528259277344
0.46782201528549194,1.1120413541793823,0.35080406069755554
0.5208174586296082,1.2145576477050781,0.3508027195930481
0.4771758019924164,1.7116942405700684,0.350801557302475
0.5251411199569702,1.7515332698822021,0.3508002460002899
0.44498690962791443,1.4401122331619263,0.3507991135120392
0.4426102638244629,1.3295584917068481,0.3507978618144989
0.43457770347595215,1.282402515411377,0.3507966101169586
0.5002521872520447,1.3200269937515259,0.3507953882217407
0.47771507501602173,1.3525331020355225,0.3507941663265228
0.4129343330860138,1.2056366205215454,0.35079291462898254
0.44583356380462646,1.750439167022705,0.3507916033267975
0.48976796865463257,1.039832353591919,0.3507901728153229
0.4654327929019928,1.6475577354431152,0.3507888615131378
0.524149477481842,1.2355704307556152,0.35078758001327515
0.47499725222587585,1.0371674299240112,0.3507862985134125
0.44010627269744873,1.1857860088348389,0.35078510642051697
0.5116657018661499,1.4791016578674316,0.3507840633392334
0.4659263789653778,1.1334869861602783,0.3507828414440155
0.4508863091468811,1.4680052995681763,0.3507815897464752
0.4853842854499817,1.3147374391555786,0.3507802486419678
0.4234370291233063,1.3598203659057617,0.3507787585258484
0.45365843176841736,1.1925125122070312,0.35077735781669617
0.44752126932144165,1.167264699935913,0.3507761061191559
0.49475225806236267,1.3026500940322876,0.350774884223938
0.4637884497642517,1.5574822425842285,0.35077375173568726
0.4568418860435486,1.451357364654541,0.3507726490497589
0.4688079059123993,1.1529361009597778,0.3507715165615082
0.43625685572624207,1.1953109502792358,0.35077038407325745
0.4760633409023285,1.7691898345947266,0.35076916217803955
0.48385515809059143,1.0661349296569824,0.3507678210735321
0.437325656414032,1.3921771049499512,0.3507665693759918
0.4727201759815216,1.0177767276763916,0.350765198469162
0.4742316007614136,0.8868218660354614,0.35076379776000977
0.4625285267829895,1.4694569110870361,0.35076263546943665
0.4486130177974701,1.1677018404006958,0.35076141357421875
0.48499754071235657,1.1442509889602661,0.35076019167900085
0.479287713766098,1.6312143802642822,0.35075902938842773
0.5421947836875916,1.6313376426696777,0.3507577180862427
0.47220832109451294,1.1511777639389038,0.35075643658638
0.45208296179771423,1.3815362453460693,0.35075512528419495
0.46806424856185913,1.5604681968688965,0.3507537841796875
0.43935492634773254,1.2749062776565552,0.3507525324821472
0.4946233332157135,1.1381642818450928,0.3507511615753174
0.46123313903808594,1.009383201599121,0.3507498800754547
0.44517165422439575,1.4809192419052124,0.3507484793663025
0.49398672580718994,1.1865674257278442,0.3507472574710846
0.41707995533943176,1.2632355690002441,0.35074588656425476
0.48810577392578125,1.1213080883026123,0.35074448585510254
0.4086107909679413,1.0997010469436646,0.35074323415756226
0.4254692792892456,1.3711509704589844,0.3507419526576996
0.4250809848308563,1.3626654148101807,0.350740522146225
0.4708002507686615,1.4191502332687378,0.35073933005332947
0.4449714422225952,1.2375439405441284,0.35073795914649963
0.48263394832611084,1.2093247175216675,0.350736528635025
0.42459604144096375,1.1763414144515991,0.35073524713516235
0.46737536787986755,1.3045010566711426,0.35073381662368774
0.45582446455955505,1.250618815422058,0.3507324457168579
0.456943541765213,1.2108285427093506,0.35073110461235046
0.4297688901424408,1.0767241716384888,0.3507297933101654
0.46430709958076477,1.468682050704956,0.3507286012172699
0.5070949196815491,1.0385961532592773,0.35072728991508484
0.4310802221298218,1.1153682470321655,0.3507259488105774
0.4718281924724579,1.3033900260925293,0.35072457790374756
0.47992047667503357,1.204108715057373,0.3507230281829834
0.4120381772518158,1.3106426000595093,0.3507215976715088
0.44824057817459106,0.9561172127723694,0.3507201373577118
0.4946829080581665,1.6379870176315308,0.35071879625320435
0.4297981262207031,1.3580743074417114,0.3507173955440521
0.47218629717826843,1.2257009744644165,0.3507160246372223
0.4294911026954651,1.4279685020446777,0.35071471333503723
0.49965521693229675,1.5393890142440796,0.35071322321891785
0.5086847543716431,1.3865057229995728,0.3507117033004761
0.47744521498680115,1.385480523109436,0.3507101237773895
0.3919694423675537,1.1865559816360474,0.35070863366127014
0.48952120542526245,1.417143702507019,0.3507072925567627
0.4348730444908142,1.3303180932998657,0.35070595145225525
0.46308791637420654,1.2543079853057861,0.3507046103477478
0.46882548928260803,0.8727709054946899,0.35070329904556274
0.5052242279052734,1.18523371219635,0.3507021367549896
0.4093644917011261,0.9931904673576355,0.35070088505744934
0.45802387595176697,1.3880894184112549,0.35069936513900757
0.47162139415740967,1.3825074434280396,0.35069796442985535
0.5233058929443359,1.2681337594985962,0.3506964147090912
0.4258371889591217,1.6390526294708252,0.35069510340690613
0.4682512581348419,1.215169072151184,0.3506937026977539
0.4324987232685089,1.301748275756836,0.35069239139556885
0.40534964203834534,1.325805902481079,0.3506912291049957
0.4646005630493164,1.0688921213150024,0.35069000720977783
0.5299660563468933,1.2357045412063599,0.3506886065006256
0.4897630214691162,1.1522462368011475,0.3506872057914734
0.44634753465652466,0.9874271750450134,0.35068586468696594
0.4678775668144226,1.1722235679626465,0.3506844937801361
0.4800487458705902,1.3239495754241943,0.3506830334663391
0.4390096068382263,1.0413306951522827,0.3506816327571869
0.4437004625797272,1.0803488492965698,0.35068029165267944
0.4446446895599365,1.0364971160888672,0.350678950548172
0.5041638016700745,0.9382897019386292,0.35067760944366455
0.40653762221336365,1.2550346851348877,0.3506762385368347
0.4579990804195404,1.2385156154632568,0.3506748378276825
0.4506162106990814,1.0313711166381836,0.3506733179092407
0.42239680886268616,1.2908817529678345,0.3506718873977661
0.49799594283103943,1.019113302230835,0.35067057609558105
0.5131717920303345,1.2636040449142456,0.35066917538642883
0.4245198369026184,1.0569335222244263,0.35066789388656616
0.41278257966041565,1.1672794818878174,0.3506665527820587
0.5142736434936523,1.2604873180389404,0.35066521167755127
0.43815934658050537,0.9784246683120728,0.3506638705730438
0.4148097634315491,1.0381089448928833,0.3506624400615692
0.46523910760879517,1.391579270362854,0.35066115856170654
0.4461522698402405,1.176374912261963,0.3506598472595215
0.4762967526912689,1.0877660512924194,0.35065847635269165
0.42378664016723633,1.429779052734375,0.35065704584121704
0.43234580755233765,1.3089781999588013,0.35065558552742004
0.4733623266220093,1.058186411857605,0.35065412521362305
0.42459991574287415,1.1710087060928345,0.3506528437137604
0.45424625277519226,1.265440821647644,0.3506513237953186
0.4515531063079834,1.177838683128357,0.3506498336791992
0.42736509442329407,1.137757658958435,0.3506484031677246
0.4373367130756378,0.8675687909126282,0.35064685344696045
0.4221661388874054,1.1574022769927979,0.3506454527378082
0.48288482427597046,1.2707722187042236,0.3506441116333008
0.40731680393218994,1.1694128513336182,0.35064277052879333
0.46535322070121765,1.1085132360458374,0.3506413996219635
0.42046481370925903,1.207090139389038,0.3506399393081665
0.4943954646587372,1.1157557964324951,0.3506383001804352
0.39171913266181946,1.328203558921814,0.35063672065734863
0.4320937395095825,1.1630163192749023,0.35063526034355164
0.4479425847530365,1.3198413848876953,0.35063380002975464
0.47637680172920227,1.210439920425415,0.35063233971595764
0.42218634486198425,0.7862052321434021,0.35063090920448303
0.4736378490924835,1.2764559984207153,0.35062938928604126
0.5276756882667542,1.1432158946990967,0.35062792897224426
0.4360060691833496,0.8293648362159729,0.35062649846076965
0.41167953610420227,1.0393325090408325,0.35062503814697266
0.4186384379863739,0.9481582641601562,0.3506234884262085
0.44918227195739746,1.1192655563354492,0.35062193870544434
0.4647972881793976,1.0103237628936768,0.35062047839164734
0.5527850389480591,1.0856441259384155,0.3506190776824951
0.49910199642181396,1.0490877628326416,0.35061752796173096
0.41047966480255127,1.0919249057769775,0.3506161570549011
0.5231823325157166,1.3368796110153198,0.3506147563457489
0.4845821261405945,0.8381988406181335,0.35061347484588623
0.4952109456062317,0.9326726794242859,0.35061216354370117
0.48659011721611023,1.439914584159851,0.35061079263687134
0.4903256893157959,1.3360881805419922,0.3506094217300415
0.49201276898384094,1.1803537607192993,0.35060790181159973
0.5070514678955078,1.11942720413208,0.3506062924861908
0.41511625051498413,1.1333415508270264,0.35060474276542664
0.44485706090927124,1.2294608354568481,0.35060325264930725
0.45632848143577576,1.2274054288864136,0.35060182213783264
0.43660369515419006,1.173527717590332,0.3506004810333252
0.45783835649490356,0.9586657285690308,0.35059911012649536
0.40624868869781494,1.2595006227493286,0.35059767961502075
0.48014575242996216,1.0697541236877441,0.35059621930122375
0.4449990689754486,1.1952780485153198,0.35059481859207153
0.4876028299331665,0.9877353310585022,0.3505932688713074
0.43176665902137756,0.9391260743141174,0.35059183835983276
0.4791257679462433,1.240364670753479,0.3505903482437134
0.41543200612068176,0.9377157092094421,0.35058891773223877
0.43994590640068054,0.9092965722084045,0.35058754682540894
0.38909316062927246,1.2123899459838867,0.3505861461162567
0.452004998922348,1.3146418333053589,0.3505846858024597
0.5151376128196716,1.271058201789856,0.3505832850933075
0.5079370737075806,0.9602858424186707,0.3505817651748657
0.4316856265068054,0.9249693751335144,0.3505803048610687
0.45789745450019836,1.3312355279922485,0.3505789637565613
0.5286039710044861,1.204778790473938,0.35057756304740906
0.5151357054710388,1.0146408081054688,0.3505761921405792
0.4412079453468323,1.3078964948654175,0.350574791431427
0.4696699380874634,1.021216630935669,0.35057333111763
0.4394052028656006,0.8585553765296936,0.3505718410015106
0.46082594990730286,1.0366510152816772,0.35057029128074646
0.4422377645969391,1.1037733554840088,0.3505688011646271
0.4353644549846649,1.3400905132293701,0.35056746006011963
0.4848784804344177,1.230707049369812,0.35056594014167786
0.4980184733867645,1.3482065200805664,0.3505646586418152
0.4338417649269104,0.9946656227111816,0.3505632281303406
0.4767513871192932,1.0102894306182861,0.3505617380142212
0.44233912229537964,1.5438851118087769,0.3505603075027466
0.49240928888320923,1.2236082553863525,0.3505587577819824
0.4131501317024231,0.9077145457267761,0.35055726766586304
0.3891407549381256,1.167748212814331,0.35055577754974365
0.4198029935359955,1.076789140701294,0.35055431723594666
0.4706672430038452,0.9240304827690125,0.3505529761314392
0.4400262236595154,1.081453561782837,0.3505515456199646
0.4041663408279419,1.0594061613082886,0.3505500853061676
0.4991890490055084,1.137280821800232,0.35054853558540344
0.38624998927116394,1.2320778369903564,0.3505469560623169
0.46110907196998596,1.0322421789169312,0.35054540634155273
0.4487861394882202,0.9356907606124878,0.3505437970161438
0.5004769563674927,1.4460957050323486,0.35054224729537964
0.44456756114959717,1.3215925693511963,0.3505408465862274
0.43778327107429504,1.3247301578521729,0.35053950548171997
0.4321185350418091,1.1793460845947266,0.3505381643772125
0.42673376202583313,0.9520860910415649,0.35053685307502747
0.4649849534034729,0.9946122765541077,0.35053545236587524
0.48050615191459656,0.9278016686439514,0.350534051656723
0.4467777907848358,1.2045758962631226,0.35053256154060364
0.4316956698894501,0.981957197189331,0.35053104162216187
0.5117236375808716,0.9516909718513489,0.35052940249443054
0.39090338349342346,1.0237551927566528,0.35052794218063354
0.48729583621025085,1.3621549606323242,0.3505265414714813
0.4434725046157837,1.138110637664795,0.35052525997161865
0.43202653527259827,1.2661551237106323,0.35052385926246643
0.44078391790390015,1.1397260427474976,0.35052239894866943
0.38435813784599304,0.9689946174621582,0.3505208194255829
0.45137831568717957,1.021401047706604,0.35051921010017395
0.4515717625617981,1.0468745231628418,0.35051771998405457
0.44667720794677734,1.1018136739730835,0.3505161702632904
0.4923558831214905,1.1602972745895386,0.35051459074020386
0.4859810173511505,1.0773512125015259,0.35051316022872925
0.4198749363422394,1.617228388786316,0.3505118191242218
0.4577043056488037,1.4782845973968506,0.3505103886127472
0.4502168893814087,1.272843360900879,0.35050880908966064
0.5007509589195251,1.0998804569244385,0.3505072295665741
0.44036009907722473,1.0965993404388428,0.3505057096481323
0.46532782912254333,1.3764381408691406,0.35050415992736816
0.4396790564060211,0.9209074974060059,0.3505028486251831
0.3813716769218445,1.2033650875091553,0.3505014479160309
0.480491578578949,1.321845531463623,0.35050010681152344
0.4411854147911072,0.973122775554657,0.35049864649772644
0.4595879316329956,0.9739132523536682,0.3504970967769623
0.46592214703559875,1.1945914030075073,0.3504955768585205
0.4214848279953003,1.312560796737671,0.35049399733543396
0.42799490690231323,1.3663783073425293,0.35049259662628174
0.4540654718875885,1.029026746749878,0.3504912555217743
0.4284988343715668,1.173799753189087,0.3504898250102997
0.4793017506599426,1.139755129814148,0.3504886031150818
0.43676239252090454,1.079296350479126,0.3504871428012848
0.4363369643688202,1.0704529285430908,0.35048577189445496
0.4656164348125458,1.51944100856781,0.3504841923713684
0.48216933012008667,1.3648443222045898,0.3504827618598938
0.42769208550453186,0.9924968481063843,0.3504813015460968
0.43443769216537476,1.0625395774841309,0.3504798114299774
0.43966978788375854,1.1041980981826782,0.3504784405231476
0.4751477837562561,1.0796478986740112,0.3504769206047058
0.4708467125892639,1.4286043643951416,0.3504754900932312
0.40083593130111694,0.8237477540969849,0.3504740297794342
0.45976850390434265,0.9075441956520081,0.35047265887260437
0.4493996202945709,1.1240904331207275,0.3504710793495178
0.45498037338256836,1.147637963294983,0.3504696190357208
0.49872779846191406,0.9502252340316772,0.3504679501056671
0.4685627520084381,0.8312126398086548,0.3504663407802582
0.4545743763446808,1.2371082305908203,0.35046467185020447
0.4952116012573242,1.152597188949585,0.35046324133872986
0.43518534302711487,1.0688996315002441,0.35046207904815674
0.47983115911483765,1.2226929664611816,0.3504607379436493
0.4554844796657562,1.1388587951660156,0.35045936703681946
0.474923700094223,0.8533440232276917,0.35045772790908813
0.47801053524017334,0.7895010709762573,0.3504560589790344
0.43069353699684143,0.9556615352630615,0.3504544496536255
0.4581485986709595,1.1942888498306274,0.35045289993286133
0.46832501888275146,1.2327508926391602,0.3504514694213867
0.446207195520401,1.0167920589447021,0.3504500985145569
0.41850799322128296,0.9801002740859985,0.3504486680030823
0.4206799268722534,1.2558276653289795,0.3504473865032196
0.42891165614128113,1.3860173225402832,0.3504458963871002
0.40461885929107666,0.8594223856925964,0.3504442274570465
0.41228097677230835,1.1075849533081055,0.35044264793395996
0.44173499941825867,1.2401677370071411,0.3504408895969391
0.4362083971500397,1.1872118711471558,0.3504393994808197
0.46796882152557373,1.0300928354263306,0.3504379987716675
0.4885730743408203,1.3894505500793457,0.35043662786483765
0.4222238063812256,1.0286169052124023,0.35043516755104065
0.4329001009464264,1.0449775457382202,0.35043370723724365
0.49216514825820923,0.8899986743927002,0.35043221712112427
0.435510516166687,1.0301207304000854,0.35043075680732727
0.4843693673610687,1.1757380962371826,0.3504292070865631
0.43051671981811523,0.998045027256012,0.35042765736579895
0.42897742986679077,0.9633830785751343,0.3504263162612915
0.40026384592056274,1.2099589109420776,0.3504248559474945
0.4247742295265198,0.9322261214256287,0.35042351484298706
0.3861035704612732,1.0972261428833008,0.35042205452919006
0.482683390378952,1.0822333097457886,0.35042065382003784
0.4133836328983307,0.961950957775116,0.3504192531108856
0.46008220314979553,1.0374740362167358,0.35041773319244385
0.4329526126384735,1.121659278869629,0.3504162132740021
0.43875712156295776,1.0987142324447632,0.35041481256484985
0.5188888907432556,1.2377108335494995,0.35041341185569763
0.43577539920806885,1.195307970046997,0.35041195154190063
0.41206032037734985,1.092125415802002,0.35041043162345886
0.3965853750705719,1.367519736289978,0.35040897130966187
0.4739312529563904,0.9922900199890137,0.35040757060050964
0.4372144937515259,0.8786492943763733,0.3504061996936798
0.4855116605758667,1.233105182647705,0.35040464997291565
0.5013751983642578,1.0964629650115967,0.3504032492637634
0.4402100145816803,1.351725459098816,0.3504018485546112
0.4149228632450104,0.9214889407157898,0.35040047764778137
0.44479605555534363,1.036908507347107,0.3503991365432739
0.4745633602142334,0.999548614025116,0.35039764642715454
0.3900316655635834,1.0929479598999023,0.35039618611335754
0.4597439467906952,0.9039973616600037,0.35039475560188293
0.505204439163208,1.553076982498169,0.35039329528808594
0.4069203734397888,1.2771223783493042,0.3503917455673218
0.436459481716156,1.2059882879257202,0.35039034485816956
0.4754422605037689,1.125653624534607,0.3503888249397278
0.5440414547920227,1.1579512357711792,0.3503873348236084
0.4679625630378723,1.1006611585617065,0.3503859043121338
0.440377414226532,0.9354362487792969,0.3503844439983368
0.4179252088069916,1.1775507926940918,0.35038289427757263
0.4620265066623688,0.9275184273719788,0.35038143396377563
0.4385194182395935,1.0601580142974854,0.3503798544406891
0.5019620656967163,1.2850830554962158,0.35037827491760254
0.4733777642250061,1.0111716985702515,0.35037678480148315
0.5079740285873413,1.0318063497543335,0.350375235080719
0.4175758361816406,1.0955660343170166,0.3503737449645996
0.4644688069820404,0.9453501105308533,0.35037219524383545
0.39770880341529846,0.9618880748748779,0.35037073493003845
0.4201486110687256,0.8748365640640259,0.3503691852092743
0.4299679398536682,1.0728925466537476,0.3503675162792206
0.43796905875205994,1.247824788093567,0.3503657877445221
0.4902378022670746,1.2092516422271729,0.35036391019821167
0.4549401104450226,1.2485206127166748,0.35036224126815796
0.46246421337127686,1.021457314491272,0.35036084055900574
0.42590129375457764,1.306054949760437,0.3503594398498535
0.40645983815193176,1.0443581342697144,0.35035794973373413
0.4233616888523102,1.5415254831314087,0.35035645961761475
0.4920574724674225,1.1591134071350098,0.3503546714782715
0.45298412442207336,1.0267897844314575,0.3503529131412506
0.37797194719314575,1.0215826034545898,0.35035136342048645
0.46372130513191223,1.2612582445144653,0.3503499925136566
0.3880842626094818,1.0989481210708618,0.3503486216068268
0.4446813762187958,1.1482590436935425,0.3503473997116089
0.4018424451351166,1.2063157558441162,0.35034602880477905
0.43606582283973694,0.8941237926483154,0.3503444790840149
0.4798780381679535,1.0180598497390747,0.35034292936325073
0.4527111053466797,0.8418434262275696,0.350341260433197
0.4449544847011566,1.3474595546722412,0.3503398001194
0.486052930355072,0.9703640937805176,0.35033831000328064
0.4459155797958374,1.0393072366714478,0.35033684968948364
0.46619659662246704,1.1551870107650757,0.3503355085849762
0.45349013805389404,1.1767115592956543,0.3503340184688568
0.4556925594806671,1.2558059692382812,0.35033246874809265
0.43423783779144287,0.9834766387939453,0.35033097863197327
0.4269254207611084,1.0928486585617065,0.35032951831817627
0.4750705659389496,1.0998536348342896,0.3503279685974121
0.48282018303871155,1.215983271598816,0.3503265380859375
0.4772595763206482,1.3708103895187378,0.35032519698143005
0.43672335147857666,1.1373109817504883,0.3503236472606659
0.4308657646179199,0.9906683564186096,0.3503221273422241
0.4297195374965668,1.0093886852264404,0.35032060742378235
0.49012723565101624,1.0014512538909912,0.35031911730766296
0.4662790596485138,1.1118321418762207,0.35031765699386597
0.4163026809692383,1.0004010200500488,0.3503161072731018
0.419583261013031,1.1687661409378052,0.3503147065639496
0.49420416355133057,1.0746381282806396,0.35031306743621826
0.436563640832901,1.0561845302581787,0.3503115177154541
0.45870038866996765,1.050769329071045,0.35030999779701233
0.4742688536643982,0.9576476216316223,0.3503084182739258
0.4714697301387787,0.8979078531265259,0.3503069579601288
0.4316313862800598,0.9541792273521423,0.3503055274486542
0.5146068930625916,1.1431584358215332,0.3503040075302124
0.42062684893608093,0.9361470937728882,0.35030239820480347
0.4295782446861267,0.8390762805938721,0.3503008484840393
0.4552479386329651,0.9590386748313904,0.3502993881702423
0.44566747546195984,1.270457148551941,0.3502979278564453
0.4874773621559143,1.0186620950698853,0.35029640793800354
0.4371010363101959,0.89335036277771,0.35029467940330505
0.5291205644607544,0.9057790637016296,0.3502930998802185
0.4893855154514313,1.1743124723434448,0.35029155015945435
0.3952372670173645,1.1511156558990479,0.350289911031723
0.4122203290462494,1.1798067092895508,0.3502883315086365
0.4145453870296478,1.0554906129837036,0.3502867817878723
0.4154069721698761,1.0088845491409302,0.35028520226478577
0.4303876757621765,1.062408447265625,0.3502836525440216
0.4505995213985443,1.046079158782959,0.350282222032547
0.41341298818588257,1.2338006496429443,0.3502807021141052
0.41922032833099365,1.3002538681030273,0.35027915239334106
0.4560648500919342,1.183369755744934,0.35027748346328735
0.48708534240722656,1.2049893140792847,0.3502758741378784
0.40042051672935486,1.1726045608520508,0.3502744436264038
0.4219101667404175,1.0598572492599487,0.3502730131149292
0.42619234323501587,1.2047466039657593,0.3502715528011322
0.4530698359012604,1.2266929149627686,0.35027018189430237
0.3996681869029999,1.115422010421753,0.3502686023712158
0.5028778910636902,1.15048348903656,0.3502669632434845
0.40775465965270996,0.9762355089187622,0.3502654433250427
0.4333855211734772,0.9374391436576843,0.35026389360427856
0.40818092226982117,1.1820173263549805,0.35026252269744873
0.40372374653816223,0.8377426266670227,0.3502611815929413
0.40223175287246704,0.87440425157547,0.3502597510814667
0.41916656494140625,1.0624324083328247,0.3502582907676697
0.4198096990585327,1.154530644416809,0.3502568006515503
0.5022090077400208,1.040066123008728,0.3502553403377533
0.4375916123390198,1.2038769721984863,0.3502536118030548
0.45313024520874023,0.9631234407424927,0.35025203227996826
0.4287075698375702,1.5829263925552368,0.3502505421638489
0.39753156900405884,1.1494061946868896,0.35024917125701904
0.4022851884365082,0.9390546679496765,0.3502475917339325
0.4846830666065216,1.0369669198989868,0.3502461314201355
0.39883095026016235,1.0620094537734985,0.3502447009086609
0.4577917456626892,1.29018235206604,0.35024306178092957
0.45345792174339294,1.0717053413391113,0.35024145245552063
0.5108500719070435,1.0661009550094604,0.35023990273475647
0.4779067933559418,1.114099383354187,0.3502383530139923
0.43608710169792175,1.0851247310638428,0.3502369523048401
0.45834439992904663,1.0912623405456543,0.3502354025840759
0.4689937233924866,1.2087817192077637,0.3502340316772461
0.39780759811401367,1.4257258176803589,0.3502325117588043
0.4547758996486664,1.1591521501541138,0.3502311110496521
0.4616413414478302,1.1355977058410645,0.3502295911312103
0.48209279775619507,1.1450181007385254,0.3502280116081238
0.47451406717300415,0.9962571263313293,0.3502262830734253
0.44343826174736023,1.1075862646102905,0.35022470355033875
0.44439947605133057,1.1158217191696167,0.3502231240272522
0.4164324104785919,1.1091433763504028,0.35022151470184326
0.46595534682273865,1.0755196809768677,0.35022005438804626
0.38469448685646057,0.9647399187088013,0.35021868348121643
0.4072345197200775,0.9832490682601929,0.3502171039581299
0.4309723973274231,1.0443435907363892,0.3502156138420105
0.4085046350955963,1.1508004665374756,0.3502139747142792
0.4510052502155304,0.9372177124023438,0.3502122759819031
0.4581727981567383,1.0287632942199707,0.35021066665649414
0.44667762517929077,1.0920329093933105,0.35020911693573
0.4562447965145111,0.9549662470817566,0.350207656621933
0.504058837890625,1.1844624280929565,0.350206196308136
0.47428855299949646,1.0079786777496338,0.3502046763896942
0.41002699732780457,1.030146598815918,0.3502030670642853
0.4792170524597168,1.0812487602233887,0.3502013087272644
0.4654906988143921,1.204185962677002,0.35019972920417786
0.4438367486000061,1.0795139074325562,0.3501981496810913
0.4821803867816925,0.978545069694519,0.3501966595649719
0.4402276575565338,0.8349846005439758,0.3501951992511749
0.4577079713344574,1.2517852783203125,0.35019373893737793
0.4188307225704193,1.2006292343139648,0.3501920998096466
0.4786219000816345,1.3862230777740479,0.35019052028656006
0.4652915894985199,0.9792581796646118,0.3501889109611511
0.4673309326171875,0.8895877599716187,0.3501873314380646
0.47133612632751465,0.819819986820221,0.3501857817173004
0.4452642798423767,1.0406668186187744,0.35018444061279297
0.45746564865112305,1.2285397052764893,0.35018306970596313
0.4122663140296936,1.2109097242355347,0.350181519985199
0.428585410118103,1.136379599571228,0.35017988085746765
0.4694312512874603,1.0739279985427856,0.35017815232276917
0.4446653723716736,1.3848804235458374,0.3501763939857483
0.48713773488998413,1.1124272346496582,0.35017478466033936
0.4706147015094757,1.1498280763626099,0.3501732349395752
0.5430450439453125,1.2784346342086792,0.35017189383506775
0.4130210876464844,0.9848735332489014,0.35017043352127075
0.39876845479011536,0.9861286878585815,0.35016894340515137
0.4788658022880554,1.2179847955703735,0.3501673936843872
0.49234312772750854,0.989427924156189,0.35016581416130066
0.3825593590736389,1.1097620725631714,0.3501642644405365
0.43665793538093567,0.8953439593315125,0.3501625657081604
0.37823599576950073,1.2621737718582153,0.3501611351966858
0.39078807830810547,1.0115466117858887,0.35015973448753357
0.43604230880737305,1.2030422687530518,0.3501582741737366
0.4309340715408325,1.0218994617462158,0.3501567244529724
0.43682241439819336,1.258431077003479,0.35015514492988586
0.39766180515289307,1.1067399978637695,0.35015344619750977
0.403583824634552,1.0868160724639893,0.350151926279068
0.4658547043800354,1.033109426498413,0.350150465965271
0.4163852632045746,0.9969577789306641,0.3501492142677307
0.4444623589515686,0.8810772895812988,0.35014772415161133
0.4423269033432007,0.9089069962501526,0.35014617443084717
0.38218677043914795,0.8978245258331299,0.350144624710083
0.44569945335388184,1.0833734273910522,0.35014304518699646
0.4072571396827698,1.0540874004364014,0.3501414656639099
0.4254191517829895,1.1581791639328003,0.3501400351524353
0.4515990614891052,1.0858891010284424,0.3501385450363159
0.4241083860397339,1.042879343032837,0.3501371145248413
0.40802428126335144,1.2812098264694214,0.3501356542110443
0.44264665246009827,1.0267552137374878,0.3501340448856354
0.44597384333610535,1.0856525897979736,0.3501323461532593
0.47854334115982056,1.1039965152740479,0.35013076663017273
0.3882272243499756,1.0393543243408203,0.35012924671173096
0.4043978154659271,0.980363130569458,0.3501278758049011
0.44573864340782166,0.9588316082954407,0.3501264452934265
0.41370928287506104,1.3087069988250732,0.3501248359680176
0.41404128074645996,1.0086528062820435,0.35012319684028625
0.5036218166351318,0.9923655390739441,0.3501216173171997
0.41492223739624023,1.0049350261688232,0.35012003779411316
0.40327268838882446,0.9395938515663147,0.35011857748031616
0.46434497833251953,1.0326546430587769,0.35011714696884155
0.424112468957901,1.1590561866760254,0.3501157760620117
0.460131973028183,0.993369996547699,0.3501143157482147
0.3984401226043701,1.0287433862686157,0.3501126170158386
0.4161132574081421,0.9067221879959106,0.350110799074173
0.4791963994503021,1.3802369832992554,0.3501090109348297
0.41323959827423096,1.0135937929153442,0.35010743141174316
0.4283464848995209,0.9319111704826355,0.35010603070259094
0.48538780212402344,1.1852824687957764,0.35010483860969543
0.42588165402412415,1.1179497241973877,0.3501034080982208
0.4483167827129364,1.3161522150039673,0.35010194778442383
0.39341652393341064,1.2461493015289307,0.35010024905204773
0.40567392110824585,1.0703116655349731,0.350098580121994
0.3888724148273468,0.9115715622901917,0.35009700059890747
0.40424567461013794,1.0396636724472046,0.3500954508781433
0.4182996153831482,0.9483708143234253,0.3500942885875702
0.42656293511390686,1.2059454917907715,0.35009318590164185
0.4154246747493744,1.242230772972107,0.3500917851924896
0.4437098503112793,1.0253304243087769,0.3500903844833374
0.46482589840888977,1.0468366146087646,0.35008880496025085
0.3765169680118561,1.2148070335388184,0.35008710622787476
0.44232213497161865,0.9587182998657227,0.35008546710014343
0.4368914067745209,1.1616172790527344,0.35008397698402405
0.38413137197494507,0.975369930267334,0.35008251667022705
0.4434947073459625,1.0269966125488281,0.35008111596107483
0.43068480491638184,0.9876501560211182,0.350079745054245
0.407265841960907,1.3103960752487183,0.3500782549381256
0.3999291956424713,1.354622721672058,0.3500766158103943
0.46706122159957886,1.071257472038269,0.3500749170780182
0.4800929129123688,0.9995469450950623,0.35007336735725403
0.4620461165904999,1.2266771793365479,0.35007187724113464
0.3774202764034271,0.8818557858467102,0.3500702977180481
0.4509539008140564,0.8722310662269592,0.3500688672065735
0.4232529103755951,0.8363555669784546,0.35006752610206604
0.42280295491218567,0.9893096089363098,0.3500659465789795
0.43393954634666443,0.8803859353065491,0.3500642776489258
0.42869997024536133,0.882263720035553,0.35006263852119446
0.4639051854610443,0.9067240357398987,0.3500610291957855
0.40029487013816833,1.1442077159881592,0.350059449672699
0.4614798128604889,0.905482292175293,0.35005804896354675
0.45366737246513367,1.256604552268982,0.35005664825439453
0.4128418564796448,1.0796904563903809,0.350055068731308
0.4337346851825714,0.9507287740707397,0.3500533998012543
0.39203083515167236,1.2030397653579712,0.35005176067352295
0.524387001991272,1.2301031351089478,0.3500498831272125
0.4353780150413513,1.193737506866455,0.3500482738018036
0.44729986786842346,1.0703883171081543,0.3500467538833618
0.46173375844955444,1.2372195720672607,0.350045382976532
0.4682125747203827,1.025773048400879,0.350043922662735
0.46324729919433594,1.2791893482208252,0.3500424921512604
0.40822073817253113,1.106785774230957,0.350041002035141
0.5085450410842896,0.925899088382721,0.3500392436981201
0.4116065204143524,1.0782876014709473,0.35003766417503357
0.4261428415775299,0.8510494232177734,0.35003605484962463
0.4397648274898529,0.9334084391593933,0.3500344753265381
0.42747923731803894,1.1679959297180176,0.3500330448150635
0.4524244964122772,0.8416276574134827,0.35003161430358887
0.4563518166542053,0.9550048112869263,0.3500301241874695
0.4016883373260498,0.9175472855567932,0.3500286638736725
0.49457594752311707,0.9600485563278198,0.35002702474594116
0.44065549969673157,1.159988284111023,0.35002538561820984
0.404835045337677,0.8890087604522705,0.35002365708351135
0.41677314043045044,1.2667560577392578,0.3500220775604248
0.4984109401702881,1.2363004684448242,0.3500206768512726
0.4525649845600128,1.036075234413147,0.35001933574676514
0.4123417139053345,0.8612728118896484,0.3500179052352905
0.4379130005836487,0.8665962815284729,0.35001641511917114
0.395731657743454,0.8206254839897156,0.350014865398407
0.4219810366630554,1.028306484222412,0.35001340508461
0.4505242109298706,0.957384467124939,0.35001182556152344
0.47729232907295227,1.2463994026184082,0.3500102758407593
0.40835052728652954,0.9520815014839172,0.3500087857246399
0.4309244453907013,0.8709521293640137,0.35000723600387573
0.48651832342147827,1.0273406505584717,0.35000574588775635
0.5024296045303345,1.139505386352539,0.3500041365623474
0.3950248658657074,1.2478199005126953,0.35000255703926086
0.5475053787231445,1.185158610343933,0.35000085830688477
0.41335999965667725,1.0217163562774658,0.34999924898147583
0.4020015299320221,1.0872997045516968,0.34999772906303406
0.4512012004852295,0.9012912511825562,0.3499963879585266
0.44824621081352234,1.0149157047271729,0.34999510645866394
0.5079016089439392,1.1766101121902466,0.34999367594718933
0.3920539319515228,1.0528266429901123,0.3499922752380371
0.4239790141582489,1.0986090898513794,0.3499906361103058
0.39628028869628906,0.8153619170188904,0.3499889075756073
0.44710367918014526,1.1759061813354492,0.3499871492385864
0.4454588294029236,1.2418220043182373,0.3499855697154999
0.44213026762008667,1.02152681350708,0.34998413920402527
0.4254807233810425,0.9240922331809998,0.3499827980995178
0.46205419301986694,1.117311954498291,0.349981427192688
0.44417625665664673,1.1185979843139648,0.3499799966812134
0.46244674921035767,1.2013359069824219,0.34997838735580444
0.47920775413513184,0.9834200739860535,0.3499765992164612
0.4332544505596161,1.0259181261062622,0.3499751091003418
0.4645769000053406,1.1095640659332275,0.3499736487865448
0.45980459451675415,0.819131076335907,0.34997203946113586
0.44090011715888977,1.3545022010803223,0.34997057914733887
0.5023735165596008,1.4600826501846313,0.3499690592288971
0.40999671816825867,1.014890432357788,0.3499673902988434
0.4550406038761139,1.0029112100601196,0.349965900182724
0.4743938446044922,0.974175751209259,0.34996435046195984
0.47410255670547485,0.981001615524292,0.3499628007411957
0.4307851195335388,1.33816659450531,0.34996137022972107
0.40138179063796997,0.8388580679893494,0.3499598801136017
0.47069254517555237,1.0768316984176636,0.34995850920677185
0.42710554599761963,0.7963812947273254,0.3499571681022644
0.4184320867061615,1.043373703956604,0.34995564818382263
0.39550644159317017,1.113857388496399,0.3499540686607361
0.3718397319316864,0.9715246558189392,0.3499526083469391
0.44775068759918213,0.9510447382926941,0.34995099902153015
0.41156134009361267,1.0682637691497803,0.3499494194984436
0.405343234539032,1.3715482950210571,0.3499480187892914
0.41271331906318665,1.2217947244644165,0.3499465584754944
0.43770429491996765,1.0541826486587524,0.349945068359375
0.4787577986717224,1.1461527347564697,0.34994348883628845
0.5016463994979858,1.0679333209991455,0.3499419391155243
0.42899125814437866,0.9826051592826843,0.3499402403831482
0.40745002031326294,0.8719411492347717,0.34993869066238403
0.47116973996162415,1.0956506729125977,0.34993720054626465
0.4770101010799408,1.0738238096237183,0.3499356210231781
0.45640048384666443,0.7985945343971252,0.3499339818954468
0.42636996507644653,1.0215020179748535,0.3499325215816498
0.4502948224544525,0.9362349510192871,0.34993094205856323
0.3844410181045532,1.060965895652771,0.3499293625354767
0.3892674446105957,1.1027129888534546,0.3499276638031006
0.4420310854911804,1.061599850654602,0.34992584586143494
0.4351179301738739,1.0070018768310547,0.3499242067337036
0.43358999490737915,1.0446103811264038,0.3499228060245514
0.45696738362312317,1.1988863945007324,0.34992146492004395
0.4593929946422577,1.00040864944458,0.3499198257923126
0.39825376868247986,0.9282109141349792,0.3499182164669037
0.4200981855392456,1.1327879428863525,0.3499164879322052
0.42905279994010925,1.101626992225647,0.3499147295951843
0.4536168575286865,1.1488226652145386,0.3499128520488739
0.38066366314888,0.9611575603485107,0.34991127252578735
0.38708144426345825,1.1313767433166504,0.3499099314212799
0.44654151797294617,1.0747478008270264,0.3499085605144501
0.46053266525268555,1.364189863204956,0.34990713000297546
0.4305180311203003,1.1433979272842407,0.3499053418636322
0.41505834460258484,1.0627573728561401,0.34990352392196655
0.3755088448524475,0.9331932663917542,0.3499017655849457
0.442015677690506,1.092791199684143,0.34990018606185913
0.4898119866847992,0.9937219023704529,0.34989872574806213
0.4183025360107422,0.9607079029083252,0.34989747405052185
0.47199660539627075,1.338735818862915,0.3498961329460144
0.4407615661621094,1.2852681875228882,0.349894642829895
0.4633735418319702,0.9983080625534058,0.3498930335044861
0.3809475600719452,0.9755492210388184,0.34989145398139954
0.4288109242916107,1.0580118894577026,0.3498898446559906
0.4089263677597046,0.935875654220581,0.34988829493522644
0.4581562578678131,1.3040006160736084,0.34988683462142944
0.4436038136482239,1.1383681297302246,0.349885493516922
0.442778080701828,0.9755696058273315,0.3498842120170593
0.45811644196510315,1.1071828603744507,0.3498828113079071
0.4133976697921753,0.8028753399848938,0.34988129138946533
0.478138267993927,0.9856368899345398,0.34987974166870117
0.4764934182167053,0.7561953067779541,0.3498780429363251
0.4592192471027374,1.2003170251846313,0.34987640380859375
0.4480226933956146,1.1410585641860962,0.3498747944831848
0.3995678722858429,0.8926377296447754,0.3498733341693878
0.41203543543815613,1.1735731363296509,0.3498718738555908
0.44233381748199463,1.1897118091583252,0.3498704731464386
0.38797008991241455,0.7960996627807617,0.3498690128326416
0.40437063574790955,0.8860881328582764,0.3498675525188446
0.49756503105163574,1.3283886909484863,0.3498660624027252
0.4250485897064209,1.0531755685806274,0.34986451268196106
0.4396529197692871,0.9621529579162598,0.3498629033565521
0.45563820004463196,1.219506025314331,0.3498613238334656
0.4282936751842499,1.0189231634140015,0.3498597741127014
0.42437490820884705,0.9300664067268372,0.3498583137989044
0.4319695234298706,1.0134119987487793,0.3498568534851074
0.42737218737602234,0.884438157081604,0.34985536336898804
0.42757660150527954,1.162811040878296,0.34985384345054626
0.3954586684703827,0.8858203887939453,0.34985214471817017
0.3988868296146393,0.9125688076019287,0.3498503267765045
0.4369625747203827,1.1439225673675537,0.3498486280441284
0.44780176877975464,1.0667656660079956,0.3498472273349762
0.5139100551605225,1.0098778009414673,0.3498460054397583
0.426992267370224,1.1872005462646484,0.34984463453292847
0.47373151779174805,0.9847611784934998,0.3498430848121643
0.4180672764778137,1.123569130897522,0.3498413860797882
0.4167783260345459,1.0733129978179932,0.34983956813812256
0.417142391204834,1.0105630159378052,0.34983786940574646
0.4099428355693817,1.0218487977981567,0.34983643889427185
0.4110185503959656,1.005845546722412,0.349835067987442
0.4519868791103363,1.187497615814209,0.3498338758945465
0.41623741388320923,1.0059175491333008,0.3498326539993286
0.4027606248855591,1.370001196861267,0.34983134269714355
0.4598122239112854,1.3095967769622803,0.3498297333717346
0.44187742471694946,0.9884396195411682,0.34982791543006897
0.4768611788749695,1.2292426824569702,0.3498263359069824
0.4813101887702942,1.080486536026001,0.3498246669769287
0.435627818107605,1.0638965368270874,0.3498232662677765
0.445986807346344,1.0233086347579956,0.34982195496559143
0.42954763770103455,1.3091983795166016,0.34982064366340637
0.492281436920166,1.259384036064148,0.34981927275657654
0.41625159978866577,1.002028465270996,0.3498176038265228
0.42302560806274414,1.1022391319274902,0.34981581568717957
0.46902212500572205,1.1878865957260132,0.3498139977455139
0.43886274099349976,1.1417362689971924,0.34981241822242737
0.48912516236305237,0.825272262096405,0.3498108386993408
0.41106486320495605,1.1331136226654053,0.3498094975948334
0.40812185406684875,1.0966944694519043,0.3498081862926483
0.40689659118652344,1.3766825199127197,0.3498067855834961
0.45003828406333923,0.7581175565719604,0.34980520606040955
0.41259559988975525,1.0008512735366821,0.3498034179210663
0.425958514213562,1.135157823562622,0.3498016595840454
0.42069754004478455,0.9000265002250671,0.3498000502586365
0.44597235321998596,0.9838839769363403,0.3497987985610962
0.45026740431785583,0.8863486647605896,0.3497975766658783
0.3834579885005951,0.899631142616272,0.34979626536369324
0.42688170075416565,0.910811185836792,0.34979501366615295
0.40869420766830444,1.1724932193756104,0.3497934341430664
0.4448963701725006,0.9032306671142578,0.34979167580604553
0.49367988109588623,1.1999213695526123,0.34978994727134705
0.3993402123451233,1.1530141830444336,0.34978824853897095
0.43423861265182495,1.1201896667480469,0.3497867286205292
0.3827078938484192,1.0028067827224731,0.34978535771369934
0.4723900556564331,1.005539894104004,0.349784255027771
0.3909548819065094,1.013746738433838,0.3497830331325531
0.4735914468765259,1.0588115453720093,0.3497816324234009
0.4218435287475586,1.0858677625656128,0.3497798442840576
0.41298025846481323,1.0728428363800049,0.34977805614471436
0.4065915644168854,1.302150845527649,0.3497762382030487
0.48372283577919006,1.0632811784744263,0.34977468848228455
0.39503395557403564,1.1677542924880981,0.34977325797080994
0.46097055077552795,1.0272523164749146,0.34977200627326965
0.41726019978523254,0.9034150838851929,0.34977078437805176
0.44983649253845215,1.6010886430740356,0.3497695326805115
0.44038307666778564,1.3098002672195435,0.3497679531574249
0.4156220257282257,0.8863628506660461,0.3497661054134369
0.4554758071899414,1.1909513473510742,0.34976425766944885
0.4531726837158203,1.1096371412277222,0.34976258873939514
0.43319225311279297,1.2953466176986694,0.3497609794139862
0.46223318576812744,1.4262466430664062,0.349759578704834
0.45926451683044434,1.2569557428359985,0.3497583568096161
0.45968732237815857,1.0252792835235596,0.34975695610046387
0.4483039677143097,0.9926609992980957,0.3497554063796997
0.4213731288909912,0.9772663116455078,0.349753737449646
0.45731765031814575,0.9805068373680115,0.34975194931030273
0.43150222301483154,1.0643333196640015,0.34975022077560425
0.414853036403656,1.3231089115142822,0.3497486412525177
0.42378565669059753,0.9563500881195068,0.34974732995033264
0.4077170193195343,0.9907432794570923,0.3497461974620819
0.40637877583503723,0.9081598520278931,0.3497448265552521
0.40372154116630554,1.084983468055725,0.349743515253067
0.41327154636383057,1.065935492515564,0.34974193572998047
0.4574602544307709,1.0559316873550415,0.34974026679992676
0.43620240688323975,1.1130069494247437,0.3497387766838074
0.45935142040252686,1.10956609249115,0.3497372567653656
0.4051555097103119,0.9156491160392761,0.3497358560562134
0.53294438123703,1.0331403017044067,0.34973445534706116
0.4168705642223358,1.0926246643066406,0.34973305463790894
0.4311319589614868,1.0521794557571411,0.34973153471946716
0.4807913899421692,1.0867048501968384,0.34972989559173584
0.42531925439834595,1.0896797180175781,0.3497282564640045
0.46019476652145386,1.0938050746917725,0.34972667694091797
0.4225063920021057,0.9500703811645508,0.34972530603408813
0.38427677750587463,1.0068182945251465,0.34972384572029114
0.40906471014022827,1.0968806743621826,0.34972241520881653
0.45322874188423157,1.1385163068771362,0.34972086548805237
0.4752752184867859,1.0735127925872803,0.34971946477890015
0.44636282324790955,1.389886736869812,0.3497178852558136
0.4205726385116577,0.8783613443374634,0.34971627593040466
0.42094725370407104,1.006727933883667,0.34971463680267334
0.41872358322143555,0.8313959240913391,0.3497130870819092
0.42772239446640015,0.8217337131500244,0.34971165657043457
0.4701407551765442,1.838914155960083,0.3497103750705719
0.405894011259079,0.9829794764518738,0.3497087359428406
0.45350536704063416,0.9467552900314331,0.3497070372104645
0.4893205165863037,1.0550822019577026,0.34970542788505554
0.4538802206516266,0.8422226309776306,0.34970390796661377
0.4197036325931549,1.0396631956100464,0.3497026264667511
0.46404051780700684,0.8765380382537842,0.3497014343738556
0.48109304904937744,1.3623199462890625,0.3497001528739929
0.44139277935028076,1.3067667484283447,0.34969863295555115
0.43108558654785156,1.1982643604278564,0.3496970534324646
0.39026349782943726,0.9087937474250793,0.3496953547000885
0.5115888714790344,1.0988802909851074,0.34969377517700195
0.43859684467315674,0.8738818168640137,0.3496924042701721
0.45704221725463867,1.24553382396698,0.3496911823749542
0.47812557220458984,0.9462708830833435,0.3496897518634796
0.4922567903995514,0.9987875819206238,0.34968841075897217
0.42443910241127014,1.250262975692749,0.3496868312358856
0.4695955514907837,1.1783212423324585,0.3496851325035095
0.42735525965690613,0.971610963344574,0.3496834933757782
0.4352831244468689,1.0871083736419678,0.34968191385269165
0.4408815801143646,1.145226001739502,0.34968051314353943
0.4213288426399231,0.9036970138549805,0.3496790826320648
0.4658518135547638,1.1876556873321533,0.34967759251594543
0.4098685085773468,1.0511815547943115,0.34967607259750366
0.405788779258728,1.0836138725280762,0.3496745824813843
0.41802138090133667,1.351898431777954,0.34967300295829773
0.42066848278045654,1.072672724723816,0.34967130422592163
0.45751631259918213,1.0618647336959839,0.34966978430747986
0.46994414925575256,0.9943467974662781,0.34966841340065
0.4300692677497864,1.0567326545715332,0.3496670722961426
0.48725101351737976,0.8003293871879578,0.34966540336608887
0.360432505607605,0.9945520162582397,0.3496638238430023
0.4299308955669403,0.9693139791488647,0.3496622145175934
0.42805370688438416,1.0254896879196167,0.3496604859828949
0.38570964336395264,1.1794483661651611,0.3496587574481964
0.4481121003627777,1.238528847694397,0.3496571183204651
0.36714813113212585,0.8648924231529236,0.3496556282043457
0.4521649181842804,0.9669280648231506,0.34965428709983826
0.45420369505882263,1.1094272136688232,0.3496529459953308
0.5006019473075867,1.011343240737915,0.34965136647224426
0.43298599123954773,1.0201109647750854,0.34964969754219055
0.4350842237472534,0.9007550477981567,0.34964802861213684
0.43944889307022095,0.9765899777412415,0.3496462106704712
0.4294574558734894,1.064670205116272,0.3496445119380951
0.4728577733039856,0.9101508259773254,0.3496430814266205
0.43887314200401306,1.2868598699569702,0.34964191913604736
0.46093907952308655,1.052929401397705,0.3496405780315399
0.4038796126842499,1.0451102256774902,0.34963932633399963
0.4545656144618988,1.1437573432922363,0.3496379256248474
0.475914865732193,1.047918438911438,0.34963640570640564
0.42966800928115845,0.9144120216369629,0.3496348559856415
0.4224211871623993,0.9717085361480713,0.3496333956718445
0.3857964277267456,0.8760835528373718,0.34963172674179077
0.41203150153160095,0.9240866899490356,0.3496302664279938
0.5118787884712219,1.3498066663742065,0.3496289551258087
0.473233699798584,1.0393909215927124,0.34962761402130127
0.4903695583343506,1.216353178024292,0.3496260941028595
0.41955652832984924,1.0547418594360352,0.34962451457977295
0.43664541840553284,1.0036382675170898,0.3496229648590088
0.42687341570854187,1.0374747514724731,0.349621444940567
0.4327833354473114,1.0328532457351685,0.34961998462677
0.45076289772987366,1.151584267616272,0.3496188223361969
0.4597597122192383,0.8883833885192871,0.3496173620223999
0.4517192840576172,1.0038799047470093,0.34961599111557007
0.5215473175048828,1.440914273262024,0.3496144115924835
0.40948793292045593,1.0938739776611328,0.3496127426624298
0.43706607818603516,1.0182045698165894,0.34961119294166565
0.3893085718154907,1.1064484119415283,0.34960973262786865
0.46754443645477295,0.9182007908821106,0.34960824251174927
0.4624379575252533,1.024613380432129,0.34960684180259705
0.41447484493255615,1.1154181957244873,0.34960559010505676
0.456382691860199,0.886510968208313,0.34960415959358215
0.43275412917137146,0.9608745574951172,0.3496027886867523
0.40024977922439575,1.0839898586273193,0.34960123896598816
0.4547634422779083,1.0652649402618408,0.34959954023361206
0.41472434997558594,1.033856749534607,0.34959784150123596
0.44606488943099976,1.0720970630645752,0.3495962619781494
0.43253451585769653,0.805233895778656,0.34959477186203003
0.4094909429550171,1.0395561456680298,0.3495933413505554
0.4617226719856262,1.1932036876678467,0.3495919704437256
0.4009181261062622,1.1441723108291626,0.3495904505252838
0.474494606256485,0.9382014274597168,0.3495887219905853
0.35538527369499207,1.0081684589385986,0.34958702325820923
0.4726148843765259,1.2494357824325562,0.34958547353744507
0.4210854172706604,1.0469874143600464,0.3495839238166809
0.4029397964477539,1.356338620185852,0.3495824635028839
0.48835211992263794,0.9398401975631714,0.3495810329914093
0.3825763761997223,1.0457260608673096,0.3495796322822571
0.48279768228530884,1.087249994277954,0.34957805275917053
0.44917699694633484,1.0261718034744263,0.3495764136314392
0.43504539132118225,1.0179407596588135,0.3495749533176422
0.45779356360435486,0.9811198115348816,0.3495734930038452
0.4503838121891022,0.8656797409057617,0.34957200288772583
0.41458189487457275,0.7752503156661987,0.34957048296928406
0.4409031271934509,1.3005868196487427,0.34956902265548706
0.4623565077781677,1.0585355758666992,0.3495675027370453
0.46449896693229675,1.0932495594024658,0.34956586360931396
0.45948275923728943,1.0291123390197754,0.3495641350746155
0.43061622977256775,1.0059161186218262,0.349562406539917
0.41658222675323486,0.8458595871925354,0.34956106543540955
0.4418037235736847,1.0312182903289795,0.34955960512161255
0.4423811137676239,0.964828610420227,0.34955814480781555
0.4581514596939087,1.0466278791427612,0.3495565354824066
0.3910634517669678,0.9762630462646484,0.3495548367500305
0.4412154257297516,1.0900673866271973,0.3495531678199768
0.45541343092918396,0.8458957672119141,0.3495517075061798
0.45537734031677246,1.0564104318618774,0.3495502471923828
0.40596306324005127,1.0690513849258423,0.3495488166809082
0.4393980801105499,1.064225196838379,0.3495471179485321
0.36499708890914917,0.8192718029022217,0.34954550862312317
0.44135794043540955,1.1018399000167847,0.34954383969306946
0.49565649032592773,0.9865068793296814,0.34954217076301575
0.455687016248703,1.1017286777496338,0.34954047203063965
0.4659346640110016,0.9844954609870911,0.34953904151916504
0.4006781578063965,1.143579125404358,0.34953758120536804
0.4348713159561157,1.2105001211166382,0.3495359718799591
0.44587236642837524,0.9427343606948853,0.3495342433452606
0.49080589413642883,1.0629239082336426,0.34953248500823975
0.5148520469665527,1.0898445844650269,0.34953081607818604
0.42067447304725647,1.0246831178665161,0.3495292663574219
0.46336615085601807,1.12051522731781,0.3495277166366577
0.4314784109592438,0.9951061010360718,0.34952622652053833
0.4385492503643036,1.1210287809371948,0.34952467679977417
0.4540119767189026,0.8095986843109131,0.3495231866836548
0.4364759624004364,1.0917376279830933,0.34952154755592346
0.4579262137413025,0.9847268462181091,0.34951987862586975
0.4289212226867676,0.9209056496620178,0.3495182991027832
0.4097328186035156,1.112339735031128,0.34951668977737427
0.42766058444976807,0.9806340932846069,0.3495149314403534
0.40974029898643494,1.3880306482315063,0.34951329231262207
0.4093087911605835,0.8929348587989807,0.3495118319988251
0.5137248635292053,0.922065258026123,0.34951022267341614
0.46614477038383484,0.875527560710907,0.34950870275497437
0.436278373003006,1.003258466720581,0.3495071232318878
0.43160346150398254,1.0811867713928223,0.3495055139064789
0.3594660758972168,0.9458152651786804,0.3495039939880371
0.4421316087245941,0.9337981939315796,0.34950241446495056
0.4776347279548645,1.0742779970169067,0.3495011329650879
0.4416249096393585,1.002827525138855,0.3494998812675476
0.4181347191333771,1.1558359861373901,0.3494983911514282
0.39904582500457764,1.1055084466934204,0.3494967520236969
0.3955542743206024,0.9370144009590149,0.3494950532913208
0.467312216758728,1.2694193124771118,0.34949344396591187
0.5095296502113342,0.9245530962944031,0.3494918942451477
0.41666632890701294,0.9888588190078735,0.34949052333831787
0.43224743008613586,1.4051188230514526,0.3494893014431
0.4712180197238922,0.7854518294334412,0.34948796033859253
0.4120365381240845,0.9648665189743042,0.34948650002479553
0.43617087602615356,1.081170678138733,0.3494851589202881
0.4811870753765106,0.8515430092811584,0.3494837284088135
0.4660913050174713,1.1951897144317627,0.34948238730430603
0.45709478855133057,0.8945755362510681,0.34948089718818665
0.41660207509994507,1.0094443559646606,0.34947943687438965
0.4635479152202606,1.0225335359573364,0.3494778573513031
0.41169509291648865,1.0163969993591309,0.3494763970375061
0.4518733024597168,1.034443736076355,0.34947487711906433
0.42478322982788086,0.9181491732597351,0.3494735062122345
0.4221664369106293,0.8435904383659363,0.34947195649147034
0.4146990180015564,1.2262521982192993,0.3494703769683838
0.40466636419296265,0.8351974487304688,0.349468857049942
0.45573970675468445,0.9231444001197815,0.349467396736145
0.45132312178611755,0.8493861556053162,0.349465936422348
0.4353135824203491,1.1267963647842407,0.34946441650390625
0.4058598279953003,0.8178744316101074,0.3494628369808197
0.38503801822662354,0.9793961048126221,0.349461168050766
0.3642192780971527,1.067495584487915,0.3494594693183899
0.42405760288238525,1.0631951093673706,0.34945768117904663
0.4101719856262207,0.9483128190040588,0.34945595264434814
0.4707265794277191,1.0702311992645264,0.34945428371429443
0.46368375420570374,0.9093465209007263,0.3494527041912079
0.4250383675098419,0.824262261390686,0.3494511842727661
0.4068334996700287,0.9559627771377563,0.34944969415664673
0.4482034146785736,1.0181785821914673,0.34944820404052734
0.44026029109954834,1.0778002738952637,0.34944653511047363
0.43697357177734375,0.8525488376617432,0.3494446277618408
0.42724350094795227,0.9634760618209839,0.3494429588317871
0.4201112687587738,0.8597056865692139,0.34944137930870056
0.4366605281829834,0.8355762958526611,0.34943971037864685
0.4578056335449219,0.962009847164154,0.34943825006484985
0.44895368814468384,1.1034952402114868,0.3494366705417633
0.46468451619148254,1.087751030921936,0.34943491220474243
0.385580450296402,0.9876188039779663,0.3494330644607544
0.4555296301841736,1.1844289302825928,0.34943121671676636
0.4472135901451111,1.0852482318878174,0.34942957758903503
0.45285189151763916,0.8823009133338928,0.34942826628685
0.4510084092617035,1.0457926988601685,0.3494269549846649
0.48174184560775757,1.1811625957489014,0.3494255542755127
0.434684157371521,0.8045102953910828,0.3494240343570709
0.48932111263275146,0.9357683658599854,0.3494223952293396
0.44192245602607727,0.9808641076087952,0.3494206368923187
0.4304008483886719,1.193234920501709,0.3494188189506531
0.46075114607810974,1.3049712181091309,0.349417120218277
0.4986650049686432,1.0534337759017944,0.34941554069519043
0.43923676013946533,0.7695575952529907,0.34941408038139343
0.48039108514785767,0.8907669186592102,0.349412739276886
0.4138042628765106,1.2118686437606812,0.34941133856773376
0.42791101336479187,1.0555859804153442,0.349409818649292
0.4301120340824127,1.011764407157898,0.34940803050994873
0.4094099998474121,1.3417649269104004,0.3494061827659607
0.47486647963523865,0.9174542427062988,0.34940436482429504
0.46104028820991516,1.2504552602767944,0.3494027853012085
0.3765716552734375,1.0295883417129517,0.34940147399902344
0.3685592710971832,1.0612785816192627,0.34940028190612793
0.39617055654525757,1.133071780204773,0.34939897060394287
0.43365317583084106,1.0730234384536743,0.34939754009246826
0.48041126132011414,0.9709078669548035,0.3493959307670593
0.44597864151000977,0.8962393999099731,0.349394291639328
0.4578556716442108,1.1733942031860352,0.34939247369766235
0.391069620847702,1.2148350477218628,0.34939098358154297
0.4656548500061035,0.9635815024375916,0.34938979148864746
0.42646026611328125,1.2098777294158936,0.34938865900039673
0.4310586452484131,1.126782774925232,0.3493872880935669
0.44166824221611023,1.130277156829834,0.3493855893611908
0.4228351414203644,1.0327492952346802,0.34938374161720276
0.4230758845806122,0.9374102354049683,0.34938183426856995
0.4162919819355011,1.120613694190979,0.349380224943161
0.414336621761322,0.9846844673156738,0.3493787348270416
0.409835547208786,0.9674498438835144,0.3493773937225342
0.4896220266819,1.0140175819396973,0.34937599301338196
0.4020218551158905,0.8027733564376831,0.3493746519088745
0.36682257056236267,1.1036566495895386,0.3493732511997223
0.3690569996833801,1.0377603769302368,0.34937167167663574
0.4460206627845764,1.0127261877059937,0.3493701219558716
0.39307257533073425,1.1290626525878906,0.34936848282814026
0.4266604483127594,1.0198476314544678,0.3493669033050537
0.450820654630661,1.0874797105789185,0.3493654131889343
0.4422910511493683,1.0336613655090332,0.3493638336658478
0.4050385057926178,1.04433012008667,0.349362313747406
0.49089398980140686,0.9102484583854675,0.349360853433609
0.4066435992717743,0.872374415397644,0.3493593633174896
0.44742056727409363,0.9078530073165894,0.3493579030036926
0.5030826926231384,0.9987391233444214,0.3493562340736389
0.4160786271095276,1.1255074739456177,0.34935462474823
0.45192161202430725,0.8963878750801086,0.34935298562049866
0.46664145588874817,1.187916874885559,0.3493513762950897
0.4221350848674774,0.802367091178894,0.34934961795806885
0.434944748878479,0.7763755321502686,0.3493480980396271
0.4117322862148285,1.0986226797103882,0.34934669733047485
0.3946578800678253,1.1958916187286377,0.3493453562259674
0.38338202238082886,0.8686245083808899,0.3493438959121704
0.5312232971191406,0.8423108458518982,0.34934231638908386
0.4688883125782013,0.9950160980224609,0.3493408262729645
0.384674608707428,0.9251346588134766,0.34933915734291077
0.46687304973602295,0.9332625269889832,0.34933754801750183
0.4417204260826111,0.9394761323928833,0.34933599829673767
0.4572311341762543,0.8087477087974548,0.3493344783782959
0.4428377151489258,0.934857964515686,0.34933310747146606
0.4275497794151306,1.0512211322784424,0.3493318259716034
0.4623613655567169,1.1441707611083984,0.34933051466941833
0.3894959092140198,1.014707088470459,0.3493289053440094
0.43012896180152893,0.9888516068458557,0.3493271470069885
0.4525354206562042,0.9943792223930359,0.34932535886764526
0.480549693107605,0.8494892120361328,0.3493238687515259
0.44916975498199463,0.8192142248153687,0.3493223488330841
0.43376365303993225,0.9351270794868469,0.3493209481239319
0.42331647872924805,1.0186861753463745,0.3493194878101349
0.4594699442386627,1.0939559936523438,0.34931790828704834
0.4084376394748688,0.7350562810897827,0.34931638836860657
0.40097367763519287,0.9230160713195801,0.3493148386478424
0.43871772289276123,1.0226637125015259,0.34931325912475586
0.45666444301605225,1.110202670097351,0.34931156039237976
0.4045884907245636,1.0121421813964844,0.3493100106716156
0.47311103343963623,0.8530179262161255,0.3493085503578186
0.4740428030490875,0.9703025817871094,0.3493071496486664
0.3955128490924835,0.8565208315849304,0.34930580854415894
0.4468543529510498,1.1239458322525024,0.3493044376373291
0.4940544664859772,1.2850099802017212,0.34930288791656494
0.4279954433441162,0.9321421384811401,0.34930121898651123
0.46604102849960327,0.7791439890861511,0.34929946064949036
0.39955100417137146,0.6780015230178833,0.34929776191711426
0.409620463848114,1.2203978300094604,0.3492961525917053
0.44421660900115967,0.9330110549926758,0.34929484128952026
0.43682172894477844,1.1098859310150146,0.3492935597896576
0.4227885603904724,1.1606714725494385,0.3492922782897949
0.4660109579563141,0.959857165813446,0.3492908179759979
0.399368017911911,1.1055113077163696,0.34928905963897705
0.44922178983688354,0.860339343547821,0.349287211894989
0.4935217797756195,1.02913498878479,0.3492856025695801
0.4209947884082794,0.9561108350753784,0.3492840826511383
0.4690868556499481,1.0128002166748047,0.34928274154663086
0.461372971534729,0.9515088200569153,0.3492814898490906
0.46570441126823425,1.0161195993423462,0.34928011894226074
0.4569382071495056,1.1124993562698364,0.34927868843078613
0.4476526081562042,0.8198530077934265,0.34927698969841003
0.42042043805122375,0.8468101620674133,0.3492751121520996
0.4217645823955536,1.0603340864181519,0.3492733836174011
0.43680959939956665,1.2976802587509155,0.3492717444896698
0.4240496754646301,1.033651351928711,0.3492705523967743
0.4283601641654968,1.023524284362793,0.34926944971084595
0.452260285615921,0.9046924710273743,0.34926825761795044
0.46538665890693665,1.4846150875091553,0.3492668867111206
0.4519707262516022,0.898705005645752,0.3492652177810669
0.43802350759506226,1.1411305665969849,0.34926342964172363
0.4882841408252716,1.0607365369796753,0.34926173090934753
0.42175769805908203,0.8080511093139648,0.349260151386261
0.38710683584213257,1.0758644342422485,0.349258691072464
0.41918882727622986,0.8287748694419861,0.3492574691772461
0.41165024042129517,0.8048374056816101,0.34925612807273865
0.4180755615234375,1.06080162525177,0.3492547869682312
0.41512373089790344,0.8864144086837769,0.34925326704978943
0.433032751083374,0.8601416349411011,0.34925171732902527
0.3782340884208679,1.1682322025299072,0.34925004839897156
0.4183046519756317,1.2567325830459595,0.3492484986782074
0.44068118929862976,1.005076289176941,0.34924691915512085
0.3889971375465393,0.9278665781021118,0.3492455780506134
0.44658583402633667,0.9853002429008484,0.3492443263530731
0.4424092769622803,1.030931830406189,0.34924307465553284
0.3710399568080902,1.1921051740646362,0.3492416441440582
0.46212485432624817,1.032556414604187,0.3492400646209717
0.44383227825164795,1.0635374784469604,0.34923839569091797
0.40139105916023254,1.0032397508621216,0.3492366075515747
0.43777403235435486,1.2004235982894897,0.34923499822616577
0.4092491865158081,0.7870849370956421,0.3492336571216583
0.43357542157173157,1.1533621549606323,0.3492322266101837
0.4140808880329132,1.061672329902649,0.3492308259010315
0.429026335477829,0.9482747912406921,0.3492291569709778
0.4327760934829712,0.9625710248947144,0.3492274880409241
0.5128986835479736,1.0120477676391602,0.3492259383201599
0.4424726068973541,0.892733633518219,0.3492244482040405
0.4223417639732361,1.006436824798584,0.3492230772972107
0.38053014874458313,0.9689734578132629,0.3492216467857361
0.39254432916641235,0.941929280757904,0.3492201566696167
0.4306091070175171,1.2664927244186401,0.3492186963558197
0.4281651973724365,0.9838533401489258,0.3492170572280884
0.3695724308490753,0.9839907288551331,0.34921547770500183
0.4240666925907135,0.9722008109092712,0.3492138981819153
0.462819904088974,0.883818507194519,0.3492123484611511
0.3988489508628845,0.9622189998626709,0.3492108881473541
0.4658263325691223,1.018322229385376,0.34920933842658997
0.44500109553337097,1.1184067726135254,0.3492078483104706
0.4391031861305237,0.8577796220779419,0.3492062985897064
0.44503647089004517,1.1352379322052002,0.3492045998573303
0.4271293878555298,0.8728016018867493,0.34920310974121094
0.444874107837677,0.8277974128723145,0.34920158982276917
0.4050045609474182,1.2450343370437622,0.3492000997066498
0.4016452729701996,1.0080347061157227,0.34919866919517517
0.44168174266815186,1.0117076635360718,0.3491971790790558
0.4300311207771301,1.0909881591796875,0.3491956293582916
0.4101032614707947,0.8134722113609314,0.34919407963752747
0.46183302998542786,0.9686368703842163,0.3491925597190857
0.45222732424736023,1.1360366344451904,0.34919098019599915
0.3596593737602234,1.0359959602355957,0.3491891920566559
0.4495243728160858,1.0432711839675903,0.34918755292892456
0.45423874258995056,1.0238652229309082,0.34918588399887085
0.46506547927856445,1.074505090713501,0.34918439388275146
0.417231023311615,0.871283769607544,0.3491828441619873
0.36883535981178284,1.0671876668930054,0.3491813540458679
0.45230066776275635,1.11234712600708,0.3491797149181366
0.46275991201400757,1.1275228261947632,0.3491780757904053
0.4536184072494507,0.9767120480537415,0.34917643666267395
0.4461573362350464,1.1599757671356201,0.3491748869419098
0.45117467641830444,1.0556552410125732,0.34917348623275757
0.38983801007270813,0.9522214531898499,0.34917208552360535
0.4687255620956421,1.0004668235778809,0.34917059540748596
0.43018972873687744,0.874878466129303,0.34916916489601135
0.353177934885025,1.127814531326294,0.34916770458221436
0.4330645203590393,0.9620704650878906,0.34916606545448303
0.4206474721431732,1.0879974365234375,0.3491644263267517
0.38632696866989136,0.9706747531890869,0.3491629958152771
0.5282832384109497,1.000198483467102,0.3491617441177368
0.4733702838420868,0.8780085444450378,0.34916049242019653
0.47234290838241577,0.8964053988456726,0.3491593599319458
0.43202733993530273,1.0556085109710693,0.34915798902511597
0.42020124197006226,0.9151730537414551,0.34915634989738464
0.4347947835922241,0.989050567150116,0.34915468096733093
0.47627076506614685,0.9815313816070557,0.3491530418395996
0.4959345757961273,1.1494324207305908,0.3491514325141907
0.42013344168663025,0.9393397569656372,0.34915003180503845
0.45645907521247864,0.8714988827705383,0.3491487205028534
0.4472619593143463,0.9412375092506409,0.3491474986076355
0.43766340613365173,1.1184041500091553,0.34914612770080566
0.4496479630470276,1.1495903730392456,0.3491445481777191
0.4042103588581085,0.9964019656181335,0.34914276003837585
0.4373525083065033,0.9142143726348877,0.34914109110832214
0.47942739725112915,1.1277801990509033,0.349139541387558
0.37105071544647217,1.0215175151824951,0.34913814067840576
0.4602474868297577,1.0110299587249756,0.34913668036460876
0.41831865906715393,1.121540904045105,0.349135160446167
0.4131626486778259,1.0081020593643188,0.34913370013237
0.4166935980319977,0.9228638410568237,0.34913209080696106
0.3881724774837494,1.0731620788574219,0.3491302728652954
0.4468090832233429,0.9093421101570129,0.3491283655166626
0.3733861446380615,1.1469862461090088,0.34912651777267456
0.37401556968688965,1.0487512350082397,0.349124938249588
0.46217185258865356,0.9451603293418884,0.3491235375404358
0.46010684967041016,1.1575433015823364,0.34912222623825073
0.4733438789844513,1.1438603401184082,0.34912052750587463
0.40530067682266235,0.7270297408103943,0.3491188883781433
0.40589240193367004,0.9732399582862854,0.349117249250412
0.4704895615577698,1.0905475616455078,0.3491155803203583
0.42954498529434204,1.2823436260223389,0.34911423921585083
0.47088146209716797,0.9788184762001038,0.3491128981113434
0.44925960898399353,1.1381332874298096,0.3491116464138031
0.41216155886650085,1.1657216548919678,0.3491103947162628
0.4496311545372009,1.142021894454956,0.34910887479782104
0.47778305411338806,0.9408079385757446,0.34910717606544495
0.47589513659477234,1.0032777786254883,0.3491053581237793
0.4302312135696411,1.0987522602081299,0.3491036891937256
0.3929120600223541,1.1503527164459229,0.349102258682251
0.40008512139320374,1.2279551029205322,0.3491010367870331
0.5019301176071167,0.9633721709251404,0.34909987449645996
0.41745710372924805,0.9697508811950684,0.34909844398498535
0.41695287823677063,1.0285347700119019,0.34909695386886597
0.4277634620666504,0.9876196384429932,0.34909531474113464
0.4194980561733246,0.9183571338653564,0.34909340739250183
0.4690452814102173,1.2008408308029175,0.3490918278694153
0.46957144141197205,0.9205530881881714,0.3490903675556183
0.43528270721435547,0.9936999678611755,0.3490890860557556
0.3951195776462555,1.0611432790756226,0.34908777475357056
0.46557340025901794,0.9436066150665283,0.34908631443977356
0.3996810019016266,1.1232130527496338,0.3490847647190094
0.4245138168334961,0.977045476436615,0.3490831255912781
0.4291575253009796,0.857183575630188,0.3490813374519348
0.41553375124931335,1.0138459205627441,0.3490796685218811
0.47974616289138794,0.8369516730308533,0.3490782678127289
0.48066607117652893,0.982787013053894,0.3490771949291229
0.42257797718048096,1.1819627285003662,0.3490757942199707
0.4249575734138489,1.278201937675476,0.34907442331314087
0.4910052418708801,1.0283194780349731,0.34907275438308716
0.428036630153656,1.0713666677474976,0.3490712344646454
0.44812434911727905,1.176720142364502,0.34906962513923645
0.31395721435546875,0.9391356110572815,0.3490683436393738
0.4198547303676605,1.016327142715454,0.3490670919418335
0.49438074231147766,1.1008938550949097,0.349065899848938
0.46069109439849854,1.1412787437438965,0.3490646183490753
0.4596986174583435,1.6147112846374512,0.3490629494190216
0.479876309633255,0.9890587329864502,0.3490610718727112
0.4631422758102417,1.604516625404358,0.34905922412872314
0.4579046666622162,1.2893966436386108,0.349057674407959
0.4297424256801605,0.983255922794342,0.3490564525127411
0.4079551100730896,1.0554943084716797,0.3490552604198456
0.4296756982803345,0.90889972448349,0.349054217338562
0.41392913460731506,0.8973057270050049,0.34905296564102173
0.4575868844985962,1.3800344467163086,0.349051296710968
0.46409761905670166,0.8382359743118286,0.34904956817626953
0.453581839799881,1.0050164461135864,0.3490476608276367
0.4569705128669739,0.9060173034667969,0.3490460216999054
0.4096272587776184,0.8896960020065308,0.3490443527698517
0.42846956849098206,0.9950573444366455,0.34904295206069946
0.45846307277679443,0.9065350294113159,0.3490414321422577
0.44160932302474976,0.9890695214271545,0.34904009103775024
0.4836205244064331,1.083667516708374,0.34903863072395325
0.4730030596256256,1.1643564701080322,0.3490370213985443
0.4296810030937195,0.9842288494110107,0.3490351140499115
0.4274807572364807,1.0464632511138916,0.3490334153175354
0.4306037425994873,1.0545777082443237,0.3490316867828369
0.44257932901382446,0.8459891080856323,0.34903019666671753
0.39768898487091064,0.9720544219017029,0.3490288257598877
0.4585142135620117,1.0618516206741333,0.34902748465538025
0.41868215799331665,0.8075571656227112,0.3490261137485504
0.44592589139938354,1.3051254749298096,0.3490246832370758
0.42776891589164734,0.8502916097640991,0.3490230441093445
0.4460195004940033,1.0305198431015015,0.3490213453769684
0.4695286750793457,0.989149272441864,0.34901976585388184
0.4010832607746124,1.0402040481567383,0.349018394947052
0.33947715163230896,1.1073089838027954,0.34901708364486694
0.5165358781814575,1.160064935684204,0.3490157425403595
0.4719783663749695,0.8625977635383606,0.34901437163352966
0.4521068334579468,1.0996105670928955,0.34901294112205505
0.42053496837615967,0.8349804282188416,0.3490113615989685
0.4317585229873657,0.9852906465530396,0.34900975227355957
0.4344292879104614,0.7473538517951965,0.34900805354118347
0.4118550717830658,0.9555215835571289,0.34900641441345215
0.40695297718048096,1.357008695602417,0.34900495409965515
0.38826069235801697,1.1184922456741333,0.3490036129951477
0.43350160121917725,0.9600732922554016,0.3490023612976074
0.49587127566337585,1.0865267515182495,0.34900104999542236
0.4257296621799469,1.0581917762756348,0.34899958968162537
0.406684547662735,1.046550989151001,0.3489980697631836
0.427558571100235,1.1916066408157349,0.3489963412284851
0.40477120876312256,0.9128190875053406,0.348994642496109
0.4356989860534668,1.0719578266143799,0.3489931523799896
0.43060192465782166,0.7945131063461304,0.34899160265922546
0.47494983673095703,0.8807817697525024,0.348990261554718
0.42512816190719604,1.1931812763214111,0.3489888906478882
0.44886767864227295,1.0208475589752197,0.3489874601364136
0.43253543972969055,1.064205527305603,0.3489859402179718
0.3951689898967743,0.9522234797477722,0.3489844799041748
0.45425161719322205,0.95984947681427,0.34898293018341064
0.38187602162361145,0.8982821702957153,0.34898141026496887
0.4132377505302429,0.9440034627914429,0.3489798903465271
0.3764475882053375,0.9556562304496765,0.34897857904434204
0.36699026823043823,0.9392359256744385,0.3489770293235779
0.506814181804657,0.9124765992164612,0.34897565841674805
0.4107373058795929,1.064895749092102,0.3489741086959839
0.41623544692993164,0.8344181180000305,0.3489726185798645
0.454475462436676,1.0913342237472534,0.34897106885910034
0.410002738237381,0.7639294862747192,0.34896960854530334
0.44402724504470825,1.1720784902572632,0.3489682078361511
0.449989914894104,0.8862327933311462,0.3489667773246765
0.46562325954437256,0.9472953081130981,0.34896519780158997
0.41052091121673584,1.0198603868484497,0.34896349906921387
0.4131104052066803,1.1074752807617188,0.3489619195461273
0.47911322116851807,0.9220006465911865,0.34896042943000793
0.4440138638019562,0.8400428891181946,0.34895893931388855
0.42576223611831665,1.0164384841918945,0.3489576578140259
0.4384324550628662,1.0362447500228882,0.3489561975002289
0.44568610191345215,0.952549934387207,0.3489547371864319
0.4431280791759491,0.97952800989151,0.34895312786102295
0.4257088899612427,0.9198009371757507,0.348951518535614
0.4770060181617737,0.9518111944198608,0.3489498794078827
0.452286034822464,1.0506101846694946,0.34894850850105286
0.3964408338069916,0.8838359713554382,0.3489471673965454
0.44630011916160583,0.9865026473999023,0.3489459156990051
0.4130393862724304,0.8500999808311462,0.34894466400146484
0.45087844133377075,0.9582793712615967,0.34894314408302307
0.4351748526096344,0.8445616960525513,0.3489415645599365
0.4510765075683594,1.0509012937545776,0.3489399254322052
0.39519163966178894,0.9466264843940735,0.3489381968975067
0.368642121553421,0.8912501931190491,0.34893661737442017
0.4558890461921692,0.9867448806762695,0.34893521666526794
0.4469774663448334,0.9555529356002808,0.3489338159561157
0.42240312695503235,1.0614248514175415,0.3489324450492859
0.4321596324443817,0.9556481242179871,0.34893089532852173
0.4492189288139343,1.1067742109298706,0.34892940521240234
0.4049317538738251,0.9055376648902893,0.3489278554916382
0.4226779043674469,0.8402043581008911,0.34892627596855164
0.4159178137779236,0.9279115200042725,0.34892478585243225
0.3928896188735962,1.0084986686706543,0.3489231467247009
0.5116162896156311,1.2047137022018433,0.3489214777946472
0.45459163188934326,0.8567377924919128,0.34891989827156067
0.41749778389930725,0.8878980278968811,0.3489183783531189
0.4638829827308655,1.0255831480026245,0.3489169180393219
0.3950698673725128,1.0559810400009155,0.34891560673713684
0.4325939118862152,0.9954209923744202,0.34891414642333984
0.4360227584838867,1.0840787887573242,0.34891271591186523
0.37585964798927307,0.7698679566383362,0.3489111363887787
0.45481908321380615,0.8629845976829529,0.3489095866680145
0.45064878463745117,0.9511420726776123,0.34890806674957275
0.481049120426178,1.0942941904067993,0.34890636801719666
0.41619858145713806,1.1289600133895874,0.34890490770339966
0.41513311862945557,0.9902620911598206,0.34890347719192505
0.4422524869441986,0.964972972869873,0.34890222549438477
0.44656088948249817,0.9102832674980164,0.3489009439945221
0.46916884183883667,1.0288527011871338,0.34889957308769226
0.4980871081352234,0.9902403354644775,0.34889811277389526
0.4561506509780884,1.0707672834396362,0.3488965630531311
0.4383088946342468,0.9208701252937317,0.3488951623439789
0.4398144781589508,1.0728213787078857,0.3488937318325043
0.41420939564704895,1.51349937915802,0.348892480134964
0.4526081681251526,0.9945560097694397,0.34889110922813416
0.42586371302604675,0.8698871731758118,0.34888964891433716
0.372903048992157,1.080159306526184,0.34888821840286255
0.41335976123809814,1.4080216884613037,0.3488869071006775
0.42357513308525085,0.9699291586875916,0.3488856256008148
0.45526987314224243,0.9766079783439636,0.3488842844963074
0.39663177728652954,0.7258505821228027,0.3488829731941223
0.46350523829460144,0.9629039168357849,0.34888163208961487
0.4267880916595459,1.2791465520858765,0.3488803803920746
0.4823780655860901,1.2240222692489624,0.3488788902759552
0.47926509380340576,0.9512574076652527,0.3488772511482239
0.4559488594532013,0.92518550157547,0.3488757312297821
0.40605220198631287,0.8656624555587769,0.34887421131134033
0.4382612407207489,0.8461893200874329,0.34887266159057617
0.4128464460372925,0.9470980167388916,0.34887126088142395
0.3908436596393585,0.8563857078552246,0.3488696813583374
0.42342492938041687,1.0390520095825195,0.34886813163757324
0.4086366891860962,0.9502844214439392,0.3488665521144867
0.44662192463874817,1.2450944185256958,0.34886491298675537
0.4473890960216522,0.8113831877708435,0.3488632142543793
0.47387945652008057,0.8182389736175537,0.3488616347312927
0.42226532101631165,1.0619564056396484,0.3488601744174957
0.41922909021377563,0.6979770064353943,0.34885871410369873
0.4151573181152344,0.9507859945297241,0.34885722398757935
0.4742339253425598,1.0731933116912842,0.3488553464412689
0.44116151332855225,1.0216376781463623,0.3488536775112152
0.4513705372810364,1.0361065864562988,0.34885209798812866
0.4297056198120117,1.0791176557540894,0.3488504886627197
0.40541014075279236,1.0181256532669067,0.34884896874427795
0.47247418761253357,0.9467566013336182,0.3488474488258362
0.4590299427509308,0.8970761895179749,0.34884583950042725
0.4624360501766205,0.9843321442604065,0.3488442599773407
0.3909737169742584,1.0962499380111694,0.3488427400588989
0.4145398736000061,0.9934498071670532,0.34884127974510193
0.3996480405330658,1.1573888063430786,0.3488396406173706
0.4412155747413635,0.931120753288269,0.3488381505012512
0.49657773971557617,0.8094930648803711,0.3488367199897766
0.481048047542572,1.0755739212036133,0.34883537888526917
0.4361409544944763,0.9215027093887329,0.34883400797843933
0.46684178709983826,1.13076913356781,0.34883248805999756
0.4173564910888672,0.8689365983009338,0.3488308787345886
0.41117560863494873,0.9023115634918213,0.34882909059524536
0.42544063925743103,1.0284605026245117,0.3488273620605469
0.42485734820365906,1.1070905923843384,0.3488259017467499
0.42563480138778687,0.9340075850486755,0.3488245904445648
0.4195268452167511,0.944175124168396,0.34882327914237976
0.3685437738895416,0.8088893294334412,0.34882181882858276
0.3927292823791504,1.00650954246521,0.3488203287124634
0.39106422662734985,0.9660121202468872,0.34881874918937683
0.41919076442718506,1.0211522579193115,0.34881728887557983
0.3745861053466797,1.0100016593933105,0.34881576895713806
0.4298255741596222,0.8627360463142395,0.34881407022476196
0.42821669578552246,0.9490029215812683,0.3488125801086426
0.3727802336215973,0.8547051548957825,0.3488112688064575
0.37786605954170227,1.0980970859527588,0.3488098978996277
0.44007232785224915,0.9511181116104126,0.3488084375858307
0.3857288956642151,0.8725935220718384,0.3488069474697113
0.4599130153656006,1.109851360321045,0.3488052785396576
0.4051794409751892,0.8759047985076904,0.3488036096096039
0.42742663621902466,1.1576850414276123,0.3488021194934845
0.4442497789859772,1.0516337156295776,0.3488005995750427
0.43356260657310486,1.1028406620025635,0.3487992584705353
0.4452570378780365,0.9175481200218201,0.3487979769706726
0.43307432532310486,0.9853047728538513,0.34879642724990845
0.40157073736190796,1.0270329713821411,0.3487948775291443
0.4562034010887146,0.7455416917800903,0.3487933576107025
0.45036593079566956,0.8577784299850464,0.3487917482852936
0.43144211173057556,1.1094213724136353,0.3487902879714966
0.44872915744781494,0.8160333037376404,0.34878888726234436
0.42753714323043823,0.9131713509559631,0.3487875759601593
0.4117347002029419,1.0963551998138428,0.3487861752510071
0.4774938225746155,1.216739296913147,0.3487844467163086
0.40656784176826477,1.0474499464035034,0.34878283739089966
0.4121073782444,0.861121416091919,0.34878137707710266
0.4503350257873535,1.0355030298233032,0.3487801253795624
0.3765629827976227,0.8097907304763794,0.34877869486808777
0.440437912940979,1.101361632347107,0.3487773537635803
0.4371078908443451,1.0964443683624268,0.3487757742404938
0.44261908531188965,0.85865718126297,0.3487741947174072
0.45313411951065063,1.0278265476226807,0.3487725555896759
0.47610077261924744,1.004395604133606,0.34877097606658936
0.4076859951019287,0.9883463978767395,0.3487694561481476
0.4638974964618683,1.1131591796875,0.34876805543899536
0.46096858382225037,1.0036031007766724,0.3487666845321655
0.40413209795951843,1.1012247800827026,0.3487652540206909
0.4819670021533966,0.9451120495796204,0.34876376390457153
0.42545074224472046,0.8722635507583618,0.3487622141838074
0.43058502674102783,0.7476193308830261,0.3487606644630432
0.37758055329322815,1.0464880466461182,0.3487592041492462
0.4310108721256256,0.924467921257019,0.34875771403312683
0.4399900734424591,0.7313748002052307,0.34875616431236267
0.45609787106513977,1.0324894189834595,0.34875455498695374
0.41750654578208923,0.9675356149673462,0.34875279664993286
0.4413190484046936,0.9222173690795898,0.34875133633613586
0.38319236040115356,0.9122495651245117,0.3487497568130493
0.40294021368026733,1.0220173597335815,0.3487483859062195
0.4140726625919342,0.9985949397087097,0.34874701499938965
0.4476499855518341,0.8482706546783447,0.3487454950809479
0.46154600381851196,0.8203539848327637,0.3487440347671509
0.4890455901622772,1.0631790161132812,0.34874245524406433
0.460209459066391,1.0658296346664429,0.34874096512794495
0.47757863998413086,1.1461739540100098,0.3487394154071808
0.5552780032157898,1.0627293586730957,0.3487379848957062
0.4001820385456085,1.0211209058761597,0.34873658418655396
0.4843778610229492,0.7994451522827148,0.34873512387275696
0.43662145733833313,1.0369586944580078,0.3487335443496704
0.4588809907436371,0.8702536821365356,0.34873175621032715
0.3855239152908325,0.9247195720672607,0.3487301170825958
0.5015898942947388,1.2992579936981201,0.34872862696647644
0.40728339552879333,0.8180112838745117,0.34872716665267944
0.39924708008766174,0.8291032910346985,0.3487257957458496
0.425031453371048,1.0843870639801025,0.34872445464134216
0.3704669177532196,1.2366830110549927,0.3487229347229004
0.42288607358932495,0.9056300520896912,0.3487212061882019
0.4378703832626343,0.96834397315979,0.3487197756767273
0.41773951053619385,1.0166987180709839,0.34871819615364075
0.4672279357910156,1.0207533836364746,0.34871676564216614
0.40135863423347473,1.1511292457580566,0.3487151861190796
0.3992561995983124,0.9206036925315857,0.34871363639831543
0.3968653082847595,0.8905336856842041,0.3487119972705841
0.37675613164901733,1.0615984201431274,0.3487103581428528
0.45078611373901367,1.038655400276184,0.3487088680267334
0.3665510416030884,0.9003737568855286,0.3487071990966797
0.416206419467926,1.0532234907150269,0.3487057685852051
0.4030081033706665,0.8542608618736267,0.34870442748069763
0.42837226390838623,1.0365639925003052,0.3487030863761902
0.41992324590682983,0.9646499752998352,0.3487015962600708
0.4122141897678375,1.080965280532837,0.34870004653930664
0.4907476305961609,0.934941291809082,0.34869858622550964
0.42599058151245117,0.86356520652771,0.34869712591171265
0.45300164818763733,0.8255645036697388,0.3486957252025604
0.5398685932159424,0.9798422455787659,0.34869417548179626
0.4038788378238678,0.9902657866477966,0.34869247674942017
0.459257036447525,0.9089972972869873,0.34869080781936646
0.3954292833805084,1.1428329944610596,0.3486892580986023
0.43960943818092346,1.3281781673431396,0.34868767857551575
0.45892027020454407,1.200700283050537,0.3486858904361725
0.4469383656978607,1.1606099605560303,0.34868401288986206
0.4520544409751892,1.0568132400512695,0.34868231415748596
0.45513632893562317,1.0692942142486572,0.34868085384368896
0.4476470947265625,0.9293801784515381,0.3486795723438263
0.4298265278339386,0.7160820960998535,0.3486781716346741
0.4332160949707031,1.1115403175354004,0.3486766815185547
0.4417595863342285,1.0794579982757568,0.3486751914024353
0.41810739040374756,0.871137261390686,0.34867361187934875
0.4581200182437897,1.0406228303909302,0.3486720025539398
0.41553324460983276,1.013443946838379,0.3486706018447876
0.4288966953754425,0.9599170684814453,0.3486693799495697
0.4361848831176758,1.0354952812194824,0.34866800904273987
0.4699362814426422,1.1272757053375244,0.3486666679382324
0.437925785779953,0.9654093384742737,0.3486650884151459
0.466193288564682,0.9744735360145569,0.34866341948509216
0.4793434143066406,0.9773856997489929,0.3486616611480713
0.42150092124938965,1.2271326780319214,0.3486602008342743
0.4374496340751648,0.8890004754066467,0.3486589789390564
0.4045487940311432,1.0874264240264893,0.34865790605545044
0.47185012698173523,1.241060495376587,0.348656564950943
0.4201163351535797,0.9702749848365784,0.34865498542785645
0.3833840787410736,0.9903638958930969,0.34865331649780273
0.43665552139282227,0.8975203037261963,0.34865161776542664
0.3760365843772888,0.927692711353302,0.34865009784698486
0.369505912065506,0.9430571794509888,0.34864893555641174
0.4639812409877777,0.9898286461830139,0.34864768385887146
0.4199465215206146,0.9588437080383301,0.348646342754364
0.39919745922088623,1.0069659948349,0.34864482283592224
0.44770240783691406,0.8362336754798889,0.34864315390586853
0.3584083616733551,0.751067042350769,0.34864145517349243
0.4662761688232422,1.0342320203781128,0.34863999485969543
0.45389899611473083,0.96349036693573,0.34863850474357605
0.48636290431022644,0.9885631799697876,0.34863704442977905
0.4333617389202118,1.153484582901001,0.34863558411598206
0.427296906709671,1.1259299516677856,0.3486340045928955
0.44630080461502075,0.9187442660331726,0.3486323356628418
0.49404558539390564,0.9749273061752319,0.3486308157444
0.3962330222129822,1.0783103704452515,0.3486292362213135
0.3859730362892151,1.0513423681259155,0.34862762689590454
0.4224928915500641,0.9336647391319275,0.34862595796585083
0.38576704263687134,0.8412216305732727,0.34862422943115234
0.40057119727134705,0.8345028758049011,0.3486226797103882
0.40961313247680664,0.8754159212112427,0.3486212491989136
0.37502485513687134,0.9264402985572815,0.34861981868743896
0.4046105742454529,1.0033595561981201,0.34861841797828674
0.5131750106811523,0.7935596108436584,0.3486170768737793
0.47935226559638977,0.7988274693489075,0.3486154079437256
0.4728652536869049,0.8617114424705505,0.3486139476299286
0.40641409158706665,0.7924193739891052,0.3486124873161316
0.4379366934299469,1.0456836223602295,0.34861093759536743
0.41246297955513,0.9944150447845459,0.34860941767692566
0.5119165778160095,0.7574911713600159,0.3486078083515167
0.37638747692108154,1.0168341398239136,0.3486061096191406
0.443277508020401,0.815854549407959,0.3486045300960541
0.406216025352478,0.947085976600647,0.34860295057296753
0.4248090386390686,1.061747431755066,0.3486012816429138
0.4344135522842407,0.8275805115699768,0.34859973192214966
0.41997474431991577,0.9945533275604248,0.3485981523990631
0.47545963525772095,1.2510346174240112,0.3485965430736542
0.42607730627059937,0.7899317741394043,0.34859487414360046
0.403924822807312,0.8136530518531799,0.34859344363212585
0.41150060296058655,0.7707220315933228,0.34859198331832886
0.46630409359931946,0.9017079472541809,0.3485907316207886
0.45708486437797546,0.8846645951271057,0.34858933091163635
0.39969316124916077,1.1618767976760864,0.3485877811908722
0.4772970378398895,0.9661105871200562,0.3485861122608185
0.408322811126709,0.8572051525115967,0.34858444333076477
0.42409563064575195,0.8493543863296509,0.3485829830169678
0.44994235038757324,0.926790177822113,0.34858161211013794
0.4204675257205963,1.0216350555419922,0.3485802710056305
0.3967971205711365,0.8367127776145935,0.3485787808895111
0.4069816470146179,0.8795376420021057,0.34857726097106934
0.45924967527389526,1.0061979293823242,0.3485756516456604
0.3951836824417114,0.9379602670669556,0.34857386350631714
0.44345709681510925,1.0771805047988892,0.34857216477394104
0.45116645097732544,1.0113701820373535,0.34857070446014404
0.4463508427143097,0.8638961315155029,0.34856942296028137
0.4674316346645355,0.920455276966095,0.34856802225112915
0.3814023435115814,0.9528691172599792,0.34856659173965454
0.4835590720176697,1.316749930381775,0.3485650420188904
0.37422293424606323,1.1416305303573608,0.34856346249580383
0.4285356402397156,0.9344411492347717,0.34856176376342773
0.40886443853378296,0.8144162893295288,0.34856027364730835
0.47645193338394165,0.8986981511116028,0.3485586941242218
0.4638544023036957,0.7851622104644775,0.3485572338104248
0.4218868017196655,1.0216639041900635,0.3485558032989502
0.4543653726577759,1.155470848083496,0.3485541343688965
0.40742191672325134,0.915396511554718,0.34855252504348755
0.3878069221973419,0.9246127605438232,0.3485508859157562
0.40309059619903564,0.9636090993881226,0.34854933619499207
0.4328031539916992,0.889825165271759,0.34854787588119507
0.4645424485206604,1.2320533990859985,0.34854641556739807
0.44519302248954773,1.2195343971252441,0.3485448360443115
0.39099445939064026,0.8871509432792664,0.34854334592819214
0.4395497739315033,0.9689053893089294,0.3485419750213623
0.3975643813610077,0.965663731098175,0.3485405445098877
0.4442489445209503,0.9677662253379822,0.34853899478912354
0.4046109616756439,0.7978516817092896,0.3485373854637146
0.48161962628364563,0.9026818871498108,0.3485359251499176
0.4646046459674835,1.0950086116790771,0.34853437542915344
0.4169656038284302,0.9605907797813416,0.3485328257083893
0.5066373944282532,0.957350492477417,0.34853115677833557
0.37188422679901123,1.0481371879577637,0.3485294580459595
0.3640519678592682,1.154215693473816,0.34852805733680725
0.41287916898727417,0.8195871710777283,0.34852659702301025
0.45459434390068054,0.8391571640968323,0.34852513670921326
0.47073692083358765,1.009606122970581,0.34852370619773865
0.46958330273628235,0.7939157485961914,0.3485221266746521
0.5085960030555725,1.0131052732467651,0.3485206663608551
0.4405245780944824,0.7029922604560852,0.34851914644241333
0.4603312611579895,1.0914921760559082,0.3485175371170044
0.4358886182308197,1.0409555435180664,0.34851598739624023
0.4086376130580902,0.9509978294372559,0.348514586687088
0.4948306679725647,0.7603636980056763,0.348513126373291
0.4926683306694031,1.067001223564148,0.34851157665252686
0.46942567825317383,0.824207603931427,0.34850990772247314
0.45897939801216125,0.7809345126152039,0.3485081195831299
0.4935304522514343,0.9059962630271912,0.3485063910484314
0.3996308147907257,1.3232097625732422,0.34850478172302246
0.414436399936676,1.1418448686599731,0.34850358963012695
0.43699949979782104,0.7955155968666077,0.34850236773490906
0.3946773409843445,1.311983346939087,0.3485010266304016
0.4261098802089691,0.9591230154037476,0.3484993278980255
0.4075641632080078,0.8974971771240234,0.3484976589679718
0.42660972476005554,0.9923281669616699,0.34849613904953003
0.480331152677536,0.8809638023376465,0.34849488735198975
0.4341431260108948,0.933649480342865,0.34849366545677185
0.40939438343048096,1.036688208580017,0.3484925925731659
0.43588927388191223,1.1894344091415405,0.34849119186401367
0.4301145374774933,1.0056285858154297,0.34848952293395996
0.48971396684646606,1.3588602542877197,0.3484880030155182
0.4802154302597046,1.0920542478561401,0.3484865427017212
0.4605047404766083,0.8323667645454407,0.3484853208065033
0.42753446102142334,0.9943491220474243,0.34848418831825256
0.41722407937049866,1.0722205638885498,0.3484828472137451
0.4056709110736847,0.9501297473907471,0.34848129749298096
0.3767237067222595,0.7927631735801697,0.34847956895828247
0.4414738714694977,0.9822127819061279,0.3484778106212616
0.42541220784187317,0.872546911239624,0.3484761714935303
0.3915773034095764,0.8080238699913025,0.34847477078437805
0.38714393973350525,0.8798919916152954,0.34847334027290344
0.41020333766937256,0.972196638584137,0.3484717905521393
0.4300782382488251,0.922692060470581,0.3484700918197632
0.43138766288757324,1.080383062362671,0.3484685719013214
0.4396706819534302,1.0107063055038452,0.3484671413898468
0.3808753192424774,0.9007828235626221,0.3484657108783722
0.42033201456069946,1.023824691772461,0.3484642207622528
0.4391285479068756,0.9186716079711914,0.34846264123916626
0.40843528509140015,0.86195969581604,0.3484610617160797
0.43704816699028015,0.7678942680358887,0.3484594225883484
0.4437076449394226,0.9063206911087036,0.348457932472229
0.4604949951171875,0.9059751629829407,0.3484565317630768
0.5020741820335388,0.9559071063995361,0.34845516085624695
0.45733556151390076,1.1188327074050903,0.34845367074012756
0.4446447789669037,0.7874753475189209,0.3484519124031067
0.44408321380615234,0.8830640316009521,0.34845030307769775
0.422502726316452,1.0265060663223267,0.34844866394996643
0.3380007743835449,1.1575543880462646,0.3484470844268799
0.4725464880466461,0.9558385610580444,0.3484455645084381
0.43984121084213257,0.8705057501792908,0.34844425320625305
0.36231639981269836,0.9363623857498169,0.34844300150871277
0.5000249147415161,1.1040668487548828,0.348441481590271
0.4244972765445709,0.9210605621337891,0.34843990206718445
0.4271606206893921,0.9850034713745117,0.3484383821487427
0.42481574416160583,0.7841259241104126,0.34843677282333374
0.4532581865787506,1.066494345664978,0.34843525290489197
0.409625381231308,0.9070635437965393,0.34843385219573975
0.42816174030303955,1.2946022748947144,0.34843260049819946
0.4419063329696655,1.0215767621994019,0.34843122959136963
0.3856201767921448,0.9470298886299133,0.34842967987060547
0.40832260251045227,1.166856288909912,0.3484281003475189
0.4101814031600952,0.9746524095535278,0.34842661023139954
0.3924507200717926,0.7712240815162659,0.34842509031295776
0.4344978332519531,0.9978383183479309,0.3484237492084503
0.4065566658973694,0.7946968674659729,0.34842240810394287
0.44637876749038696,0.7968420386314392,0.3484208881855011
0.42978784441947937,0.9960060119628906,0.3484194874763489
0.48225805163383484,0.7699958682060242,0.3484179973602295
0.38855689764022827,1.2638646364212036,0.3484162986278534
0.46028372645378113,1.015963077545166,0.3484148383140564
0.42890334129333496,0.9183648824691772,0.3484134078025818
0.40313971042633057,0.9266412258148193,0.3484119176864624
0.4174627661705017,0.9342235326766968,0.34841060638427734
0.4230610430240631,1.180760383605957,0.3484093248844147
0.42456763982772827,0.8461866974830627,0.3484077751636505
0.40264061093330383,0.7435124516487122,0.3484061360359192
0.44129207730293274,0.9365234375,0.3484046459197998
0.41666752099990845,0.8839648962020874,0.34840309619903564
0.4196755886077881,1.0721935033798218,0.3484017252922058
0.4518784284591675,0.919488787651062,0.3484000563621521
0.4392768442630768,0.8903049230575562,0.3483986556529999
0.4546223282814026,0.9692324995994568,0.34839725494384766
0.427388072013855,0.9814233183860779,0.3483960032463074
0.4392545223236084,0.762861967086792,0.3483947515487671
0.42947012186050415,0.7451291680335999,0.3483933210372925
0.4600731134414673,0.8533297777175903,0.3483918607234955
0.438995897769928,0.9856899976730347,0.3483904004096985
0.44795680046081543,0.9117259383201599,0.3483889400959015
0.4227261245250702,0.8165180683135986,0.3483875095844269
0.4047955572605133,0.8029091358184814,0.3483860492706299
0.44333720207214355,0.930527925491333,0.3483845591545105
0.4352658987045288,0.9113476276397705,0.3483830988407135
0.43776261806488037,0.8515133261680603,0.34838131070137024
0.46679362654685974,0.87013840675354,0.34837961196899414
0.511417806148529,0.9384735226631165,0.34837812185287476
0.36541303992271423,0.9021574854850769,0.348376601934433
0.4563029408454895,0.9148659110069275,0.34837526082992554
0.46716323494911194,0.9020638465881348,0.34837374091148376
0.37747427821159363,0.8000383377075195,0.34837213158607483
0.45703017711639404,0.8149997591972351,0.3483704924583435
0.46245038509368896,0.8314379453659058,0.34836897253990173
0.4399993121623993,1.2272007465362549,0.34836748242378235
0.38058149814605713,1.038803219795227,0.34836581349372864
0.44186633825302124,0.9435777068138123,0.3483639061450958
0.40021517872810364,0.8281136751174927,0.34836235642433167
0.39936962723731995,0.9503586292266846,0.3483607769012451
0.48049721121788025,0.9072365164756775,0.3483593165874481
0.4674776494503021,0.7502614855766296,0.34835782647132874
0.47890418767929077,0.9167158603668213,0.3483562469482422
0.4063016474246979,0.8790258169174194,0.3483545780181885
0.42546871304512024,0.9297757148742676,0.3483528792858124
0.44616058468818665,1.0184036493301392,0.34835129976272583
0.41352441906929016,1.0979105234146118,0.34834975004196167
0.40016037225723267,0.9680688381195068,0.3483482897281647
0.45118120312690735,0.9357222318649292,0.3483468294143677
0.4062066972255707,1.1183418035507202,0.3483451306819916
0.41461431980133057,1.0073775053024292,0.34834349155426025
0.44614142179489136,1.0015181303024292,0.3483419418334961
0.40845659375190735,1.1493381261825562,0.3483404815196991
0.39690420031547546,1.0364729166030884,0.34833911061286926
0.4930162727832794,0.9191042184829712,0.3483378291130066
0.4248467981815338,0.8424519896507263,0.3483366370201111
0.43089351058006287,1.3343417644500732,0.34833526611328125
0.4407601058483124,0.774032473564148,0.3483336865901947
0.4246102571487427,1.0733088254928589,0.3483319580554962
0.48818808794021606,1.2252408266067505,0.3483303487300873
0.42809057235717773,1.024957537651062,0.3483288884162903
0.4357213079929352,1.0363322496414185,0.34832751750946045
0.3897542357444763,1.0035287141799927,0.3483261168003082
0.421434611082077,1.1496518850326538,0.34832459688186646
0.43804988265037537,1.0111480951309204,0.3483230173587799
0.3825649917125702,1.0889339447021484,0.3483213484287262
0.38464438915252686,0.8078933358192444,0.3483196496963501
0.4480067491531372,0.9470439553260803,0.34831804037094116
0.3900699019432068,0.713516354560852,0.3483165502548218
0.4655543267726898,0.9558311700820923,0.34831520915031433
0.4356730580329895,0.8358722925186157,0.3483137786388397
0.45031142234802246,0.9666712880134583,0.3483121693134308
0.38851508498191833,1.0674140453338623,0.34831055998802185
0.457506388425827,0.8991659283638,0.3483087122440338
0.441324383020401,0.8450435400009155,0.34830719232559204
0.5003466010093689,1.0210776329040527,0.34830576181411743
0.42182859778404236,0.8300337195396423,0.3483043313026428
0.4060346484184265,0.8706295490264893,0.3483029901981354
0.4394848942756653,0.9336793422698975,0.34830158948898315
0.46459871530532837,0.8293124437332153,0.34829992055892944
0.46494171023368835,1.2138129472732544,0.34829822182655334
0.45547568798065186,0.9572101831436157,0.34829655289649963
0.47947368025779724,1.0244587659835815,0.34829503297805786
0.45534107089042664,0.9488509297370911,0.34829357266426086
0.42798545956611633,0.9001586437225342,0.34829220175743103
0.4466603100299835,1.0042201280593872,0.34829065203666687
0.4640159606933594,0.8325089812278748,0.3482891619205475
0.4627397060394287,0.78075110912323,0.3482873737812042
0.3914935290813446,0.9247603416442871,0.3482857048511505
0.4576933979988098,1.0153312683105469,0.3482840955257416
0.42434248328208923,1.206372857093811,0.34828242659568787
0.4708136022090912,0.7819653749465942,0.3482808768749237
0.48217013478279114,0.8212968707084656,0.34827926754951477
0.44526907801628113,0.9761465787887573,0.3482778072357178
0.4782520830631256,0.8522257208824158,0.34827637672424316
0.4238240420818329,0.971438467502594,0.3482747972011566
0.44815024733543396,0.9755337238311768,0.34827321767807007
0.4278235137462616,1.0069093704223633,0.34827157855033875
0.455068439245224,0.902709424495697,0.3482699990272522
0.43408238887786865,1.0386518239974976,0.3482685983181
0.4487404525279999,0.9784612059593201,0.348267138004303
0.4915170669555664,0.9518951177597046,0.34826549887657166
0.4297257959842682,1.1710762977600098,0.34826400876045227
0.3893433213233948,0.8012340068817139,0.34826236963272095
0.47000059485435486,0.9652351140975952,0.34826087951660156
0.4526609778404236,0.7403315305709839,0.3482595384120941
0.4170092046260834,1.0213028192520142,0.3482581675052643
0.45332053303718567,0.8817543983459473,0.34825676679611206
0.4508257210254669,1.177574634552002,0.34825530648231506
0.4149472713470459,1.0119048357009888,0.3482537269592285
0.5022830963134766,1.1347912549972534,0.34825220704078674
0.46106597781181335,0.9753144383430481,0.34825074672698975
0.44661223888397217,0.940031111240387,0.348249226808548
0.45725318789482117,0.9895459413528442,0.34824761748313904
0.48434579372406006,1.1155356168746948,0.3482459485530853
0.41160354018211365,0.8315367102622986,0.3482446074485779
0.4448779225349426,0.8779887557029724,0.3482433557510376
0.38529613614082336,0.9518983960151672,0.348241925239563
0.4555814266204834,1.0709559917449951,0.34824031591415405
0.4905218482017517,0.9944571256637573,0.34823858737945557
0.3791618347167969,0.9160630106925964,0.34823688864707947
0.45648717880249023,0.8107302784919739,0.34823548793792725
0.37973952293395996,0.7518483400344849,0.3482341468334198
0.3737068176269531,1.0037015676498413,0.34823280572891235
0.42352136969566345,0.7453563809394836,0.34823137521743774
0.46499067544937134,0.9354121685028076,0.34822994470596313
0.3712179958820343,1.0640796422958374,0.34822842478752136
0.41466087102890015,0.8591361045837402,0.3482268452644348
0.43873876333236694,0.8647266030311584,0.34822529554367065
0.4359540343284607,0.8399300575256348,0.34822383522987366
0.49738094210624695,0.995741069316864,0.34822240471839905
0.4199771285057068,0.9384177923202515,0.3482210636138916
0.36986419558525085,0.8492006659507751,0.34821978211402893
0.4070488512516022,0.9850800037384033,0.34821823239326477
0.40040624141693115,1.1054784059524536,0.3482166826725006
0.4338971674442291,0.9265363216400146,0.3482150733470917
0.5098184943199158,1.2244417667388916,0.3482135534286499
0.3985738754272461,0.9083896279335022,0.34821227192878723
0.42482542991638184,0.7856873273849487,0.3482109606266022
0.408162385225296,0.887079656124115,0.3482097089290619
0.42935895919799805,1.0833944082260132,0.34820812940597534
0.45802977681159973,1.1125640869140625,0.34820646047592163
0.4169408977031708,1.0768013000488281,0.34820473194122314
0.38649094104766846,0.8436195850372314,0.34820327162742615
0.39672571420669556,1.065970778465271,0.3482019305229187
0.42079517245292664,0.890574038028717,0.34820061922073364
0.4182720482349396,0.8927532434463501,0.34819918870925903
0.4111138880252838,0.8810213804244995,0.3481977880001068
0.4065324068069458,0.8294939398765564,0.3481963276863098
0.45388758182525635,0.9215902090072632,0.34819477796554565
0.4692956805229187,0.9911327362060547,0.34819331765174866
0.3965566158294678,0.9710967540740967,0.3481918275356293
0.47040632367134094,1.0102417469024658,0.3481902480125427
0.42575645446777344,0.8528725504875183,0.3481889069080353
0.42721399664878845,0.9632519483566284,0.34818750619888306
0.4340662956237793,0.9619120955467224,0.34818601608276367
0.46301114559173584,0.8381879925727844,0.3481844365596771
0.3906848728656769,1.04612135887146,0.3481829762458801
0.4295698404312134,1.2722373008728027,0.3481813967227936
0.5185776948928833,0.8578329682350159,0.34817981719970703
0.405969500541687,1.1291617155075073,0.34817829728126526
0.4227994680404663,1.0865240097045898,0.3481767475605011
0.40467607975006104,0.7649762630462646,0.3481752872467041
0.44333526492118835,0.8041342496871948,0.34817376732826233
0.4370424449443817,0.7484179139137268,0.34817221760749817
0.4416389465332031,1.010805606842041,0.348170667886734
0.4097103774547577,0.9707545042037964,0.34816908836364746
0.41352012753486633,0.8852362632751465,0.3481675088405609
0.43973076343536377,1.1250982284545898,0.3481658101081848
0.4244086444377899,0.788779616355896,0.3481641113758087
0.36083778738975525,0.8497985005378723,0.34816256165504456
0.4242786765098572,0.8320243954658508,0.34816113114356995
0.4201955199241638,1.2208172082901,0.34815967082977295
0.3929033577442169,0.9550200700759888,0.348158061504364
0.46892452239990234,0.990999162197113,0.34815630316734314
0.4321921467781067,1.0260217189788818,0.34815460443496704
0.3688519597053528,1.0981062650680542,0.34815311431884766
0.376636803150177,1.0904226303100586,0.34815165400505066
0.43185028433799744,0.9876442551612854,0.3481501042842865
0.4770009517669678,1.1303162574768066,0.34814855456352234
0.46828657388687134,0.9245924949645996,0.34814688563346863
0.4407288730144501,0.9064842462539673,0.3481453061103821
0.4595169723033905,0.9020717740058899,0.34814369678497314
0.41727370023727417,1.0824358463287354,0.3481421172618866
0.4255183935165405,1.075217604637146,0.3481403887271881
0.4434862434864044,1.3848823308944702,0.34813857078552246
0.4279648959636688,1.0572439432144165,0.34813690185546875
0.4293479025363922,0.9220870137214661,0.348135381937027
0.4286365807056427,0.8164584040641785,0.3481338322162628
0.41239359974861145,0.8149341344833374,0.34813204407691956
0.42202964425086975,1.1533677577972412,0.3481304347515106
0.42433562874794006,0.8892630338668823,0.3481285870075226
0.4058830142021179,0.8500531315803528,0.3481267988681793
0.3796851933002472,1.15487802028656,0.348125159740448
0.42084136605262756,0.8792601823806763,0.3481237292289734
0.4845448434352875,0.9801989793777466,0.3481225371360779
0.383756160736084,0.8755773901939392,0.3481212854385376
0.45278602838516235,1.0664125680923462,0.3481197953224182
0.41330817341804504,0.8933010101318359,0.34811821579933167
0.4567168653011322,0.811728298664093,0.3481166660785675
0.4233759939670563,1.050262212753296,0.34811511635780334
0.41721656918525696,1.0768107175827026,0.34811365604400635
0.4330071806907654,0.8671315312385559,0.3481123745441437
0.4469529390335083,0.7562555074691772,0.3481109142303467
0.43552833795547485,1.0685181617736816,0.34810957312583923
0.39311230182647705,1.4742451906204224,0.3481079041957855
0.3829270601272583,0.9238616824150085,0.3481060862541199
0.41931048035621643,1.060417890548706,0.3481042981147766
0.37529030442237854,1.2124637365341187,0.34810295701026917
0.4546375274658203,1.1364755630493164,0.34810182452201843
0.4081287384033203,1.2006261348724365,0.34810084104537964
0.42564353346824646,0.886322021484375,0.3480995297431946
0.3913303017616272,1.0272234678268433,0.3480982482433319
0.3404296040534973,1.192911148071289,0.34809672832489014
0.432797372341156,1.0270541906356812,0.34809523820877075
0.436725914478302,0.9770922064781189,0.3480938673019409
0.3909149169921875,1.040030837059021,0.34809255599975586
0.4473055899143219,1.0112727880477905,0.3480914235115051
0.43720847368240356,1.00337815284729,0.3480900824069977
0.47067150473594666,0.8490761518478394,0.348088800907135
0.42609599232673645,1.1602436304092407,0.34808728098869324
0.4617241621017456,0.8825719356536865,0.34808579087257385
0.41175487637519836,0.9252071380615234,0.34808415174484253
0.4776730537414551,0.8674725294113159,0.34808236360549927
0.4607371687889099,0.909972071647644,0.3480808734893799
0.41409415006637573,1.023103952407837,0.3480794131755829
0.4317997992038727,1.0438575744628906,0.34807828068733215
0.5163830518722534,1.077570915222168,0.3480769395828247
0.43670767545700073,1.0932953357696533,0.34807559847831726
0.4885324239730835,0.9326696991920471,0.3480740487575531
0.4393124580383301,0.8949252963066101,0.34807243943214417
0.4027548134326935,1.251102089881897,0.34807106852531433
0.4229762554168701,0.9378939270973206,0.34806954860687256
0.4618414640426636,0.9284290671348572,0.34806814789772034
0.4031944274902344,0.8769912719726562,0.34806695580482483
0.45454129576683044,0.9682543277740479,0.3480656147003174
0.5238198637962341,0.9570829272270203,0.3480641841888428
0.4159247875213623,0.9812116622924805,0.348062664270401
0.42980101704597473,0.8908304572105408,0.34806108474731445
0.470505028963089,1.1890770196914673,0.3480595052242279
0.40437227487564087,1.1316964626312256,0.3480578362941742
0.33833175897598267,0.9243300557136536,0.3480563759803772
0.41420677304267883,1.0233443975448608,0.34805503487586975
0.4633943736553192,0.7511037588119507,0.348053902387619
0.4153994619846344,1.4732129573822021,0.3480527400970459
0.4301309883594513,1.082852840423584,0.3480513393878937
0.4190344214439392,0.9460886716842651,0.3480497896671295
0.4160322844982147,1.3058557510375977,0.3480483293533325
0.43336331844329834,1.117523431777954,0.3480467200279236
0.36726057529449463,0.9989121556282043,0.3480452001094818
0.44268980622291565,1.1185753345489502,0.3480439782142639
0.44478416442871094,1.0355851650238037,0.34804296493530273
0.43154218792915344,0.8591938614845276,0.34804192185401917
0.42368006706237793,0.9676835536956787,0.34804072976112366
0.5221991539001465,1.2158135175704956,0.348039448261261
0.4078669548034668,0.8874427080154419,0.34803786873817444
0.42138707637786865,1.1337881088256836,0.3480361998081207
0.49552857875823975,1.1148977279663086,0.3480346202850342
0.4619317650794983,1.0584696531295776,0.34803327918052673
0.483932226896286,1.0881019830703735,0.34803202748298645
0.44395124912261963,1.0400110483169556,0.34803083539009094
0.4797828197479248,1.0903021097183228,0.3480296730995178
0.41583770513534546,1.0568526983261108,0.3480283319950104
0.4908050298690796,0.8432340025901794,0.3480268716812134
0.4281783998012543,0.8197484612464905,0.3480253517627716
0.42071500420570374,1.098122477531433,0.34802377223968506
0.3710092008113861,0.9943785071372986,0.34802231192588806
0.44941672682762146,1.0457011461257935,0.3480208218097687
0.4421430230140686,0.9897801876068115,0.3480195105075836
0.45489302277565,0.9243195652961731,0.34801802039146423
0.4794524312019348,0.9228728413581848,0.34801653027534485
0.36035704612731934,0.8081226944923401,0.3480151295661926
0.4044788181781769,0.9129611253738403,0.3480137586593628
0.4110042452812195,0.9604214429855347,0.34801241755485535
0.4604407846927643,1.0678141117095947,0.3480111360549927
0.43125295639038086,1.1983954906463623,0.34800946712493896
0.46149301528930664,0.8648470044136047,0.3480078876018524
0.47075098752975464,1.2349543571472168,0.34800630807876587
0.41980403661727905,1.303057312965393,0.3480048179626465
0.41733527183532715,0.9045082330703735,0.3480033278465271
0.4330577850341797,0.8000175952911377,0.34800177812576294
0.3889051675796509,0.8409687280654907,0.3480003774166107
0.4595792293548584,0.7837623953819275,0.34799885749816895
0.369413286447525,1.037751317024231,0.3479973375797272
0.4163745045661926,0.7767788767814636,0.3479958176612854
0.40729251503944397,0.9492919445037842,0.347994327545166
0.39990323781967163,0.8847401142120361,0.3479926586151123
0.43976038694381714,0.9764732718467712,0.34799107909202576
0.4051862359046936,0.9885547161102295,0.34798958897590637
0.46299606561660767,0.9185889363288879,0.34798818826675415
0.4350527822971344,0.7501797080039978,0.3479869067668915
0.47286802530288696,1.045189619064331,0.34798556566238403
0.41931259632110596,0.8581416010856628,0.3479840159416199
0.46395114064216614,0.8601922392845154,0.3479824662208557
0.40877822041511536,0.801319420337677,0.3479810655117035
0.40968480706214905,1.0375945568084717,0.3479796051979065
0.4149998426437378,0.8767297863960266,0.3479781448841095
0.46402502059936523,0.8454769253730774,0.34797653555870056
0.383069783449173,1.080893635749817,0.34797513484954834
0.432474285364151,0.959400475025177,0.34797370433807373
0.40704619884490967,0.9802085757255554,0.3479723334312439
0.4311537742614746,0.8307574987411499,0.3479708731174469
0.47860753536224365,0.9393606185913086,0.3479694426059723
0.4433734118938446,0.9455850124359131,0.34796783328056335
0.4079664647579193,0.9321388006210327,0.3479662835597992
0.43599143624305725,0.9601287841796875,0.34796470403671265
0.4784124791622162,1.1614058017730713,0.3479630649089813
0.44142332673072815,0.9431963562965393,0.3479614853858948
0.48162534832954407,0.8992366790771484,0.347959965467453
0.46308889985084534,0.6997466683387756,0.34795844554901123
0.392839640378952,0.8639748096466064,0.34795689582824707
0.3939078450202942,0.9875074625015259,0.347955584526062
0.3778918385505676,1.129628300666809,0.3479541540145874
0.4389166831970215,1.0278074741363525,0.3479527235031128
0.3934526741504669,0.8413463234901428,0.3479512333869934
0.4196712374687195,1.0741264820098877,0.3479499816894531
0.5148472785949707,1.0056356191635132,0.3479485511779785
0.4205118715763092,1.0201901197433472,0.34794729948043823
0.3956366777420044,1.0305525064468384,0.34794607758522034
0.4383721351623535,0.9593186974525452,0.3479447066783905
0.413490355014801,0.9829538464546204,0.3479432761669159
0.36481210589408875,1.0162875652313232,0.34794172644615173
0.47186651825904846,0.9956031441688538,0.3479403853416443
0.3673432171344757,0.7999486923217773,0.3479391038417816
0.4127732515335083,0.8797240257263184,0.34793785214424133
0.44092482328414917,1.0108389854431152,0.3479364216327667
0.41863659024238586,0.9175014495849609,0.34793490171432495
0.4755959212779999,0.8598515391349792,0.34793341159820557
0.45044222474098206,1.2726294994354248,0.3479320704936981
0.4174659550189972,0.9065043926239014,0.3479307293891907
0.4214222729206085,0.8912487626075745,0.3479293882846832
0.478157103061676,0.8807615637779236,0.34792810678482056
0.41153720021247864,0.970095157623291,0.3479268550872803
0.35258162021636963,0.850398600101471,0.3479253053665161
0.43213313817977905,0.8981525897979736,0.34792375564575195
0.4178289771080017,0.8974152207374573,0.3479223847389221
0.47820529341697693,0.7995050549507141,0.3479209542274475
0.43206560611724854,0.8928408026695251,0.3479195237159729
0.45118552446365356,0.8726490139961243,0.3479181230068207
0.3828890919685364,0.8096180558204651,0.34791669249534607
0.42123740911483765,0.9287508130073547,0.3479151427745819
0.439360111951828,1.0564955472946167,0.3479137420654297
0.41941577196121216,0.9675002694129944,0.3479123115539551
0.4437582194805145,0.9675430655479431,0.34791094064712524
0.38410934805870056,0.8338143825531006,0.34790951013565063
0.4467870593070984,1.012197494506836,0.3479081392288208
0.4448719024658203,0.9094207882881165,0.34790658950805664
0.4600665271282196,0.8201605081558228,0.34790509939193726
0.4671039581298828,0.9212687611579895,0.3479035794734955
0.409697026014328,0.8788266181945801,0.3479021191596985
0.4267365038394928,0.9022109508514404,0.34790074825286865
0.43088698387145996,0.7973942160606384,0.34789931774139404
0.41507574915885925,0.9610719084739685,0.3478979170322418
0.41956016421318054,0.9099080562591553,0.3478964865207672
0.4167810380458832,0.8874737620353699,0.3478950262069702
0.4416593909263611,0.9319121837615967,0.34789347648620605
0.4301261007785797,0.809334397315979,0.34789207577705383
0.43267032504081726,0.8965765833854675,0.34789055585861206
0.453971266746521,1.0112494230270386,0.3478891849517822
0.36608755588531494,0.9647591710090637,0.3478875756263733
0.4698394536972046,0.6648020148277283,0.3478861153125763
0.4230895936489105,0.910230278968811,0.34788456559181213
0.41393089294433594,0.8993459939956665,0.3478832244873047
0.4543806314468384,0.9312616586685181,0.3478817939758301
0.416714608669281,0.8546692132949829,0.34788018465042114
0.43060073256492615,1.0492562055587769,0.347878634929657
0.4012925326824188,0.7720010876655579,0.34787705540657043
0.44728922843933105,0.7743377685546875,0.34787559509277344
0.46032392978668213,0.9701665043830872,0.34787410497665405
0.3907606303691864,0.9374746084213257,0.34787261486053467
0.5018090605735779,1.0953142642974854,0.34787121415138245
0.4258868396282196,0.8077739477157593,0.34786978363990784
0.43745312094688416,0.7411116361618042,0.3478681147098541
0.40803787112236023,0.9257685542106628,0.34786659479141235
0.4218670129776001,0.8761695623397827,0.34786516427993774
0.4198738634586334,0.8843417763710022,0.3478638529777527
0.4371996223926544,0.7874149084091187,0.34786248207092285
0.403393417596817,0.9282693862915039,0.34786123037338257
0.3463945686817169,0.8881170749664307,0.34785979986190796
0.447458952665329,0.7403517961502075,0.34785839915275574
0.37937870621681213,1.0207988023757935,0.34785687923431396
0.4858914017677307,0.8757731914520264,0.3478552997112274
0.41344016790390015,0.8666375875473022,0.34785374999046326
0.40875646471977234,1.1029949188232422,0.3478524088859558
0.45660004019737244,0.9992846846580505,0.3478510081768036
0.49870532751083374,1.2696505784988403,0.34784960746765137
0.4052262008190155,0.9839088320732117,0.3478480875492096
0.3860829174518585,0.9094840884208679,0.3478465676307678
0.399740606546402,1.0893152952194214,0.3478452265262604
0.4547361731529236,0.80275958776474,0.3478439450263977
0.41014188528060913,1.0787063837051392,0.34784260392189026
0.4308779537677765,1.027930498123169,0.34784096479415894
0.38804152607917786,1.0114288330078125,0.34783950448036194
0.39798614382743835,0.9811398386955261,0.3478383719921112
0.4480259120464325,0.9894450306892395,0.347836971282959
0.3957251012325287,0.898979127407074,0.34783557057380676
0.4161275327205658,1.2691463232040405,0.3478340804576874
0.44066518545150757,0.9360276460647583,0.34783220291137695
0.4368220865726471,1.109818458557129,0.34783050417900085
0.39975714683532715,0.9178853034973145,0.34782910346984863
0.4422610402107239,0.7890947461128235,0.34782788157463074
0.46003440022468567,0.9016738533973694,0.3478264808654785
0.3975244164466858,1.0345710515975952,0.3478251099586487
0.44613105058670044,0.9300092458724976,0.34782344102859497
0.45901039242744446,0.9693543314933777,0.34782174229621887
0.4553292989730835,1.0402363538742065,0.3478200435638428
0.4352920353412628,0.9244681000709534,0.3478185534477234
0.432565301656723,0.8456562161445618,0.3478172719478607
0.4429473876953125,0.8455851674079895,0.34781602025032043
0.43785393238067627,0.8567038178443909,0.34781455993652344
0.43669021129608154,1.0991216897964478,0.3478128910064697
0.41161760687828064,0.8575387001037598,0.34781119227409363
0.41258683800697327,0.9902549982070923,0.3478096127510071
0.43133941292762756,1.0343066453933716,0.34780818223953247
0.45176371932029724,1.1676567792892456,0.3478069305419922
0.4460422694683075,0.912300705909729,0.34780558943748474
0.4175383150577545,0.958558976650238,0.34780430793762207
0.4054374098777771,0.8178203105926514,0.3478027582168579
0.37146300077438354,0.7819852828979492,0.34780120849609375
0.4563805162906647,0.782520592212677,0.34779953956604004
0.42842844128608704,1.0121794939041138,0.34779807925224304
0.4419602155685425,0.9390092492103577,0.34779658913612366
0.3990916311740875,0.9870991110801697,0.3477952182292938
0.4615352153778076,0.7447211742401123,0.3477937579154968
0.38011088967323303,1.1131932735443115,0.34779229760169983
0.5267438292503357,1.034615159034729,0.3477908670902252
0.4415258765220642,0.9254365563392639,0.3477894365787506
0.49361541867256165,1.2217642068862915,0.3477879762649536
0.41841045022010803,0.7900991439819336,0.3477865159511566
0.37199264764785767,1.0070273876190186,0.34778523445129395
0.3681754171848297,1.1610625982284546,0.34778380393981934
0.44928625226020813,1.1293933391571045,0.3477822542190552
0.41814929246902466,0.9046370387077332,0.34778067469596863
0.44806787371635437,0.9657130241394043,0.3477790057659149
0.4543141722679138,0.8763793110847473,0.3477776348590851
0.43445831537246704,0.9182623624801636,0.34777626395225525
0.45953595638275146,0.8143814206123352,0.3477749228477478
0.39315497875213623,1.0430388450622559,0.3477734625339508
0.4296107292175293,0.8454456925392151,0.34777194261550903
0.44849756360054016,0.8873013854026794,0.34777048230171204
0.46488329768180847,0.9203007221221924,0.3477690815925598
0.4326557517051697,0.9026057720184326,0.3477676510810852
0.43349868059158325,0.9800440669059753,0.34776630997657776
0.4170137047767639,0.9196261167526245,0.3477650284767151
0.417155385017395,1.241676926612854,0.3477637469768524
0.4610254466533661,0.8773954510688782,0.3477621376514435
0.4137733280658722,0.8069353103637695,0.34776055812835693
0.43066832423210144,0.850496232509613,0.3477588891983032
0.45731136202812195,1.0363118648529053,0.34775733947753906
0.47968581318855286,0.6577898263931274,0.3477559983730316
0.3895936608314514,0.9644560813903809,0.34775471687316895
0.3862457275390625,0.9831888675689697,0.34775328636169434
0.44239145517349243,1.0522968769073486,0.3477516770362854
0.43873342871665955,1.0761709213256836,0.34774988889694214
0.3851555585861206,0.9552037119865417,0.347748339176178
0.40683597326278687,0.9889209866523743,0.34774690866470337
0.4157916307449341,0.804237961769104,0.3477455675601959
0.4492052495479584,1.013636827468872,0.3477444052696228
0.4382091462612152,0.866910457611084,0.3477429747581482
0.4247642457485199,0.7114963531494141,0.3477414548397064
0.49595123529434204,0.7235227823257446,0.34774017333984375
0.45549753308296204,0.8803573250770569,0.347739040851593
0.42059627175331116,0.9707683324813843,0.34773778915405273
0.43093428015708923,1.0607630014419556,0.3477364480495453
0.4566751718521118,0.8600428104400635,0.34773510694503784
0.40177759528160095,0.9195982813835144,0.3477334976196289
0.46031561493873596,0.9591565728187561,0.3477320373058319
0.4806123375892639,0.8902409672737122,0.3477306365966797
0.4318174719810486,0.7419814467430115,0.34772926568984985
0.47684919834136963,1.019974708557129,0.34772777557373047
0.468443900346756,1.0117777585983276,0.3477262556552887
0.3761078417301178,1.2069590091705322,0.3477243483066559
0.4786956012248993,0.8831570148468018,0.3477226495742798
0.4174848794937134,1.080553412437439,0.3477210998535156
0.40469691157341003,0.7682455778121948,0.3477197587490082
0.42436784505844116,1.0104355812072754,0.3477184772491455
0.4307161867618561,0.8927529454231262,0.3477170169353485
0.44245946407318115,0.8425827026367188,0.34771543741226196
0.44589704275131226,1.0243536233901978,0.3477138578891754
0.45515745878219604,0.8438342213630676,0.3477122187614441
0.4767146706581116,1.0032554864883423,0.3477105498313904
0.4325076639652252,1.2328269481658936,0.34770897030830383
0.4398094713687897,0.8099220991134644,0.347707599401474
0.4531421661376953,1.0813883543014526,0.34770628809928894
0.4542473554611206,0.8625842332839966,0.34770479798316956
0.4699957072734833,0.8240725994110107,0.34770330786705017
0.4285854995250702,0.9177783727645874,0.34770146012306213
0.4346662759780884,1.2508372068405151,0.34769976139068604
0.42117011547088623,1.0709407329559326,0.3476981818675995
0.4302794933319092,0.9818593263626099,0.3476969003677368
0.4772065579891205,0.7588656544685364,0.34769582748413086
0.4856334328651428,1.0978169441223145,0.3476947844028473
0.4464837610721588,1.054760217666626,0.3476933240890503
0.4215106964111328,1.0369218587875366,0.3476916551589966
0.41818422079086304,0.7106162309646606,0.3476898968219757
0.4053168296813965,1.2674320936203003,0.34768837690353394
0.5127061009407043,1.1490076780319214,0.3476870357990265
0.3654865324497223,0.9052269458770752,0.3476860821247101
0.461086630821228,0.9670788049697876,0.34768515825271606
0.4406798481941223,1.3123067617416382,0.3476840555667877
0.4010419249534607,1.2608577013015747,0.3476826548576355
0.47482630610466003,0.8886023759841919,0.3476809859275818
0.4231612980365753,1.076834797859192,0.3476792275905609
0.47424304485321045,1.099610447883606,0.34767773747444153
0.4335891604423523,1.0520087480545044,0.34767651557922363
0.4121568500995636,0.9024093151092529,0.34767553210258484
0.4206283986568451,0.8680052757263184,0.34767448902130127
0.40746253728866577,1.0617117881774902,0.34767329692840576
0.4283103048801422,0.9885228276252747,0.3476718068122864
0.4316438138484955,0.7255290150642395,0.34767019748687744
0.40709617733955383,0.957755982875824,0.34766852855682373
0.45152410864830017,1.1849240064620972,0.3476671874523163
0.42965200543403625,0.8722921013832092,0.3476659655570984
0.40445998311042786,0.92137610912323,0.34766486287117004
0.43231001496315,1.196934700012207,0.347663938999176
0.42579567432403564,1.0333287715911865,0.34766268730163574
0.43328824639320374,0.991361677646637,0.3476612865924835
0.42487651109695435,0.8423658609390259,0.34765979647636414
0.44093239307403564,1.0388083457946777,0.3476582467556
0.41742536425590515,1.1480919122695923,0.3476567566394806
0.38148924708366394,0.8732693791389465,0.34765562415122986
0.43434852361679077,0.940987765789032,0.3476545214653015
0.44160082936286926,1.0068804025650024,0.3476533889770508
0.4957122802734375,1.0800782442092896,0.3476520776748657
0.4204441010951996,0.9589427709579468,0.3476507365703583
0.4835965931415558,0.9123684167861938,0.34764915704727173
0.422375351190567,0.7322179675102234,0.3476475477218628
0.4183809459209442,0.8893998861312866,0.3476460874080658
0.3994549810886383,0.8541702628135681,0.34764471650123596
0.3703606426715851,0.9054160714149475,0.34764325618743896
0.456435889005661,0.7915820479393005,0.3476419150829315
0.41942131519317627,1.0353046655654907,0.34764060378074646
0.4616813063621521,0.9175077080726624,0.34763917326927185
0.41662290692329407,0.7964382171630859,0.3476376533508301
0.4485901892185211,1.1146385669708252,0.3476361036300659
0.41091734170913696,0.9524040818214417,0.34763476252555847
0.4448787569999695,0.8309756517410278,0.347633421421051
0.40378522872924805,0.7284379005432129,0.3476320803165436
0.4443577527999878,0.8372923135757446,0.3476308286190033
0.4282033443450928,0.9555190205574036,0.3476293981075287
0.43904757499694824,0.9137614369392395,0.34762805700302124
0.43153536319732666,0.7748554944992065,0.347626656293869
0.405917763710022,0.6896066069602966,0.347625195980072
0.4993380904197693,0.7522918581962585,0.34762364625930786
0.44455841183662415,1.0736244916915894,0.3476220965385437
0.4456421136856079,1.3048841953277588,0.3476206362247467
0.39134493470191956,1.005462646484375,0.3476191461086273
0.4887116849422455,0.9018359780311584,0.3476178050041199
0.43860557675361633,0.9264826774597168,0.3476164937019348
0.41154539585113525,0.7654489278793335,0.3476150333881378
0.4176919460296631,0.8563382625579834,0.3476136326789856
0.3847726881504059,0.9534675478935242,0.34761208295822144
0.4497923254966736,0.8723244667053223,0.3476106524467468
0.4344780743122101,0.9111306071281433,0.34760916233062744
0.45315444469451904,0.8695404529571533,0.34760764241218567
0.3920106887817383,1.0199004411697388,0.3476060628890991
0.45548567175865173,0.9188845157623291,0.3476046025753021
0.4305131435394287,0.8844571113586426,0.3476031422615051
0.4020599126815796,0.7878182530403137,0.34760162234306335
0.4034608006477356,0.8027019500732422,0.3476000726222992
0.4187058210372925,0.991374671459198,0.3475985527038574
0.44547316431999207,0.8645374774932861,0.34759727120399475
0.46715807914733887,0.867813229560852,0.34759584069252014
0.42880529165267944,0.873540997505188,0.34759455919265747
0.44829124212265015,1.0803762674331665,0.34759312868118286
0.39134564995765686,1.0244725942611694,0.34759169816970825
0.4198874235153198,0.9752227067947388,0.3475904166698456
0.411159873008728,0.9750434756278992,0.34758907556533813
0.47537267208099365,0.8511545658111572,0.3475877344608307
0.44961851835250854,0.724067211151123,0.34758636355400085
0.4030022621154785,0.9495210647583008,0.34758490324020386
0.5153696537017822,0.823352575302124,0.3475832939147949
0.4038476049900055,0.8146381378173828,0.347581684589386
0.4298206865787506,0.8983138799667358,0.3475801944732666
0.39076220989227295,1.0772552490234375,0.347578763961792
0.3706337511539459,0.9952463507652283,0.34757739305496216
0.4036427140235901,0.997417151927948,0.34757617115974426
0.4483596682548523,1.027587652206421,0.34757497906684875
0.44336754083633423,0.8849776387214661,0.347573846578598
0.44315487146377563,0.9174227118492126,0.34757280349731445
0.44052064418792725,0.8697153329849243,0.34757158160209656
0.42297640442848206,0.8502596020698547,0.3475702106952667
0.45594900846481323,1.0012770891189575,0.34756889939308167
0.4223949611186981,0.9131508469581604,0.34756743907928467
0.4291622042655945,0.9977164268493652,0.3475658893585205
0.42969411611557007,0.9871649146080017,0.3475645184516907
0.40408235788345337,0.7039135694503784,0.34756314754486084
0.4357774257659912,0.7589696049690247,0.34756171703338623
0.4352854788303375,1.3256586790084839,0.34756016731262207
0.42923736572265625,0.8242721557617188,0.3475586473941803
0.46259430050849915,1.023716926574707,0.34755709767341614
0.4865328371524811,0.7834466099739075,0.3475554585456848
0.4341523349285126,1.0566864013671875,0.347554087638855
0.3811868727207184,0.7928600311279297,0.34755271673202515
0.46372371912002563,0.8458605408668518,0.34755128622055054
0.3653295040130615,1.112544298171997,0.34755006432533264
0.4127497375011444,0.7338032126426697,0.3475487232208252
0.4747532308101654,0.9057385325431824,0.34754738211631775
0.4620695412158966,0.852860152721405,0.34754592180252075
0.4185934364795685,1.153921365737915,0.34754443168640137
0.4993010461330414,0.9609321355819702,0.34754297137260437
0.44391393661499023,0.9102148413658142,0.3475416898727417
0.4473533034324646,0.799018919467926,0.3475401997566223
0.4145716428756714,1.059792399406433,0.34753870964050293
0.4794519245624542,0.8737252354621887,0.34753724932670593
0.42358604073524475,1.0212390422821045,0.3475356996059418
0.41023898124694824,0.9218626618385315,0.34753432869911194
0.4465089440345764,0.850254237651825,0.3475327491760254
0.36898449063301086,0.9808581471443176,0.34753119945526123
0.3958844542503357,0.9102944135665894,0.3475298285484314
0.4276495575904846,0.913604736328125,0.3475283980369568
0.4463007152080536,1.0206362009048462,0.34752702713012695
0.4382905066013336,0.9386485815048218,0.34752553701400757
0.44429096579551697,1.0630561113357544,0.3475239872932434
0.42021334171295166,1.0175803899765015,0.34752240777015686
0.40629690885543823,0.9264540076255798,0.3475208282470703
0.4037759304046631,0.7969549894332886,0.34751930832862854
0.4590557813644409,0.9067967534065247,0.3475179374217987
0.4658876657485962,0.8772306442260742,0.3475166857242584
0.4467543363571167,0.6866341829299927,0.3475152850151062
0.3802277743816376,1.3154072761535645,0.3475137948989868
0.43842047452926636,0.7115339636802673,0.34751224517822266
0.46668195724487305,0.9066354632377625,0.3475107252597809
0.5047211647033691,0.9336541891098022,0.3475092947483063
0.4517826437950134,1.0216585397720337,0.3475079834461212
0.4129810929298401,1.0012282133102417,0.34750670194625854
0.4676506817340851,0.812239944934845,0.34750527143478394
0.3850814700126648,0.832748532295227,0.34750378131866455
0.4736400544643402,1.1195074319839478,0.3475024104118347
0.4451525807380676,0.7402420043945312,0.3475010097026825
0.40225040912628174,1.117180585861206,0.3474996089935303
0.43386366963386536,0.9256407022476196,0.3474982678890228
0.40445879101753235,1.041532039642334,0.34749698638916016
0.39219823479652405,0.899011492729187,0.34749558568000793
0.41350188851356506,0.8473748564720154,0.3474940359592438
0.41510531306266785,1.0241867303848267,0.3474925756454468
0.445757120847702,0.9898721575737,0.3474911153316498
0.4341917634010315,1.1161231994628906,0.34748974442481995
0.4223867654800415,0.8282922506332397,0.3474883437156677
0.47873654961586,0.9500302672386169,0.3474871516227722
0.44440317153930664,1.1138938665390015,0.34748575091362
0.4258039891719818,0.7584639191627502,0.3474843502044678
0.4128989279270172,0.8908730745315552,0.3474830090999603
0.4276559054851532,0.8760033845901489,0.3474815785884857
0.39933693408966064,1.1881792545318604,0.34748002886772156
0.45474013686180115,1.0020073652267456,0.3474785089492798
0.388181209564209,0.9531664848327637,0.3474769592285156
0.4003655016422272,0.9183924198150635,0.347475528717041
0.42504438757896423,0.8132616877555847,0.34747424721717834
0.34769406914711,0.8858936429023743,0.3474729657173157
0.41004401445388794,0.7809500098228455,0.34747156500816345
0.41919615864753723,0.9473943710327148,0.3474700152873993
0.4144957959651947,0.9191449284553528,0.34746840596199036
0.4495343565940857,0.951438307762146,0.3474668562412262
0.3524917662143707,0.9325856566429138,0.3474653363227844
0.4448889195919037,0.9441210031509399,0.34746384620666504
0.43768876791000366,1.0358420610427856,0.3474622368812561
0.4441126883029938,1.1160001754760742,0.3474607765674591
0.43210357427597046,1.0631382465362549,0.34745922684669495
0.41444456577301025,1.0216976404190063,0.3474579155445099
0.4881141483783722,0.734219491481781,0.3474566340446472
0.4441477954387665,1.044897198677063,0.3474554121494293
0.41166046261787415,0.9087215662002563,0.3474540710449219
0.4554450213909149,1.0022424459457397,0.3474525213241577
0.4314251244068146,0.7802858352661133,0.3474510908126831
0.454950749874115,0.8841206431388855,0.34744951128959656
0.5316457748413086,1.0270013809204102,0.34744805097579956
0.4285625219345093,0.982573390007019,0.3474467098712921
0.41017070412635803,1.0128651857376099,0.3474453389644623
0.45312437415122986,0.9793020486831665,0.34744372963905334
0.4103502035140991,0.8864954710006714,0.347442090511322
0.46532711386680603,0.9157699346542358,0.3474404215812683
0.47968214750289917,0.926374077796936,0.3474388122558594
0.44569751620292664,0.8440241813659668,0.34743732213974
0.3830944001674652,1.0477131605148315,0.34743568301200867
0.4266873896121979,1.0656341314315796,0.34743401408195496
0.4025011360645294,0.8645486235618591,0.3474324345588684
0.39746248722076416,0.9415770769119263,0.34743088483810425
0.4136931598186493,0.8242000937461853,0.3474296033382416
0.4248373210430145,0.8009098768234253,0.3474282920360565
0.39413437247276306,0.924321711063385,0.3474268913269043
0.43153414130210876,0.9200348258018494,0.347425252199173
0.4399551749229431,1.0039840936660767,0.3474235534667969
0.45569366216659546,0.8303771615028381,0.3474217653274536
0.44268402457237244,0.8865182399749756,0.3474201560020447
0.44949644804000854,0.9561423659324646,0.3474186360836029
0.4096921384334564,1.028531789779663,0.3474172353744507
0.3840133249759674,0.7102789282798767,0.3474160134792328
0.40604734420776367,1.087148904800415,0.34741461277008057
0.39705711603164673,1.022184133529663,0.34741300344467163
0.5039977431297302,0.8756502866744995,0.34741124510765076
0.4092574119567871,0.8331729173660278,0.34740951657295227
0.44732603430747986,0.9208307266235352,0.3474079668521881
0.41097205877304077,0.7959819436073303,0.3474067449569702
0.4060034453868866,0.7649429440498352,0.3474055826663971
0.41893768310546875,1.0164469480514526,0.34740450978279114
0.4487694799900055,1.3563368320465088,0.3474031686782837
0.4658770263195038,1.089611291885376,0.3474016785621643
0.45899713039398193,1.0409142971038818,0.34740009903907776
0.4331187307834625,0.88744056224823,0.34739866852760315
0.43312036991119385,0.9464783072471619,0.3473975956439972
0.39869463443756104,1.1725314855575562,0.34739652276039124
0.4734616279602051,0.8895320296287537,0.34739547967910767
0.47486448287963867,0.7847959399223328,0.3473941683769226
0.4347866475582123,0.9387386441230774,0.34739282727241516
0.39872241020202637,0.722388744354248,0.3473914563655853
0.42046812176704407,1.0920469760894775,0.34738999605178833
0.43219488859176636,0.8381646275520325,0.3473886251449585
0.4308878183364868,1.0475022792816162,0.3473873436450958
0.37655699253082275,0.786564826965332,0.347385972738266
0.49631521105766296,0.7833287119865417,0.3473846912384033
0.39649447798728943,0.9583014845848083,0.3473832607269287
0.4238254427909851,0.913560688495636,0.3473818004131317
0.43718984723091125,0.9883683919906616,0.3473804295063019
0.4090648591518402,1.017789363861084,0.3473789095878601
0.4431876242160797,0.9497982859611511,0.34737733006477356
0.45395761728286743,0.9589648842811584,0.34737589955329895
0.4620959460735321,0.9006450772285461,0.3473745882511139
0.42102718353271484,0.8661840558052063,0.347373366355896
0.45585426688194275,0.9519964456558228,0.3473719358444214
0.4569847285747528,0.7139979004859924,0.3473704755306244
0.46935752034187317,0.8528671264648438,0.34736886620521545
0.40725788474082947,0.8480318784713745,0.34736722707748413
0.48328158259391785,1.0500210523605347,0.3473655581474304
0.4022250175476074,0.8242772817611694,0.3473638594150543
0.4455997347831726,0.9455440640449524,0.3473624885082245
0.423041969537735,0.7983615398406982,0.34736114740371704
0.3686274588108063,0.817725419998169,0.34735995531082153
0.4526282548904419,0.9910140633583069,0.347358763217926
0.36946916580200195,0.7441365718841553,0.34735730290412903
0.412555992603302,1.011910319328308,0.3473556339740753
0.4596356153488159,1.0509802103042603,0.34735387563705444
0.4380572736263275,1.0680599212646484,0.3473522663116455
0.4328978657722473,1.0456116199493408,0.34735095500946045
0.43040192127227783,0.9680009484291077,0.34734973311424255
0.4241175651550293,1.1720832586288452,0.34734871983528137
0.4181423485279083,0.9933054447174072,0.3473474979400635
0.415427565574646,1.1073116064071655,0.3473460376262665
0.4800933003425598,0.9728612303733826,0.34734439849853516
0.37188658118247986,0.9763059616088867,0.347342848777771
0.4354887306690216,1.1217268705368042,0.34734129905700684
0.41567710041999817,0.7897506952285767,0.3473399877548218
0.42110151052474976,1.024943470954895,0.3473387062549591
0.4713972508907318,1.1609410047531128,0.3473376929759979
0.43471693992614746,0.5973304510116577,0.3473363220691681
0.42167752981185913,0.9495375752449036,0.34733498096466064
0.38090696930885315,0.9517282247543335,0.34733352065086365
0.4721698760986328,0.9156384468078613,0.3473321795463562
0.3979555368423462,1.1021413803100586,0.34733086824417114
0.4189205765724182,0.9081165194511414,0.34732940793037415
0.4222041368484497,0.9685116410255432,0.3473280668258667
0.4237905740737915,0.8999704122543335,0.34732702374458313
0.43454214930534363,0.7986565232276917,0.3473258316516876
0.49376434087753296,0.70728600025177,0.34732455015182495
0.45366576313972473,0.9398494362831116,0.34732311964035034
0.46080702543258667,0.9051511883735657,0.3473215103149414
0.38782358169555664,0.8552863597869873,0.34731996059417725
0.4098242223262787,0.9591933488845825,0.3473183810710907
0.4061307907104492,1.025283694267273,0.3473168611526489
0.4609585106372833,0.8519035577774048,0.3473154902458191
0.4283517301082611,0.8894757032394409,0.34731414914131165
0.4207373857498169,0.8793843984603882,0.3473127484321594
0.4460609257221222,0.9835540652275085,0.34731119871139526
0.4002333879470825,0.8604729175567627,0.34730973839759827
0.38182520866394043,0.9283949136734009,0.34730827808380127
0.4090372622013092,1.1468214988708496,0.3473066985607147
0.4227505326271057,1.0973520278930664,0.3473052680492401
0.461667001247406,0.9233167767524719,0.34730395674705505
0.4471723139286041,0.9864832162857056,0.3473026752471924
0.377648264169693,1.0365232229232788,0.34730133414268494
0.41315901279449463,0.9746357202529907,0.3472999036312103
0.44673067331314087,0.9108076691627502,0.34729844331741333
0.40984755754470825,0.9479368329048157,0.3472971022129059
0.3869900405406952,1.0736241340637207,0.34729573130607605
0.40990766882896423,0.9425336122512817,0.34729430079460144
0.3917734920978546,0.9386861324310303,0.3472929000854492
0.33310720324516296,0.8970538973808289,0.34729158878326416
0.3976079523563385,1.0677988529205322,0.3472902178764343
0.4234667122364044,1.0644135475158691,0.34728866815567017
0.42756620049476624,0.7736350893974304,0.3472870886325836
0.4395220875740051,0.9141817688941956,0.34728559851646423
0.44445082545280457,0.9708181023597717,0.34728431701660156
0.4046759307384491,0.7647016048431396,0.34728294610977173
0.4315357208251953,0.906628429889679,0.347281813621521
0.42665618658065796,1.0261969566345215,0.3472805619239807
0.44702619314193726,1.0400477647781372,0.34727922081947327
0.44724708795547485,1.1152467727661133,0.34727776050567627
0.47681593894958496,1.0441588163375854,0.34727609157562256
0.46192556619644165,0.9370427131652832,0.3472744822502136
0.3802773952484131,1.1128215789794922,0.3472730219364166
0.41610628366470337,0.8731116652488708,0.3472716212272644
0.43225547671318054,1.0472831726074219,0.3472703695297241
0.5003042221069336,0.8781895041465759,0.3472690284252167
0.3690585196018219,0.9461461305618286,0.3472674489021301
0.4182881712913513,1.1619080305099487,0.34726575016975403
0.32967525720596313,1.2178641557693481,0.34726428985595703
0.43277639150619507,0.839154839515686,0.34726274013519287
0.43396759033203125,1.0744285583496094,0.34726136922836304
0.4074254631996155,1.0416263341903687,0.34726014733314514
0.37941089272499084,0.9681006669998169,0.34725868701934814
0.39859244227409363,0.8537227511405945,0.34725725650787354
0.4138946533203125,0.914075493812561,0.34725576639175415
0.43891334533691406,0.7907192707061768,0.34725406765937805
0.41864532232284546,0.8489733934402466,0.3472525477409363
0.3706721365451813,0.9337183237075806,0.34725093841552734
0.4228862226009369,0.9064118266105652,0.34724947810173035
0.4776898920536041,0.8523521423339844,0.34724801778793335
0.41412946581840515,0.847029447555542,0.34724655747413635
0.42710959911346436,0.8320668339729309,0.34724512696266174
0.4044024646282196,1.0294277667999268,0.34724363684654236
0.44762182235717773,0.8533562421798706,0.34724199771881104
0.399585485458374,0.8494518995285034,0.34724029898643494
0.4075091481208801,1.0175669193267822,0.3472387492656708
0.36704787611961365,1.0353032350540161,0.347237229347229
0.3999098241329193,0.9504740238189697,0.3472358286380768
0.45674818754196167,0.8886447548866272,0.34723448753356934
0.40072542428970337,0.8520321846008301,0.3472330868244171
0.4594537913799286,0.911615252494812,0.34723156690597534
0.4011456072330475,1.005137324333191,0.3472299575805664
0.3944868743419647,1.003973364830017,0.34722840785980225
0.43237772583961487,0.9757067561149597,0.34722700715065
0.4012035131454468,0.9218993782997131,0.34722548723220825
0.4690345227718353,0.828417956829071,0.3472241163253784
0.4099443852901459,0.9031954407691956,0.34722286462783813
0.46038520336151123,1.1242573261260986,0.3472214341163635
0.45161592960357666,0.9789136648178101,0.34721988439559937
0.41696006059646606,0.8781866431236267,0.3472180664539337
0.44370055198669434,1.0094108581542969,0.3472163677215576
0.41866523027420044,0.8240964412689209,0.347214937210083
0.47207626700401306,0.9420984983444214,0.3472136855125427
0.44178518652915955,0.9721261858940125,0.34721243381500244
0.42966777086257935,0.7905246615409851,0.347211092710495
0.4019453823566437,0.8663690090179443,0.3472098410129547
0.4062911570072174,0.8359384536743164,0.34720849990844727
0.4276306927204132,0.8934792280197144,0.34720709919929504
0.41698309779167175,0.9882687926292419,0.34720563888549805
0.44178643822669983,0.949760913848877,0.34720438718795776
0.40456587076187134,0.7143154740333557,0.3472031056880951
0.44536665081977844,0.8694425225257874,0.3472018837928772
0.43330061435699463,0.734764039516449,0.34720057249069214
0.45364537835121155,0.8303926587104797,0.3471992313861847
0.4633479118347168,1.0672523975372314,0.34719786047935486
0.41214650869369507,0.9316059350967407,0.347196489572525
0.40237006545066833,0.9096724987030029,0.34719493985176086
0.40685638785362244,0.936648428440094,0.34719327092170715
0.43039458990097046,0.8299596905708313,0.347191721200943
0.4512542486190796,0.8017380237579346,0.34719035029411316
0.39571383595466614,0.9017322063446045,0.3471890091896057
0.36988288164138794,0.9794062972068787,0.3471875786781311
0.41545355319976807,1.141116738319397,0.3471861779689789
0.4397006928920746,1.106584072113037,0.3471847474575043
0.37322860956192017,0.7931562066078186,0.3471832573413849
0.468374103307724,0.9479914307594299,0.34718194603919983
0.4182893633842468,0.8602162003517151,0.34718072414398193
0.39097997546195984,1.0133734941482544,0.34717950224876404
0.5030751824378967,1.0342023372650146,0.34717831015586853
0.427581250667572,0.8241221308708191,0.3471768796443939
0.45976224541664124,0.9599453806877136,0.347175270318985
0.43718189001083374,0.8924781084060669,0.3471737205982208
0.43424171209335327,1.138267993927002,0.3471721410751343
0.44692352414131165,0.813753068447113,0.3471703827381134
0.45128896832466125,0.8605748414993286,0.3471689522266388
0.3936704695224762,1.0068439245224,0.34716737270355225
0.3948008716106415,1.0401368141174316,0.3471657335758209
0.3887123763561249,0.9622126221656799,0.34716418385505676
0.48189347982406616,1.0369125604629517,0.34716275334358215
0.41548383235931396,0.9596518874168396,0.34716129302978516
0.4770897626876831,0.7879104614257812,0.34715980291366577
0.4413730502128601,1.0564593076705933,0.3471583425998688
0.41749000549316406,0.7624292373657227,0.3471567630767822
0.43606245517730713,0.9665862917900085,0.34715521335601807
0.4248093068599701,0.8190733790397644,0.3471534550189972
0.36476027965545654,0.9016412496566772,0.34715205430984497
0.4295136034488678,0.8448767066001892,0.3471507430076599
0.47028204798698425,0.909342348575592,0.3471493124961853
0.4172394573688507,0.8511483669281006,0.34714794158935547
0.4248715937137604,0.9569698572158813,0.3471466898918152
0.4376251995563507,0.8335710763931274,0.34714534878730774
0.4722321927547455,0.8811169266700745,0.34714391827583313
0.4274578392505646,0.8522742986679077,0.3471425473690033
0.41162237524986267,0.9854733943939209,0.3471412658691406
0.4284322261810303,0.9156589508056641,0.3471401035785675
0.42763784527778625,1.0245895385742188,0.3471388518810272
0.4314357340335846,1.1526871919631958,0.34713760018348694
0.43626320362091064,0.8517360091209412,0.3471362590789795
0.41534778475761414,0.841566801071167,0.3471347689628601
0.39886894822120667,0.8031949996948242,0.3471333682537079
0.4145503640174866,0.8289953470230103,0.34713202714920044
0.4481135606765747,0.8529166579246521,0.34713098406791687
0.40985679626464844,0.8593910336494446,0.347129762172699
0.3962383270263672,0.7865945100784302,0.3471284806728363
0.396969735622406,1.0673558712005615,0.3471270799636841
0.4100467562675476,0.8575606942176819,0.34712547063827515
0.3955729305744171,0.8886542916297913,0.3471241295337677
0.4050256907939911,0.9976135492324829,0.3471229076385498
0.4774530827999115,1.1275769472122192,0.3471217453479767
0.47196346521377563,1.1096376180648804,0.3471205234527588
0.4185561239719391,0.9667332768440247,0.34711921215057373
0.42836901545524597,0.8387376666069031,0.34711796045303345
0.48567694425582886,0.9916790127754211,0.3471165895462036
0.43275004625320435,1.313364028930664,0.3471151888370514
0.38621288537979126,0.9414619207382202,0.3471137285232544
0.4028455913066864,1.1318111419677734,0.347112238407135
0.47411736845970154,0.9197826981544495,0.3471108675003052
0.4656743109226227,1.0129623413085938,0.34710946679115295
0.4303816556930542,0.8575554490089417,0.3471081852912903
0.4486050307750702,1.0787705183029175,0.34710684418678284
0.42442137002944946,1.0403331518173218,0.34710538387298584
0.4155222177505493,0.9152293801307678,0.3471038043498993
0.39533644914627075,1.1403230428695679,0.34710225462913513
0.44528812170028687,0.8032698035240173,0.3471009135246277
0.44414615631103516,0.8694470524787903,0.34709975123405457
0.4182637631893158,0.874150276184082,0.3470984399318695
0.40512529015541077,1.0941559076309204,0.34709709882736206
0.44485926628112793,1.0193299055099487,0.3470955491065979
0.47550684213638306,0.7513114213943481,0.34709376096725464
0.44679486751556396,0.9731440544128418,0.34709203243255615
0.45149359107017517,1.0693286657333374,0.347090482711792
0.4200471341609955,1.1217607259750366,0.34708914160728455
0.43088987469673157,0.9328104853630066,0.3470877707004547
0.43670859932899475,1.1361969709396362,0.3470863103866577
0.46286123991012573,0.97227942943573,0.3470848500728607
0.3726966083049774,0.8662310838699341,0.34708353877067566
0.39833196997642517,0.933891773223877,0.3470821678638458
0.3853903114795685,0.7864593863487244,0.34708085656166077
0.4210282564163208,0.8459391593933105,0.34707966446876526
0.4219963848590851,1.1328283548355103,0.34707844257354736
0.40301185846328735,0.7894788384437561,0.3470771908760071
0.42509588599205017,1.2146756649017334,0.3470757305622101
0.3970470428466797,0.8254748582839966,0.34707406163215637
0.3695751428604126,0.8545089364051819,0.3470726013183594
0.42566224932670593,1.0024288892745972,0.3470710515975952
0.40618500113487244,0.9695671796798706,0.34706956148147583
0.4149693548679352,0.9229750633239746,0.34706833958625793
0.41945743560791016,0.7831584811210632,0.34706711769104004
0.4634091556072235,0.8421981930732727,0.3470657467842102
0.41986942291259766,1.1282929182052612,0.3470642864704132
0.38965150713920593,1.1731780767440796,0.34706273674964905
0.46168002486228943,1.096934199333191,0.3470610976219177
0.4085351526737213,1.0020391941070557,0.3470597267150879
0.4402339458465576,0.832024097442627,0.34705862402915955
0.47013935446739197,0.8208845257759094,0.3470574915409088
0.47932156920433044,0.9475108981132507,0.3470562696456909
0.3995538651943207,1.246537685394287,0.3470548093318939
0.44784849882125854,0.9352911710739136,0.3470532298088074
0.45655515789985657,1.0835082530975342,0.3470516502857208
0.48961448669433594,1.1344339847564697,0.34705018997192383
0.41434553265571594,0.8738278150558472,0.3470487594604492
0.4034055471420288,1.124779224395752,0.34704750776290894
0.4181385338306427,0.9115868210792542,0.3470463454723358
0.44082608819007874,0.9568899273872375,0.34704509377479553
0.4189359247684479,1.0317273139953613,0.3470436930656433
0.42792782187461853,0.8931437730789185,0.3470422327518463
0.41557013988494873,1.1741077899932861,0.34704065322875977
0.5109640955924988,0.9903400540351868,0.34703925251960754
0.453555703163147,1.0309278964996338,0.3470379114151001
0.41621091961860657,0.836741030216217,0.3470366299152374
0.42085352540016174,0.9750880599021912,0.3470354676246643
0.4039762020111084,0.8929871320724487,0.3470342755317688
0.4310015141963959,0.8914510607719421,0.34703299403190613
0.39613738656044006,0.911880612373352,0.3470315635204315
0.4003879427909851,0.8981879353523254,0.3470302224159241
0.42439889907836914,0.8865426778793335,0.3470287621021271
0.39773139357566833,0.7327980995178223,0.34702739119529724
0.41737160086631775,0.9035527110099792,0.3470260500907898
0.44776856899261475,0.8412759900093079,0.34702473878860474
0.43362364172935486,0.9259651303291321,0.3470233678817749
0.43017157912254333,1.0493673086166382,0.3470218777656555
0.43235576152801514,0.8715380430221558,0.3470202088356018
0.3365263342857361,0.8121157884597778,0.3470185101032257
0.45995691418647766,1.001914620399475,0.34701699018478394
0.4462069571018219,0.8525791764259338,0.34701573848724365
0.3928937315940857,0.8959611058235168,0.3470143973827362
0.4276646673679352,0.9009115099906921,0.34701305627822876
0.45624351501464844,0.9183329343795776,0.3470115661621094
0.48855695128440857,0.879593551158905,0.3470099866390228
0.45253944396972656,0.918131411075592,0.3470083177089691
0.4040674567222595,0.8439242243766785,0.34700676798820496
0.4034661650657654,0.8081477880477905,0.3470053970813751
0.4554257392883301,1.0597779750823975,0.34700408577919006
0.5035266280174255,1.223900318145752,0.3470028340816498
0.45120885968208313,1.06277596950531,0.34700149297714233
0.4206067621707916,0.9688727855682373,0.3470001220703125
0.4504457712173462,0.7063015103340149,0.3469986319541931
0.4260106682777405,0.8322458267211914,0.3469971716403961
0.46992698311805725,0.955629825592041,0.3469957113265991
0.4229656755924225,0.9967971444129944,0.34699440002441406
0.49804723262786865,0.848277747631073,0.346993088722229
0.39525726437568665,0.8114618062973022,0.34699174761772156
0.40553754568099976,0.839465320110321,0.34699034690856934
0.42834165692329407,0.8616071343421936,0.3469889760017395
0.4034630358219147,0.7566568851470947,0.34698742628097534
0.3995780348777771,0.8786892890930176,0.3469860851764679
0.38157516717910767,0.7638327479362488,0.3469848334789276
0.4406844675540924,0.9228683114051819,0.34698373079299927
0.4414104223251343,1.1225203275680542,0.34698259830474854
0.3932115137577057,0.9255057573318481,0.3469811975955963
0.4543866515159607,1.0193849802017212,0.34697988629341125
0.4061073958873749,0.9614911079406738,0.3469786047935486
0.4675596058368683,0.8448173403739929,0.3469773828983307
0.45533880591392517,0.8675814867019653,0.34697625041007996
0.3891441226005554,0.9623972177505493,0.34697505831718445
0.42096617817878723,1.2687124013900757,0.3469737470149994
0.4701419770717621,0.7957814335823059,0.34697240591049194
0.42232269048690796,0.8190873265266418,0.3469710350036621
0.4472702741622925,0.9241234064102173,0.3469698131084442
0.4797934591770172,0.8607863783836365,0.34696847200393677
0.45959338545799255,0.8562501668930054,0.34696701169013977
0.4232170879840851,0.9585462808609009,0.3469655215740204
0.4153757095336914,1.2622491121292114,0.3469639718532562
0.3933906555175781,0.9217302203178406,0.3469625413417816
0.398234486579895,0.9122619032859802,0.3469611704349518
0.4672242999076843,0.9765108823776245,0.34695982933044434
0.4030037522315979,0.8474125862121582,0.3469583988189697
0.4076113700866699,0.8698369860649109,0.34695693850517273
0.47286415100097656,0.80202716588974,0.34695541858673096
0.43621885776519775,0.7904729843139648,0.3469541072845459
0.42477765679359436,0.9664721488952637,0.346952885389328
0.4629402756690979,0.9161699414253235,0.34695151448249817
0.4300186038017273,1.2131187915802002,0.34695008397102356
0.4113764762878418,0.8812997341156006,0.3469485938549042
0.45193877816200256,0.9234071373939514,0.34694704413414
0.3813791573047638,1.1174787282943726,0.346945583820343
0.4082362651824951,0.6997606754302979,0.34694403409957886
0.41791069507598877,0.976241409778595,0.3469425439834595
0.4095540940761566,0.8404728770256042,0.34694117307662964
0.45331138372421265,0.8099488615989685,0.3469397723674774
0.39787760376930237,1.0106253623962402,0.3469383120536804
0.39535635709762573,1.0856915712356567,0.3469366431236267
0.43043288588523865,0.7684534788131714,0.3469350337982178
0.44054728746414185,1.2523342370986938,0.3469333350658417
0.4166576564311981,1.0258333683013916,0.3469320237636566
0.3856997489929199,0.8355115652084351,0.3469308614730835
0.48557406663894653,0.8658427000045776,0.34692978858947754
0.44279035925865173,0.9437803030014038,0.3469284474849701
0.47751501202583313,1.0136091709136963,0.34692683815956116
0.40125608444213867,0.9089171886444092,0.3469250798225403
0.38760173320770264,0.8639698624610901,0.34692350029945374
0.4684373438358307,1.0294411182403564,0.3469218611717224
0.433663934469223,0.8901007771492004,0.34692054986953735
0.4274663031101227,0.8481706380844116,0.3469194173812866
0.4313610792160034,0.9043463468551636,0.3469182848930359
0.4285701513290405,1.3693082332611084,0.34691697359085083
0.494668185710907,1.073551058769226,0.3469153046607971
0.4148755967617035,1.0215790271759033,0.3469133973121643
0.4184379577636719,0.9502924084663391,0.3469116985797882
0.3786357045173645,1.1910696029663086,0.3469102382659912
0.43683889508247375,0.9279493689537048,0.3469090759754181
0.45060011744499207,0.7535356283187866,0.34690818190574646
0.43320590257644653,1.198707938194275,0.3469071090221405
0.42636993527412415,1.043389081954956,0.3469059467315674
0.4228442311286926,0.9649951457977295,0.3469044268131256
0.5266380310058594,1.1500883102416992,0.3469027876853943
0.4131278395652771,1.0174812078475952,0.34690117835998535
0.38818007707595825,1.047202467918396,0.3468998074531555
0.4252130687236786,0.8677878975868225,0.3468987047672272
0.40428707003593445,0.8190889954566956,0.3468976616859436
0.40101897716522217,0.897409200668335,0.34689655900001526
0.4305878281593323,0.9050408601760864,0.3468952178955078
0.3686875104904175,0.7688741683959961,0.346893846988678
0.3828301429748535,0.9476121664047241,0.34689247608184814
0.46044525504112244,0.8376032114028931,0.3468911349773407
0.4361613094806671,0.9056509733200073,0.3468897342681885
0.4194471538066864,0.9084845781326294,0.34688836336135864
0.4081806540489197,0.8294504880905151,0.3468870222568512
0.4095360040664673,0.9538866877555847,0.346885621547699
0.42883235216140747,0.7345201373100281,0.34688419103622437
0.3880992829799652,0.8996655941009521,0.34688282012939453
0.4288785457611084,0.8763412237167358,0.346881628036499
0.41329142451286316,1.0288010835647583,0.3468802273273468
0.44894498586654663,1.0379745960235596,0.3468787968158722
0.4646643102169037,0.785930335521698,0.34687721729278564
0.40075117349624634,1.0503394603729248,0.34687578678131104
0.4164327085018158,1.2311087846755981,0.3468742072582245
0.45541301369667053,0.9772061109542847,0.3468726575374603
0.4542239308357239,0.9672714471817017,0.34687140583992004
0.43382835388183594,1.0090738534927368,0.34687018394470215
0.40269067883491516,0.9907097816467285,0.3468688428401947
0.419650137424469,1.0262171030044556,0.34686747193336487
0.4852958619594574,0.8243299126625061,0.34686580300331116
0.42341217398643494,1.0558620691299438,0.34686410427093506
0.45212310552597046,0.9480758905410767,0.34686240553855896
0.4495241343975067,1.0494329929351807,0.34686076641082764
0.4227898418903351,0.8817076683044434,0.3468594253063202
0.4050212800502777,0.837161123752594,0.346858412027359
0.4026291072368622,0.736674427986145,0.34685733914375305
0.41484397649765015,1.1094540357589722,0.34685611724853516
0.3983123302459717,0.9495612382888794,0.34685492515563965
0.41921359300613403,0.8826822638511658,0.3468533456325531
0.43732601404190063,1.045586109161377,0.34685197472572327
0.4463253617286682,0.839705765247345,0.34685054421424866
0.41214698553085327,1.0727931261062622,0.3468495309352875
0.45340070128440857,0.7560483813285828,0.34684857726097107
0.4626932442188263,1.0693943500518799,0.34684762358665466
0.41668787598609924,1.125015377998352,0.34684649109840393
0.43957948684692383,0.9417905211448669,0.3468451499938965
0.4415341019630432,1.1074823141098022,0.34684380888938904
0.3917810022830963,0.7970383763313293,0.3468422591686249
0.40566354990005493,1.0192973613739014,0.34684067964553833
0.4249735176563263,0.9629005789756775,0.34683921933174133
0.42858725786209106,0.8258089423179626,0.3468380868434906
0.4418763220310211,0.8088461756706238,0.34683695435523987
0.4529155194759369,1.0909754037857056,0.3468358516693115
0.45989710092544556,0.9764278531074524,0.3468344807624817
0.43338727951049805,0.8331853151321411,0.3468330204486847
0.4737083315849304,0.74449223279953,0.34683147072792053
0.40546610951423645,0.8737382888793945,0.34683001041412354
0.45655906200408936,0.8863608837127686,0.34682849049568176
0.43938276171684265,0.8712396621704102,0.34682708978652954
0.4049740433692932,1.210292100906372,0.34682580828666687
0.4456104040145874,0.8725041747093201,0.34682467579841614
0.37645643949508667,0.9300047159194946,0.34682339429855347
0.3770225942134857,0.7670127153396606,0.346822053194046
0.46378180384635925,0.6384552121162415,0.3468207120895386
0.45643866062164307,0.9297056198120117,0.34681934118270874
0.43880560994148254,0.8242146968841553,0.34681788086891174
0.40728721022605896,0.828400194644928,0.34681639075279236
0.4591788053512573,0.9386817812919617,0.3468150496482849
0.42159026861190796,1.0112336874008179,0.3468136191368103
0.41419127583503723,0.8647948503494263,0.34681224822998047
0.46700116991996765,0.9764938950538635,0.34681087732315063
0.3761610984802246,0.9051582217216492,0.346809446811676
0.44593366980552673,1.0058330297470093,0.3468080163002014
0.48598548769950867,0.6916739344596863,0.3468065559864044
0.39752113819122314,1.0712467432022095,0.34680506587028503
0.4245845675468445,0.7482725381851196,0.3468035161495209
0.5531532764434814,0.8710082173347473,0.3468019366264343
0.41103628277778625,0.7075477838516235,0.3468005955219269
0.4245210289955139,0.9505106806755066,0.3467993140220642
0.4179932177066803,0.8718474507331848,0.346797913312912
0.3732840120792389,0.6995925903320312,0.346796452999115
0.4185348451137543,1.0308789014816284,0.34679508209228516
0.40355122089385986,0.8569450378417969,0.3467938303947449
0.38855209946632385,0.7288920879364014,0.34679269790649414
0.4560248851776123,0.8601697683334351,0.3467916250228882
0.3949597179889679,0.8696976900100708,0.34679049253463745
0.46508681774139404,0.7679283022880554,0.3467893600463867
0.40174171328544617,1.082900047302246,0.3467881381511688
0.4249628484249115,0.8855264782905579,0.34678664803504944
0.4423482418060303,0.7642976641654968,0.3467852473258972
0.4653976261615753,0.7621033787727356,0.34678375720977783
0.5083149671554565,0.8837738037109375,0.34678247570991516
0.4108875095844269,1.0294936895370483,0.3467811346054077
0.4003443717956543,0.8085387349128723,0.3467797040939331
0.404111385345459,0.8558384776115417,0.3467784523963928
0.4165487289428711,0.9566026926040649,0.3467770218849182
0.36909008026123047,0.991260826587677,0.3467755615711212
0.3834210932254791,0.8823876976966858,0.34677430987358093
0.4491824209690094,1.039563775062561,0.34677278995513916
0.45959335565567017,0.9385815262794495,0.3467714786529541
0.41434577107429504,1.2429776191711426,0.3467702865600586
0.439655065536499,0.726658821105957,0.34676918387413025
0.4610629081726074,0.7006800770759583,0.3467681407928467
0.39653587341308594,0.7394278645515442,0.3467668890953064
0.48056575655937195,0.8361276984214783,0.3467656075954437
0.4404838979244232,0.8726236820220947,0.34676429629325867
0.4505326747894287,0.7664874196052551,0.34676286578178406
0.47338569164276123,0.8019638657569885,0.34676140546798706
0.43283993005752563,0.820895254611969,0.34675976634025574
0.42103931307792664,0.9192959666252136,0.34675830602645874
0.451518177986145,0.9286704659461975,0.3467569053173065
0.4153127074241638,0.8249132037162781,0.34675559401512146
0.4625896215438843,0.9607528448104858,0.346754252910614
0.38246726989746094,0.9532068967819214,0.34675297141075134
0.44144487380981445,0.9306539297103882,0.3467516303062439
0.3988233208656311,0.8487624526023865,0.3467501997947693
0.38604041934013367,1.1455943584442139,0.3467486500740051
0.40000641345977783,0.7988173961639404,0.34674757719039917
0.4660952687263489,0.9017597436904907,0.3467463552951813
0.42094141244888306,0.7770389318466187,0.34674525260925293
0.4502943456172943,0.9018608927726746,0.3467441201210022
0.41952604055404663,0.9123217463493347,0.34674277901649475
0.42089414596557617,0.9857596755027771,0.34674131870269775
0.4427556097507477,0.8851634860038757,0.3467397391796112
0.42556333541870117,0.9443171620368958,0.34673818945884705
0.42049965262413025,0.8921195864677429,0.34673672914505005
0.42984458804130554,0.923710286617279,0.3467353582382202
0.39852720499038696,0.8521378636360168,0.34673401713371277
0.45635709166526794,1.0248169898986816,0.3467327654361725
0.3962213099002838,1.0916012525558472,0.3467312157154083
0.4592359960079193,0.8812205195426941,0.3467298448085785
0.4527002274990082,0.8096941709518433,0.34672853350639343
0.4347207248210907,0.7121127247810364,0.34672707319259644
0.4058368504047394,0.7623684406280518,0.346725732088089
0.43571943044662476,0.8758701086044312,0.34672436118125916
0.43042755126953125,0.7574276328086853,0.34672310948371887
0.4389336407184601,0.7889905571937561,0.346721887588501
0.43484950065612793,1.0162116289138794,0.34672048687934875
0.49030837416648865,0.7917059659957886,0.3467189073562622
0.4197818636894226,0.8183700442314148,0.3467171788215637
0.4113861620426178,0.9567468762397766,0.34671542048454285
0.4527333080768585,1.1269863843917847,0.3467138111591339
0.40077072381973267,0.960804283618927,0.34671226143836975
0.4730757176876068,0.9920276999473572,0.34671103954315186
0.39822471141815186,0.8760615587234497,0.3467099070549011
0.4559485614299774,1.1246953010559082,0.3467084765434265
0.4034290909767151,0.83071368932724,0.3467067778110504
0.4011875092983246,1.2031899690628052,0.3467049300670624
0.4513714611530304,0.9455097913742065,0.34670326113700867
0.3656119108200073,0.9144060611724854,0.3467019498348236
0.40369006991386414,1.2578048706054688,0.3467006981372833
0.4446145296096802,0.8247271180152893,0.34669971466064453
0.4074819087982178,0.7976077795028687,0.34669843316078186
0.42786380648612976,1.0673778057098389,0.34669700264930725
0.42618128657341003,0.9440443515777588,0.34669554233551025
0.45204153656959534,0.9870163798332214,0.34669405221939087
0.42417433857917786,1.0817047357559204,0.34669262170791626
0.41375869512557983,0.8085042834281921,0.3466912806034088
0.42482897639274597,0.9986798763275146,0.3466901183128357
0.494669646024704,0.8948595523834229,0.3466888964176178
0.42332732677459717,0.7891740798950195,0.34668758511543274
0.38572630286216736,0.863253653049469,0.34668609499931335
0.4446660280227661,0.809126079082489,0.3466845750808716
0.3844379484653473,0.7176670432090759,0.34668320417404175
0.4270721971988678,0.7892507314682007,0.3466818332672119
0.43947744369506836,0.8525624871253967,0.34668058156967163
0.3787969946861267,0.7121303677558899,0.34667935967445374
0.4128110408782959,0.8617828488349915,0.3466780483722687
0.39084991812705994,1.0752063989639282,0.34667667746543884
0.37266460061073303,1.0557631254196167,0.34667521715164185
0.431522011756897,0.9095887541770935,0.3466736674308777
0.40696561336517334,1.0411036014556885,0.3466721773147583
0.4364326298236847,0.8319970369338989,0.34667086601257324
0.4025954604148865,0.9570081830024719,0.3466694951057434
0.43698424100875854,0.8801836371421814,0.3466683030128479
0.410006582736969,1.070068359375,0.34666702151298523
0.43953996896743774,0.8705574870109558,0.34666556119918823
0.4213038682937622,0.9910759925842285,0.3466638922691345
0.44208037853240967,0.7898774147033691,0.34666213393211365
0.41190358996391296,0.9660099744796753,0.34666043519973755
0.3861812651157379,0.8984543681144714,0.34665894508361816
0.4761567711830139,0.8441919684410095,0.3466576337814331
0.46042919158935547,1.0097490549087524,0.3466564118862152
0.44870635867118835,0.7808688879013062,0.3466551601886749
0.3988470733165741,0.6421074271202087,0.34665367007255554
0.47160154581069946,1.05256187915802,0.34665223956108093
0.4463236927986145,0.9630305171012878,0.3466506898403168
0.4358200430870056,1.0301555395126343,0.34664931893348694
0.44271597266197205,1.0730680227279663,0.3466479778289795
0.38804593682289124,0.7813292741775513,0.34664663672447205
0.3950696587562561,0.7651947736740112,0.34664538502693176
0.3948517441749573,0.8943696618080139,0.34664416313171387
0.42021670937538147,0.9328318238258362,0.34664276242256165
0.4947028160095215,0.7131512761116028,0.3466412127017975
0.42978334426879883,0.9312608242034912,0.3466397523880005
0.4447351098060608,0.9631961584091187,0.3466383218765259
0.4714486300945282,0.6616795659065247,0.34663695096969604
0.42085981369018555,1.0094316005706787,0.3466358184814453
0.4454050362110138,0.9085371494293213,0.34663456678390503
0.3730960786342621,1.17523992061615,0.34663325548171997
0.472534716129303,0.8073139786720276,0.3466319143772125
0.3806835114955902,1.0030853748321533,0.3466304838657379
0.4594886004924774,0.8450772166252136,0.34662914276123047
0.40756967663764954,0.8468912839889526,0.3466278314590454
0.4151659309864044,0.8317112326622009,0.3466264307498932
0.4770030081272125,0.949382483959198,0.34662505984306335
0.43799102306365967,0.7951585650444031,0.3466239273548126
0.45381444692611694,1.112156867980957,0.3466227054595947
0.38697513937950134,0.7880920767784119,0.34662121534347534
0.420840859413147,0.8932942748069763,0.346619576215744
0.5147740840911865,1.0093895196914673,0.34661799669265747
0.4604843854904175,0.849178671836853,0.3466167449951172
0.43904897570610046,0.8707897663116455,0.34661564230918884
0.37564578652381897,0.8900705575942993,0.3466143012046814
0.44149816036224365,0.7479616403579712,0.3466130495071411
0.40988266468048096,0.9298005104064941,0.3466116786003113
0.4354470670223236,0.8183689713478088,0.34661027789115906
0.4062969982624054,1.0808229446411133,0.3466089367866516
0.4450368881225586,0.8412450551986694,0.3466077446937561
0.4729481339454651,0.9449455738067627,0.3466065227985382
0.4236724078655243,1.0480027198791504,0.34660521149635315
0.4128892421722412,0.9997342228889465,0.34660375118255615
0.3968985378742218,0.8334833979606628,0.3466023802757263
0.42636048793792725,1.0177263021469116,0.3466009497642517
0.4697767496109009,0.9468877911567688,0.3465995788574219
0.40646758675575256,0.9334203004837036,0.3465981185436249
0.4664381444454193,0.9992337226867676,0.3465968668460846
0.416034996509552,0.8795114159584045,0.34659573435783386
0.4125826954841614,1.0089815855026245,0.34659454226493835
0.4375593364238739,1.1284738779067993,0.3465932309627533
0.40925154089927673,1.0592594146728516,0.3465917706489563
0.4111897647380829,0.8768575191497803,0.34659039974212646
0.4014672040939331,0.8169893622398376,0.34658893942832947
0.3844869136810303,0.747275173664093,0.346587598323822
0.4409826099872589,1.0692906379699707,0.34658631682395935
0.4275657534599304,0.9884012341499329,0.3465849757194519
0.49645623564720154,0.9867221117019653,0.34658363461494446
0.4227675199508667,1.0348505973815918,0.3465822637081146
0.4404016435146332,0.8064631819725037,0.34658077359199524
0.47431838512420654,0.8673982620239258,0.34657925367355347
0.5203084945678711,0.8242504596710205,0.34657761454582214
0.4101148247718811,1.0430234670639038,0.34657594561576843
0.41618674993515015,1.0945920944213867,0.3465745747089386
0.4198572337627411,0.7877169847488403,0.34657320380210876
0.3747357130050659,0.8529344201087952,0.34657183289527893
0.3497482240200043,0.8812095522880554,0.3465704917907715
0.3952343761920929,0.8992592096328735,0.3465690612792969
0.3495922386646271,0.970634937286377,0.34656769037246704
0.4079325795173645,0.6945731043815613,0.34656623005867004
0.4144134521484375,0.8445207476615906,0.3465651273727417
0.4270566403865814,1.0117849111557007,0.3465639352798462
0.4417106509208679,0.7854105234146118,0.3465626835823059
0.44776418805122375,0.9981157779693604,0.3465613126754761
0.42762136459350586,0.819498598575592,0.3465597629547119
0.4241367280483246,1.0252827405929565,0.3465580940246582
0.38386037945747375,0.9378771185874939,0.346556693315506
0.47379934787750244,0.9812438488006592,0.34655526280403137
0.45222488045692444,1.0657185316085815,0.3465539216995239
0.33860504627227783,0.9599556922912598,0.34655237197875977
0.480580598115921,0.9652103781700134,0.34655100107192993
0.472735196352005,0.7978324294090271,0.3465496301651001
0.4523984491825104,0.8524934649467468,0.34654849767684937
0.441800981760025,0.7199171185493469,0.3465472161769867
0.43577542901039124,1.0362615585327148,0.3465460240840912
0.45780348777770996,0.7060724496841431,0.34654462337493896
0.3825470507144928,0.8975165486335754,0.3465431332588196
0.44122007489204407,0.9697856903076172,0.34654176235198975
0.45451003313064575,0.9802912473678589,0.3465403616428375
0.39245977997779846,1.0602675676345825,0.34653908014297485
0.45014697313308716,0.9458810687065125,0.3465375602245331
0.40505415201187134,0.867841899394989,0.3465360403060913
0.4332013726234436,0.7660781741142273,0.34653449058532715
0.38747984170913696,0.8011569976806641,0.34653303027153015
0.4056570827960968,0.8762005567550659,0.346531480550766
0.4573056995868683,0.7641459107398987,0.346530020236969
0.3454141616821289,1.143652081489563,0.3465286195278168
0.47906455397605896,0.7957894206047058,0.34652718901634216
0.42222750186920166,0.9206626415252686,0.346525639295578
0.36967670917510986,0.8562978506088257,0.3465241491794586
0.49416491389274597,0.7589413523674011,0.3465225100517273
0.43424299359321594,1.1010068655014038,0.346521258354187
0.38669607043266296,0.9594470858573914,0.34652000665664673
0.4317479729652405,1.1729015111923218,0.3465186655521393
0.45597776770591736,0.8984206914901733,0.3465171754360199
0.41123348474502563,1.1911922693252563,0.3465157151222229
0.4514089524745941,1.078871726989746,0.34651419520378113
0.4533917009830475,0.7545738816261292,0.3465130925178528
0.4539104402065277,0.851635754108429,0.3465119004249573
0.4251263439655304,0.8738353252410889,0.34651070833206177
0.4153258502483368,0.9863870143890381,0.34650957584381104
0.4344312250614166,1.0187976360321045,0.3465083837509155
0.4269312918186188,0.9009969234466553,0.3465072214603424
0.37508609890937805,0.7204456925392151,0.34650591015815735
0.4492802023887634,0.8328796625137329,0.34650471806526184
0.450488418340683,1.04612398147583,0.3465036153793335
0.4414231479167938,0.9403271675109863,0.346502423286438
0.44361090660095215,0.920729398727417,0.34650108218193054
0.37683308124542236,0.9136037826538086,0.34649956226348877
0.38967880606651306,0.6783390641212463,0.346498042345047
0.4607289135456085,0.8380794525146484,0.3464965224266052
0.4105740189552307,0.8279204368591309,0.34649497270584106
0.42276129126548767,0.9863155484199524,0.3464934527873993
0.405588299036026,1.0984817743301392,0.34649211168289185
0.37483909726142883,0.898612380027771,0.3464905917644501
0.47661474347114563,1.1031339168548584,0.34648919105529785
0.459538072347641,0.9274542927742004,0.34648779034614563
0.4081164598464966,0.8732945919036865,0.3464865982532501
0.4784599244594574,0.8192523717880249,0.3464854657649994
0.41924285888671875,0.799527645111084,0.34648454189300537
0.4417343735694885,1.0012946128845215,0.346483439207077
0.5147656798362732,1.1449267864227295,0.3464823067188263
0.48117855191230774,0.7486346364021301,0.3464808762073517
0.4578453004360199,0.9508121013641357,0.34647947549819946
0.4485483467578888,0.9197156429290771,0.34647801518440247
0.4090230166912079,0.9449946880340576,0.34647661447525024
0.451572448015213,1.1337729692459106,0.3464752435684204
0.430275559425354,0.9630443453788757,0.3464738130569458
0.42148345708847046,0.9755988717079163,0.34647244215011597
0.4191063940525055,0.7668214440345764,0.34647107124328613
0.3820933401584625,0.9280693531036377,0.3464694023132324
0.4234544336795807,0.7913016676902771,0.3464677333831787
0.4517161548137665,0.937829315662384,0.3464662730693817
0.40076202154159546,0.993586540222168,0.34646493196487427
0.437518835067749,0.9905536770820618,0.34646376967430115
0.395077645778656,0.7903455495834351,0.3464623689651489
0.49927595257759094,0.797794759273529,0.3464610278606415
0.425741046667099,0.8392110466957092,0.3464595377445221
0.4511355459690094,0.7506325244903564,0.34645816683769226
0.44033902883529663,0.8522502183914185,0.3464567959308624
0.4371199309825897,0.8925990462303162,0.3464553654193878
0.4559042155742645,0.8229308724403381,0.346453994512558
0.42119354009628296,0.8447884917259216,0.3464527130126953
0.43347448110580444,0.6997069120407104,0.34645137190818787
0.39294788241386414,0.8947421908378601,0.34645000100135803
0.45114588737487793,0.847346842288971,0.3464484214782715
0.43136346340179443,0.9322896003723145,0.3464467525482178
0.408091276884079,0.6710382103919983,0.3464454114437103
0.3721451461315155,0.8258424997329712,0.34644418954849243
0.40305954217910767,0.7428682446479797,0.34644293785095215
0.3883275091648102,0.7795087099075317,0.3464418351650238
0.43672606348991394,0.9060853719711304,0.34644055366516113
0.4686104953289032,0.7710444927215576,0.34643906354904175
0.39799749851226807,0.8423017859458923,0.34643760323524475
0.38994574546813965,0.9875673055648804,0.34643593430519104
0.4802732765674591,0.8796585202217102,0.3464342951774597
0.43538862466812134,0.7680972814559937,0.3464328944683075
0.4603680372238159,0.8649120926856995,0.3464314937591553
0.443210244178772,0.8611264228820801,0.3464300334453583
0.38217687606811523,0.8905627727508545,0.34642845392227173
0.3654482066631317,0.9377670884132385,0.3464268743991852
0.4017658233642578,1.0677375793457031,0.34642520546913147
0.42915424704551697,0.7449607849121094,0.3464239537715912
0.4119001626968384,0.956393837928772,0.34642282128334045
0.4435011148452759,0.8952820897102356,0.3464215099811554
0.4451865255832672,1.0648672580718994,0.3464203476905823
0.43594586849212646,0.8449767827987671,0.3464190363883972
0.4446871876716614,0.8115008473396301,0.34641769528388977
0.37694087624549866,0.7650971412658691,0.34641629457473755
0.4520212411880493,0.7213493585586548,0.346414715051651
0.43894603848457336,0.7912128567695618,0.34641316533088684
0.4474680721759796,0.9307016730308533,0.3464116156101227
0.45996713638305664,0.8229245543479919,0.34641033411026
0.4849900007247925,0.8423812389373779,0.34640905261039734
0.40068548917770386,0.8657100796699524,0.34640783071517944
0.4512954652309418,0.8937110900878906,0.3464065492153168
0.40158912539482117,0.7416922450065613,0.34640511870384216
0.41715893149375916,0.7237980961799622,0.3464035987854004
0.3774290382862091,0.8579856753349304,0.3464021682739258
0.5177375674247742,1.1807336807250977,0.34640082716941833
0.4752415418624878,0.8304262161254883,0.34639960527420044
0.4088085889816284,0.6824795007705688,0.3463984429836273
0.4263128936290741,1.1718281507492065,0.3463972508907318
0.40405020117759705,0.8850302696228027,0.346395879983902
0.3932996690273285,0.9389405846595764,0.34639430046081543
0.4448206126689911,0.9214790463447571,0.3463927209377289
0.46293196082115173,1.0551472902297974,0.3463912606239319
0.38989686965942383,1.0394972562789917,0.3463900685310364
0.4359063506126404,0.8015914559364319,0.34638917446136475
0.4373323619365692,0.9049271941184998,0.3463881313800812
0.4032479524612427,0.9630258083343506,0.34638693928718567
0.4326072633266449,1.1080487966537476,0.3463856875896454
0.41254279017448425,0.9888641834259033,0.3463839888572693
0.3823949992656708,1.0300997495651245,0.3463825285434723
0.4310033321380615,0.8806625008583069,0.34638121724128723
0.402313768863678,0.9434571266174316,0.3463800549507141
0.3854699730873108,0.7783041596412659,0.3463789224624634
0.4155759811401367,0.911662757396698,0.3463777005672455
0.44185957312583923,0.8448103070259094,0.3463762700557709
0.3881509304046631,0.8264904618263245,0.3463748097419739
0.3996575176715851,0.8459960222244263,0.34637320041656494
0.42820456624031067,1.0980995893478394,0.3463717997074127
0.4153554141521454,0.8620617985725403,0.34637030959129333
0.4381800889968872,1.07194185256958,0.34636905789375305
0.3574375808238983,0.7722108960151672,0.34636783599853516
0.46747174859046936,0.8776055574417114,0.3463667333126068
0.38800475001335144,1.1613861322402954,0.3463657796382904
0.39999920129776,0.8855167627334595,0.3463645875453949
0.4329432547092438,0.8415396213531494,0.3463631272315979
0.35841885209083557,0.8464674353599548,0.3463616669178009
0.4523278772830963,0.9180985689163208,0.3463601768016815
0.4144342839717865,0.7816426753997803,0.3463588356971741
0.38633278012275696,0.8412648439407349,0.3463574945926666
0.4323940873146057,1.0032771825790405,0.34635618329048157
0.3979135751724243,0.7394551038742065,0.3463548421859741
0.4169246554374695,0.7916340231895447,0.34635335206985474
0.4475226402282715,1.0077944993972778,0.3463518023490906
0.42256462574005127,0.9101149439811707,0.34635013341903687
0.4008128345012665,0.8606026768684387,0.34634867310523987
0.42453834414482117,0.852526843547821,0.3463473320007324
0.38204294443130493,0.9289032220840454,0.34634625911712646
0.4128502607345581,1.0505096912384033,0.3463451564311981
0.4624173939228058,0.6931078433990479,0.3463437259197235
0.4717552065849304,0.800931453704834,0.3463423550128937
0.3814464509487152,0.9681389331817627,0.34634098410606384
0.40846118330955505,0.9939472675323486,0.3463396728038788
0.5007268190383911,1.1708112955093384,0.34633809328079224
0.3914564847946167,0.8847159147262573,0.3463366627693176
0.4277326464653015,0.7692517042160034,0.3463353216648102
0.42657676339149475,0.9494796395301819,0.34633398056030273
0.4320390224456787,1.1764261722564697,0.3463326096534729
0.3723297119140625,0.622673749923706,0.34633103013038635
0.3915586769580841,0.9260568618774414,0.34632956981658936
0.4123283922672272,0.8419556617736816,0.3463282287120819
0.40407460927963257,0.8705148696899414,0.3463269770145416
0.3882998824119568,1.1112571954727173,0.3463257849216461
0.44916537404060364,0.8520887494087219,0.34632444381713867
0.42805153131484985,0.8838726878166199,0.34632307291030884
0.42414289712905884,0.8255639672279358,0.34632158279418945
0.4311336874961853,0.9786437749862671,0.34632015228271484
0.3939773440361023,0.8986719846725464,0.34631890058517456
0.45056772232055664,0.7821000814437866,0.34631770849227905
0.44319581985473633,1.0855114459991455,0.34631651639938354
0.4309194087982178,1.2978086471557617,0.3463149666786194
0.4193651080131531,0.8600938320159912,0.3463132977485657
0.4384196400642395,0.8561540246009827,0.3463117182254791
0.39841774106025696,0.8868294954299927,0.3463103771209717
0.41225746273994446,0.7234849333763123,0.34630918502807617
0.44247907400131226,0.7664128541946411,0.34630805253982544
0.4450303614139557,0.8704023957252502,0.34630686044692993
0.4732387959957123,0.7676426768302917,0.3463055193424225
0.42280885577201843,0.989357590675354,0.3463040888309479
0.39691823720932007,0.9720903038978577,0.34630250930786133
0.43125784397125244,0.8787744641304016,0.3463011682033539
0.4129444658756256,0.9489210844039917,0.34629982709884644
0.43408334255218506,0.7617188096046448,0.3462986946105957
0.4796339273452759,0.9065155386924744,0.3462974727153778
0.4388136863708496,1.2783781290054321,0.346296101808548
0.4433654546737671,0.7274559140205383,0.3462945222854614
0.4091566801071167,1.0092848539352417,0.3462928533554077
0.3830374777317047,0.9776058197021484,0.34629127383232117
0.417996346950531,1.0958093404769897,0.34629005193710327
0.42410576343536377,0.7970708012580872,0.34628885984420776
0.399332195520401,0.8278807401657104,0.3462877869606018
0.43961089849472046,1.2458937168121338,0.34628668427467346
0.39767295122146606,0.9250134229660034,0.346285343170166
0.3973718285560608,0.7793285846710205,0.34628379344940186
0.4101189076900482,1.0937124490737915,0.3462824523448944
0.44558075070381165,0.8771674633026123,0.3462812900543213
0.4454424977302551,0.7202951908111572,0.34628015756607056
0.4464668035507202,0.7676958441734314,0.3462790548801422
0.44771575927734375,0.834786057472229,0.34627771377563477
0.40959322452545166,0.8669110536575317,0.3462764620780945
0.40980592370033264,0.8588794469833374,0.3462750017642975
0.44989538192749023,1.2241265773773193,0.3462734520435333
0.44831764698028564,0.8085885643959045,0.346271812915802
0.43998557329177856,0.9528292417526245,0.34627020359039307
0.49523529410362244,1.1191303730010986,0.3462689518928528
0.4066334366798401,1.0239427089691162,0.3462679386138916
0.4588909447193146,0.7029187083244324,0.3462669551372528
0.43594610691070557,0.8941680788993835,0.34626585245132446
0.42566952109336853,0.9299535751342773,0.34626469016075134
0.4487253725528717,0.9655289649963379,0.34626322984695435
0.4097040593624115,0.8345213532447815,0.3462616503238678
0.47249579429626465,0.9840192794799805,0.3462602198123932
0.44372817873954773,0.9564062356948853,0.34625905752182007
0.3835531175136566,0.9171718955039978,0.3462579846382141
0.5107240080833435,0.9306814074516296,0.34625664353370667
0.47856372594833374,0.8457832336425781,0.34625542163848877
0.454610139131546,1.0099815130233765,0.3462540805339813
0.45148712396621704,0.8925308585166931,0.3462527096271515
0.4466530382633209,0.9498576521873474,0.3462510108947754
0.369181752204895,0.8685105443000793,0.3462495505809784
0.4150722026824951,0.7651020884513855,0.3462480902671814
0.4215777814388275,0.7553685307502747,0.3462466597557068
0.4483703076839447,0.77334064245224,0.34624549746513367
0.4398508667945862,0.8946868777275085,0.3462441861629486
0.42948204278945923,1.0391994714736938,0.3462429344654083
0.45295652747154236,0.952517032623291,0.34624138474464417
0.4625294804573059,1.1737672090530396,0.3462398052215576
0.4161268472671509,0.8847503662109375,0.3462384343147278
0.47226446866989136,0.8884955644607544,0.3462368845939636
0.43286222219467163,1.131614089012146,0.34623563289642334
0.4427024722099304,0.9270029664039612,0.3462343215942383
0.41363874077796936,0.8743807673454285,0.34623295068740845
0.40078771114349365,0.8121448755264282,0.34623152017593384
0.41571441292762756,1.0599298477172852,0.3462302088737488
0.4619898200035095,0.9276469945907593,0.3462288975715637
0.41280409693717957,1.0634281635284424,0.3462274670600891
0.36546653509140015,0.8918619751930237,0.3462257981300354
0.36833852529525757,0.9997606873512268,0.34622418880462646
0.4291306138038635,0.8767766356468201,0.34622275829315186
0.4426436126232147,0.9446065425872803,0.346221387386322
0.40354976058006287,0.9166846871376038,0.3462202548980713
0.4271157681941986,0.8930138349533081,0.34621894359588623
0.4750811755657196,0.8764398097991943,0.3462176024913788
0.43911778926849365,1.0787651538848877,0.34621620178222656
0.45138174295425415,0.8306735754013062,0.3462146818637848
0.41969263553619385,1.0032531023025513,0.3462132215499878
0.3990444839000702,1.0669023990631104,0.34621182084083557
0.48046502470970154,0.9800001382827759,0.34621068835258484
0.4614000916481018,0.8597043752670288,0.3462093472480774
0.38869982957839966,0.8892996311187744,0.34620803594589233
0.3890061378479004,1.0392853021621704,0.3462069034576416
0.4485774040222168,0.8513379693031311,0.34620559215545654
0.42059972882270813,0.8396629691123962,0.3462044596672058
0.43342357873916626,1.0028722286224365,0.34620341658592224
0.42397773265838623,0.9726570248603821,0.34620216488838196
0.40502333641052246,0.8543125987052917,0.3462008535861969
0.39170143008232117,0.8436982035636902,0.34619948267936707
0.49481818079948425,0.7923137545585632,0.3461979627609253
0.4210919141769409,0.8971104025840759,0.34619656205177307
0.4874863624572754,0.8669925332069397,0.34619516134262085
0.48336711525917053,0.795935332775116,0.3461938500404358
0.39334678649902344,0.9659717679023743,0.3461926281452179
0.4188655614852905,0.8433735370635986,0.3461914360523224
0.48957663774490356,0.7691524028778076,0.34619006514549255
0.4411892592906952,0.7469168901443481,0.34618860483169556
0.4155968129634857,0.7433301210403442,0.3461872935295105
0.43225809931755066,0.8452215790748596,0.34618592262268066
0.445797324180603,0.8008203506469727,0.3461846113204956
0.4844156503677368,0.7674623131752014,0.3461834192276001
0.43122756481170654,0.8710529208183289,0.34618207812309265
0.3793998956680298,0.888332188129425,0.34618064761161804
0.45898643136024475,1.2235474586486816,0.34617897868156433
0.38699689507484436,1.0004140138626099,0.34617725014686584
0.4092799425125122,1.0680042505264282,0.3461756706237793
0.46791961789131165,1.0055391788482666,0.34617435932159424
0.4864770472049713,0.9430156350135803,0.3461732566356659
0.37735098600387573,0.9916903972625732,0.346172034740448
0.384341299533844,0.9954717755317688,0.346170574426651
0.4769245386123657,0.7573090195655823,0.3461689352989197
0.4053875505924225,0.9129327535629272,0.3461671769618988
0.4250108301639557,0.9662963151931763,0.34616580605506897
0.4205695390701294,0.8375213146209717,0.3461647033691406
0.4289309084415436,0.8565813899040222,0.34616371989250183
0.42883098125457764,0.7883666157722473,0.3461625874042511
0.4182027280330658,0.863345742225647,0.3461613357067108
0.4604901075363159,0.8550378680229187,0.34615978598594666
0.4481825530529022,0.7799721956253052,0.34615811705589294
0.4493781626224518,0.9902516007423401,0.34615662693977356
0.4082406461238861,0.8595399856567383,0.3461552560329437
0.4105300009250641,0.8130115866661072,0.3461540639400482
0.4638461172580719,0.8618412017822266,0.3461529016494751
0.4029299020767212,0.8952515721321106,0.3461516797542572
0.3563184142112732,0.8040581345558167,0.3461504280567169
0.4744820296764374,0.8162925839424133,0.3461490869522095
0.42708662152290344,1.0133562088012695,0.34614768624305725
0.42451342940330505,1.0837807655334473,0.3461463749408722
0.46571624279022217,0.8991975784301758,0.3461449444293976
0.45607948303222656,0.9781281352043152,0.34614360332489014
0.44544675946235657,0.7360696792602539,0.34614235162734985
0.38939589262008667,0.7947332859039307,0.34614112973213196
0.46219882369041443,0.8037646412849426,0.3461397886276245
0.46209391951560974,0.7686670422554016,0.3461383283138275
0.47734564542770386,0.7968662977218628,0.34613674879074097
0.3941344618797302,0.8827564120292664,0.34613531827926636
0.39005500078201294,1.0234891176223755,0.3461337387561798
0.47659406065940857,0.9231451749801636,0.3461323082447052
0.41245394945144653,0.9173058271408081,0.3461308479309082
0.43110236525535583,0.8058026432991028,0.3461296558380127
0.44273459911346436,0.9108201265335083,0.34612837433815
0.4641712009906769,0.9484111666679382,0.34612715244293213
0.3786434829235077,0.7484119534492493,0.3461260199546814
0.44511058926582336,0.9301936626434326,0.34612467885017395
0.4486779570579529,0.9071413278579712,0.3461233973503113
0.44494345784187317,0.8277581334114075,0.34612202644348145
0.4127572476863861,0.7979585528373718,0.346120685338974
0.45773300528526306,1.088032603263855,0.34611940383911133
0.42144885659217834,0.984271764755249,0.34611815214157104
0.4439300298690796,0.8309211134910583,0.34611690044403076
0.42411985993385315,0.972563624382019,0.34611567854881287
0.38899779319763184,0.8421925902366638,0.34611427783966064
0.42395514249801636,0.8765856623649597,0.3461127281188965
0.4437607526779175,0.8235151171684265,0.3461112678050995
0.45050176978111267,1.0001335144042969,0.3461098372936249
0.38995954394340515,0.9772853255271912,0.34610873460769653
0.36288902163505554,0.8426303863525391,0.3461076617240906
0.4629814922809601,1.0171469449996948,0.3461066782474518
0.43459922075271606,0.9637500643730164,0.3461054861545563
0.4211265742778778,0.8856183290481567,0.34610429406166077
0.43917110562324524,1.0525643825531006,0.3461029529571533
0.4350324273109436,0.814464271068573,0.3461015224456787
0.43701884150505066,0.8140396475791931,0.3461000621318817
0.391073077917099,0.8807962536811829,0.34609851241111755
0.4505265951156616,0.8924421072006226,0.3460971713066101
0.4339039921760559,0.8325243592262268,0.34609583020210266
0.4223223030567169,0.8344136476516724,0.34609442949295044
0.41270750761032104,0.8293130397796631,0.34609323740005493
0.4321298897266388,0.9905514717102051,0.34609195590019226
0.3864300847053528,0.8563238978385925,0.34609052538871765
0.4510529935359955,0.8641117215156555,0.3460893929004669
0.4488793909549713,0.7218440175056458,0.3460882008075714
0.5048773884773254,0.8764269948005676,0.34608694911003113
0.38194534182548523,1.0256487131118774,0.3460855484008789
0.42232921719551086,0.7702693343162537,0.34608399868011475
0.4365761876106262,0.7734242081642151,0.34608232975006104
0.4112713038921356,0.9636059999465942,0.3460806906223297
0.46262121200561523,0.7792584896087646,0.3460792303085327
0.42413580417633057,0.8473742604255676,0.3460778295993805
0.3697756826877594,1.0453414916992188,0.3460765779018402
0.3857589662075043,0.8309915661811829,0.34607505798339844
0.4504864513874054,0.877691388130188,0.3460736572742462
0.4382736086845398,0.670943021774292,0.34607213735580444
0.3943355083465576,0.7180772423744202,0.34607067704200745
0.40718165040016174,1.0003743171691895,0.3460693955421448
0.4009365439414978,0.8538574576377869,0.34606805443763733
0.39981740713119507,0.7835333943367004,0.34606683254241943
0.40346112847328186,0.9470173120498657,0.3460657000541687
0.4793839156627655,0.8197981119155884,0.34606438875198364
0.38856780529022217,1.0571626424789429,0.34606295824050903
0.4321456849575043,0.9922460317611694,0.3460613489151001
0.4527806043624878,0.9224485754966736,0.34605997800827026
0.3784741163253784,0.9378194808959961,0.3460588753223419
0.45423761010169983,0.8021741509437561,0.3460577726364136
0.37947142124176025,0.9254412651062012,0.3460565507411957
0.4172876179218292,1.0698719024658203,0.3460550606250763
0.43870338797569275,0.9097716212272644,0.3460533618927002
0.43933624029159546,1.0887515544891357,0.34605178236961365
0.44622060656547546,0.9218131899833679,0.3460502624511719
0.4482056200504303,0.924214243888855,0.346049040555954
0.41052404046058655,0.8690304160118103,0.34604811668395996
0.4407311677932739,0.6371393799781799,0.3460470736026764
0.47592902183532715,1.3501254320144653,0.34604594111442566
0.4582442045211792,0.8449642062187195,0.34604427218437195
0.4285556674003601,0.7872927188873291,0.34604257345199585
0.433308482170105,0.9830318093299866,0.3460409343242645
0.41747984290122986,1.032735824584961,0.346039354801178
0.41395828127861023,0.7506867051124573,0.34603825211524963
0.4365767538547516,0.8338592648506165,0.3460371196269989
0.44358307123184204,0.8286600112915039,0.346035897731781
0.4812498390674591,0.9578625559806824,0.34603452682495117
0.44954150915145874,0.9279007911682129,0.3460330665111542
0.3961600363254547,1.0107536315917969,0.3460315763950348
0.4561634063720703,1.0626779794692993,0.3460301160812378
0.47445982694625854,0.9097034931182861,0.3460288941860199
0.44956642389297485,0.7799454927444458,0.34602758288383484
0.4420805275440216,0.916361927986145,0.3460264503955841
0.3964710831642151,0.9375991225242615,0.3460252285003662
0.3393493592739105,0.8105034828186035,0.34602388739585876
0.42868301272392273,0.8115569353103638,0.3460225462913513
0.4782157838344574,0.9173862338066101,0.34602102637290955
0.40697893500328064,0.8335736989974976,0.3460197150707245
0.4065072536468506,0.7210404276847839,0.3460184931755066
0.4405652582645416,0.9311515092849731,0.34601712226867676
0.46804389357566833,0.6786398887634277,0.3460158109664917
0.4514371156692505,0.7194819450378418,0.34601444005966187
0.4015690088272095,0.8756665587425232,0.34601306915283203
0.38927555084228516,0.7027781009674072,0.3460116684436798
0.40571844577789307,0.9467337131500244,0.34601035714149475
0.4023210108280182,0.788163423538208,0.3460090458393097
0.39373794198036194,0.8123178482055664,0.34600773453712463
0.422939658164978,0.9976300597190857,0.3460063338279724
0.44564032554626465,1.0617457628250122,0.3460049331188202
0.41742101311683655,0.9356746673583984,0.34600359201431274
0.4529549181461334,0.981928825378418,0.34600239992141724
0.3972966969013214,0.7624896168708801,0.34600117802619934
0.42448192834854126,0.7635471224784851,0.346000075340271
0.45986777544021606,0.8340651988983154,0.34599870443344116
0.42345258593559265,0.9633894562721252,0.345997154712677
0.4056708514690399,0.7735894918441772,0.3459956645965576
0.42239028215408325,0.8367931842803955,0.345994234085083
0.411911278963089,1.0415478944778442,0.34599292278289795
0.4170670509338379,1.0048307180404663,0.34599167108535767
0.41467398405075073,1.2082065343856812,0.34599044919013977
0.4119745194911957,0.8276404738426208,0.3459891676902771
0.43863558769226074,0.8514016270637512,0.3459877371788025
0.4152088463306427,0.8805674314498901,0.3459862768650055
0.39667266607284546,0.9060314297676086,0.3459850549697876
0.4727303981781006,0.9577473402023315,0.3459838926792145
0.45089155435562134,0.7078472375869751,0.3459828794002533
0.3798764646053314,1.0834234952926636,0.345981627702713
0.43576034903526306,1.0657706260681152,0.3459801971912384
0.4412138760089874,0.916600227355957,0.3459787368774414
0.42943769693374634,0.789698600769043,0.34597721695899963
0.3975590467453003,0.8272632360458374,0.3459759056568146
0.4218783974647522,0.6336648464202881,0.34597471356391907
0.3857675790786743,0.970607340335846,0.34597358107566833
0.4422316551208496,0.7954980134963989,0.34597232937812805
0.4368523359298706,1.0259186029434204,0.34597092866897583
0.4630502164363861,0.9003458023071289,0.3459695279598236
0.4259054958820343,0.7527083158493042,0.3459680676460266
0.38743117451667786,0.7795921564102173,0.34596672654151917
0.4732876420021057,0.9347532391548157,0.3459654152393341
0.4182067811489105,0.7082871794700623,0.3459644019603729
0.42617133259773254,0.8181042075157166,0.34596338868141174
0.4531753957271576,1.0057531595230103,0.34596216678619385
0.42417943477630615,0.8599885702133179,0.3459607660770416
0.47079309821128845,0.8664437532424927,0.34595921635627747
0.46875426173210144,0.8126868009567261,0.34595775604248047
0.45440420508384705,0.8090324401855469,0.3459565043449402
0.41669711470603943,0.9345486164093018,0.3459552526473999
0.3770737051963806,0.933064341545105,0.345954030752182
0.44890859723091125,1.1195507049560547,0.34595268964767456
0.45246443152427673,1.0676161050796509,0.34595128893852234
0.40871497988700867,0.9708968997001648,0.34594979882240295
0.4170299470424652,1.181989312171936,0.3459482491016388
0.4198306202888489,0.9794701337814331,0.3459468483924866
0.45919227600097656,1.0138967037200928,0.3459456264972687
0.4229086935520172,0.8847655653953552,0.3459446132183075
0.46613436937332153,0.8550906777381897,0.34594351053237915
0.4513585567474365,0.7831085324287415,0.3459421992301941
0.43953070044517517,1.1332752704620361,0.3459407389163971
0.4399036169052124,0.7373908758163452,0.3459392488002777
0.4569278955459595,0.9699850678443909,0.3459377884864807
0.4314243495464325,0.7565045952796936,0.34593629837036133
0.43999579548835754,1.0391201972961426,0.3459348976612091
0.4213036894798279,0.710546612739563,0.34593355655670166
0.41178861260414124,0.9372690916061401,0.34593209624290466
0.4072869122028351,0.7053361535072327,0.3459308445453644
0.4472159445285797,0.821227490901947,0.3459295630455017
0.4089605510234833,1.0486512184143066,0.34592822194099426
0.3676683008670807,0.7068421840667725,0.34592682123184204
0.4194183945655823,0.8861964344978333,0.3459254503250122
0.45390936732292175,0.7997065186500549,0.3459241986274719
0.449297696352005,0.9854081869125366,0.34592288732528687
0.4159500002861023,0.9747706651687622,0.3459215462207794
0.42414969205856323,0.9114139676094055,0.34592029452323914
0.41521647572517395,1.1501346826553345,0.3459189534187317
0.4470667243003845,1.0177644491195679,0.34591758251190186
0.40488752722740173,0.8271220326423645,0.34591609239578247
0.41002508997917175,0.7373525500297546,0.34591448307037354
0.4821496605873108,0.6520023345947266,0.34591320157051086
0.48205164074897766,0.808176577091217,0.3459119498729706
0.4198058545589447,0.8997986316680908,0.3459107279777527
0.428587943315506,0.9805192351341248,0.34590935707092285
0.47522667050361633,1.0333179235458374,0.3459078371524811
0.4313373565673828,0.8491719961166382,0.3459065556526184
0.43523943424224854,0.856165885925293,0.3459053337574005
0.4422636330127716,0.8111627101898193,0.34590426087379456
0.41655078530311584,0.7745749950408936,0.345903217792511
0.4503115117549896,0.9154758453369141,0.34590208530426025
0.45978492498397827,0.7616226077079773,0.34590089321136475
0.40689054131507874,0.8355267643928528,0.3458995521068573
0.44577059149742126,0.778221607208252,0.34589818120002747
0.4546818435192108,1.0062683820724487,0.34589695930480957
0.3919658660888672,0.7408814430236816,0.34589558839797974
0.3750791847705841,0.8512417674064636,0.34589433670043945
0.3865524232387543,0.8212761282920837,0.34589293599128723
0.44790229201316833,1.003012776374817,0.3458916246891022
0.40263983607292175,0.6767258048057556,0.34589043259620667
0.45262670516967773,0.967732846736908,0.3458890914916992
0.40294182300567627,0.9255003929138184,0.3458878695964813
0.43262195587158203,0.7571112513542175,0.3458867073059082
0.4827522933483124,0.7884570360183716,0.3458854854106903
0.4562360346317291,0.8635274767875671,0.3458843529224396
0.4567070007324219,0.7988108992576599,0.3458831310272217
0.4620780050754547,0.7543676495552063,0.3458819091320038
0.44025981426239014,0.872063398361206,0.3458806574344635
0.41963592171669006,1.0425875186920166,0.34587934613227844
0.4152042269706726,0.886434018611908,0.34587788581848145
0.46335920691490173,0.7654915452003479,0.3458762466907501
0.411346435546875,0.8381409645080566,0.34587448835372925
0.4360470473766327,0.9361268281936646,0.34587302803993225
0.4724772870540619,0.8434852957725525,0.34587159752845764
0.49818164110183716,1.0575083494186401,0.34587013721466064
0.4173535704612732,0.7749907374382019,0.34586864709854126
0.41431161761283875,0.6641709804534912,0.34586721658706665
0.4577886164188385,0.8885592818260193,0.3458658456802368
0.3936859369277954,0.8585247993469238,0.34586450457572937
0.4753437340259552,0.8331323266029358,0.3458631932735443
0.43319183588027954,0.9224956035614014,0.3458617031574249
0.4221414029598236,1.0876895189285278,0.3458603620529175
0.43474599719047546,0.7785158753395081,0.34585899114608765
0.4273524284362793,0.8373623490333557,0.3458578884601593
0.41533729434013367,0.8960228562355042,0.3458566665649414
0.42221006751060486,0.7835360765457153,0.345855176448822
0.4373026192188263,0.8325446844100952,0.34585362672805786
0.44612327218055725,0.8569591045379639,0.34585216641426086
0.43389785289764404,0.8971748948097229,0.3458506762981415
0.37809059023857117,0.8799833059310913,0.34584954380989075
0.44525209069252014,0.932732880115509,0.34584832191467285
0.40369102358818054,0.9987058043479919,0.3458472490310669
0.4369124174118042,0.8696491718292236,0.34584617614746094
0.36376479268074036,0.8462050557136536,0.3458447754383087
0.4573979377746582,0.7409223914146423,0.3458434045314789
0.42087140679359436,1.0291807651519775,0.3458419740200043
0.36399397253990173,1.0090694427490234,0.34584081172943115
0.4326625466346741,0.9340855479240417,0.3458396792411804
0.43994176387786865,1.0537291765213013,0.3458384573459625
0.4160957336425781,0.8544012308120728,0.34583720564842224
0.44020071625709534,0.9006107449531555,0.3458361029624939
0.4122481942176819,0.8193029165267944,0.3458349108695984
0.40101829171180725,0.7561305165290833,0.34583377838134766
0.46279868483543396,1.0043684244155884,0.34583255648612976
0.4258266091346741,0.9186184406280518,0.34583142399787903
0.4138336181640625,0.8968100547790527,0.3458300530910492
0.3962530791759491,0.9875379800796509,0.34582868218421936
0.4192907512187958,0.7836169004440308,0.3458271622657776
0.4145619571208954,0.8423481583595276,0.34582579135894775
0.4554353654384613,1.0257622003555298,0.3458247482776642
0.39961472153663635,0.79438316822052,0.3458236753940582
0.4300253093242645,0.6819931864738464,0.34582242369651794
0.4272496998310089,1.0983628034591675,0.34582120180130005
0.418317973613739,0.8415495157241821,0.34581997990608215
0.44731229543685913,0.9011583924293518,0.3458186984062195
0.44992324709892273,0.8945519328117371,0.3458173871040344
0.44446420669555664,0.9030529260635376,0.34581613540649414
0.4270325303077698,0.8914849758148193,0.34581488370895386
0.4629353880882263,0.9548778533935547,0.34581369161605835
0.489276647567749,0.8607383966445923,0.34581246972084045
0.5047664046287537,0.9012480974197388,0.3458110988140106
0.43261656165122986,0.9448269009590149,0.34580984711647034
0.43893539905548096,0.9320223331451416,0.3458082973957062
0.428056925535202,0.8889970183372498,0.3458067774772644
0.44576820731163025,0.7328251004219055,0.3458053469657898
0.3913228213787079,0.8434910774230957,0.3458038866519928
0.40505844354629517,0.9311890006065369,0.3458024561405182
0.4270511567592621,0.9547330737113953,0.34580108523368835
0.39404529333114624,0.8189452886581421,0.3457997739315033
0.4013610780239105,0.8464809060096741,0.345798522233963
0.41724592447280884,0.7698503732681274,0.34579703211784363
0.40337738394737244,0.9616216421127319,0.34579557180404663
0.41570326685905457,0.7470009326934814,0.3457942306995392
0.4572538137435913,0.8441217541694641,0.3457927107810974
0.4126640558242798,0.8951444029808044,0.34579145908355713
0.3794778287410736,0.9320211410522461,0.34579017758369446
0.41417938470840454,0.8328707814216614,0.34578895568847656
0.428435355424881,0.9848841428756714,0.3457879424095154
0.39538636803627014,0.8186420202255249,0.34578651189804077
0.43337729573249817,0.9996752142906189,0.34578514099121094
0.4634634256362915,0.8285760283470154,0.3457835614681244
0.4325109124183655,1.0487884283065796,0.34578171372413635
0.47943034768104553,0.8985492587089539,0.34578007459640503
0.3973405361175537,0.9260996580123901,0.3457787334918976
0.40511786937713623,0.858839750289917,0.34577783942222595
0.46453195810317993,0.8763682842254639,0.3457769453525543
0.41168996691703796,0.9906678199768066,0.345775842666626
0.4188235402107239,0.7835147976875305,0.3457745313644409
0.42358487844467163,0.8323397636413574,0.34577304124832153
0.4840710461139679,0.9064638018608093,0.3457716107368469
0.4220360219478607,0.9219398498535156,0.3457704484462738
0.44319915771484375,0.9748037457466125,0.34576913714408875
0.46542006731033325,0.7396395802497864,0.34576791524887085
0.474008709192276,0.9176865220069885,0.34576666355133057
0.43464475870132446,0.6806071996688843,0.34576526284217834
0.4651173949241638,0.8547264337539673,0.3457637429237366
0.36946308612823486,0.8718936443328857,0.3457622826099396
0.40245750546455383,1.0924737453460693,0.345760703086853
0.43831533193588257,0.9974203109741211,0.3457591235637665
0.3990496098995209,1.017630696296692,0.3457578122615814
0.42514872550964355,0.8287110328674316,0.3457566797733307
0.39783531427383423,0.9671862721443176,0.3457554578781128
0.4186449348926544,0.7447262406349182,0.34575432538986206
0.399297297000885,0.8163648247718811,0.34575319290161133
0.38585200905799866,0.9534240961074829,0.34575194120407104
0.4648575484752655,0.8623067736625671,0.34575045108795166
0.45525917410850525,0.8698498010635376,0.34574905037879944
0.3572064936161041,1.0427343845367432,0.345747709274292
0.4494536519050598,0.967333972454071,0.34574633836746216
0.41184675693511963,0.9288553595542908,0.3457450866699219
0.4556444585323334,0.8207955956459045,0.3457440733909607
0.4575974941253662,0.8636133670806885,0.3457428514957428
0.44143247604370117,1.1069023609161377,0.34574151039123535
0.4336377680301666,0.7637826800346375,0.3457399606704712
0.39116600155830383,0.9138059616088867,0.34573835134506226
0.42208752036094666,0.8619179725646973,0.34573671221733093
0.4729648530483246,0.8737971782684326,0.34573522210121155
0.4316551089286804,0.9695883989334106,0.34573400020599365
0.4432157874107361,0.8266544342041016,0.345733106136322
0.390401154756546,1.016847014427185,0.3457319736480713
0.4839913547039032,0.7397851943969727,0.3457306921482086
0.40929746627807617,0.6357530951499939,0.3457292914390564
0.43016406893730164,0.882396399974823,0.345727801322937
0.43793272972106934,0.666301429271698,0.3457261621952057
0.4335274398326874,0.8213949799537659,0.3457246422767639
0.454182893037796,0.835893988609314,0.3457231819629669
0.38092321157455444,0.8978227972984314,0.34572210907936096
0.366567999124527,0.9014507532119751,0.34572094678878784
0.4079890847206116,0.9103309512138367,0.34571942687034607
0.38686227798461914,0.9388059377670288,0.3457179069519043
0.4085403382778168,0.9627098441123962,0.34571605920791626
0.41465145349502563,1.0428686141967773,0.3457144796848297
0.45045408606529236,0.8734948635101318,0.34571322798728943
0.4512535035610199,0.6208051443099976,0.34571224451065063
0.47968199849128723,0.9943076372146606,0.345711350440979
0.41190242767333984,1.1428967714309692,0.345710426568985
0.4261203706264496,1.031205415725708,0.34570905566215515
0.44193369150161743,0.864863395690918,0.345707505941391
0.4239796996116638,0.7094374895095825,0.3457057774066925
0.47367483377456665,0.8778043985366821,0.3457041084766388
0.5018747448921204,1.247935175895691,0.34570276737213135
0.44590720534324646,0.7984257936477661,0.3457016348838806
0.44864600896835327,0.7196148037910461,0.34570062160491943
0.4398450255393982,0.8228319883346558,0.3456995189189911
0.3846319913864136,0.8868134021759033,0.3456982672214508
0.4764004051685333,1.0716583728790283,0.3456970453262329
0.45879653096199036,0.940847635269165,0.34569552540779114
0.4232192039489746,0.8625537157058716,0.34569400548934937
0.39339232444763184,0.8408775329589844,0.3456924557685852
0.4361850619316101,0.8693069219589233,0.3456913232803345
0.4102877378463745,0.7805110216140747,0.3456903100013733
0.3874395191669464,0.9818690419197083,0.34568944573402405
0.36535322666168213,0.8705257773399353,0.34568819403648376
0.38931241631507874,0.8883084654808044,0.34568682312965393
0.3741395175457001,0.8149714469909668,0.34568530321121216
0.35737502574920654,0.7072429060935974,0.3456836938858032
0.4507817029953003,0.941368043422699,0.3456823229789734
0.42135611176490784,0.8636780381202698,0.3456810414791107
0.42883336544036865,0.8794699311256409,0.34567996859550476
0.396248996257782,0.8197113871574402,0.3456788957118988
0.45504263043403625,0.9167920351028442,0.3456779420375824
0.47807562351226807,0.7603398561477661,0.34567663073539734
0.4467030167579651,0.8581172227859497,0.34567514061927795
0.48491331934928894,0.968380331993103,0.345673531293869
0.4139620065689087,0.7234162092208862,0.34567204117774963
0.3711892366409302,0.8065862655639648,0.34567081928253174
0.3968488276004791,0.9618152976036072,0.3456697165966034
0.41263076663017273,0.965290904045105,0.3456686735153198
0.399931401014328,0.9206826686859131,0.3456675708293915
0.4312494099140167,0.9435034394264221,0.3456663489341736
0.4313494861125946,0.8435701131820679,0.3456650674343109
0.42271384596824646,0.765852689743042,0.34566351771354675
0.39965009689331055,0.8788458704948425,0.3456621766090393
0.40354815125465393,0.9067272543907166,0.3456608057022095
0.40902259945869446,0.8871636390686035,0.34565961360931396
0.39280828833580017,0.9736460447311401,0.345658540725708
0.45125389099121094,0.7844753861427307,0.3456571102142334
0.40908122062683105,0.9207696914672852,0.34565579891204834
0.4462592899799347,0.8747408986091614,0.34565451741218567
0.4129965901374817,0.714773416519165,0.34565305709838867
0.42003870010375977,0.9122961759567261,0.3456518054008484
0.36746957898139954,0.8423929810523987,0.34565049409866333
0.4551045894622803,0.9901120662689209,0.3456493616104126
0.4300769567489624,0.8850805163383484,0.3456481397151947
0.4312693774700165,0.96143639087677,0.34564685821533203
0.4459668695926666,0.8716951012611389,0.3456454575061798
0.4018475115299225,0.7193204164505005,0.3456439971923828
0.43172797560691833,0.9933357834815979,0.3456428349018097
0.4011841416358948,0.8567720651626587,0.34564152359962463
0.4321737587451935,0.8210874795913696,0.3456401824951172
0.4176689684391022,0.9200135469436646,0.34563902020454407
0.4106655716896057,0.7167702913284302,0.34563782811164856
0.4533984959125519,0.8458279967308044,0.3456365466117859
0.3823225200176239,0.7343645095825195,0.34563514590263367
0.38635456562042236,0.791832447052002,0.3456338047981262
0.44984450936317444,1.0235795974731445,0.34563276171684265
0.39750808477401733,0.8472371697425842,0.3456316590309143
0.4418083131313324,0.8148112297058105,0.3456304967403412
0.395897775888443,0.9220261573791504,0.34562918543815613
0.4453944265842438,0.6804532408714294,0.34562790393829346
0.45758187770843506,0.9246010780334473,0.345626562833786
0.4408564269542694,1.0032638311386108,0.3456253409385681
0.36790260672569275,0.9216088056564331,0.34562402963638306
0.38674819469451904,0.8228142261505127,0.3456226885318756
0.41879257559776306,0.9324997663497925,0.34562110900878906
0.4002683460712433,0.9004503488540649,0.34561941027641296
0.46398505568504333,0.7900840044021606,0.3456179201602936
0.41836464405059814,0.8905853629112244,0.34561681747436523
0.45299577713012695,0.9819133281707764,0.3456156849861145
0.4031732380390167,0.9252223968505859,0.3456147015094757
0.411802738904953,0.9336156249046326,0.34561386704444885
0.4466017782688141,0.699174165725708,0.34561288356781006
0.415404349565506,0.9130221605300903,0.3456116318702698
0.462788850069046,0.7299180030822754,0.3456101715564728
0.3726816475391388,1.0275033712387085,0.345608651638031
0.3847392201423645,0.9905477166175842,0.34560731053352356
0.3773111402988434,0.8375484943389893,0.34560611844062805
0.46787649393081665,0.7445087432861328,0.3456050455570221
0.47808197140693665,0.9845911860466003,0.34560394287109375
0.3852125406265259,0.9697207808494568,0.345602810382843
0.4410357177257538,1.057998538017273,0.34560146927833557
0.4291054904460907,0.9017780423164368,0.3456000089645386
0.4218607246875763,0.8071373701095581,0.3455987870693207
0.46121305227279663,0.8759111762046814,0.3455975353717804
0.37069010734558105,0.8781570792198181,0.34559640288352966
0.4085218012332916,0.8150424957275391,0.34559541940689087
0.41641801595687866,0.780070960521698,0.34559428691864014
0.42132240533828735,0.9635314345359802,0.34559300541877747
0.391230046749115,0.737089991569519,0.34559166431427
0.42614418268203735,0.8105702996253967,0.34559008479118347
0.4769228398799896,0.7102543711662292,0.34558844566345215
0.45951586961746216,0.9968880414962769,0.34558677673339844
0.44312265515327454,0.9343752861022949,0.34558528661727905
0.4420045018196106,1.0368832349777222,0.34558406472206116
0.4335491955280304,1.0216587781906128,0.3455829322338104
0.386776864528656,0.8184937834739685,0.34558171033859253
0.43598127365112305,0.6731018424034119,0.3455803394317627
0.43963682651519775,0.6848062872886658,0.3455789089202881
0.3869968354701996,0.8685928583145142,0.34557753801345825
0.4222145080566406,0.8133335709571838,0.34557604789733887
0.37947508692741394,0.8674867749214172,0.3455747067928314
0.42158156633377075,0.6779391765594482,0.34557342529296875
0.4598763883113861,0.6346453428268433,0.34557217359542847
0.41019371151924133,0.7423006892204285,0.345570832490921
0.3960116505622864,0.8667231202125549,0.345569372177124
0.3833885192871094,0.7182474732398987,0.345567911863327
0.4239678978919983,0.7189825177192688,0.3455663323402405
0.41640594601631165,0.7634658813476562,0.34556493163108826
0.4305083751678467,0.8747296929359436,0.34556353092193604
0.45516684651374817,0.9147156476974487,0.345562607049942
0.403634637594223,0.9363192915916443,0.34556150436401367
0.41841942071914673,0.8185271620750427,0.3455602824687958
0.45487722754478455,0.7807445526123047,0.34555912017822266
0.42194196581840515,0.8095377683639526,0.3455578088760376
0.4688379466533661,1.0963494777679443,0.34555673599243164
0.39078253507614136,0.852294921875,0.34555524587631226
0.3632757365703583,1.0279079675674438,0.34555375576019287
0.4142814874649048,0.8976889252662659,0.345552533864975
0.39584583044052124,0.9283469319343567,0.3455514907836914
0.46386218070983887,0.8792040348052979,0.3455502390861511
0.4102819859981537,0.9797165393829346,0.3455490171909332
0.49616822600364685,0.9137422442436218,0.34554776549339294
0.3952878415584564,0.8194161653518677,0.34554633498191833
0.39055106043815613,0.768735408782959,0.3455449044704437
0.4215236306190491,0.9353387951850891,0.34554344415664673
0.4473946988582611,0.7313988208770752,0.34554195404052734
0.4423305094242096,0.8331236243247986,0.34554046392440796
0.37587594985961914,1.0533103942871094,0.3455391824245453
0.41236090660095215,0.7153046131134033,0.345537930727005
0.42758315801620483,0.7952886819839478,0.345537006855011
0.4494224488735199,0.9048434495925903,0.34553587436676025
0.4450269937515259,0.9228802919387817,0.3455348610877991
0.45632216334342957,0.6943262219429016,0.3455335795879364
0.4071323573589325,0.9408531188964844,0.3455321192741394
0.4309428334236145,0.8599972724914551,0.34553074836730957
0.4021081328392029,0.8850774765014648,0.3455291986465454
0.42319342494010925,0.7002795934677124,0.34552767872810364
0.3889150619506836,0.9004029035568237,0.3455263376235962
0.3447865843772888,0.949122428894043,0.34552520513534546
0.46302932500839233,0.9625260233879089,0.3455235958099365
0.3861757218837738,1.0651097297668457,0.3455219864845276
0.40095511078834534,0.7182474136352539,0.3455207347869873
0.41726329922676086,0.8874735236167908,0.3455196022987366
0.44783148169517517,0.6464016437530518,0.3455182611942291
0.4061022400856018,0.8534597158432007,0.34551700949668884
0.3866814970970154,0.8408581018447876,0.3455158472061157
0.44341394305229187,0.7973792552947998,0.345514714717865
0.481056272983551,0.6751168370246887,0.345513254404068
0.4173814058303833,0.7663867473602295,0.34551188349723816
0.43104565143585205,0.81395423412323,0.3455105423927307
0.3992464244365692,0.9090808629989624,0.34550920128822327
0.44434523582458496,0.9816967844963074,0.3455079197883606
0.44904887676239014,0.7700981497764587,0.345506489276886
0.41982901096343994,0.9191061854362488,0.3455050587654114
0.414741188287735,0.7610172033309937,0.3455037772655487
0.44510963559150696,0.6915275454521179,0.34550249576568604
0.4143691956996918,0.7303065061569214,0.34550121426582336
0.3915574550628662,0.825319230556488,0.34549999237060547
0.4735392928123474,0.9995273351669312,0.3454984426498413
0.4029482305049896,0.8939634561538696,0.34549686312675476
0.4506547451019287,0.8821700811386108,0.3454952836036682
0.43494582176208496,1.0696182250976562,0.3454939126968384
0.4226098954677582,1.065292477607727,0.3454926013946533
0.4243413805961609,0.7802698016166687,0.3454914689064026
0.442850261926651,1.0040271282196045,0.3454902470111847
0.4566590487957001,1.0830745697021484,0.3454890251159668
0.4415428936481476,0.7394617199897766,0.34548741579055786
0.5039231181144714,0.9804639220237732,0.3454855978488922
0.4894736409187317,0.9189711809158325,0.3454837501049042
0.3799799978733063,0.8193324208259583,0.34548211097717285
0.3963223099708557,1.167983055114746,0.34548091888427734
